kvk,naam,boekjaar,accountant
63831538,4blue,2021,Crowe Foederer
63831538,4blue,2022,Crowe Foederer
63831538,4blue,2023,Crowe Foederer
32088639,999 Games B.V.,2022,Crowe Foederer
24290133,A.W. Veth Beheer B.V.,2019,Crowe Peak
24290133,A.W. Veth Beheer B.V.,2020,Crowe Peak
24290133,A.W. Veth Beheer B.V.,2022,Crowe Peak
24290133,A.W. Veth Beheer B.V.,2023,Crowe Peak
24290133,A.W. Veth Beheer B.V.,2024,Crowe Peak
63363739,AA Holding B.V.,2020,Crowe Peak
17054423,Aannemersbedrijf H. van Rijswijck B.V.,2019,Crowe Foederer
17054423,Aannemersbedrijf H. van Rijswijck B.V.,2020,Crowe Foederer
17054423,Aannemersbedrijf H. van Rijswijck B.V.,2022,Crowe Foederer
63265583,ABB Growers B.V.,2020,Crowe Foederer
63265583,ABB Growers B.V.,2021,Crowe Foederer
60020644,ABB Invest B.V.,2019,Crowe Foederer
60020644,ABB Invest B.V.,2020,Crowe Foederer
22058651,Access World Customs B.V.,2022,Crowe Peak
22058651,Access World Customs B.V.,2023,Crowe Peak
22058651,Access World Customs B.V.,2024,Crowe Peak
22037630,Access World Netherlands B.V.,2022,Crowe Peak
22037630,Access World Netherlands B.V.,2023,Crowe Peak
22037630,Access World Netherlands B.V.,2024,Crowe Peak
37126757,ACN OG B.V.,2020,Crowe Foederer
37126757,ACN OG B.V.,2021,Crowe Foederer
37126757,ACN OG B.V.,2023,Crowe Foederer
37126757,ACN OG B.V.,2024,Crowe Foederer
83080538,ADACTA Coöperatief U.A.,2024,Crowe Peak
17204622,Addplast Beheer B.V.,2019,Crowe Foederer
17204622,Addplast Beheer B.V.,2020,Crowe Foederer
17204622,Addplast Beheer B.V.,2021,Crowe Foederer
17204622,Addplast Beheer B.V.,2022,Crowe Foederer
17204622,Addplast Beheer B.V.,2023,Crowe Foederer
20094499,AddSecure FleetVisor Holdings B.V.,2021,Crowe Foederer
20094499,AddSecure FleetVisor Holdings B.V.,2022,Crowe Foederer
20094499,AddSecure FleetVisor Holdings B.V.,2023,crowe Foederer
17112991,Adevadi B.V.,2019,Crowe Foederer
17112991,Adevadi B.V.,2020,Crowe Foederer
34042313,Adomex International B.V.,2019,Crowe Foederer
34042313,Adomex International B.V.,2020,Crowe Foederer
34042313,Adomex International B.V.,2021,Crowe Foederer
34042313,Adomex International B.V.,2022,Crowe Foederer
34042313,Adomex International B.V.,2023,Crowe Foederer
34042313,Adomex International B.V.,2024,Crowe Foederer
29024823,Adriaan van Erk Bouw B.V.,2022,Crowe Peak
29042340,Adriaan van Erk Ontwikkeling B.V.,2023,Crowe Peak
09148874,Aesy Liften B.V.,2019,Crowe Peak Audit
09148874,Aesy Liften B.V.,2020,Crowe Peak
09148874,Aesy Liften B.V.,2022,Crowe Peak
18076913,Agristo B.V.,2019,Crowe Foederer
18076913,Agristo B.V.,2020,Crowe Foederer
18076913,Agristo B.V.,2021,Crowe Foederer
18076913,Agristo B.V.,2022,Crowe Foederer
18076913,Agristo B.V.,2023,Crowe Foederer
18076913,Agristo B.V.,2024,Crowe Foederer
93677944,Albus Lignum B.V.,2024,Crowe Foederer
93677944,Albus Lignum B.V.,2025,Crowe Foederer
40412801,Algemene Hindoeschool,2024,Crowe Foederer
37142790,Alkmaar Centrum,2019,Crowe Peak
37142790,Alkmaar Centrum,2020,Crowe Peak
85852066,Alliance Marine Netherlands B.V.,2022,Crowe Peak
17140703,Allion B.V.,2024,Crowe Foederer
17140703,Allion B.V.,2025,Crowe Foederer
50150804,Alpha Industries B.V.,2020,Crowe Peak
50150804,Alpha Industries B.V.,2021,Crowe Peak
50150804,Alpha Industries B.V.,2023,Crowe Peak
28100038,Alpha Wax,2020,Crowe Peak
28100038,Alpha Wax,2022,Crowe Peak
28100038,Alpha Wax,2024,Crowe Peak
09085944,ALSO Nederland B.V.,2019,Crowe Peak
30118457,ALSO Nederland B.V.,2019,Crowe Peak
30118457,ALSO Nederland B.V.,2020,Crowe Peak
09085944,ALSO Nederland B.V.,2020,Crowe Peak
30118457,ALSO Nederland B.V.,2021,Crowe Peak
09085944,ALSO Nederland B.V.,2021,Crowe Peak
09085944,ALSO Nederland B.V.,2022,Crowe Peak
09085944,ALSO Nederland B.V.,2023,Crowe Peak
09085944,ALSO Nederland B.V.,2024,Crowe Peak
24310793,Altavia Unite B.V.,2022,Crowe Peak
24310793,Altavia Unite B.V.,2024,Crowe Peak
24395777,Altavia Unite Netherlands B.V.,2020,"Cabinet ANGELI, Deloitte, CROWE HAF"
67245722,Amasus Hybrid Partners B.V.,2023,Crowe Foederer
34278390,Ambitious People Group B.V.,2021,Crowe Foederer
61190128,AMG-GTO B.V.,2019,Crowe Foederer
34311673,Amoria Bond B.V.,2020,Crowe Foederer
37062342,Ampere Holding B.V.,2019,Crowe Foederer
37062342,Ampere Holding B.V.,2020,Crowe Foederer
37062342,Ampere Holding B.V.,2021,Crowe Foederer
37062342,Ampere Holding B.V.,2022,Crowe Foederer
37062342,Ampere Holding B.V.,2023,Crowe Foederer
37062342,Ampere Holding B.V.,2024,Crowe Foederer
37062342,Ampere Holding B.V.,2025,Crowe Foederer
34295490,Amsted Rail - EPK Bearing B.V.,2019,Crowe Peak
67207405,Amsterdam Scrap Terminal B.V.,2019,Crowe Peak
67207405,Amsterdam Scrap Terminal B.V.,2021,Crowe Peak
67207405,Amsterdam Scrap Terminal B.V.,2022,Crowe Peak
67207405,Amsterdam Scrap Terminal B.V.,2023,Crowe Peak
67207405,Amsterdam Scrap Terminal B.V.,2024,Crowe Peak
17149791,Angro B.V.,2019,Crowe Foederer
17149791,Angro B.V.,2020,Crowe Foederer
17149791,Angro B.V.,2022,Crowe Foederer
16077264,Angro Holding B.V.,2019,Crowe Foederer
16077264,Angro Holding B.V.,2020,Crowe Foederer
16077264,Angro Holding B.V.,2021,Crowe Foederer
16077264,Angro Holding B.V.,2022,Crowe Foederer
16077264,Angro Holding B.V.,2023,Crowe Foederer
16077264,Angro Holding B.V.,2024,Crowe Foederer
17149789,Angro Retail B.V.,2019,Crowe Foederer
17149789,Angro Retail B.V.,2020,Crowe Foederer
17149789,Angro Retail B.V.,2023,Crowe Foederer
17102886,Ankagero Holding B.V.,2019,Crowe Foederer
17102886,Ankagero Holding B.V.,2020,Crowe Foederer
17102886,Ankagero Holding B.V.,2021,Crowe Foederer
17102886,Ankagero Holding B.V.,2022,Crowe Foederer
17102886,Ankagero Holding B.V.,2023,Crowe Foederer
17102886,Ankagero Holding B.V.,2024,Crowe Foederer
16033415,Anova Holding B.V.,2019,Crowe Foederer
16033415,Anova Holding B.V.,2020,Crowe Foederer
16033415,Anova Holding B.V.,2021,Crowe Foederer
16033415,Anova Holding B.V.,2022,Crowe Foederer
16033415,Anova Holding B.V.,2023,Crowe Foederer
16074253,Anova Seafood B.V.,2020,Crowe Foederer
16074253,Anova Seafood B.V.,2022,Crowe Foederer
16074253,Anova Seafood B.V.,2023,Crowe Foederer
72111178,Antonius Shapes B.V.,2021,Crowe Foederer
24315271,APL Logistics Europe B.V.,2022,Crowe Peak
24315271,APL Logistics Europe B.V.,2023,Crowe Peak
86714996,Apotheek Combinatie Nederland B.V.,2022,Crowe Foederer
86714996,Apotheek Combinatie Nederland B.V.,2023,Crowe Foederer
86714996,Apotheek Combinatie Nederland B.V.,2024,Crowe Foederer
14072521,Apotheek Voorzorg B.V.,2019,Crowe Foederer
14072521,Apotheek Voorzorg B.V.,2020,Crowe Foederer
14072521,Apotheek Voorzorg B.V.,2021,Crowe Foederer
14072521,Apotheek Voorzorg B.V.,2022,Crowe Foederer
14072521,Apotheek Voorzorg B.V.,2024,Crowe Foederer
34132685,ApotheekZorg Hulpmiddelen,2019,Crowe Foederer
34132685,ApotheekZorg Hulpmiddelen,2020,Crowe Foederer
34132685,ApotheekZorg Hulpmiddelen,2022,Crowe Foederer
34132685,ApotheekZorg Hulpmiddelen,2023,Crowe Foederer
24051923,Applus Netherlands B.V.,2022,Crowe Peak
24051923,Applus Netherlands B.V.,2023,Crowe Peak
24051923,Applus Netherlands B.V.,2024,Crowe Peak
17210403,Archipel Rinette,2019,Crowe Foederer
17210403,Archipel Rinette,2020,Crowe Foederer
17210403,Archipel Rinette,2021,Crowe Foederer
17210403,Archipel Rinette,2022,Crowe Foederer
17210403,Archipel Rinette,2023,Crowe Foederer
17210403,Archipel Rinette,2024,Crowe Foederer
17210403,Archipel Rinette,2025,Crowe Foederer
60883626,Archipel Thuis B.V.,2023,Crowe Foederer
60883626,Archipel Thuis B.V.,2024,Crowe Foederer
60883626,Archipel Thuis B.V.,2025,Crowe Foederer
69014280,Ardmac B.V.,2020,Crowe Foederer
66037344,Arles I B.V.,2020,Crowe Foederer
34143988,Arup B.V.,2020,Crowe Peak
34143988,Arup B.V.,2021,Crowe Peak
34143988,Arup B.V.,2022,Crowe Peak
34143988,Arup B.V.,2024,Crowe Peak
34143988,Arup B.V.,2025,Crowe Peak
14027465,ASF Holding B.V.,2023,Crowe Foederer
14027465,ASF Holding B.V.,2024,Crowe Foederer
59618329,ASF Holland B.V.,2024,Crowe Foederer
87450909,Atalenta Kinderopvang B.V.,2023,Crowe Foederer
87450909,Atalenta Kinderopvang B.V.,2024,Crowe Foederer
87450909,Atalenta Kinderopvang B.V.,2025,Crowe Foederer
27284379,AtriCure Europe B.V.,2019,Crowe Foederer
27284379,AtriCure Europe B.V.,2020,Crowe Foederer
27284379,AtriCure Europe B.V.,2023,Crowe Foederer
27284379,AtriCure Europe B.V.,2024,Crowe Foederer
34356984,Audio-Technica Europe Holding B.V.,2020,Crowe Peak Audit
34356984,Audio-Technica Europe Holding B.V.,2021,Crowe Peak
34356984,Audio-Technica Europe Holding B.V.,2025,Crowe Peak
32030582,Aurobindo Pharma B.V.,2023,Crowe Peak
32030582,Aurobindo Pharma B.V.,2024,Crowe Peak
84989815,Auto Polop B.V.,2024,Crowe Foederer
17112549,Auto Winters Beheer B.V.,2020,Crowe Foederer
17092712,Autobedrijf Winters B.V.,2023,Crowe Foederer
65923219,Avania Group B.V.,2019,Crowe Peak
65923219,Avania Group B.V.,2019,Crowe Peak Audit
34246357,Avient Colorants Netherlands B.V.,2020,Crowe Foederer
64766950,Avri,2020,Crowe Foederer
64766950,Avri,2021,Crowe Foederer
64766950,Avri,2023,Crowe Foederer
64766950,Avri,2025,Crowe Foederer
17202505,AW Group B.V.,2019,Crowe Foederer
17202505,AW Group B.V.,2020,Crowe Foederer
17202505,AW Group B.V.,2021,Crowe Foederer
17202505,AW Group B.V.,2022,Crowe Foederer
30229933,B+B Vakmedianet B.V.,2022,Crowe Peak
30229933,B+B Vakmedianet B.V.,2023,Crowe Peak
58780688,B+B Vakmedianet Groep B.V.,2024,Crowe Peak
12015167,"B.V. Nederlandse Instrumenten Compagnie ""Nedinsco""",2022,Crowe Foederer
12015167,"B.V. Nederlandse Instrumenten Compagnie ""Nedinsco""",2023,Crowe Foederer
12015167,"B.V. Nederlandse Instrumenten Compagnie ""Nedinsco""",2024,Crowe Foederer
12015167,"B.V. Nederlandse Instrumenten Compagnie ""Nedinsco""",2025,Crowe Foederer
09054346,Baader Food Systems Netherlands B.V.,2020,Crowe Peak
09054346,Baader Food Systems Netherlands B.V.,2021,Crowe Peak
09054346,Baader Food Systems Netherlands B.V.,2022,Crowe Peak
09054346,Baader Food Systems Netherlands B.V.,2023,Crowe Peak
17084264,Baetsen Deelnemingen B.V.,2019,Crowe Foederer
17084264,Baetsen Deelnemingen B.V.,2020,Crowe Foederer
17084264,Baetsen Deelnemingen B.V.,2021,Crowe Foederer
17084264,Baetsen Deelnemingen B.V.,2022,Crowe Foederer
17084264,Baetsen Deelnemingen B.V.,2023,Crowe Foederer
17084264,Baetsen Deelnemingen B.V.,2024,Crowe Foederer
12029369,Bakeplus Holding B.V.,2019,Crowe Foederer
12029369,Bakeplus Holding B.V.,2020,Crowe Foederer
12029369,Bakeplus Holding B.V.,2021,Crowe Foederer
12029369,Bakeplus Holding B.V.,2022,Crowe Foederer
12029369,Bakeplus Holding B.V.,2023,Crowe Foederer
27158745,Bakker Van Maanen B.V.,2019,Crowe Peak
27158745,Bakker Van Maanen B.V.,2020,Crowe Peak
28061236,Bakker Van Maanen Productie B.V.,2019,Crowe Peak
28061236,Bakker Van Maanen Productie B.V.,2020,Crowe Peak
59601868,Bakkers Brigade B.V.,2019,Crowe Peak
59601868,Bakkers Brigade B.V.,2020,Crowe Peak
59601868,Bakkers Brigade B.V.,2021,Crowe Peak
59601868,Bakkers Brigade B.V.,2022,Crowe Peak
59601868,Bakkers Brigade B.V.,2023,Crowe Peak
57910960,BALR B.V.,2019,Crowe Peak
57910960,BALR B.V.,2020,Crowe Peak
57910960,BALR B.V.,2021,Crowe Peak
57910960,BALR B.V.,2023,Crowe Peak
17063838,Ban Bouw Holding B.V.,2019,Crowe Foederer
17063838,Ban Bouw Holding B.V.,2020,Crowe Foederer
17063838,Ban Bouw Holding B.V.,2022,Crowe Foederer
17063838,Ban Bouw Holding B.V.,2023,Crowe Foederer
17063838,Ban Bouw Holding B.V.,2024,Crowe Foederer
17098641,BanBouw,2019,Crowe Foederer
17098641,BanBouw,2020,Crowe Foederer
17098641,BanBouw,2021,Crowe Foederer
17098641,BanBouw,2022,Crowe Foederer
17098641,BanBouw,2024,Crowe Foederer
10041307,Banken Champignons B.V.,2019,Crowe Peak
10041307,Banken Champignons B.V.,2020,Crowe Peak
10041307,Banken Champignons B.V.,2022,Crowe Peak
10041307,Banken Champignons B.V.,2024,Crowe Peak
09121982,Banken Champignons Groep B.V.,2019,Crowe Peak
09121982,Banken Champignons Groep B.V.,2020,Crowe Peak
09121982,Banken Champignons Groep B.V.,2022,Crowe Peak
09121982,Banken Champignons Groep B.V.,2023,Crowe Peak
09121982,Banken Champignons Groep B.V.,2024,Crowe Peak
41066900,Basisschool de Neerakker,2023,Crowe Foederer
41066900,Basisschool de Neerakker,2024,Crowe Foederer
41066900,Basisschool de Neerakker,2025,Crowe Foederer
39054583,Beheer- en Beleggingsmaatschappij Renka B.V.,2020,Crowe Foederer
39054583,Beheer- en Beleggingsmaatschappij Renka B.V.,2021,Crowe Foederer
39054583,Beheer- en Beleggingsmaatschappij Renka B.V.,2022,Crowe Foederer
39054583,Beheer- en Beleggingsmaatschappij Renka B.V.,2023,Crowe Foederer
18030845,Beheermaatschappij Engels Tilburg B.V.,2019,Crowe Foederer
12049313,Belden CDT European Shared Services B.V.,2019,Crowe Peak
82538107,Benelux Budget Hotel Holding (BBHH) B.V.,2022,Crowe
82538107,Benelux Budget Hotel Holding (BBHH) B.V.,2023,Crowe Foederer
82538107,Benelux Budget Hotel Holding (BBHH) B.V.,2024,Crowe Foederer
17021256,Berkvens B.V.,2020,Crowe Foederer
17021256,Berkvens B.V.,2021,Crowe Foederer
17021256,Berkvens B.V.,2022,Crowe Foederer
17021256,Berkvens B.V.,2023,Crowe Foederer
17021256,Berkvens B.V.,2024,Crowe Foederer
17011470,Berkvens Beheer B.V.,2023,Crowe Foederer
17011470,Berkvens Beheer B.V.,2024,Crowe Foederer
17045881,Berkvens Deursystemen,2021,Crowe Foederer
17045881,Berkvens Deursystemen,2023,Crowe Foederer
34306603,Beurs van Berlage Exploitatie B.V.,2023,Crowe Foederer
34306603,Beurs van Berlage Exploitatie B.V.,2024,Crowe Foederer
75762412,BFG NL B.V.,2023,Crowe Foederer
28114303,BioMarin Nederland B.V.,2024,Crowe Peak
30170649,Blackboard International B.V.,2021,Crowe Peak
23054829,BluJay Solutions B.V.,2022,Crowe Peak
23054829,BluJay Solutions B.V.,2023,Crowe Peak
17146062,BM Holding B.V.,2019,Crowe Foederer
17146062,BM Holding B.V.,2020,Crowe Foederer
17146062,BM Holding B.V.,2021,Crowe Foederer
17146062,BM Holding B.V.,2022,Crowe Foederer
17146062,BM Holding B.V.,2023,Crowe Foederer
17146062,BM Holding B.V.,2024,Crowe Foederer
17146062,BM Holding B.V.,2025,Crowe Foederer
11043988,Bommelerwijs,2023,Crowe Foederer
11043988,Bommelerwijs,2024,Crowe Foederer
11043988,Bommelerwijs,2025,Crowe Foederer
29028001,Boogaerdt Beheer B.V.,2019,Crowe Peak
29028001,Boogaerdt Beheer B.V.,2020,Crowe Peak
29028001,Boogaerdt Beheer B.V.,2023,Crowe Peak
17064618,Bots Bouwgroep,2019,Crowe Foederer
17064618,Bots Bouwgroep,2022,Crowe Foederer
17064618,Bots Bouwgroep,2023,Crowe Foederer
17207689,Bouwbedrijf Gebr. van Gisbergen B.V.,2019,Crowe Foederer
17207689,Bouwbedrijf Gebr. van Gisbergen B.V.,2020,Crowe Foederer
17207689,Bouwbedrijf Gebr. van Gisbergen B.V.,2022,Crowe Foederer
17207689,Bouwbedrijf Gebr. van Gisbergen B.V.,2023,Crowe Foederer
16044245,Bouwbedrijf Van Grunsven B.V.,2023,Crowe Foederer
16044245,Bouwbedrijf Van Grunsven B.V.,2024,Crowe Foederer
17044165,Bouwbedrijf van Montfort B.V.,2020,Crowe Foederer
17044165,Bouwbedrijf van Montfort B.V.,2021,Crowe Foederer
17044165,Bouwbedrijf van Montfort B.V.,2022,Crowe Foederer
17044165,Bouwbedrijf van Montfort B.V.,2024,Crowe Foederer
17051095,Brainport Development N.V.,2022,Crowe Foederer
17051095,Brainport Development N.V.,2023,Crowe Foederer
17051095,Brainport Development N.V.,2024,Crowe Foederer
39066734,Breemhaar Beheer B.V.,2019,Crowe Foederer
39066734,Breemhaar Beheer B.V.,2020,Crowe Foederer
39066734,Breemhaar Beheer B.V.,2021,Crowe Foederer
39066734,Breemhaar Beheer B.V.,2022,Crowe Foederer
39066734,Breemhaar Beheer B.V.,2023,Crowe Foederer
39066734,Breemhaar Beheer B.V.,2024,Crowe Foederer
17129194,Bruns B.V.,2020,Crowe Foederer
17129194,Bruns B.V.,2022,Crowe Foederer
17129194,Bruns B.V.,2023,Crowe Foederer
17129194,Bruns B.V.,2024,Crowe Foederer
17026999,Bruns International B.V.,2020,Crowe Foederer
17026999,Bruns International B.V.,2022,Crowe Foederer
17026999,Bruns International B.V.,2024,Crowe Foederer
17078800,Burgmans A.F.P. Beheer B.V.,2019,Crowe Foederer
51612860,Buro Andersom B.V.,2021,Crowe Contour
81245564,Buro Andersom Wonen B.V.,2022,Crowe Foederer
81245564,Buro Andersom Wonen B.V.,2023,Crowe Foederer
14130072,Buro Andersom Zorg B.V.,2022,Crowe Foederer
14130072,Buro Andersom Zorg B.V.,2023,Crowe Foederer
24075224,Buva Rationele Bouwprodukten B.V.,2019,Crowe Foederer
24075224,Buva Rationele Bouwprodukten B.V.,2020,Crowe Foederer
24075224,Buva Rationele Bouwprodukten B.V.,2021,Crowe Foederer
24075224,Buva Rationele Bouwprodukten B.V.,2023,Crowe Foederer
24075224,Buva Rationele Bouwprodukten B.V.,2024,Crowe Foederer
84655305,BW Offshore GDM B.V.,2022,Crowe Peak
34304045,BW Offshore Netherlands B.V.,2020,Crowe Peak
56905831,C. van Heezik B.V.,2020,Crowe Foederer
56905831,C. van Heezik B.V.,2021,Crowe Foederer
56905831,C. van Heezik B.V.,2022,Crowe Foederer
30112610,C. van Heezik Vrieslogistiek,2020,Crowe Foederer
27353276,C.J. Vianen Flowerexport B.V.,2020,Crowe Peak
27353276,C.J. Vianen Flowerexport B.V.,2021,Crowe Peak
27353276,C.J. Vianen Flowerexport B.V.,2022,Crowe Peak
27353276,C.J. Vianen Flowerexport B.V.,2023,Crowe Peak
20085386,CACI B.V.,2019,Crowe Foederer
20085386,CACI B.V.,2020,Crowe Foederer
20085386,CACI B.V.,2021,Crowe Foederer
20085386,CACI B.V.,2023,Crowe Foederer
20085386,CACI B.V.,2024,Crowe Foederer
41080012,Cadans Primair,2023,Crowe Foederer
41080012,Cadans Primair,2025,Crowe Foederer
67952356,Caelum B.V.,2019,Crowe Foederer
67952356,Caelum B.V.,2020,Crowe Foederer
67952356,Caelum B.V.,2021,Crowe Foederer
67952356,Caelum B.V.,2022,Crowe Foederer
33174560,Canal Bike,2020,Crowe Foederer
33174560,Canal Bike,2022,Crowe Foederer
33174560,Canal Bike,2023,Crowe Foederer
18069884,Canon Business Center Nederland,2019,Crowe Peak
18069884,Canon Business Center Nederland,2022,Crowe Peak
18069884,Canon Business Center Nederland,2023,Crowe Peak
18069884,Canon Business Center Nederland,2024,Crowe Peak
64642275,Capital8,2019,Crowe Peak
64642275,Capital8,2022,Crowe Peak
64642275,Capital8,2023,Crowe Peak
64642275,Capital8,2024,Crowe Peak
28084849,Cardea,2019,Crowe
28084849,Cardea,2020,Crowe Foederer
28084849,Cardea,2021,Crowe Foederer
28084849,Cardea,2022,Crowe Foederer
23091237,Care Cosmetics B.V.,2020,Crowe Peak
23091237,Care Cosmetics B.V.,2022,Crowe Peak
23091237,Care Cosmetics B.V.,2023,Crowe Peak
23091237,Care Cosmetics B.V.,2024,Crowe Peak
24331915,CCIC Europe B.V.,2019,Crowe Peak
24331915,CCIC Europe B.V.,2020,Crowe Peak
24331915,CCIC Europe B.V.,2021,Crowe Peak
24331915,CCIC Europe B.V.,2022,Crowe Peak
24331915,CCIC Europe B.V.,2024,Crowe Peak
16065252,CCL Label Oss B.V.,2019,Crowe Foederer
16065252,CCL Label Oss B.V.,2020,Crowe Foederer
16065252,CCL Label Oss B.V.,2022,Crowe Foederer
16065252,CCL Label Oss B.V.,2023,Crowe Foederer
16065252,CCL Label Oss B.V.,2024,Crowe Foederer
34370890,Centram,2024,Crowe Foederer
08106435,Champion Technologies Russia & Caspian B.V.,2020,Crowe Peak
92542549,Chang Hui B.V.,2024,Crowe Peak
68774656,Chinski Amsterdam en omstreken B.V.,2022,Crowe Foederer
68774656,Chinski Amsterdam en omstreken B.V.,2023,Crowe Foederer
68774656,Chinski Amsterdam en omstreken B.V.,2024,Crowe Foederer
68774656,Chinski Amsterdam en omstreken B.V.,2025,Crowe Foederer
68773668,Chinski Foundation,2023,Crowe Foederer
68775741,Chinski Gooi en Vecht B.V.,2023,Crowe Foederer
68775741,Chinski Gooi en Vecht B.V.,2024,Crowe Foederer
68775741,Chinski Gooi en Vecht B.V.,2025,Crowe Foederer
34135974,Choice Hotels Licensing B.V.,2019,Crowe Foederer
40094198,Christelijk College Groevenbeek,2023,Crowe Foederer
40094198,Christelijk College Groevenbeek,2024,Crowe Foederer
40094296,Christelijk College Nassau-Veluwe,2023,Crowe Foederer
40094296,Christelijk College Nassau-Veluwe,2024,Crowe Foederer
41031514,Christelijke Scholen Groep Oost,2023,Crowe Foederer
41031514,Christelijke Scholen Groep Oost,2024,Crowe Foederer
41031514,Christelijke Scholen Groep Oost,2025,Crowe Foederer
18043306,Circana B.V.,2022,Crowe Foederer
81114931,CJ Wildbird Foods Europe B.V.,2023,Crowe Foederer
81114931,CJ Wildbird Foods Europe B.V.,2024,Crowe Foederer
28029398,Clinical Diagnostics LCPL B.V.,2021,Crowe Foederer
28029398,Clinical Diagnostics LCPL B.V.,2022,Crowe Foederer
28029398,Clinical Diagnostics LCPL B.V.,2023,Crowe Foederer
80424953,Clinical Diagnostics MML,2022,Crowe Foederer
80424953,Clinical Diagnostics MML,2023,Crowe Foederer
80424953,Clinical Diagnostics MML,2024,Crowe Foederer
86446606,Clinical Diagnostics Nederland,2024,Crowe Foederer
55505686,Clinical Diagnostics NMDL BV,2021,Crowe Foederer
55505686,Clinical Diagnostics NMDL BV,2022,Crowe Foederer
55505686,Clinical Diagnostics NMDL BV,2023,Crowe Foederer
55505686,Clinical Diagnostics NMDL BV,2024,Crowe Foederer
57642354,Clinical Diagnostics SCAL,2021,Crowe
57642354,Clinical Diagnostics SCAL,2022,Crowe Foederer
57642354,Clinical Diagnostics SCAL,2024,Crowe Foederer
34058127,Cobraspen Groep B.V.,2024,Crowe Peak Audit
34058127,Cobraspen Groep B.V.,2025,Crowe Peak
24307569,COFCO International Netherlands B.V.,2024,Crowe Peak
17213716,ColorMatrix Europe B.V.,2019,Crowe Foederer
17213716,ColorMatrix Europe B.V.,2020,Crowe Foederer
17213716,ColorMatrix Europe B.V.,2021,Crowe Foederer
17213716,ColorMatrix Europe B.V.,2022,Crowe Foederer
17213716,ColorMatrix Europe B.V.,2024,Crowe Foederer
32114531,Com.Tel International B.V.,2023,Crowe Peak
32114531,Com.Tel International B.V.,2025,Crowe Peak
30089418,Combined Computer Services C.C.S. B.V.,2022,Crowe Peak
30089418,Combined Computer Services C.C.S. B.V.,2023,Crowe Peak
30089418,Combined Computer Services C.C.S. B.V.,2024,Crowe Peak
34302667,Commodity Discovery Management B.V.,2024,Crowe Foederer
34264824,CompaNanny Nederland B.V.,2021,Crowe Contour
69250103,CONAN Real Estate & Aviation B.V.,2019,Crowe Foederer
30054572,Construction Machinery Bull-Track B.V.,2019,Crowe Peak
30054572,Construction Machinery Bull-Track B.V.,2020,Crowe Peak
30054572,Construction Machinery Bull-Track B.V.,2022,Crowe Peak
30054572,Construction Machinery Bull-Track B.V.,2024,Crowe Peak
63996197,Conxillium Group B.V.,2019,Crowe Foederer
63996197,Conxillium Group B.V.,2020,Crowe Foederer
63996197,Conxillium Group B.V.,2021,Crowe Foederer
63996197,Conxillium Group B.V.,2022,Crowe Foederer
63996197,Conxillium Group B.V.,2023,Crowe Foederer
63996197,Conxillium Group B.V.,2024,Crowe Foederer
63996197,Conxillium Group B.V.,2025,Crowe Foederer
17063618,Coppens Groep B.V.,2019,Crowe Foederer
17063618,Coppens Groep B.V.,2020,Crowe Foederer
17063618,Coppens Groep B.V.,2021,Crowe Foederer
17063618,Coppens Groep B.V.,2022,Crowe Foederer
17063618,Coppens Groep B.V.,2023,Crowe Foederer
66979994,Cornelissen Tilburg B.V.,2024,Crowe Peak
10044900,Cornelissen Transport,2023,Crowe Peak
30146250,Corporate Value Associates Netherlands B.V.,2020,Crowe Foederer
62105809,Covis Pharma B.V.,2019,Crowe Peak
83585516,Coöperatie Buurtteam Amsterdam Centrum U.A.,2022,Crowe Foederer
83585516,Coöperatie Buurtteam Amsterdam Centrum U.A.,2023,Crowe Foederer
09009530,Coöperatief Koninklijk Tuinbouwcentrum Horticoop U.A.,2019,Crowe Ireland
14092129,Coöperatieve Mosadex U.A.,2020,Crowe Foederer
14092129,Coöperatieve Mosadex U.A.,2021,Crowe Foederer
14092129,Coöperatieve Mosadex U.A.,2022,Crowe Foederer
14092129,Coöperatieve Mosadex U.A.,2023,Crowe Foederer
14092129,Coöperatieve Mosadex U.A.,2024,Crowe Foederer
14092129,Coöperatieve Mosadex U.A.,2025,Crowe Foederer
64686388,Coöperatieve NavInfo U.A.,2019,Crowe Foederer
64686388,Coöperatieve NavInfo U.A.,2020,Crowe Foederer
64686388,Coöperatieve NavInfo U.A.,2024,Crowe Foederer
09126435,Coöperatieve Vereniging Koninklijke Quantore U.A.,2020,Crowe Foederer
09126435,Coöperatieve Vereniging Koninklijke Quantore U.A.,2021,Crowe Foederer
09126435,Coöperatieve Vereniging Koninklijke Quantore U.A.,2022,Crowe Foederer
09126435,Coöperatieve Vereniging Koninklijke Quantore U.A.,2024,Crowe Foederer
09126435,Coöperatieve Vereniging Koninklijke Quantore U.A.,2025,Crowe Foederer
24253279,D & S Beleggingen in Onroerende Zaken B.V.,2020,Crowe Peak
24253279,D & S Beleggingen in Onroerende Zaken B.V.,2021,Crowe Peak
24253279,D & S Beleggingen in Onroerende Zaken B.V.,2022,Crowe Peak
24152406,D & S Groep B.V.,2020,Crowe Peak
24152406,D & S Groep B.V.,2021,Crowe Peak
27320333,Dacapo Stainless B.V.,2019,Crowe Foederer
27320333,Dacapo Stainless B.V.,2020,Crowe Foederer
27320333,Dacapo Stainless B.V.,2022,Crowe Foederer
27320333,Dacapo Stainless B.V.,2023,Crowe Foederer
27320333,Dacapo Stainless B.V.,2024,Crowe Foederer
24236891,Dalosy Projecten B.V.,2022,Crowe Peak
24236891,Dalosy Projecten B.V.,2023,Crowe Peak
39055010,Daly Plastics B.V.,2023,Crowe Peak
75236311,Dartshopper B.V.,2022,Crowe Foederer
75236311,Dartshopper B.V.,2023,Crowe Foederer
75236311,Dartshopper B.V.,2024,Crowe Foederer
12017353,Datrans Holding B.V.,2022,Crowe Foederer
60640839,DB Fullfilment B.V.,2022,Crowe Foederer
60640839,DB Fullfilment B.V.,2023,Crowe Foederer
60640839,DB Fullfilment B.V.,2024,Crowe Foederer
41093053,"De Eenbes, Stichting voor Katholiek, Protestants-Christelijk en Interconfessioneel Primair Onderwijs",2023,Crowe Foederer
41093053,"De Eenbes, Stichting voor Katholiek, Protestants-Christelijk en Interconfessioneel Primair Onderwijs",2024,Crowe Foederer
41093053,"De Eenbes, Stichting voor Katholiek, Protestants-Christelijk en Interconfessioneel Primair Onderwijs",2025,Crowe Foederer
76446476,De Gezusters Van den Berg B.V.,2021,Crowe Contour
76446476,De Gezusters Van den Berg B.V.,2022,Crowe Foederer
76446476,De Gezusters Van den Berg B.V.,2023,Crowe Foederer
17238664,De Hoef Holding B.V.,2022,Crowe Foederer
17238664,De Hoef Holding B.V.,2024,Crowe Foederer
41189431,"de Passie, stichting voor Evangelisch Bijbelgetrouw Onderwijs",2023,Crowe Foederer
41189431,"de Passie, stichting voor Evangelisch Bijbelgetrouw Onderwijs",2024,Crowe Foederer
41189431,"de Passie, stichting voor Evangelisch Bijbelgetrouw Onderwijs",2025,Crowe Foederer
17285571,De Samenwerking Kempengemeenten,2020,Crowe Foederer
17285571,De Samenwerking Kempengemeenten,2022,Crowe Foederer
17285571,De Samenwerking Kempengemeenten,2023,Crowe Foederer
17285571,De Samenwerking Kempengemeenten,2024,Crowe Foederer
20117217,de Smaakspecialist B.V.,2019,Crowe Foederer
20117217,de Smaakspecialist B.V.,2020,Crowe Foederer
20117217,de Smaakspecialist B.V.,2022,Crowe Foederer
20117217,de Smaakspecialist B.V.,2023,Crowe Foederer
20117217,de Smaakspecialist B.V.,2024,Crowe Foederer
17090818,De Wit Holding B.V.,2019,Crowe Foederer
17090818,De Wit Holding B.V.,2020,Crowe Foederer
17090818,De Wit Holding B.V.,2021,Crowe Foederer
17090818,De Wit Holding B.V.,2022,Crowe Foederer
17090818,De Wit Holding B.V.,2023,Crowe Foederer
17090818,De Wit Holding B.V.,2025,Crowe Foederer
10038992,Dekkers Holding Nijmegen B.V.,2019,Crowe Peak
10038992,Dekkers Holding Nijmegen B.V.,2020,Crowe Peak
10038992,Dekkers Holding Nijmegen B.V.,2021,Crowe Peak
10038992,Dekkers Holding Nijmegen B.V.,2022,Crowe Peak
10038992,Dekkers Holding Nijmegen B.V.,2023,Crowe Peak
17050960,Delpharm Bladel B.V.,2020,Crowe Foederer
17050960,Delpharm Bladel B.V.,2021,Crowe Foederer
17050960,Delpharm Bladel B.V.,2023,Crowe Foederer
17050960,Delpharm Bladel B.V.,2024,Crowe Foederer
91458692,Delpharm Meppel B.V.,2024,Crowe Foederer
91458692,Delpharm Meppel B.V.,2025,Crowe Foederer
74894110,Den Engelsen Groep B.V.,2019,Crowe Foederer
74894110,Den Engelsen Groep B.V.,2020,Crowe Foederer
17140690,Den Ouden Groep B.V.,2019,Crowe Foederer
17140690,Den Ouden Groep B.V.,2020,Crowe Foederer
17140690,Den Ouden Groep B.V.,2021,Crowe Foederer
17140690,Den Ouden Groep B.V.,2022,Crowe Foederer
17140690,Den Ouden Groep B.V.,2023,Crowe Foederer
17140690,Den Ouden Groep B.V.,2024,Crowe Foederer
17140690,Den Ouden Groep B.V.,2025,Crowe Foederer
16043259,Den Ouden Holding B.V.,2024,Crowe Foederer
16043259,Den Ouden Holding B.V.,2025,Crowe Foederer
16066649,Den Ouden Infra B.V.,2019,Crowe Foederer
16066649,Den Ouden Infra B.V.,2020,Crowe Foederer
16066649,Den Ouden Infra B.V.,2021,Crowe Foederer
16066649,Den Ouden Infra B.V.,2022,Crowe Foederer
16066649,Den Ouden Infra B.V.,2023,Crowe Foederer
16085715,Den Ouden Materieel B.V.,2019,Crowe Foederer
16077045,Den Ouden Organic B.V.,2019,Crowe Foederer
16077045,Den Ouden Organic B.V.,2020,Crowe Foederer
16077045,Den Ouden Organic B.V.,2022,Crowe Foederer
16077045,Den Ouden Organic B.V.,2023,Crowe Foederer
16077045,Den Ouden Organic B.V.,2024,Crowe Foederer
27142635,Denys Engineers & Contractors B.V.,2019,Crowe Peak
27142635,Denys Engineers & Contractors B.V.,2020,crowe peak
27142635,Denys Engineers & Contractors B.V.,2021,Crowe Peak
27142635,Denys Engineers & Contractors B.V.,2022,Crowe Peak
14083381,Destiny White Label Services B.V.,2021,Crowe Foederer
14083381,Destiny White Label Services B.V.,2022,Crowe Foederer
17065352,Diesel BeNeLux B.V.,2019,Crowe Peak
17065352,Diesel BeNeLux B.V.,2020,Crowe Peak
17065352,Diesel BeNeLux B.V.,2024,Crowe Peak
33140952,Dirkzwager Groep B.V.,2019,Crowe Foederer
33140952,Dirkzwager Groep B.V.,2022,Crowe Foederer
33140952,Dirkzwager Groep B.V.,2023,Crowe Foederer
33140952,Dirkzwager Groep B.V.,2024,Crowe Foederer
32128621,Dirkzwager Totaal Vastgoedonderhoud B.V.,2019,Crowe Foederer
32128621,Dirkzwager Totaal Vastgoedonderhoud B.V.,2024,Crowe Foederer
29044915,Dirven Beheer B.V.,2019,Crowe Foederer
29044915,Dirven Beheer B.V.,2020,Crowe Foederer
29044915,Dirven Beheer B.V.,2022,Crowe Foederer
29044915,Dirven Beheer B.V.,2023,Crowe Foederer
29044915,Dirven Beheer B.V.,2024,Crowe Foederer
65325141,DNRF B.V.,2023,Crowe Foederer
70522995,DPR Construction B.V.,2020,Crowe Foederer
70522995,DPR Construction B.V.,2022,Crowe Foederer
70522995,DPR Construction B.V.,2023,Crowe Foederer
70522995,DPR Construction B.V.,2024,Crowe Foederer
67686044,DR Vastgoed B.V.,2021,Crowe Contour
67686044,DR Vastgoed B.V.,2022,Crowe Foederer
12054552,Driessens Investments B.V.,2019,Crowe Foederer
12054552,Driessens Investments B.V.,2020,Crowe Foederer
12054552,Driessens Investments B.V.,2021,Crowe Foederer
12054552,Driessens Investments B.V.,2022,Crowe Foederer
12054552,Driessens Investments B.V.,2023,Crowe Foederer
12054552,Driessens Investments B.V.,2024,Crowe Foederer
80873537,Dubai Acquisition B.V.,2022,Crowe Peak
80873537,Dubai Acquisition B.V.,2024,Crowe Peak
18034178,E & A Diensten B.V.,2019,Crowe Foederer
18034178,E & A Diensten B.V.,2020,Crowe Foederer
18034178,E & A Diensten B.V.,2021,Crowe Foederer
18040486,E & A Logistiek B.V.,2019,Crowe Foederer
18040486,E & A Logistiek B.V.,2020,Crowe Foederer
18040486,E & A Logistiek B.V.,2021,Crowe Foederer
18040486,E & A Logistiek B.V.,2022,Crowe Foederer
18040486,E & A Logistiek B.V.,2023,Crowe Foederer
18040486,E & A Logistiek B.V.,2024,Crowe Foederer
61440868,Edma Beheer B.V.,2022,Crowe Foederer
61440868,Edma Beheer B.V.,2023,Crowe Foederer
61440868,Edma Beheer B.V.,2024,Crowe Foedere
71581979,EFF B.V.,2020,Crowe Foederer
71581979,EFF B.V.,2021,Crowe Foederer
64172236,Egis Parking Services B.V.,2020,Crowe Foederer
64172236,Egis Parking Services B.V.,2021,Crowe Foederer
64172236,Egis Parking Services B.V.,2022,Crowe Foederer
64172236,Egis Parking Services B.V.,2023,Crowe Foederer
58185801,EHKO Holding B.V.,2019,Crowe Peak
58185801,EHKO Holding B.V.,2020,Crowe Peak
17115548,Elho Beheer B.V.,2022,Crowe Foederer
17115548,Elho Beheer B.V.,2023,Crowe Foederer
17115548,Elho Beheer B.V.,2024,Crowe Foederer
72485299,Elho Group B.V.,2020,Crowe Foederer
72485299,Elho Group B.V.,2021,Crowe Foederer
72485299,Elho Group B.V.,2022,Crowe Foederer
72485299,Elho Group B.V.,2023,Crowe Foederer
72485299,Elho Group B.V.,2024,Crowe Foederer
17089198,Emerald Eternal Green B.V.,2020,Crowe Foederer
17089198,Emerald Eternal Green B.V.,2021,Crowe Foederer
17089198,Emerald Eternal Green B.V.,2022,Crowe Foederer
17089198,Emerald Eternal Green B.V.,2023,Crowe Foederer
17089198,Emerald Eternal Green B.V.,2024,Crowe Foederer
87904136,Emerio Group B.V.,2024,Crowe Foederer
17079254,Emes Beheer B.V.,2019,Crowe Foederer
17079254,Emes Beheer B.V.,2020,Crowe Foederer
17079254,Emes Beheer B.V.,2022,Crowe Foederer
17079254,Emes Beheer B.V.,2023,Crowe Foederer
17079254,Emes Beheer B.V.,2024,Crowe Foederer
66398622,Emma International Holding B.V.,2019,Crowe Foederer
66398622,Emma International Holding B.V.,2020,Crowe Foederer
78587999,Energie Voor Elkaar B.V.,2023,Crowe Peak
78587999,Energie Voor Elkaar B.V.,2024,Crowe Peak
17068569,Engels,2020,Crowe Foederer
17068569,Engels,2021,Crowe Foederer
17068569,Engels,2024,Crowe Foederer
57356130,Engels Group N.V.,2019,Crowe Foederer
57356130,Engels Group N.V.,2020,Crowe Foederer
57356130,Engels Group N.V.,2022,Crowe Foederer
57356130,Engels Group N.V.,2023,Crowe Foederer
57356130,Engels Group N.V.,2024,Crowe Foederer
27219830,Enthoven Elektra Beheer B.V.,2020,Crowe Peak
27219830,Enthoven Elektra Beheer B.V.,2022,Crowe Peak
27219830,Enthoven Elektra Beheer B.V.,2023,Crowe Peak
27219830,Enthoven Elektra Beheer B.V.,2024,Crowe Peak
18050847,Etteplan Netherlands B.V.,2024,Crowe Peak
41098880,Etuda Onderwijs / Basisschool Starrebos,2023,Crowe Foederer
20135263,Euretco Holding B.V.,2019,Crowe
20135263,Euretco Holding B.V.,2020,Crowe Foederer
20135263,Euretco Holding B.V.,2022,Crowe Foederer
20135263,Euretco Holding B.V.,2023,Crowe Foederer
20135263,Euretco Holding B.V.,2024,Crowe Foederer
28032395,Eurofins C-Mark B.V.,2022,Crowe Foederer
28032395,Eurofins C-Mark B.V.,2023,Crowe Foederer
28032395,Eurofins C-Mark B.V.,2024,Crowe Foederer
72390123,Eurofins EAG Materials Science Netherlands B.V.,2023,Crowe Foederer
72390123,Eurofins EAG Materials Science Netherlands B.V.,2024,Crowe Foederer
22049463,Eurofins Lab Zeeuws-Vlaanderen (LZV) B.V.,2022,Crowe Foederer
22049463,Eurofins Lab Zeeuws-Vlaanderen (LZV) B.V.,2023,Crowe Foederer
51359650,European Foundation Group B.V.,2019,Crowe Peak
51359650,European Foundation Group B.V.,2020,Crowe Peak
30263534,Europlus B.V.,2019,Crowe Foederer
30263534,Europlus B.V.,2021,Crowe Foederer
30263534,Europlus B.V.,2023,Crowe Foederer
80428517,Excluton B.V.,2021,Crowe Foederer
09001382,Exerion Precision Technology Holding B.V.,2019,Crowe Foederer
09001382,Exerion Precision Technology Holding B.V.,2020,Crowe Foederer
09001382,Exerion Precision Technology Holding B.V.,2021,Crowe Foederer
09001382,Exerion Precision Technology Holding B.V.,2022,Crowe Foederer
09001382,Exerion Precision Technology Holding B.V.,2024,Crowe Foederer
09001382,Exerion Precision Technology Holding B.V.,2025,Crowe Foederer
17103126,Exploitatiemaatschappij Smets Beheer (E.S.B.) B.V.,2019,Crowe Foederer
17103126,Exploitatiemaatschappij Smets Beheer (E.S.B.) B.V.,2020,Crowe Foederer
17103126,Exploitatiemaatschappij Smets Beheer (E.S.B.) B.V.,2021,Crowe Foederer
17103126,Exploitatiemaatschappij Smets Beheer (E.S.B.) B.V.,2022,Crowe Foederer
17103126,Exploitatiemaatschappij Smets Beheer (E.S.B.) B.V.,2023,Crowe Foederer
17125345,F.P. Tilburgs Beheer B.V.,2022,Crowe Foederer
17125345,F.P. Tilburgs Beheer B.V.,2023,Crowe Foederer
17171800,F.P.F. Holding B.V.,2019,Crowe
17171800,F.P.F. Holding B.V.,2020,Crowe Foederer
35005048,Fam-Ru Holding B.V.,2019,Crowe Foederer
35005048,Fam-Ru Holding B.V.,2022,Crowe Foederer
17044730,FBP Holding B.V.,2019,Crowe Foederer
17044730,FBP Holding B.V.,2020,Crowe Foederer
52227936,FE Latin America B.V.,2023,Crowe Peak
37083862,Ferney Group B.V.,2019,Crowe Foederer
37083862,Ferney Group B.V.,2020,Crowe Foederer
37083862,Ferney Group B.V.,2021,Crowe Foederer
37083862,Ferney Group B.V.,2022,Crowe Foederer
37083862,Ferney Group B.V.,2024,Crowe Foederer
10023756,Fleuren Groep B.V.,2019,Crowe Peak
10023756,Fleuren Groep B.V.,2020,Crowe Peak
10023756,Fleuren Groep B.V.,2022,Crowe Peak
10023756,Fleuren Groep B.V.,2023,Crowe Peak
10023756,Fleuren Groep B.V.,2025,Crowe Peak
39037963,Flevorubber Extrusion B.V.,2021,Crowe Foederer
11027337,Flowfirm,2019,Crowe Foederer
62025848,Flowfirm B.V.,2020,Crowe Foederer
62025848,Flowfirm B.V.,2023,Crowe Foederer
62025848,Flowfirm B.V.,2024,Crowe Foederer
66648998,Flowfirm Group B.V.,2019,Crowe Foederer
34095568,Fly Bird Fly B.V.,2019,Crowe Foederer
34095568,Fly Bird Fly B.V.,2020,Crowe Foederer
20083483,Fokker Services B.V.,2021,Crowe Peak
20083483,Fokker Services B.V.,2023,Crowe Peak
20083483,Fokker Services B.V.,2024,Crowe Peak
81263597,Fokker Services Group B.V.,2022,Crowe Peak
81263597,Fokker Services Group B.V.,2023,Crowe Peak
81263597,Fokker Services Group B.V.,2024,Crowe Peak
81263597,Fokker Services Group B.V.,2025,Crowe Peak
68501307,Fokker Techniek B.V.,2023,Crowe Peak
68501307,Fokker Techniek B.V.,2024,Crowe Peak
17084497,Formula Air Group B.V.,2019,Crowe Foederer
17084497,Formula Air Group B.V.,2020,Crowe Foederer
17084497,Formula Air Group B.V.,2022,Crowe Foederer
24312952,FPS Famous Pacific Shipping B.V.,2019,Crowe Peak
24312952,FPS Famous Pacific Shipping B.V.,2020,Crowe Peak
24312952,FPS Famous Pacific Shipping B.V.,2021,Crowe Peak Audit
24312952,FPS Famous Pacific Shipping B.V.,2021,Crowe Peak
24312952,FPS Famous Pacific Shipping B.V.,2023,Crowe Peak
24312952,FPS Famous Pacific Shipping B.V.,2024,Crowe Peak
14106278,FRABA B.V.,2019,Crowe Foederer
14106278,FRABA B.V.,2023,Crowe Foederer
14106278,FRABA B.V.,2024,Crowe Foederer
17167522,Franklin Group B.V.,2020,Crowe Foederer
17167522,Franklin Group B.V.,2022,Crowe Foederer
17167522,Franklin Group B.V.,2023,Crowe Foederer
17185963,Frontinus Holding B.V.,2019,Crowe Foederer
17185963,Frontinus Holding B.V.,2020,Crowe Foederer
17185963,Frontinus Holding B.V.,2021,Crowe Foederer
17185963,Frontinus Holding B.V.,2022,Crowe Foederer
24123464,Fuji Trading (Marine) B.V.,2019,Crowe Peak
24123464,Fuji Trading (Marine) B.V.,2020,Crowe Peak
24123464,Fuji Trading (Marine) B.V.,2021,Crowe Peak
24123464,Fuji Trading (Marine) B.V.,2024,Crowe Peak
24123464,Fuji Trading (Marine) B.V.,2025,Crowe Peak
86381369,G&O II Holding B.V.,2023,Crowe Foederer
09085677,G. Kwetters en Zn. B.V.,2019,Crowe Foederer
20120214,G.I.S. Europe SE,2019,Crowe Foederer
20120214,G.I.S. Europe SE,2020,Crowe Foederer
20120214,G.I.S. Europe SE,2022,Crowe Foederer
17128588,G.I.S. International B.V.,2019,Crowe Foederer
17128588,G.I.S. International B.V.,2020,Crowe Foederer
17128588,G.I.S. International B.V.,2021,Crowe Foederer
17128588,G.I.S. International B.V.,2022,Crowe Foederer
17128588,G.I.S. International B.V.,2023,Crowe Foederer
17102892,G.M. de Rooy & Zn. Internationaal Transportbedrijf Eindhoven B.V.,2019,Crowe Foederer
17102892,G.M. de Rooy & Zn. Internationaal Transportbedrijf Eindhoven B.V.,2024,Crowe Foederer
76072738,G.P. Roos Beheer B.V.,2020,Crowe Foederer
76072738,G.P. Roos Beheer B.V.,2022,Crowe Foederer
76072738,G.P. Roos Beheer B.V.,2023,Crowe Foederer
76072738,G.P. Roos Beheer B.V.,2024,Crowe Foederer
76072738,G.P. Roos Beheer B.V.,2025,Crowe Foederer
17077576,G.P.R. Holding B.V.,2019,Crowe Foederer
62142941,Gemeenschappelijke Regeling BLINK,2024,Crowe Foederer
57161623,Gemeenschappelijke regeling Cure,2022,Crowe Foederer
57161623,Gemeenschappelijke regeling Cure,2023,Crowe Foederer
57161623,Gemeenschappelijke regeling Cure,2024,Crowe Foederer
57341060,Gemeenschappelijke regeling Kempisch Bedrijvenpark,2020,Crowe Foederer
51425165,Gemeenschappelijke Regeling Veiligheidsregio Brabant-Noord,2024,Crowe Foederer
51425165,Gemeenschappelijke Regeling Veiligheidsregio Brabant-Noord,2025,Crowe Foederer
50210254,Gemeente Asten,2020,Crowe Foederer
50210254,Gemeente Asten,2021,Crowe Foederer
50210254,Gemeente Asten,2022,Crowe Foederer
50210254,Gemeente Asten,2023,Crowe Foederer
50210254,Gemeente Asten,2024,Crowe Foederer
62254944,Gemeente Berg en Dal,2024,Crowe Foederer
17273202,Gemeente Bergeijk,2019,Crowe Foederer
17273202,Gemeente Bergeijk,2020,Crowe Foederer
17273202,Gemeente Bergeijk,2021,Crowe Foederer
17273202,Gemeente Bergeijk,2022,Crowe Foederer
17278580,Gemeente Boxtel,2022,Crowe Foederer
17278580,Gemeente Boxtel,2023,Crowe Foederer
17278580,Gemeente Boxtel,2024,Crowe Foederer
30278157,Gemeente Buren,2019,Crowe Foederer
30278157,Gemeente Buren,2021,Crowe Foederer
30278157,Gemeente Buren,2022,Crowe Foederer
30278157,Gemeente Buren,2023,Crowe Foederer
17273265,Gemeente Eersel,2021,Crowe Foederer
50371746,Gemeente Gemert-Bakel,2019,Crowe Foederer
50371746,Gemeente Gemert-Bakel,2021,Crowe Foederer
50371746,Gemeente Gemert-Bakel,2023,Crowe Foederer
50371746,Gemeente Gemert-Bakel,2024,Crowe Foederer
17279582,Gemeente Laarbeek,2020,Crowe Foederer
17279582,Gemeente Laarbeek,2021,Crowe Foederer
17279582,Gemeente Laarbeek,2022,Crowe Foederer
17285344,Gemeente Oirschot,2020,Crowe Foederer
17285344,Gemeente Oirschot,2021,Crowe Foederer
17285344,Gemeente Oirschot,2022,Crowe Foederer
17285344,Gemeente Oirschot,2023,Crowe Foederer
17285344,Gemeente Oirschot,2024,Crowe Foederer
17272342,Gemeente Valkenswaard,2020,Crowe Foederer
30276854,Gemeente West Maas en Waal,2024,Crowe Foederer
17272566,Gemeentehuis Bladel,2022,Crowe Foederer
17272566,Gemeentehuis Bladel,2023,Crowe Foederer
17282376,Gemeentehuis Cranendonck,2019,Crowe Foederer
17282376,Gemeentehuis Cranendonck,2020,Crowe Foederer
17282376,Gemeentehuis Cranendonck,2021,Crowe Foederer
70249180,Genscript Biotech (Netherlands) B.V.,2024,Crowe Foederer
33293593,Geodan B.V.,2020,Crowe Peak
33293593,Geodan B.V.,2022,Crowe Peak
81922264,GetSales B.V.,2023,Crowe Foederer
81922264,GetSales B.V.,2024,Crowe Foederer
17116213,Geurts Mengvoeders B.V.,2021,Crowe Contour
17116213,Geurts Mengvoeders B.V.,2022,Crowe Foederer
17116213,Geurts Mengvoeders B.V.,2023,Crowe Contour
34094094,Global Airline Services B.V.,2023,Crowe Foederer
55990347,Global Food Group B.V.,2020,Crowe Foederer
55990347,Global Food Group B.V.,2021,Crowe Foederer
34256778,Global GSA Group B.V.,2019,Crowe Foederer
34256778,Global GSA Group B.V.,2020,Crowe Foederer
34256778,Global GSA Group B.V.,2021,Crowe Foederer
34256778,Global GSA Group B.V.,2022,Crowe Foederer
72562323,Global GSA Holding B.V.,2020,Crowe Foederer
89523873,Globitas VD Invest B.V.,2023,Crowe Foederer
89523873,Globitas VD Invest B.V.,2025,Crowe Foederer
64489043,GMP Groep B.V.,2020,Crowe Peak
64489043,GMP Groep B.V.,2022,Crowe Peak
11013072,Go-Tan B.V.,2025,Crowe Peak
11056337,Go-Tan Beheer B.V.,2025,Crowe Peak
17189513,Gooskens Hout Groep B.V.,2019,Crowe Foederer
17189513,Gooskens Hout Groep B.V.,2020,Crowe Foederer
17189513,Gooskens Hout Groep B.V.,2021,Crowe Foederer
17189513,Gooskens Hout Groep B.V.,2022,Crowe Foederer
17189513,Gooskens Hout Groep B.V.,2023,Crowe Foederer
17189513,Gooskens Hout Groep B.V.,2024,Crowe Foederer
17189513,Gooskens Hout Groep B.V.,2025,Crowe Foederer
67703909,GrandCare Begeleiding B.V.,2021,Crowe Contour
67703909,GrandCare Begeleiding B.V.,2022,Crowe Foederer
67703909,GrandCare Begeleiding B.V.,2023,Crowe Foederer
67703909,GrandCare Begeleiding B.V.,2025,Crowe Foederer
76178897,Green Giraffe Advisory B.V.,2024,Crowe Peak
30288088,Green Giraffe B.V.,2024,Crowe Peak
66791456,GreensGlobal B.V.,2019,Crowe Foederer
66791456,GreensGlobal B.V.,2020,Crowe Foederer
66791456,GreensGlobal B.V.,2021,Crowe Foederer
66791456,GreensGlobal B.V.,2022,Crowe Foederer
66791456,GreensGlobal B.V.,2023,Crowe Foederer
66791456,GreensGlobal B.V.,2024,Crowe Foederer
81803788,Greenwing Macaw B.V.,2022,Crowe Foederer
81803788,Greenwing Macaw B.V.,2023,Crowe Foederer
09044595,Groveko B.V.,2019,Crowe Foederer
09044595,Groveko B.V.,2020,Crowe Foederer
09044595,Groveko B.V.,2021,Crowe Foederer
09044595,Groveko B.V.,2022,Crowe Foederer
71438653,Gutenberg Holding B.V.,2022,Crowe Foederer
10041348,H.J.L. Cornelissen Holding B.V.,2023,Crowe Peak
10041348,H.J.L. Cornelissen Holding B.V.,2024,Crowe Peak
17110156,H.W. van den Heuvel Beheer B.V.,2019,Crowe Foederer
17110156,H.W. van den Heuvel Beheer B.V.,2020,Crowe Foederer
17110156,H.W. van den Heuvel Beheer B.V.,2021,Crowe Foederer
17110156,H.W. van den Heuvel Beheer B.V.,2022,Crowe Foederer
17110156,H.W. van den Heuvel Beheer B.V.,2023,Crowe Foederer
17110156,H.W. van den Heuvel Beheer B.V.,2024,Crowe Foederer
17110147,H.W. van den Heuvel Werk B.V.,2020,Crowe Foederer
17110147,H.W. van den Heuvel Werk B.V.,2023,Crowe Foederer
28034618,Handelsonderneming Beelen B.V.,2021,Crowe Peak
14039487,Handelsonderneming Tehava B.V.,2020,Crowe Foederer
14039487,Handelsonderneming Tehava B.V.,2021,Crowe Foederer
14039487,Handelsonderneming Tehava B.V.,2022,Crowe Foederer
13024647,Hansen Dranken B.V.,2019,Crowe Foederer
12049750,Hansen Groep B.V.,2019,Crowe Foederer
13005915,Hansen Linne Beheer B.V.,2019,Crowe Foederer
24130798,Harbinger B.V.,2019,Crowe Peak
24130798,Harbinger B.V.,2020,Crowe Peak
24130798,Harbinger B.V.,2022,Crowe Peak
24130798,Harbinger B.V.,2023,Crowe Peak
24130798,Harbinger B.V.,2024,Crowe Peak
77484754,Hardeman Egg Group B.V.,2020,Crowe Foederer
32133466,Heat and Control B.V.,2019,Crowe Foederer
33119113,Heffiq B.V.,2022,Crowe Foederer
33119113,Heffiq B.V.,2023,Crowe Foederer
33119113,Heffiq B.V.,2024,Crowe Foederer
65572602,Heilijgers,2023,Crowe Peak
14072065,Hekkert Automotive B.V.,2019,Crowe Foederer
14072065,Hekkert Automotive B.V.,2020,Crowe Foederer
14072065,Hekkert Automotive B.V.,2022,Crowe Foederer
14026433,Hekkert Heerlen B.V.,2021,Crowe Foederer
14026433,Hekkert Heerlen B.V.,2022,Crowe Foederer
14026433,Hekkert Heerlen B.V.,2024,Crowe Foederer
16055739,Heksentip B.V.,2020,Crowe Foederer
16055739,Heksentip B.V.,2021,Crowe Foederer
16055739,Heksentip B.V.,2022,Crowe Foederer
16055739,Heksentip B.V.,2023,Crowe Foederer
16055739,Heksentip B.V.,2024,Crowe Foederer
12035212,Hela Thissen B.V.,2019,Crowe Foederer
12035212,Hela Thissen B.V.,2020,Crowe Foederer
12035212,Hela Thissen B.V.,2021,Crowe Foederer
12035212,Hela Thissen B.V.,2022,Crowe Foederer
12021053,Hela Thissen Beheer B.V.,2019,Crowe Foederer
12021053,Hela Thissen Beheer B.V.,2020,Crowe Foederer
12021053,Hela Thissen Beheer B.V.,2022,Crowe Foederer
12021053,Hela Thissen Beheer B.V.,2023,Crowe Foederer
17054933,Hems B.V.,2019,Crowe Foederer
17054933,Hems B.V.,2021,Crowe Foederer
17054933,Hems B.V.,2022,Crowe Foederer
14060533,Henedex B.V.,2019,Crowe Foederer
14060533,Henedex B.V.,2020,Crowe Foederer
14060533,Henedex B.V.,2021,Crowe Foederer
14060533,Henedex B.V.,2022,Crowe Foederer
14060533,Henedex B.V.,2023,Crowe Foederer
14060533,Henedex B.V.,2024,Crowe Foederer
80804195,Hengelo Salt Specialties B.V.,2024,Crowe Peak
80804195,Hengelo Salt Specialties B.V.,2025,Crowe Peak
30201750,Henk van Walderveen en Zonen B.V.,2020,Crowe Peak
01060556,Henstra Beheer Drogeham B.V.,2019,Crowe Foederer
01060556,Henstra Beheer Drogeham B.V.,2020,Crowe Foederer
01060556,Henstra Beheer Drogeham B.V.,2022,Crowe Foederer
01060556,Henstra Beheer Drogeham B.V.,2023,Crowe Foederer
01060556,Henstra Beheer Drogeham B.V.,2024,Crowe Foederer
01060556,Henstra Beheer Drogeham B.V.,2025,Crowe Foederer
37105426,Hi-Tech Coatings International B.V.,2019,Crowe Foederer
37105426,Hi-Tech Coatings International B.V.,2020,Crowe Foederer
37105426,Hi-Tech Coatings International B.V.,2022,Crowe Foederer
74687646,HIB Holding B.V.,2020,Crowe Foederer
74687646,HIB Holding B.V.,2023,Crowe Foederer
74687646,HIB Holding B.V.,2024,Crowe Foederer
34359062,Hikvision Europe B.V.,2023,Crowe Peak
34359062,Hikvision Europe B.V.,2024,Crowe Peak
34359062,Hikvision Europe B.V.,2025,Crowe Peak
30245210,Hint B.V.,2019,Crowe Peak
30245210,Hint B.V.,2020,Crowe Peak
13033889,Holbox B.V.,2019,Crowe Foederer
13033889,Holbox B.V.,2020,Crowe Foederer
13033889,Holbox B.V.,2021,Crowe Foederer
13033889,Holbox B.V.,2022,Crowe Foederer
13033889,Holbox B.V.,2023,Crowe Foederer
13033889,Holbox B.V.,2024,Crowe Foederer
12042062,Holding Beyko van Melick B.V.,2020,Crowe Contour
72170956,Holding Juramy B.V.,2019,Crowe Peak
72170956,Holding Juramy B.V.,2020,Crowe Peak
72170956,Holding Juramy B.V.,2021,Crowe Peak
72170956,Holding Juramy B.V.,2022,Crowe Peak
72170956,Holding Juramy B.V.,2023,Crowe Peak
16052176,Holding van Tilburg B.V.,2024,Crowe Foederer
74275569,Holding Vervaeke Logistics B.V.,2019,Crowe Foederer
74275569,Holding Vervaeke Logistics B.V.,2022,Crowe Foederer
74275569,Holding Vervaeke Logistics B.V.,2023,Crowe Foederer
68905238,Holland Industrial Construction Systems Coöperatief U.A.,2019,Crowe Foederer
68905238,Holland Industrial Construction Systems Coöperatief U.A.,2020,Crowe Foederer
68905238,Holland Industrial Construction Systems Coöperatief U.A.,2021,Crowe Foederer
08059510,Holland Pharma,2019,Crowe Foederer
08059510,Holland Pharma,2020,Crowe Foederer
08059510,Holland Pharma,2021,Crowe Foederer
08059510,Holland Pharma,2022,Crowe Foederer
08059510,Holland Pharma,2025,Crowe Foederer
33122074,Hotel Maatschappij Oud-Amsterdam B.V.,2019,Crowe Foederer
33122074,Hotel Maatschappij Oud-Amsterdam B.V.,2020,Crowe Foederer
33122074,Hotel Maatschappij Oud-Amsterdam B.V.,2021,Crowe Foederer
33122074,Hotel Maatschappij Oud-Amsterdam B.V.,2022,Crowe Foederer
33122074,Hotel Maatschappij Oud-Amsterdam B.V.,2023,Crowe Foederer
33122074,Hotel Maatschappij Oud-Amsterdam B.V.,2024,Crowe Foederer
56916078,Hotel Uden-Veghel Holding B.V.,2019,Crowe Foederer
56916078,Hotel Uden-Veghel Holding B.V.,2021,Crowe Foederer
56916078,Hotel Uden-Veghel Holding B.V.,2023,Crowe Foederer
56916078,Hotel Uden-Veghel Holding B.V.,2024,Crowe Foederer
65622448,Hotel Zaltbommel Holding B.V.,2019,Crowe Foederer
65622448,Hotel Zaltbommel Holding B.V.,2020,Crowe Foederer
65622448,Hotel Zaltbommel Holding B.V.,2023,Crowe Foederer
65622448,Hotel Zaltbommel Holding B.V.,2024,Crowe Foederer
29031117,Houthandel Boogaerdt B.V.,2019,Crowe Peak
74687972,Houtimport Best B.V.,2022,Crowe Foederer
74687972,Houtimport Best B.V.,2023,Crowe Foederer
74687972,Houtimport Best B.V.,2024,Crowe Foederer
76448150,Huize Mientje B.V.,2021,Crowe Contour
76448150,Huize Mientje B.V.,2022,Crowe Foederer
14632724,Hurks B.V.,2021,Crowe Foederer
14632724,Hurks B.V.,2022,Crowe Foederer
14632724,Hurks B.V.,2024,Crowe Foederer
17102519,Hurks groep B.V.,2019,Crowe Foederer
17102519,Hurks groep B.V.,2019,Crowe Foederer B.V.
17102519,Hurks groep B.V.,2020,Crowe Foederer
17102519,Hurks groep B.V.,2021,Crowe Foederer
17102519,Hurks groep B.V.,2022,Crowe Foederer
17102519,Hurks groep B.V.,2023,Crowe Foederer
17102519,Hurks groep B.V.,2024,Crowe Foederer
17205924,Hydro Extrusion Drunen,2021,Crowe Peak
17205924,Hydro Extrusion Drunen,2022,Crowe Peak
17205924,Hydro Extrusion Drunen,2023,Crowe Peak
17205924,Hydro Extrusion Drunen,2024,Crowe Peak
02319111,Hydro Extrusion Hoogezand B.V.,2022,Crowe Peak
83042393,Hygiene Holland Group B.V.,2021,Crowe Foederer
83042393,Hygiene Holland Group B.V.,2022,Crowe Foederer
31022132,HYPSOS B.V.,2022,Crowe Peak
41060415,"Hét KWC, locatie Beethovenlaan",2023,Crowe Foederer
41060415,"Hét KWC, locatie Beethovenlaan",2025,Crowe Foederer
70563934,ICT NML,2020,Crowe Foederer
70563934,ICT NML,2021,Crowe Foederer
70563934,ICT NML,2024,Crowe Foederer
34285128,Immo Beheer B.V.,2020,Crowe Foederer
69231796,Incyte Biosciences Distribution B.V.,2019,Crowe Peak Audit
69231796,Incyte Biosciences Distribution B.V.,2020,Crowe Peak
69231796,Incyte Biosciences Distribution B.V.,2021,Crowe Peak
04028708,Industry International B.V.,2022,Crowe Foederer
04028708,Industry International B.V.,2024,Crowe Foederer
77475364,Infoplaza Group B.V.,2024,Crowe Foederer
77475364,Infoplaza Group B.V.,2025,Crowe Foederer
09092530,Inkassier B.V.,2019,Crowe Peak
09092530,Inkassier B.V.,2020,Crowe Peak Audit
09092530,Inkassier B.V.,2022,Crowe Peak
09092530,Inkassier B.V.,2024,Crowe Peak
56899777,INNO-holding B.V.,2025,Crowe Foederer
78053765,InnoGenerics Holding B.V.,2022,Crowe Peak
17091601,Insem Colen Holding B.V.,2019,Crowe Foederer
17091601,Insem Colen Holding B.V.,2020,Crowe Foederer
17091601,Insem Colen Holding B.V.,2021,Crowe Foederer
17091601,Insem Colen Holding B.V.,2022,Crowe Foederer
17091601,Insem Colen Holding B.V.,2023,Crowe Foederer
17091601,Insem Colen Holding B.V.,2024,Crowe Foederer
12024422,"Interchemie Werken ""De Adelaar"" B.V.",2019,Crowe Foederer
12024422,"Interchemie Werken ""De Adelaar"" B.V.",2020,Crowe Foederer
12024422,"Interchemie Werken ""De Adelaar"" B.V.",2021,Crowe Foederer
12024422,"Interchemie Werken ""De Adelaar"" B.V.",2022,Crowe Foederer
88899241,Interduct Climate Partners B.V.,2023,Crowe Foederer
88899241,Interduct Climate Partners B.V.,2024,Crowe Foederer
88899241,Interduct Climate Partners B.V.,2025,Crowe Foederer
63419246,International Grains Silos B.V.,2021,Mazars; Crowe
34317690,Inteva Products Holding Coöperatieve U.A.,2022,Crowe Horwath
34317690,Inteva Products Holding Coöperatieve U.A.,2023,Crowe Horwath
34317690,Inteva Products Holding Coöperatieve U.A.,2024,Crowe Horwath
34317690,Inteva Products Holding Coöperatieve U.A.,2025,Crowe
50343602,Inteva Products Netherlands,2021,Crowe
50343602,Inteva Products Netherlands,2024,Crowe
50343602,Inteva Products Netherlands,2025,Crowe LLP
80402569,Inteva Products Netherlands 4 B.V.,2021,Crowe
80402569,Inteva Products Netherlands 4 B.V.,2023,Crowe
80402569,Inteva Products Netherlands 4 B.V.,2025,Crowe
67513123,Inther Group B.V.,2022,Crowe Foederer
67513123,Inther Group B.V.,2023,Crowe Foederer
67513123,Inther Group B.V.,2024,Crowe Foederer
67513123,Inther Group B.V.,2025,Crowe Foederer
61190993,Inther Logistics Engineering B.V.,2021,Crowe Foederer
61190993,Inther Logistics Engineering B.V.,2023,Crowe Foederer
57068003,Intralot Global Holdings B.V.,2021,"Crowe, Grant Thornton"
57068003,Intralot Global Holdings B.V.,2022,"Crowe, Grant Thornton"
17192936,Itility B.V.,2019,Crowe Foederer
17192936,Itility B.V.,2020,Crowe Foederer
17192936,Itility B.V.,2021,Crowe Foederer
17192936,Itility B.V.,2023,Crowe Foederer
17261519,Itility Beheer B.V.,2019,Crowe Foederer
17261519,Itility Beheer B.V.,2020,Crowe Foederer
17261519,Itility Beheer B.V.,2021,Crowe Foederer
17261519,Itility Beheer B.V.,2022,Crowe Foederer
17261519,Itility Beheer B.V.,2023,Crowe Foederer
17261519,Itility Beheer B.V.,2024,Crowe Foederer
56714009,Itility Services B.V.,2019,Crowe Foederer
56714009,Itility Services B.V.,2021,Crowe Foederer
56714009,Itility Services B.V.,2023,Crowe Foederer
56714009,Itility Services B.V.,2024,Crowe Foederer
17091599,J. Colen Inch B.V.,2021,Crowe Foederer
17091599,J. Colen Inch B.V.,2023,Crowe Foederer
66984041,J. de Jonge Group B.V.,2019,Crowe Peak Audit
66984041,J. de Jonge Group B.V.,2020,Crowe Peak Audit
66984041,J. de Jonge Group B.V.,2021,Crowe Peak
66984041,J. de Jonge Group B.V.,2022,Crowe Peak
66984041,J. de Jonge Group B.V.,2023,Crowe Peak
66984041,J. de Jonge Group B.V.,2024,Crowe Peak
66988632,J. de Jonge Mechanical B.V.,2019,Crowe Peak Audit
66988632,J. de Jonge Mechanical B.V.,2020,Crowe Peak Audit
66988632,J. de Jonge Mechanical B.V.,2023,Crowe Peak
16038159,J. van Esch B.V.,2019,Crowe Foederer
16038159,J. van Esch B.V.,2020,Crowe Foederer
16038159,J. van Esch B.V.,2022,Crowe Foederer
16038159,J. van Esch B.V.,2023,Crowe Foederer
16038159,J. van Esch B.V.,2024,Crowe Foederer
17062299,J.A. Raymakers Beheer B.V.,2019,Crowe Foederer
17062299,J.A. Raymakers Beheer B.V.,2022,Crowe Foederer
17062299,J.A. Raymakers Beheer B.V.,2023,Crowe Foederer
17102890,J.H.C. de Rooy Holding B.V.,2019,Crowe Foederer
17102890,J.H.C. de Rooy Holding B.V.,2020,Crowe Foederer
17102890,J.H.C. de Rooy Holding B.V.,2022,Crowe Foederer
17102890,J.H.C. de Rooy Holding B.V.,2024,Crowe Foederer
17088954,J.J.P. van de Kerkhof Holding B.V.,2020,Crowe Foederer
17088954,J.J.P. van de Kerkhof Holding B.V.,2021,Crowe Foederer
17114110,Jan Burgmans Beheer B.V.,2020,Crowe Foederer
17048366,Jan Smulders Triplex Import B.V.,2021,Crowe Foederer
17048366,Jan Smulders Triplex Import B.V.,2024,Crowe Foederer
14051355,Jan Starmans Beheer B.V.,2020,Crowe Contour
14087459,Jan Starmans Onroerend Goed B.V.,2020,Crowe Contour
14087459,Jan Starmans Onroerend Goed B.V.,2022,Crowe Contour
52868052,Jennissen Vastgoed en Materieel B.V.,2021,Crowe Foederer
52868052,Jennissen Vastgoed en Materieel B.V.,2022,Crowe Foederer
52868052,Jennissen Vastgoed en Materieel B.V.,2023,Crowe Foederer
56460279,JetBrains N.V.,2023,Crowe Peak;E & Y
34192085,Jinc,2022,Crowe Foederer
34192085,Jinc,2023,Crowe Foederer
13040367,Jos Menten Vastgoed,2019,Crowe Foederer
13040367,Jos Menten Vastgoed,2020,Crowe Foederer
13040367,Jos Menten Vastgoed,2022,Crowe Foederer
13040367,Jos Menten Vastgoed,2023,Crowe Foederer
13040367,Jos Menten Vastgoed,2024,Crowe Foederer
27244554,K3 Business Solutions B.V.,2024,Crowe Peak
27244554,K3 Business Solutions B.V.,2024,Crowe UK
17178272,Kanteel Beheer B.V.,2020,Crowe Contour
17178272,Kanteel Beheer B.V.,2022,Crowe Foederer
17178272,Kanteel Beheer B.V.,2023,Crowe Foederer
17178272,Kanteel Beheer B.V.,2024,Crowe Foederer
17178272,Kanteel Beheer B.V.,2025,Crowe Foederer
17178293,Kanteel Kinderopvang B.V.,2023,Crowe Foederer
59113324,Kantoor Portvolio,2023,Crowe Foederer
59113324,Kantoor Portvolio,2024,Crowe Foederer
59113324,Kantoor Portvolio,2025,Crowe Foederer
41178596,Katholieke Scholenstichting Fectio,2024,Crowe Foederer
41178596,Katholieke Scholenstichting Fectio,2025,Crowe Foederer
11013233,Kebo,2021,Crowe Peak
11013233,Kebo,2022,Crowe Peak
11013233,Kebo,2023,Crowe Peak
17242048,Kempen Cladding B.V.,2022,Crowe Foederer
17242048,Kempen Cladding B.V.,2023,Crowe Foederer
17242048,Kempen Cladding B.V.,2024,Crowe Foederer
41062405,"Kerobei, Stichting voor Katholiek Primair Onderwijs",2023,Crowe Foederer
41062405,"Kerobei, Stichting voor Katholiek Primair Onderwijs",2024,Crowe Foederer
41062405,"Kerobei, Stichting voor Katholiek Primair Onderwijs",2025,Crowe Foederer
09121836,Ketelhuis Investment B.V.,2019,Crowe Peak
09121836,Ketelhuis Investment B.V.,2020,Crowe Peak
09121836,Ketelhuis Investment B.V.,2021,Crowe Peak
09121836,Ketelhuis Investment B.V.,2022,Crowe Peak
09121836,Ketelhuis Investment B.V.,2024,Crowe Peak
92180329,Kinderstad Holding B.V.,2025,Crowe Foederer
87448599,Kinderstad Kinderopvang B.V.,2023,Crowe Foederer
87448599,Kinderstad Kinderopvang B.V.,2024,Crowe Foederer
87448599,Kinderstad Kinderopvang B.V.,2025,Crowe Foederer
34181149,Kit Holding B.V.,2019,Crowe Peak
34181149,Kit Holding B.V.,2020,Crowe Peak
34181149,Kit Holding B.V.,2022,Crowe Peak
34181149,Kit Holding B.V.,2024,Crowe Peak
17042050,KLG Europe Eersel B.V.,2019,Crowe Foederer
17042050,KLG Europe Eersel B.V.,2020,Crowe Foederer
17042050,KLG Europe Eersel B.V.,2023,Crowe Foederer
17078290,KLG Europe Rotterdam B.V.,2019,Crowe Foederer
17078290,KLG Europe Rotterdam B.V.,2020,Crowe Foederer
17078290,KLG Europe Rotterdam B.V.,2022,Crowe Foederer
17078290,KLG Europe Rotterdam B.V.,2023,Crowe Foederer
17078290,KLG Europe Rotterdam B.V.,2024,Crowe Foederer
17078290,KLG Europe Rotterdam B.V.,2025,Crowe Foederer
12017610,KLG Europe Venlo B.V.,2019,Crowe Foederer
12017610,KLG Europe Venlo B.V.,2020,Crowe Foederer
12017610,KLG Europe Venlo B.V.,2021,Crowe Foederer
12017610,KLG Europe Venlo B.V.,2022,Crowe Foederer
12017610,KLG Europe Venlo B.V.,2023,Crowe Foederer
12017610,KLG Europe Venlo B.V.,2024,Crowe Foederer
10025990,KlokGroep B.V.,2019,Crowe Peak
10025990,KlokGroep B.V.,2020,Crowe Peak
10025990,KlokGroep B.V.,2021,Crowe Peak
10025990,KlokGroep B.V.,2022,Crowe Peak
10025990,KlokGroep B.V.,2023,Crowe Peak
86975005,KlokPNO B.V.,2022,Crowe Peak
86975005,KlokPNO B.V.,2023,Crowe Peak
06059332,Klüh Service Management Nederland B.V.,2020,Crowe Foederer
06059332,Klüh Service Management Nederland B.V.,2021,Crowe Foederer
06059332,Klüh Service Management Nederland B.V.,2023,Crowe Foederer
06059332,Klüh Service Management Nederland B.V.,2024,Crowe Foederer
39032111,Knipscheer Holding B.V.,2019,Crowe Foederer
39032111,Knipscheer Holding B.V.,2021,Crowe Foederer
39032111,Knipscheer Holding B.V.,2022,Crowe Foederer
39032111,Knipscheer Holding B.V.,2023,Crowe Foederer
39032111,Knipscheer Holding B.V.,2024,Crowe Foederer
39017229,Knipscheer Infrastructuur B.V.,2019,Crowe Foederer
39017229,Knipscheer Infrastructuur B.V.,2020,Crowe Foederer
39017229,Knipscheer Infrastructuur B.V.,2021,Crowe Foederer
39017229,Knipscheer Infrastructuur B.V.,2022,Crowe Foederer
39017229,Knipscheer Infrastructuur B.V.,2023,Crowe Foederer
39017229,Knipscheer Infrastructuur B.V.,2024,Crowe Foederer
71898425,Konings & Meeuwissen Accountants en Belastingadviseurs,2022,Crowe Peak
71898425,Konings & Meeuwissen Accountants en Belastingadviseurs,2023,Crowe Peak
71898425,Konings Maters Accountants en Adviseurs,2019,crowe peak
71898425,Konings Maters Accountants en Adviseurs,2020,Crowe Peak
71898425,Konings Maters Accountants en Adviseurs,2024,Crowe Peak
08033956,Koninklijke van der Most B.V.,2021,Crowe Foederer
08033956,Koninklijke van der Most B.V.,2022,Crowe Foederer
08033956,Koninklijke van der Most B.V.,2023,Crowe Foederer
08033956,Koninklijke van der Most B.V.,2024,Crowe Foederer
32045469,Kraton Chemical B.V.,2024,Crowe Peak
24294675,Kraton Polymers Nederland B.V.,2022,Crowe Peak
27187628,Kringloop Holland,2019,Crowe Foederer
27187628,Kringloop Holland,2021,Crowe Foederer
27187628,Kringloop Holland,2022,Crowe Foederer
17263981,KSE Procestechnologie,2019,Crowe Foederer
17263981,KSE Procestechnologie,2022,Crowe Foederer
17263981,KSE Procestechnologie,2023,Crowe Foederer
17263981,KSE Procestechnologie,2024,Crowe Foederer
18117869,Kwetters Holding B.V.,2019,Crowe Foederer
18117869,Kwetters Holding B.V.,2020,Crowe Foederer
17214364,Kwetters International B.V.,2019,Crowe Foederer
17214364,Kwetters International B.V.,2021,Crowe Foederer
17129372,Lande Family B.V.,2019,Crowe Foederer
17129372,Lande Family B.V.,2021,Crowe Foederer
17129372,Lande Family B.V.,2023,Crowe Foederer
69046689,Langro Holding B.V.,2022,Crowe Foederer
17094028,Lankveld Holding B.V.,2019,Crowe Foederer
17094028,Lankveld Holding B.V.,2020,Crowe Foederer
17084901,Leeuwerik Groep B.V.,2020,Crowe Foederer
17084901,Leeuwerik Groep B.V.,2022,Crowe Foederer
17084901,Leeuwerik Groep B.V.,2023,Crowe Foederer
17046857,Leeuwerik Plaat B.V.,2019,Crowe Foederer
17046857,Leeuwerik Plaat B.V.,2020,Crowe Foederer
17046857,Leeuwerik Plaat B.V.,2021,Crowe Foederer
17046857,Leeuwerik Plaat B.V.,2022,Crowe Foederer
22021472,LEMKEN Plant Dinteloord B.V.,2022,Crowe Peak
22021472,LEMKEN Plant Dinteloord B.V.,2023,Crowe Peak
22021472,LEMKEN Plant Dinteloord B.V.,2024,Crowe Peak
12042480,Lemmers Food Group B.V.,2019,Crowe Foederer
12042480,Lemmers Food Group B.V.,2020,Crowe Foederer
12042480,Lemmers Food Group B.V.,2021,Crowe Foederer
65394305,Lender & Spender Holding B.V.,2023,Crowe Peak
65394305,Lender & Spender Holding B.V.,2024,Crowe Peak
28113126,LEV Scholengroep West-Nederland,2023,Crowe Foederer
28113126,LEV Scholengroep West-Nederland,2024,Crowe Foederer
50095226,Lintjeshof Holding B.V.,2019,Crowe Foederer
50095226,Lintjeshof Holding B.V.,2020,Crowe Foederer
50095226,Lintjeshof Holding B.V.,2021,Crowe Foederer
50095226,Lintjeshof Holding B.V.,2022,Crowe Foederer
50095226,Lintjeshof Holding B.V.,2023,Crowe Foederer
27186427,Liroy B.V.,2019,Crowe Peak
27186427,Liroy B.V.,2020,Crowe Peak
27186427,Liroy B.V.,2021,Crowe Peak
27186427,Liroy B.V.,2024,Crowe Peak
86331787,Livius B.V.,2023,Crowe Peak
52021300,Loo Investments I B.V.,2019,Crowe Foederer
52021300,Loo Investments I B.V.,2020,Crowe Peak
52021300,Loo Investments I B.V.,2021,Crowe Peak
52021300,Loo Investments I B.V.,2022,Crowe Peak
28028459,Luba Uitzend Buro B.V.,2019,Crowe Foederer
28028459,Luba Uitzend Buro B.V.,2021,Crowe Foederer
28028459,Luba Uitzend Buro B.V.,2022,Crowe Foederer
28028459,Luba Uitzend Buro B.V.,2023,Crowe Foederer
28028459,Luba Uitzend Buro B.V.,2024,Crowe Foederer
36007115,Luba Uitzenddiensten B.V.,2019,Crowe Foederer
53476522,Lumipol Holding B.V.,2019,Crowe Foederer
53476522,Lumipol Holding B.V.,2020,Crowe Foederer
53476638,Lumipol Power & Controls B.V.,2019,Crowe
53476638,Lumipol Power & Controls B.V.,2020,Crowe
14091925,Lunaris Holding B.V.,2019,Crowe Foederer
14091925,Lunaris Holding B.V.,2021,Crowe Foederer
34231436,M. Ruig en Zonen B.V.,2019,Crowe Foederer
34231436,M. Ruig en Zonen B.V.,2020,Crowe Foederer
34231436,M. Ruig en Zonen B.V.,2022,Crowe Foederer
34231436,M. Ruig en Zonen B.V.,2023,Crowe Foederer
17071878,M. van Happen Sorteer en Overslag B.V.,2019,Crowe Foederer
17053881,M. van Happen Transport B.V.,2019,Crowe Foederer
17053881,M. van Happen Transport B.V.,2024,Crowe Foederer
17053881,M. van Happen Transport B.V.,2025,Crowe Foederer
17176083,M. van Zelst Beheer B.V.,2022,Crowe Foederer
17176083,M. van Zelst Beheer B.V.,2023,Crowe Foederer
17176083,M. van Zelst Beheer B.V.,2024,Crowe Foederer
17176083,M. van Zelst Beheer B.V.,2025,Crowe Foederer
66013283,Maastricht Aachen Airport B.V.,2019,Crowe Foederer
67890598,Macaw International B.V.,2019,Crowe Foederer
67890598,Macaw International B.V.,2023,Crowe Foederer
67890598,Macaw International B.V.,2024,Crowe Foederer
34104629,Macaw Nederland B.V.,2019,Crowe Foederer
12034414,Maco Investments B.V.,2019,Crowe Foederer
12034414,Maco Investments B.V.,2020,Crowe Foederer
12034414,Maco Investments B.V.,2022,Crowe Foederer
11025552,Madioen Holding B.V.,2021,Crowe Peak
11025552,Madioen Holding B.V.,2022,Crowe Peak
17107275,Maflorein B.V.,2023,Crowe Foederer
17107275,Maflorein B.V.,2024,Crowe Foederer
17172363,Mansveld Holding B.V.,2024,Crowe Foederer
17050427,Mansveld Techniek B.V.,2024,Crowe Foederer
17107842,Marcan Holding B.V.,2021,Crowe Foederer
17090392,Martien Bots Holding B.V.,2020,Crowe Foederer
17090392,Martien Bots Holding B.V.,2022,Crowe Foederer
17090392,Martien Bots Holding B.V.,2023,Crowe Foederer
17090392,Martien Bots Holding B.V.,2024,Crowe Foederer
24302793,Marwi Europe B.V.,2022,Crowe Peak
24302793,Marwi Europe B.V.,2023,Crowe Peak
16073611,Matco Chemicals B.V.,2021,Crowe Peak
16073611,Matco Chemicals B.V.,2022,Crowe Peak
16073611,Matco Chemicals B.V.,2023,Crowe Peak
24157896,Materiaal Metingen Testgroep,2019,Crowe Peak
24157896,Materiaal Metingen Testgroep,2020,Crowe Peak
24157896,Materiaal Metingen Testgroep,2022,Crowe Peak
78144884,MC Leap B.V.,2022,Crowe Foederer
59399465,MCPP Netherlands B.V.,2021,Crowe Foederer
83216464,MecInvest B.V.,2022,Crowe Foederer
39072043,Medcor Pharmaceuticals B.V.,2019,Crowe Foederer
39072043,Medcor Pharmaceuticals B.V.,2020,Crowe Foederer
39072043,Medcor Pharmaceuticals B.V.,2021,Crowe Foederer
39072043,Medcor Pharmaceuticals B.V.,2022,Crowe Foederer
39072043,Medcor Pharmaceuticals B.V.,2023,Crowe Foederer
39072043,Medcor Pharmaceuticals B.V.,2024,Crowe Foederer
12050474,Medicura Groep B.V.,2021,Crowe Foederer
12050474,Medicura Groep B.V.,2022,Crowe Foederer
12050474,Medicura Groep B.V.,2023,Crowe Foederer
12050474,Medicura Groep B.V.,2024,Crowe Foederer
86218468,Mega Hout B.V.,2022,Crowe Foederer
37082003,Megahout Holding B.V.,2019,Crowe Foederer
37082003,Megahout Holding B.V.,2020,Crowe Foederer
37082003,Megahout Holding B.V.,2021,Crowe Foederer
37082003,Megahout Holding B.V.,2022,Crowe Foederer
09131564,Melspring International B.V.,2019,Crowe Peak
09131564,Melspring International B.V.,2020,Crowe Peak
09131564,Melspring International B.V.,2021,Crowe Peak
09131564,Melspring International B.V.,2022,Crowe Peak
09131564,Melspring International B.V.,2024,Crowe Peak
80879411,Mentaal op Groen B.V.,2022,Crowe Foederer
80879411,Mentaal op Groen B.V.,2023,Crowe Foederer
13020274,Menten-Tubée Beheer B.V.,2019,Crowe Peak
82984255,Menten-Tubée Beheer II B.V.,2021,Crowe Foederer
82984255,Menten-Tubée Beheer II B.V.,2022,Crowe Foederer
82984255,Menten-Tubée Beheer II B.V.,2023,Crowe Foederer
82984255,Menten-Tubée Beheer II B.V.,2024,Crowe Foederer
82984255,Menten-Tubée Beheer II B.V.,2025,Crowe Foederer
14631616,Metals Chemicals Maastricht B.V.,2022,Crowe Foederer
24388015,Metrohm Applikon,2019,Crowe Peak
24388015,Metrohm Applikon,2020,Crowe Peak
24388015,Metrohm Applikon,2021,Crowe Peak
84842253,Metropool Holding B.V.,2022,Crowe Foederer
84842253,Metropool Holding B.V.,2023,Crowe Foederer
17245531,Metropoolregio Eindhoven,2023,Crowe Foederer
17245531,Metropoolregio Eindhoven,2024,Crowe Foederer
86223992,MFA Holding B.V.,2022,Crowe Foederer
86223992,MFA Holding B.V.,2023,Crowe Foederer
86223992,MFA Holding B.V.,2024,Crowe Foederer
34238137,MGA Entertainment (Netherlands) B.V.,2023,Crowe Foederer
34219785,MGA Entertainment International Holdings Coöperatief U.A.,2021,Crowe Foederer
34340155,MiCo Investment B.V.,2019,Crowe
34289905,Midvast B.V.,2020,Crowe Foederer
24251379,Mitsubishi Logistics Europe B.V.,2019,Crowe Peak Audit
24251379,Mitsubishi Logistics Europe B.V.,2020,Crowe Peak Audit
24251379,Mitsubishi Logistics Europe B.V.,2021,Crowe Peak
24251379,Mitsubishi Logistics Europe B.V.,2023,Crowe Peak
24251379,Mitsubishi Logistics Europe B.V.,2024,Crowe Peak
24251379,Mitsubishi Logistics Europe B.V.,2025,Crowe Peak
13008912,Moduli Print B.V.,2022,Crowe Foederer
13008912,Moduli Print B.V.,2023,Crowe Foederer
13008912,Moduli Print B.V.,2024,Crowe Foederer
73318949,Modus Groen B.V.,2024,Crowe Foederer
14094685,MohsA Huidcentrum Eindhoven,2019,Crowe Foederer
14094685,MohsA Huidcentrum Eindhoven,2020,Crowe Foederer
14094685,MohsA Huidcentrum Eindhoven,2021,Crowe Foederer
14094685,MohsA Huidcentrum Eindhoven,2022,Crowe Foederer
14101886,Mosa Groep Beheer B.V.,2022,Crowe Foederer
14101886,Mosa Groep Beheer B.V.,2024,Crowe Foederer
64804658,Mosa Group International B.V.,2019,Crowe Foederer
64804658,Mosa Group International B.V.,2020,Crowe Foederer
64804658,Mosa Group International B.V.,2021,Crowe Foederer
64804658,Mosa Group International B.V.,2022,Crowe Foederer
14056352,Mosadex B.V.,2019,Crowe Foederer
14056352,Mosadex B.V.,2020,Crowe Foederer
14056352,Mosadex B.V.,2021,Crowe Foederer
14056352,Mosadex B.V.,2024,Crowe Foederer
14056352,Mosadex B.V.,2025,Crowe Foederer
96314354,Mosadex Holding B.V.,2025,Crowe Foederer
67743412,Mosadex International Trade B.V.,2019,Crowe Foederer
67743412,Mosadex International Trade B.V.,2020,Crowe Foederer
67743412,Mosadex International Trade B.V.,2022,Crowe Foederer
67743412,Mosadex International Trade B.V.,2023,Crowe Foederer
67743412,Mosadex International Trade B.V.,2025,Crowe Foederer
14056354,Mosadex Services B.V.,2019,Crowe Foederer
14056354,Mosadex Services B.V.,2020,Crowe Foederer
11065504,Mouwrik Waardenburg B.V.,2019,Crowe Peak
30249473,Movares Beheer B.V.,2019,Crowe
30249473,Movares Beheer B.V.,2020,Crowe
30249473,Movares Beheer B.V.,2021,Crowe
30249473,Movares Beheer B.V.,2022,Crowe Foederer
30249473,Movares Beheer B.V.,2023,Crowe Foederer
97391727,Movares Group B.V.,2025,Crowe Foederer
88536556,Movares Holding B.V.,2024,Crowe Foederer
88536556,Movares Holding B.V.,2025,Crowe Foederer
30124367,Movares Nederland B.V.,2019,Crowe Foederer
30124367,Movares Nederland B.V.,2020,Crowe Foederer
30124367,Movares Nederland B.V.,2021,Crowe Foederer
30124367,Movares Nederland B.V.,2022,Crowe Foederer
30124367,Movares Nederland B.V.,2023,Crowe Foederer
30124367,Movares Nederland B.V.,2024,Crowe Foederer
65207947,Movico Holding B.V.,2022,Crowe Foederer
65207947,Movico Holding B.V.,2023,Crowe Foederer
65207947,Movico Holding B.V.,2024,Crowe Foederer
61453412,MSC Beheer B.V.,2024,Crowe Foederer
17193768,msg global solutions Benelux B.V.,2019,Crowe Peak
17193768,msg global solutions Benelux B.V.,2020,Crowe Peak
17193768,msg global solutions Benelux B.V.,2022,Crowe Peak
17187610,MTD Holding B.V.,2019,Crowe Foederer
17187610,MTD Holding B.V.,2020,Crowe Foederer
17187610,MTD Holding B.V.,2021,Crowe Foederer
17187610,MTD Holding B.V.,2022,Crowe Foederer
17048453,Multi-Fix B.V.,2019,Crowe Foederer
17048453,Multi-Fix B.V.,2020,Crowe Foederer
17048453,Multi-Fix B.V.,2022,Crowe Foederer
17048453,Multi-Fix B.V.,2023,Crowe Foederer
17179136,Multi-Fix Group B.V.,2019,Crowe Foederer
17179136,Multi-Fix Group B.V.,2020,Crowe Foederer
17179136,Multi-Fix Group B.V.,2021,Crowe Foederer
17179136,Multi-Fix Group B.V.,2022,Crowe Foederer
17179136,Multi-Fix Group B.V.,2023,Crowe Foederer
17179136,Multi-Fix Group B.V.,2024,Crowe Foederer
56478267,Nature House Europe B.V.,2019,Crowe Foederer
56478267,Nature House Europe B.V.,2023,Crowe Foederer
56478267,Nature House Europe B.V.,2024,Crowe Foederer
20047459,Natuurlijk Hout B.V.,2023,Crowe Peak
30019387,Nedal Aluminium B.V.,2024,Crowe Peak
32062358,Nederlandse Drogisterij Service B.V.,2019,Crowe Foederer
32062358,Nederlandse Drogisterij Service B.V.,2020,Crowe Foederer
32062358,Nederlandse Drogisterij Service B.V.,2025,Crowe Foederer
64870057,Nederlandse Drogisterij Service Holding B.V.,2019,Crowe Foederer
64870057,Nederlandse Drogisterij Service Holding B.V.,2020,Crowe Foederer
64870057,Nederlandse Drogisterij Service Holding B.V.,2025,Crowe Foederer
11028854,Nedis B.V.,2023,Crowe Peak
16074020,NEDKAB B.V.,2019,Crowe Peak
16074020,NEDKAB B.V.,2020,Crowe Peak
16074020,NEDKAB B.V.,2022,Crowe Peak
16074020,NEDKAB B.V.,2023,Crowe Peak
16074020,NEDKAB B.V.,2024,Crowe Peak
68272928,NEDKAB HOLDING B.V.,2019,Crowe Peak
68272928,NEDKAB HOLDING B.V.,2020,Crowe Peak
68272928,NEDKAB HOLDING B.V.,2022,Crowe Peak
68272928,NEDKAB HOLDING B.V.,2023,Crowe Peak
68272928,NEDKAB HOLDING B.V.,2024,Crowe Peak
39051690,Neerlandia Urk Holding B.V.,2019,Crowe Foederer
39051690,Neerlandia Urk Holding B.V.,2020,Crowe Foederer
08138351,NEW YORKER Nederland B.V.,2024,Crowe Foederer
10031031,Nexcluton B.V.,2019,Crowe Foederer
34047815,Nippon Express (Nederland) B.V.,2023,Crowe Peak
24301071,Nito Holding B.V.,2020,Crowe Peak Audit & Assurance
63421135,NL Horstmann Holding B.V.,2022,Crowe Foederer
63421135,NL Horstmann Holding B.V.,2023,Crowe Foederer
63421135,NL Horstmann Holding B.V.,2025,Crowe Foederer
61704814,NMQ Holding B.V.,2022,Crowe Foederer
32158011,Nobas B.V.,2019,Crowe Foederer
32158011,Nobas B.V.,2020,Crowe Foederer
32158011,Nobas B.V.,2021,Crowe Foederer
27096297,Noreco Olie- and Gasudvinding Danmark B.V.,2020,Crowe Peak Audit
27096297,Noreco Olie- and Gasudvinding Danmark B.V.,2021,Crowe Peak
28101864,Norlandia kinderopvang B.V.,2022,Crowe Peak
28101864,Norlandia kinderopvang B.V.,2023,Crowe Peak
28101864,Norlandia kinderopvang B.V.,2024,Crowe Peak
34068542,North West Strategic Investments B.V.,2019,Crowe Foederer
17160677,Novaform Vastgoedontwikkelaars B.V.,2019,Crowe Peak
17160677,Novaform Vastgoedontwikkelaars B.V.,2020,Crowe Peak
17160677,Novaform Vastgoedontwikkelaars B.V.,2022,Crowe Peak
09175819,NPS Driven B.V.,2019,Crowe Foederer
30199604,Nuovo Scholengroep,2023,Crowe Foederer
30199604,Nuovo Scholengroep,2024,Crowe Foederer
40506029,Oikocredit ontwikkelingsvereniging Nederland,2019,Crowe Foederer
40506029,Oikocredit ontwikkelingsvereniging Nederland,2020,Crowe Foederer
40506029,Oikocredit ontwikkelingsvereniging Nederland,2022,Crowe Foederer
40506029,Oikocredit ontwikkelingsvereniging Nederland,2023,Crowe Foederer
76951863,Olmix B.V.,2020,Crowe Peak
76951863,Olmix B.V.,2021,Crowe Peak
76951863,Olmix B.V.,2022,Crowe Peak
76951863,Olmix B.V.,2023,Crowe Peak
34215654,Omegam,2021,Crowe Foederer
34215654,Omegam,2022,Crowe Foederer
34215654,Omegam,2024,Crowe Foederer
16028740,Omniplast B.V.,2019,Crowe Foederer
16028740,Omniplast B.V.,2020,Crowe Foederer
16028740,Omniplast B.V.,2021,Crowe Foederer
16028740,Omniplast B.V.,2022,Crowe Foederer
16028740,Omniplast B.V.,2023,Crowe Foederer
16028740,Omniplast B.V.,2024,Crowe Foederer
11062277,Onderwijsgroep Punt Speciaal,2023,Crowe Foederer
41087363,Onderwijsstichting De Kempen,2023,Crowe Foederer
41087363,Onderwijsstichting De Kempen,2024,Crowe Foederer
41087363,Onderwijsstichting De Kempen,2025,Crowe Foederer
41090030,Onderwijsstichting KempenKind,2019,Crowe Foederer
41090030,Onderwijsstichting KempenKind,2020,Crowe Foederer
41090030,Onderwijsstichting KempenKind,2022,Crowe Foederer
41090030,Onderwijsstichting KempenKind,2023,Crowe Foederer
41090030,Onderwijsstichting KempenKind,2024,Crowe Foederer
14083755,Onderwijsstichting MOVARE,2023,Crowe Foederer
14083755,Onderwijsstichting MOVARE,2024,Crowe Foederer
14083755,Onderwijsstichting MOVARE,2025,Crowe Foederer
82428344,One Two Work B.V.,2021,Crowe Foederer
82428344,One Two Work B.V.,2022,Crowe Foederer
67703690,Ons huis jouw thuis B.V.,2021,Crowe Contour
67703690,Ons huis jouw thuis B.V.,2022,Crowe Foederer
93136102,Ontwikkelingsmaatschappij Gebiedsontwikkeling Fellenoord B.V.,2025,Crowe Foederer
64141756,Optelec Herring Holdings B.V.,2019,Crowe Peak
64141756,Optelec Herring Holdings B.V.,2020,Crowe Peak
64141756,Optelec Herring Holdings B.V.,2021,Crowe Peak Audit
64141756,Optelec Herring Holdings B.V.,2022,Crowe Peak
64141756,Optelec Herring Holdings B.V.,2023,Crowe Peak
64141756,Optelec Herring Holdings B.V.,2024,Crowe Peak
24432272,Orange Cyberdefense Netherlands B.V.,2022,Crowe Peak
24432272,Orange Cyberdefense Netherlands B.V.,2023,Crowe Peak
59634561,Orange Motors B.V.,2021,Crowe Peak
16050842,Orangeworks B.V.,2024,Crowe Foederer
16050834,Orangeworks Groep B.V.,2025,Crowe Foederer
87794128,Orangeworks Invest B.V.,2022,Crowe Foederer
87794128,Orangeworks Invest B.V.,2023,Crowe Foederer
10030846,Orchard Park B.V.,2019,Crowe Peak Audit
10030846,Orchard Park B.V.,2020,Crowe Peak
10030846,Orchard Park B.V.,2021,Crowe Peak
10030846,Orchard Park B.V.,2022,Crowe Peak
10030846,Orchard Park B.V.,2023,Crowe Peak
10030846,Orchard Park B.V.,2024,Crowe Peak
16061386,Oriflame Holdings B.V.,2019,Crowe Peak
16061386,Oriflame Holdings B.V.,2021,Crowe Peak
16061386,Oriflame Holdings B.V.,2023,Crowe Peak
30095919,ORMIT B.V.,2020,Crowe Foederer
30095919,ORMIT B.V.,2022,Crowe Foederer
72685816,ORMIT International B.V.,2020,Crowe Foederer
72685816,ORMIT International B.V.,2022,Crowe Foederer
72685816,ORMIT International B.V.,2023,Crowe Foederer
81141114,Ortessa Groep B.V.,2021,Crowe Foederer
81141114,Ortessa Groep B.V.,2022,Crowe Foederer
81141114,Ortessa Groep B.V.,2023,Crowe Foederer
81141114,Ortessa Groep B.V.,2024,Crowe Foederer
81141114,Ortessa Groep B.V.,2025,Crowe Foederer
17260041,Ortessa Nederland B.V.,2019,Crowe Foederer
17260041,Ortessa Nederland B.V.,2020,Crowe Foederer
17260041,Ortessa Nederland B.V.,2021,Crowe Foederer
17260041,Ortessa Nederland B.V.,2024,Crowe Foederer
33237262,Osdorp Holding B.V.,2020,Crowe Foederer
33237262,Osdorp Holding B.V.,2021,Crowe Foederer
33237262,Osdorp Holding B.V.,2022,Crowe Foederer
93123108,Osmaïa Nederland B.V.,2024,Crowe HAF
30127522,OSN Nederland B.V.,2019,Crowe Peak
30015639,Ouwehand Beheer B.V.,2019,Crowe Peak
30015639,Ouwehand Beheer B.V.,2020,Crowe Peak
30015639,Ouwehand Beheer B.V.,2021,Crowe Peak
30015639,Ouwehand Beheer B.V.,2024,Crowe Peak
30057392,Ouwehands Dierenpark B.V.,2019,Crowe Peak
30057392,Ouwehands Dierenpark B.V.,2020,Crowe Peak
30057392,Ouwehands Dierenpark B.V.,2021,Crowe Peak
30057392,Ouwehands Dierenpark B.V.,2022,Crowe Peak
30057392,Ouwehands Dierenpark B.V.,2024,Crowe Peak
68628366,P. v. Osch Holding B.V.,2024,Crowe Foederer
11060264,P.N.O. Pactum B.V.,2019,Crowe Foederer
11060264,P.N.O. Pactum B.V.,2020,Crowe Foederer
11060264,P.N.O. Pactum B.V.,2021,Crowe Foederer
17041846,Padimond B.V.,2019,Crowe Foederer
17041846,Padimond B.V.,2020,Crowe Foederer
17041846,Padimond B.V.,2022,Crowe Foederer
17041846,Padimond B.V.,2023,Crowe Foederer
30114696,Palladium Europe,2023,Crowe Peak
17152063,Pallieter Group B.V.,2019,Crowe Foederer
17152063,Pallieter Group B.V.,2020,Crowe Foederer
17152063,Pallieter Group B.V.,2021,Crowe Foederer
17152063,Pallieter Group B.V.,2022,Crowe Foederer
17152063,Pallieter Group B.V.,2023,Crowe Foederer
17152063,Pallieter Group B.V.,2024,Crowe Foederer
30117672,Panta Holdings B.V.,2019,Crowe Peak
30117672,Panta Holdings B.V.,2020,Crowe Peak
30117672,Panta Holdings B.V.,2022,Crowe Peak
30117672,Panta Holdings B.V.,2023,Crowe Peak
30117672,Panta Holdings B.V.,2024,Crowe Peak
28080376,Papluzo B.V.,2019,Crowe Peak
28080376,Papluzo B.V.,2020,Crowe Peak
37038291,Paramelt RMC B.V.,2021,Crowe Peak
37038291,Paramelt RMC B.V.,2022,Crowe Peak
37038291,Paramelt RMC B.V.,2024,Crowe Peak
17030702,Paridaans en Liebregts B.V.,2019,Crowe Foederer
17030702,Paridaans en Liebregts B.V.,2020,Crowe Foederer
17030702,Paridaans en Liebregts B.V.,2021,Crowe Foederer
17030702,Paridaans en Liebregts B.V.,2022,Crowe Foederer
17030702,Paridaans en Liebregts B.V.,2023,Crowe Foederer
17030702,Paridaans en Liebregts B.V.,2024,Crowe Foederer
60016124,Pedagogen Collectief,2025,Crowe Foederer
17177454,PEMA Onroerend Goed B.V.,2023,Crowe Foederer
17177454,PEMA Onroerend Goed B.V.,2024,Crowe Foederer
57180741,Pestana Amsterdam Riverside Hotel,2020,Crowe Foederer
57180741,Pestana Amsterdam Riverside Hotel,2022,Crowe Foederer
18027236,Peter van Gisbergen Beheer B.V.,2023,Crowe Foederer
17203934,PeVaGis B.V.,2019,Crowe Foederer
17203934,PeVaGis B.V.,2020,Crowe Foederer
17203934,PeVaGis B.V.,2022,Crowe Foederer
17203934,PeVaGis B.V.,2023,Crowe Foederer
60642998,PF Group B.V.,2021,Crowe Foederer
60642998,PF Group B.V.,2023,Crowe Foederer
60642998,PF Group B.V.,2024,Crowe Foederer
17125340,PH Cees B.V.,2019,Crowe Foederer
17125340,PH Cees B.V.,2020,Crowe Foederer
17125340,PH Cees B.V.,2024,Crowe Foederer
75040352,PHIT Holding B.V.,2021,Crowe Foederer
30116609,Plandent B.V.,2019,Crowe Foederer
30116609,Plandent B.V.,2020,Crowe Foederer
30116609,Plandent B.V.,2022,Crowe Foederer
30116609,Plandent B.V.,2023,Crowe Foederer
30116609,Plandent B.V.,2025,Crowe Foederer
09143377,Plaza Food B.V.,2019,Crowe Peak
09143377,Plaza Food B.V.,2020,Crowe Peak
09143377,Plaza Food B.V.,2021,Crowe Peak
09143377,Plaza Food B.V.,2022,Crowe Peak
09143377,Plaza Food B.V.,2023,Crowe Peak
09143377,Plaza Food B.V.,2024,Crowe Peak
16052595,Ploegam B.V.,2021,Crowe Foederer
16052595,Ploegam B.V.,2022,Crowe Foederer
16052595,Ploegam B.V.,2023,Crowe Foederer
16052595,Ploegam B.V.,2024,Crowe Foederer
16086863,Ploegmakers Groep B.V.,2021,Crowe Foederer
16086863,Ploegmakers Groep B.V.,2022,Crowe Foederer
16086863,Ploegmakers Groep B.V.,2023,Crowe Foederer
16086863,Ploegmakers Groep B.V.,2024,Crowe Foederer
30277100,Postillion Hotels B.V.,2019,Crowe Peak
30277100,Postillion Hotels B.V.,2020,Crowe Peak
30277100,Postillion Hotels B.V.,2022,Crowe Peak
30277100,Postillion Hotels B.V.,2023,Crowe Peak
30277100,Postillion Hotels B.V.,2024,Crowe Peak
30277100,Postillion Hotels B.V.,2025,Crowe Peak
13018606,Pozo Negro Beheer B.V.,2019,Crowe Foederer
13018606,Pozo Negro Beheer B.V.,2020,Crowe Foederer
13018606,Pozo Negro Beheer B.V.,2021,Crowe Foederer
13018606,Pozo Negro Beheer B.V.,2022,Crowe Foederer
13018606,Pozo Negro Beheer B.V.,2023,Crowe Foederer
13018606,Pozo Negro Beheer B.V.,2024,Crowe Foederer
76679098,Praktijk De Blik B.V.,2020,Crowe Foederer
76679098,Praktijk De Blik B.V.,2022,Crowe Foederer
76679098,Praktijk De Blik B.V.,2024,Crowe Foederer
76679098,Praktijk De Blik B.V.,2025,Crowe Foederer
17088891,Premier Tech Systems and Automation B.V.,2020,Crowe Foederer
17088891,Premier Tech Systems and Automation B.V.,2021,Crowe Foederer
71527311,Pressure Thermal Dynamics B.V.,2020,Crowe Foederer
71527311,Pressure Thermal Dynamics B.V.,2021,Crowe Foederer
71527311,Pressure Thermal Dynamics B.V.,2022,Crowe Foederer
71527311,Pressure Thermal Dynamics B.V.,2023,Crowe Foederer
71527311,Pressure Thermal Dynamics B.V.,2024,Crowe Foederer
22041755,Primas-Scholengroep,2023,Crowe Foederer
17224672,Princeps Aqua B.V.,2020,Crowe Foederer
17224672,Princeps Aqua B.V.,2021,Crowe Foederer
17220541,Princeps Capital B.V.,2019,Crowe Foederer
17220541,Princeps Capital B.V.,2021,Crowe Foederer
60120266,PRO Groep B.V.,2022,Crowe Foederer
60120266,PRO Groep B.V.,2023,Crowe Foederer
60120266,PRO Groep B.V.,2024,Crowe Foederer
67236286,Projects Beheer B.V.,2022,Crowe Foederer
34268636,Prosafe Production B.V.,2020,Crowe Peak
34268636,Prosafe Production B.V.,2021,Crowe Peak
90478177,QEF Timber Invest B.V.,2024,Crowe Foederer
90478177,QEF Timber Invest B.V.,2025,Crowe Foederer
17096380,QLF Group B.V.,2019,Crowe Foederer
41234504,R.K. Basisschool de Hussel,2023,Crowe Foederer
41234504,R.K. Basisschool de Hussel,2024,Crowe Foederer
41234504,R.K. Basisschool de Hussel,2025,Crowe Foederer
89490681,Raptor Parent HoldCo B.V.,2024,Crowe Peak
66613116,Ratio B.V.,2023,Crowe Foederer
66612063,Ratio Beheer B.V.,2022,Crowe Foederer
13026071,Recreatiepark de Leistert,2021,Crowe Foederer
13026071,Recreatiepark de Leistert,2022,Crowe Foederer
13026071,Recreatiepark de Leistert,2023,Crowe Foederer
13026071,Recreatiepark de Leistert,2024,Crowe Foederer
13026071,Recreatiepark de Leistert,2025,Crowe Foederer
86821938,Refuels N.V.,2023,Crowe Peak
86821938,Refuels N.V.,2024,Crowe Peak
86821938,Refuels N.V.,2025,Crowe Peak
72385197,Regiofonds Brainport B.V.,2022,Crowe Foederer
17071183,REMONDIS Containers B.V.,2019,Crowe Foederer
17078781,REMONDIS Recycling B.V.,2019,Crowe Foederer
09143681,Renewi Westpoort B.V.,2020,Crowe Peak
09143681,Renewi Westpoort B.V.,2021,Crowe Peak
09143681,Renewi Westpoort B.V.,2023,Crowe Peak
84381108,Repeats Group B.V.,2022,Crowe Peak
84381108,Repeats Group B.V.,2023,Crowe Peak
84527757,Repeats Investor Group B.V.,2022,Crowe Peak
08173554,Repeats Northern Europe B.V.,2023,Crowe Peak
55611915,Retailcom Beheer B.V.,2020,Crowe Foederer
55611915,Retailcom Beheer B.V.,2023,Crowe Foederer
55611915,Retailcom Beheer B.V.,2024,Crowe Foederer
77514742,RFTS Beheer B.V.,2021,Crowe Foederer
77514742,RFTS Beheer B.V.,2022,Crowe Foederer
77514742,RFTS Beheer B.V.,2023,Crowe Foederer
77514742,RFTS Beheer B.V.,2024,Crowe Foederer
77514742,RFTS Beheer B.V.,2025,Crowe Foederer
17187780,Rhombic Holding B.V.,2020,Crowe Foederer
58446672,Riverland Coöperatief U.A.,2019,Crowe Foederer
58446672,Riverland Coöperatief U.A.,2021,Crowe Foederer
58446672,Riverland Coöperatief U.A.,2024,Crowe Foederer
52686310,Roamler B.V.,2024,Crowe Foederer
14063602,Rogama,2020,Crowe Foederer
14063602,Rogama,2021,Crowe Foederer
14063602,Rogama,2022,Crowe Foederer
14063602,Rogama,2023,Crowe Foederer
17033115,Roosen Beheer Nederland B.V.,2019,Crowe Foederer
17033115,Roosen Beheer Nederland B.V.,2020,Crowe Foederer
17033115,Roosen Beheer Nederland B.V.,2022,Crowe Foederer
17033115,Roosen Beheer Nederland B.V.,2023,Crowe Foederer
17033115,Roosen Beheer Nederland B.V.,2024,Crowe Foederer
60480319,Root Haler B.V.,2022,Crowe Foederer
60480319,Root Haler B.V.,2023,Crowe Foederer
72463961,Root Haler II B.V.,2023,Crowe Foederer
72463961,Root Haler II B.V.,2024,Crowe Foederer
67623824,Rotoma B.V.,2019,Crowe Foederer
67623824,Rotoma B.V.,2023,Crowe Foederer
24391558,Rotterdam Harbour Holding B.V.,2019,Crowe Peak
24391558,Rotterdam Harbour Holding B.V.,2020,Crowe Peak
24391558,Rotterdam Harbour Holding B.V.,2021,Crowe Peak
24391558,Rotterdam Harbour Holding B.V.,2022,Crowe Peak
24391558,Rotterdam Harbour Holding B.V.,2023,Crowe Peak
24391558,Rotterdam Harbour Holding B.V.,2024,Crowe Peak
62008218,Roundcube Holding B.V.,2022,Crowe Peak
62008218,Roundcube Holding B.V.,2023,Crowe Peak
62008218,Roundcube Holding B.V.,2024,Crowe Peak
17228944,Royal Legro Group B.V.,2019,Crowe Foederer
17228944,Royal Legro Group B.V.,2020,Crowe Foederer
17228944,Royal Legro Group B.V.,2021,Crowe Foederer
17228944,Royal Legro Group B.V.,2022,Crowe Foederer
17228944,Royal Legro Group B.V.,2023,Crowe Foederer
17228944,Royal Legro Group B.V.,2024,Crowe Foederer
11052052,SACHEM Holdings B.V.,2019,Crowe Peak
11052052,SACHEM Holdings B.V.,2020,Crowe Peak
11052052,SACHEM Holdings B.V.,2021,Crowe Peak
11052052,SACHEM Holdings B.V.,2022,Crowe Peak
11052052,SACHEM Holdings B.V.,2023,Crowe Peak
17208668,Safe Holding,2020,Crowe Foederer
17208668,Safe Holding,2022,Crowe Foederer
17208668,Safe Holding,2023,Crowe Foederer
14040129,Samco Aircraft Maintenance,2019,Crowe Foederer
14040129,Samco Aircraft Maintenance,2020,Crowe Foederer
55263739,Samenwerking A2 gemeenten,2020,Crowe Foederer
30173391,Sanday B.V.,2020,Crowe Foederer
30173391,Sanday B.V.,2021,Crowe Foederer
30208051,Sanday Groep B.V.,2019,Crowe Foederer
30208051,Sanday Groep B.V.,2020,Crowe Foederer
30208051,Sanday Groep B.V.,2021,Crowe Foederer
20087492,Sant`Egidio Nederland,2019,Crowe Foederer
20087492,Sant`Egidio Nederland,2020,Crowe Foederer
20087492,Sant`Egidio Nederland,2021,Crowe Foederer
20087492,Sant`Egidio Nederland,2022,Crowe Foederer
09089688,Saphin B.V.,2019,Crowe Peak
09089688,Saphin B.V.,2020,Crowe Peak
68560982,Scatec Solar Brazil B.V.,2024,Crowe Peak
22042907,Schelde Exotech,2020,Crowe Foederer
22042907,Schelde Exotech,2021,Crowe Foederer
22042907,Schelde Exotech,2022,Crowe Foederer
22042907,Schelde Exotech,2024,Crowe Foederer
41115393,Scheldemond College,2023,Crowe Foederer
41115393,Scheldemond College,2024,Crowe Foederer
67392407,Schelmont Holding B.V.,2019,Crowe Foederer
67392407,Schelmont Holding B.V.,2020,Crowe Foederer
67392407,Schelmont Holding B.V.,2021,Crowe Foederer
67392407,Schelmont Holding B.V.,2022,Crowe Foederer
67392407,Schelmont Holding B.V.,2024,Crowe Foederer
17042016,Schippers Europe B.V.,2020,Crowe Foederer
17042016,Schippers Europe B.V.,2021,Crowe Foederer
17042016,Schippers Europe B.V.,2024,Crowe Foederer
17179557,Schippers Holding B.V.,2019,Crowe Foederer
17179557,Schippers Holding B.V.,2020,Crowe Foederer
17179557,Schippers Holding B.V.,2021,Crowe Foederer
17179557,Schippers Holding B.V.,2022,Crowe Foederer
17179557,Schippers Holding B.V.,2023,Crowe Foederer
17179557,Schippers Holding B.V.,2024,Crowe Foederer
13033782,Schonkeren B.V.,2021,Crowe Contour
50969986,Schoonderwoerd Groep B.V.,2019,Crowe Foederer
50969986,Schoonderwoerd Groep B.V.,2020,Crowe Foederer
50969986,Schoonderwoerd Groep B.V.,2021,Crowe Foederer
30112982,Schoonderwoerd Vlees B.V.,2019,Crowe Foederer
30112982,Schoonderwoerd Vlees B.V.,2020,Crowe Foederer
30112982,Schoonderwoerd Vlees B.V.,2021,Crowe Foederer
11069418,Schouten Company B.V.,2023,Crowe Foederer
11069418,Schouten Company B.V.,2024,Crowe Foederer
75783983,SE Logistics Holding B.V.,2019,Crowe Foederer
75783983,SE Logistics Holding B.V.,2019,Crowe
75783983,SE Logistics Holding B.V.,2020,Crowe Foederer
75783983,SE Logistics Holding B.V.,2021,Crowe Foederer
75783983,SE Logistics Holding B.V.,2022,Crowe Foederer
75783983,SE Logistics Holding B.V.,2023,Crowe Foederer
75783983,SE Logistics Holding B.V.,2024,Crowe Foederer
59423692,Seadrill Leasing B.V.,2019,Crowe Foederer
73774723,Seagen B.V.,2023,Crowe Peak
73774723,Seagen B.V.,2024,Crowe Peak
75224771,Seal for Life Global Dutch Holding,2019,Crowe
75224771,Seal for Life Global Dutch Holding,2020,Crowe
75224771,Seal for Life Global Dutch Holding,2021,Crowe
75224771,Seal for Life Global Dutch Holding,2022,Crowe LLP
17210210,SeeWay.ai Europe,2019,Crowe Foederer
17262361,SeeWay.ai Europe,2019,Crowe Foederer
17262361,SeeWay.ai Europe,2020,Crowe Foederer
17210210,SeeWay.ai Europe,2020,Crowe Foederer
17262361,SeeWay.ai Europe,2021,Crowe Foederer
17210210,SeeWay.ai Europe,2022,Crowe Foederer
17262361,SeeWay.ai Europe,2022,Crowe Foederer
17262361,SeeWay.ai Europe,2024,Crowe Foederer
17210210,SeeWay.ai Europe,2024,Crowe Foederer
87510146,Sekido B.V.,2022,Crowe Foederer
13015866,Sekisui Jushi Europe Holdings B.V.,2019,Crowe Foederer
13015866,Sekisui Jushi Europe Holdings B.V.,2020,Crowe Foederer
13015866,Sekisui Jushi Europe Holdings B.V.,2021,Crowe Foederer
13015866,Sekisui Jushi Europe Holdings B.V.,2022,Crowe Foederer
13015866,Sekisui Jushi Europe Holdings B.V.,2023,Crowe Foederer
74890026,SELE Holding B.V.,2019,Crowe Foederer
74890026,SELE Holding B.V.,2020,Crowe Foederer
74890026,SELE Holding B.V.,2022,Crowe Foederer
74890026,SELE Holding B.V.,2023,Crowe  Foederer
74890026,SELE Holding B.V.,2024,Crowe Foederer
74890026,SELE Holding B.V.,2025,Crowe Foederer
40175036,Senioren Limburg,2023,Crowe Foederer
78312949,SentinelOne B.V.,2025,Crowe Peak
11012722,Seqora B.V.,2019,Crowe Peak
11012722,Seqora B.V.,2020,Crowe Peak
11012722,Seqora B.V.,2022,Crowe Peak
11012722,Seqora B.V.,2023,Crowe Peak
11012722,Seqora B.V.,2024,Crowe Peak
66965640,SFL Canusa International B.V.,2021,Crowe Foederer
66965640,SFL Canusa International B.V.,2022,Crowe Foederer
66965640,SFL Canusa International B.V.,2023,Crowe Foederer
32078219,Shift2 B.V.,2020,Crowe Foederer
32078219,Shift2 B.V.,2021,Crowe Foederer
33293327,SHOEBALOO,2019,Crowe Foederer
33293327,SHOEBALOO,2020,Crowe Foederer
58571787,Simon Staadegaard Beheer B.V.,2019,Crowe Foederer
55615260,SIRE Group Holding B.V.,2020,Crowe Foederer
55615260,SIRE Group Holding B.V.,2023,Crowe Foederer
55615260,SIRE Group Holding B.V.,2024,Crowe Foederer
60360461,Sketch B.V.,2021,Crowe Peak
60360461,Sketch B.V.,2022,Crowe Peak
60360461,Sketch B.V.,2023,Crowe Peak
60360461,Sketch B.V.,2024,Crowe Peak
17101035,Skobos,2023,Crowe Foederer
17101035,Skobos,2024,Crowe Foederer
74224921,SLB Netherlands B.V.,2021,Crowe Peak
74224921,SLB Netherlands B.V.,2022,Crowe Peak
55033490,Slim met Energie B.V.,2022,Crowe Foederer
55033490,Slim met Energie B.V.,2023,Crowe Foederer
55033490,Slim met Energie B.V.,2024,Crowe Foederer
55033490,Slim met Energie B.V.,2025,Crowe Foederer
72616814,Slim met Energie Holding B.V.,2022,Crowe Foederer
72616814,Slim met Energie Holding B.V.,2023,Crowe Foederer
72616814,Slim met Energie Holding B.V.,2024,Crowe Foederer
72616814,Slim met Energie Holding B.V.,2025,Crowe Foederer
58044302,SMCP Netherlands B.V.,2019,Crowe Foederer
34168390,SMEG NEDERLAND B.V.,2019,Crowe Foederer
34168390,SMEG NEDERLAND B.V.,2020,Crowe Foederer
34168390,SMEG NEDERLAND B.V.,2022,Crowe Foederer
34168390,SMEG NEDERLAND B.V.,2023,Crowe Foederer
34168390,SMEG NEDERLAND B.V.,2024,Crowe Foederer
34168390,SMEG NEDERLAND B.V.,2025,Crowe Foederer
17188374,Smeva Group B.V.,2019,Crowe Foederer
17188374,Smeva Group B.V.,2020,Crowe Foederer
17188374,Smeva Group B.V.,2022,Crowe Foederer
17188374,Smeva Group B.V.,2023,Crowe Foederer
17034808,Smeva Products,2019,Crowe Foederer
17034808,Smeva Products,2021,Crowe Foederer
17034808,Smeva Products,2022,Crowe Foederer
30171797,Sogelink Netherlands B.V.,2020,Crowe Peak
30171797,Sogelink Netherlands B.V.,2021,Crowe Peak
30171797,Sogelink Netherlands B.V.,2023,Crowe Peak
30171797,Sogelink Netherlands B.V.,2024,Crowe Peak
70034109,Sogelink Netherlands Group B.V.,2020,Crowe Peak
70034109,Sogelink Netherlands Group B.V.,2021,Crowe Peak
70034109,Sogelink Netherlands Group B.V.,2022,Crowe Peak
70034109,Sogelink Netherlands Group B.V.,2023,Crowe Peak
70034109,Sogelink Netherlands Group B.V.,2024,Crowe Peak
66250676,Somnium Jeugd B.V.,2021,Crowe Contour
76703185,Somnium Management B.V.,2021,Crowe Contour
62604651,Somnium Zorg B.V.,2021,Crowe Contour
37129033,SPK B.V.,2022,Crowe Foederer
28076731,SPO WIJ de Venen,2023,Crowe Foederer
28076731,SPO WIJ de Venen,2024,Crowe Foederer
11033564,Sport en Recreatie Den Bol B.V.,2023,Crowe Peak
38020300,Sram Europe Sales and Services B.V.,2023,Crowe Peak
28076579,SSC Space Netherlands B.V.,2023,Crowe Peak
58575170,Staad B.V.,2019,Crowe Foederer
58575170,Staad B.V.,2020,Crowe Foederer
58575170,Staad B.V.,2021,Crowe Foederer
58575170,Staad B.V.,2022,Crowe Foederer
58575170,Staad B.V.,2023,Crowe Foederer
58575170,Staad B.V.,2024,Crowe Foederer
58144528,STAAD GROEP B.V.,2019,Crowe Foederer
58144528,STAAD GROEP B.V.,2020,Crowe Foederer
58144528,STAAD GROEP B.V.,2020,Crowe
58144528,STAAD GROEP B.V.,2021,Crowe Foederer
58144528,STAAD GROEP B.V.,2022,Crowe Foederer
58144528,STAAD GROEP B.V.,2023,Crowe Foederer
58144528,STAAD GROEP B.V.,2024,Crowe Foederer
17100080,Starline Group B.V.,2019,Crowe Foederer
17100080,Starline Group B.V.,2020,Crowe Foederer
17100080,Starline Group B.V.,2021,Crowe Foederer
27362816,Stedelijk Gymnasium Locatie Athena,2023,Crowe Foederer
27362816,Stedelijk Gymnasium Locatie Athena,2024,Crowe Foederer
62972200,SterGro International B.V.,2019,Crowe Foederer
62972200,SterGro International B.V.,2020,Crowe Foederer
41238611,Stichting Alkmaarse Katholieke Scholen,2023,Crowe Foederer
41238611,Stichting Alkmaarse Katholieke Scholen,2024,Crowe Foederer
54224446,Stichting ARCHIPEL SCHOLEN,2023,Crowe Foederer
54224446,Stichting ARCHIPEL SCHOLEN,2024,Crowe Foederer
54224446,Stichting ARCHIPEL SCHOLEN,2025,Crowe Foederer
41087967,Stichting Atalenta,2023,Crowe Foederer
30183962,Stichting Beheer Oikocredit Nederland Fonds,2019,Crowe Foederer
30183962,Stichting Beheer Oikocredit Nederland Fonds,2020,Crowe Foederer
30183962,Stichting Beheer Oikocredit Nederland Fonds,2023,Crowe Foederer
41157064,Stichting Biblionef Nederland,2019,Crowe Foederer
41157064,Stichting Biblionef Nederland,2020,Crowe Foederer
41157064,Stichting Biblionef Nederland,2021,Crowe Foederer
41157064,Stichting Biblionef Nederland,2022,Crowe Foederer
41157064,Stichting Biblionef Nederland,2023,Crowe Foederer
41095418,Stichting Biezonderwijs,2024,Crowe Foederer
41083701,Stichting Bluyssen Fonds,2019,Crowe Foederer
61061093,Stichting Boei-Limburg,2021,Crowe Contour
50241788,Stichting Care4homecare,2019,Crowe Foederer
50241788,Stichting Care4homecare,2020,Crowe Foederer
50241788,Stichting Care4homecare,2021,Crowe Foederer
50241788,Stichting Care4homecare,2022,Crowe Foederer
50241788,Stichting Care4homecare,2023,Crowe Foederer
50241788,Stichting Care4homecare,2024,Crowe Foederer
61789313,Stichting Centrum voor Jeugd en Gezin Midden-Limburg,2022,Crowe Foederer
61789313,Stichting Centrum voor Jeugd en Gezin Midden-Limburg,2023,Crowe Foederer
61789313,Stichting Centrum voor Jeugd en Gezin Midden-Limburg,2024,Crowe Foederer
61789313,Stichting Centrum voor Jeugd en Gezin Midden-Limburg,2025,Crowe Foederer
41149716,Stichting Christelijk Onderwijs Haaglanden,2023,Crowe Foederer
41149716,Stichting Christelijk Onderwijs Haaglanden,2024,Crowe Foederer
41149716,Stichting Christelijk Onderwijs Haaglanden,2025,Crowe Foederer
17208745,"Stichting De Kempen, organisatie voor openbaar en algemeen toegankelijk onderwijs",2023,Crowe Foederer
17208745,"Stichting De Kempen, organisatie voor openbaar en algemeen toegankelijk onderwijs",2024,Crowe Foederer
30207131,Stichting De Parel,2020,Crowe Foederer
30207131,Stichting De Parel,2021,Crowe Foederer
52618528,Stichting Dit Werkt,2022,Crowe Foederer
52618528,Stichting Dit Werkt,2023,Crowe Foederer
52618528,Stichting Dit Werkt,2024,Crowe Foederer
52618528,Stichting Dit Werkt,2025,Crowe Foederer
41062711,Stichting Dynamiek Scholengroep,2024,Crowe Foederer
32092131,Stichting Edukans,2019,Crowe Foederer
32092131,Stichting Edukans,2020,Crowe Foederer
32092131,Stichting Edukans,2022,Crowe Foederer
32092131,Stichting Edukans,2023,Crowe Foederer
32092131,Stichting Edukans,2024,Crowe Foederer
41076367,Stichting Het Limburgs Landschap,2022,Crowe Foederer
41081783,Stichting Hub Noord-Brabant,2023,Crowe Foederer
41095057,Stichting IMW regio Tilburg,2019,Crowe
41095057,Stichting IMW regio Tilburg,2020,Crowe Foederer
41095057,Stichting IMW regio Tilburg,2024,Crowe Foederer
53920813,Stichting Juridisch Eigendom Oikocredit Nederland Fonds,2020,Crowe Foederer
53920813,Stichting Juridisch Eigendom Oikocredit Nederland Fonds,2021,Crowe Foederer
53920813,Stichting Juridisch Eigendom Oikocredit Nederland Fonds,2022,Crowe Foederer
53920813,Stichting Juridisch Eigendom Oikocredit Nederland Fonds,2023,Crowe Foederer
17130623,Stichting Kanteel,2024,Crowe Foederer
17130623,Stichting Kanteel,2025,Crowe Foederer
41095729,Stichting Katholiek Onderwijs Het Groene Lint / Roomskatholieke Basisschool De Driesprong,2023,Crowe Foederer
41095729,Stichting Katholiek Onderwijs Het Groene Lint / Roomskatholieke Basisschool De Driesprong,2024,Crowe Foederer
41234335,Stichting Katholiek Onderwijs West-Friesland,2023,Crowe Foederer
41234335,Stichting Katholiek Onderwijs West-Friesland,2024,Crowe Foederer
41234335,Stichting Katholiek Onderwijs West-Friesland,2025,Crowe Foederer
18083945,Stichting Kinderstad,2023,Crowe Foederer
18083945,Stichting Kinderstad,2024,Crowe Foederer
08091337,Stichting leerlingenzorg NW-Veluwe,2024,Crowe Foederer
41099580,Stichting Leerrijk,2023,Crowe Foederer
41099580,Stichting Leerrijk,2024,Crowe Foederer
41051110,Stichting MEE Gelderse Poort,2019,Crowe Foederer
41083965,STICHTING Mikz kinderopvang,2022,Crowe Foederer
41083965,STICHTING Mikz kinderopvang,2023,Crowe Foederer
41083965,STICHTING Mikz kinderopvang,2025,Crowe Foederer
41058854,Stichting Moria,2021,Crowe Contour
41058854,Stichting Moria,2022,Crowe Foederer
41058854,Stichting Moria,2023,Crowe Foederer
41058854,Stichting Moria,2024,Crowe Foederer
41058854,Stichting Moria,2025,Crowe Foederer
41095435,Stichting Nuwelijn / Kindcentrum de Anna,2023,Crowe Foederer
11049184,Stichting O.R.S. Lek en Linge,2023,Crowe Foederer
55598471,Stichting Onderwijsgroep Punt Speciaal,2023,Crowe Foederer
51267888,Stichting Oosterwijs,2023,Crowe Foederer
51267888,Stichting Oosterwijs,2024,Crowe Foederer
59150874,Stichting Passend Onderwijs Brabantse Wal PO,2023,Crowe Foederer
18054275,Stichting Passend Onderwijs PO 30-04,2023,Crowe Foederer
18054275,Stichting Passend Onderwijs PO 30-04,2024,Crowe Foederer
18054275,Stichting Passend Onderwijs PO 30-04,2025,Crowe Foederer
59107049,Stichting Passend Voortgezet Onderwijs Walcheren,2023,Crowe Foederer
59107049,Stichting Passend Voortgezet Onderwijs Walcheren,2024,Crowe Foederer
59107049,Stichting Passend Voortgezet Onderwijs Walcheren,2025,Crowe Foederer
41165490,Stichting Professor Dr. Leo Kanneronderwijsgroep,2023,Crowe Foederer
41165490,Stichting Professor Dr. Leo Kanneronderwijsgroep,2024,Crowe Foederer
41165490,Stichting Professor Dr. Leo Kanneronderwijsgroep,2025,Crowe Foederer
41151328,Stichting Protestants Christelijke Peuterspeelzalen,2023,Crowe Foederer
41151328,Stichting Protestants Christelijke Peuterspeelzalen,2024,Crowe Foederer
41151328,Stichting Protestants Christelijke Peuterspeelzalen,2025,Crowe Foederer
20089169,Stichting Protestants-Christelijk Primair Onderwijs Midden-Brabant,2023,Crowe Foederer
20089169,Stichting Protestants-Christelijk Primair Onderwijs Midden-Brabant,2024,Crowe Foederer
20089169,Stichting Protestants-Christelijk Primair Onderwijs Midden-Brabant,2025,Crowe Foederer
17198254,Stichting Regionaal Openbaar Onderwijs Maas en Meierij,2023,Crowe Foederer
17198254,Stichting Regionaal Openbaar Onderwijs Maas en Meierij,2025,Crowe Foederer
59097213,Stichting regionaal samenwerkingsverband voor passend voortgezet onderwijs Eindhoven en Kempenland,2024,Crowe Foederer
17058609,Stichting Regionale Omroep Brabant,2019,Crowe Foederer
17058609,Stichting Regionale Omroep Brabant,2024,Crowe Foederer
17058609,Stichting Regionale Omroep Brabant,2025,Crowe Foederer
30238396,Stichting ROBIJN,2025,Crowe Foederer
20122559,"Stichting RSG ""'t Rijks""",2023,Crowe Foederer
20122559,"Stichting RSG ""'t Rijks""",2024,Crowe Foederer
20122559,"Stichting RSG ""'t Rijks""",2025,Crowe Foederer
41081010,Stichting Samenwerkingsbestuur voor Katholiek en Openbaar Primair Onderwijs Schijndel (SKOPOS),2023,Crowe Foederer
41081010,Stichting Samenwerkingsbestuur voor Katholiek en Openbaar Primair Onderwijs Schijndel (SKOPOS),2024,Crowe Foederer
41081010,Stichting Samenwerkingsbestuur voor Katholiek en Openbaar Primair Onderwijs Schijndel (SKOPOS),2025,Crowe Foederer
59131063,Stichting Samenwerkingsverband Brabantse Wal Voortgezet Onderwijs,2023,Crowe
59131063,Stichting Samenwerkingsverband Brabantse Wal Voortgezet Onderwijs,2024,Crowe Foederer
59131063,Stichting Samenwerkingsverband Brabantse Wal Voortgezet Onderwijs,2025,Crowe Foederer
17111027,Stichting Samenwerkingsverband Helmond-Peelland VO,2023,Crowe Foederer
17111027,Stichting Samenwerkingsverband Helmond-Peelland VO,2024,Crowe Foederer
59095334,Stichting Samenwerkingsverband Passend Onderwijs PO Westelijke Mijnstreek (31.04),2023,Crowe Foederer
59095334,Stichting Samenwerkingsverband Passend Onderwijs PO Westelijke Mijnstreek (31.04),2024,Crowe Foederer
58888152,Stichting Samenwerkingsverband PO 30 06,2023,Crowe Foederer
58888152,Stichting Samenwerkingsverband PO 30 06,2024,Crowe Foederer
59133643,Stichting Samenwerkingsverband PO Langstraat Heusden Altena,2023,Crowe Foederer
59133643,Stichting Samenwerkingsverband PO Langstraat Heusden Altena,2024,Crowe Foederer
59197331,Stichting Samenwerkingsverband PO Weert-Nederweert,2023,Crowe Foederer
59197331,Stichting Samenwerkingsverband PO Weert-Nederweert,2024,Crowe Foederer
32088688,Stichting Samenwerkingsverband V(S)O Eemland,2024,Crowe Foederer
40219239,Stichting Samenwerkingsverband Voortgezet Onderwijs 30-06,2023,Crowe Foederer
40219239,Stichting Samenwerkingsverband Voortgezet Onderwijs 30-06,2024,Crowe Foederer
40219239,Stichting Samenwerkingsverband Voortgezet Onderwijs 30-06,2025,Crowe Foederer
18056147,Stichting Samenwerkingsverband Voortgezet Onderwijs De Langstraat 30-09,2023,Crowe Foederer
18056147,Stichting Samenwerkingsverband Voortgezet Onderwijs De Langstraat 30-09,2024,Crowe Foederer
18056147,Stichting Samenwerkingsverband Voortgezet Onderwijs De Langstraat 30-09,2025,Crowe Foederer
30170725,Stichting Samenwerkingsverband Voortgezet Onderwijs Zuid-Utrecht,2023,Crowe Foederer
30170725,Stichting Samenwerkingsverband Voortgezet Onderwijs Zuid-Utrecht,2024,Crowe Foederer
59195223,Stichting Samenwerkingverband Passend Onderwijs De Kempen 30-09,2023,Crowe Foederer
59195223,Stichting Samenwerkingverband Passend Onderwijs De Kempen 30-09,2024,Crowe Foederer
59195223,Stichting Samenwerkingverband Passend Onderwijs De Kempen 30-09,2025,Crowe Foederer
41206454,Stichting SEZO/Buurtteam Amsterdam Nieuw-West,2019,Crowe Foederer
41206454,Stichting SEZO/Buurtteam Amsterdam Nieuw-West,2020,Crowe Foederer
41206454,Stichting SEZO/Buurtteam Amsterdam Nieuw-West,2022,Crowe Foederer
34261336,Stichting Social Investor Foundation for Africa,2024,Crowe Peak
66250390,Stichting Somnium Begeleiding,2021,Crowe Contour
57958491,Stichting Somnium Zorg,2021,Crowe Contour
41087568,Stichting Speciaal Onderwijs en Expertisecentra,2023,Crowe Foederer
41087568,Stichting Speciaal Onderwijs en Expertisecentra,2024,Crowe Foederer
41087568,Stichting Speciaal Onderwijs en Expertisecentra,2025,Crowe Foederer
41063337,Stichting Synthese,2019,Crowe Foederer
41063337,Stichting Synthese,2020,Crowe Foederer
41085791,"Stichting Talentis voor Katholiek, Protestants Christelijk en Algemeen Bijzonder Primair Onderwijs",2023,Crowe Foederer
41085791,"Stichting Talentis voor Katholiek, Protestants Christelijk en Algemeen Bijzonder Primair Onderwijs",2024,Crowe Foederer
41085791,"Stichting Talentis voor Katholiek, Protestants Christelijk en Algemeen Bijzonder Primair Onderwijs",2025,Crowe Foederer
68754779,Stichting TCC Foundation,2019,Crowe Peak
12038771,Stichting Thuiszorg Helpende Hand,2021,Crowe Contour
12038771,Stichting Thuiszorg Helpende Hand,2022,Crowe Foederer
12038771,Stichting Thuiszorg Helpende Hand,2025,Crowe Foederer
41152443,Stichting tot Behartiging van de belangen van het Christelijk Onderwijs,2025,Crowe Foederer
40507708,Stichting voor Christelijk Voortgezet Onderwijs in Baarn/Soest,2023,Crowe Foederer
40507708,Stichting voor Christelijk Voortgezet Onderwijs in Baarn/Soest,2024,Crowe Foederer
41100324,Stichting voor Katholiek Voortgezet Onderwijs in het Dongemondgebied / Dongemond College VWO / HAVO en VMBO,2024,Crowe Foederer
41100324,Stichting voor Katholiek Voortgezet Onderwijs in het Dongemondgebied / Dongemond College VWO / HAVO en VMBO,2025,Crowe Foederer
13042598,Stichting voor Montessori-onderwijs Zuidoost Nederland,2023,Crowe Foederer
22043910,Stichting Voortgezet Onderwijs Oosterschelde Regio,2023,Crowe Foederer
22043910,Stichting Voortgezet Onderwijs Oosterschelde Regio,2024,Crowe Foederer
22043910,Stichting Voortgezet Onderwijs Oosterschelde Regio,2025,Crowe Foederer
71916873,Stichting Voortgezet Onderwijs Zeeuws-Vlaanderen,2023,Crowe Foederer
63571455,Stichting WIJeindhoven,2023,Crowe Foederer
63571455,Stichting WIJeindhoven,2024,Crowe Foederer
63571455,Stichting WIJeindhoven,2025,Crowe Foederer
41066201,Stichting Wijzers in Onderwijs,2024,Crowe Foederer
41066201,Stichting Wijzers in Onderwijs,2025,Crowe Foederer
41009723,Stichting ZOA,2019,Crowe Foederer
41009723,Stichting ZOA,2020,Crowe Foederer
41009723,Stichting ZOA,2021,Crowe Foederer
41009723,Stichting ZOA,2022,Crowe Foederer
41009723,Stichting ZOA,2023,Crowe Foederer
41009723,Stichting ZOA,2024,Crowe Foederer
41009723,Stichting ZOA,2025,Crowe Foederer
02327624,Stopaq B.V.,2020,Crowe Foederer
02327624,Stopaq B.V.,2022,Crowe Foederer
02327624,Stopaq B.V.,2023,Crowe Foederer
02327624,Stopaq B.V.,2024,Crowe Foederer
34178344,Streim Monumenten,2020,Crowe Foederer
76915832,Supermarkt van de Huijgevoort Dommelen B.V.,2020,Crowe Foederer
17113808,Supermarkt Van de Huijgevoort Luyksgestel B.V.,2024,Crowe Foederer
33284017,Surecomp Software B.V.,2023,Crowe Foederer
09047468,Svedex B.V.,2019,Crowe Foederer
09047468,Svedex B.V.,2020,Crowe Foederer
09047468,Svedex B.V.,2021,Crowe Foederer
09047468,Svedex B.V.,2022,Crowe Foederer
09047468,Svedex B.V.,2023,Crowe Foederer
09047468,Svedex B.V.,2024,Crowe Foederer
09044069,Svedex Deuren B.V.,2019,Crowe Foederer
09044069,Svedex Deuren B.V.,2021,Crowe Foederer
09044069,Svedex Deuren B.V.,2023,Crowe Foederer
16029971,SVZ Distributie & Warehousing Uden,2019,Crowe Foederer
16029971,SVZ Distributie & Warehousing Uden,2020,Crowe Foederer
16029971,SVZ Distributie & Warehousing Uden,2021,Crowe Foederer
22047104,Synthomer Middelburg B.V.,2022,Crowe Peak
22047104,Synthomer Middelburg B.V.,2024,Crowe Peak
24337776,T-Groep Nederland B.V.,2019,Crowe Foederer
24337776,T-Groep Nederland B.V.,2020,Crowe
24337776,T-Groep Nederland B.V.,2021,Crowe Foederer
24337776,T-Groep Nederland B.V.,2022,Crowe Foederer
24337776,T-Groep Nederland B.V.,2023,Crowe Foederer
24337776,T-Groep Nederland B.V.,2024,Crowe Foederer
24337776,T-Groep Nederland B.V.,2025,Crowe Foederer
73549037,Tandheelkundig Centrum Wognum B.V.,2024,Crowe Foederer
75978873,Tavaco B.V.,2020,Crowe Foederer
75978873,Tavaco B.V.,2022,Crowe Foederer
75978873,Tavaco B.V.,2023,Crowe Foederer
75978873,Tavaco B.V.,2024,Crowe Foederer
64716244,Teak Capital B.V.,2020,Crowe Peak
64716244,Teak Capital B.V.,2022,Crowe Peak
63909332,Techim B.V.,2019,Crowe Foederer
63909332,Techim B.V.,2020,Crowe Foederer
63909332,Techim B.V.,2023,Crowe Foederer
63909332,Techim B.V.,2024,Crowe Foederer
64486273,Technical Services Group Netherlands B.V.,2019,Crowe
64486273,Technical Services Group Netherlands B.V.,2020,Crowe Peak
64486273,Technical Services Group Netherlands B.V.,2021,Crowe Peak
64486273,Technical Services Group Netherlands B.V.,2023,Crowe Foederer
64486273,Technical Services Group Netherlands B.V.,2024,Crowe Foederer
41077839,TEFAF,2021,Crowe Peak
41077839,TEFAF,2022,Crowe Peak
41077839,TEFAF,2023,Crowe Peak
14092086,Tehava Participatie B.V.,2019,Crowe Foederer
14092086,Tehava Participatie B.V.,2020,Crowe Foederer
14092086,Tehava Participatie B.V.,2021,Crowe Foederer
30152854,Terwa B.V.,2023,Crowe Peak
24271754,TFC Holland B.V.,2019,Crowe Peak
24271754,TFC Holland B.V.,2020,Crowe Peak
24271754,TFC Holland B.V.,2022,Crowe Peak
24271754,TFC Holland B.V.,2023,Crowe Peak
24271754,TFC Holland B.V.,2024,Crowe Peak
78652146,The Elegance Company B.V.,2020,Crowe Peak
78652146,The Elegance Company B.V.,2021,Crowe Peak
78652146,The Elegance Company B.V.,2022,Crowe Peak
78652146,The Elegance Company B.V.,2023,Crowe Peak
78652146,The Elegance Company B.V.,2024,Crowe Peak
33296034,The Grand Real Estate B.V.,2024,Crowe Foederer
70541310,The Most B.V.,2023,Crowe Foederer
70541310,The Most B.V.,2024,Crowe Foederer
17027674,Theater De Schalm.,2021,Crowe Foederer
17027674,Theater De Schalm.,2022,Crowe Foederer
60944382,Therminon B.V.,2020,Crowe Foederer
60944382,Therminon B.V.,2021,Crowe Foederer
75808579,Therminon Systems B.V.,2019,Crowe Foederer
75808579,Therminon Systems B.V.,2020,Crowe Foederer
75808579,Therminon Systems B.V.,2021,Crowe Foederer
75808579,Therminon Systems B.V.,2022,Crowe Foederer
75808579,Therminon Systems B.V.,2023,Crowe Foederer
75808579,Therminon Systems B.V.,2024,Crowe Foederer
67438873,Theuws Groep Beheer B.V.,2019,Crowe Foederer
67438873,Theuws Groep Beheer B.V.,2020,Crowe Foederer
67438873,Theuws Groep Beheer B.V.,2022,Crowe Foederer
67438873,Theuws Groep Beheer B.V.,2023,Crowe Foederer
67438873,Theuws Groep Beheer B.V.,2024,Crowe Foederer
67438873,Theuws Groep Beheer B.V.,2025,Crowe Foederer
17117212,Theuws Metaal B.V.,2019,Crowe Foederer
17117212,Theuws Metaal B.V.,2022,Crowe Foederer
17117212,Theuws Metaal B.V.,2023,Crowe Foederer
17117212,Theuws Metaal B.V.,2025,Crowe Foederer
52773795,Thijs Timmermans Waardenburg B.V.,2019,Crowe Foederer
52773795,Thijs Timmermans Waardenburg B.V.,2020,Crowe Foederer
11056409,Tielse Betoncentrale,2020,Crowe Foederer
33134334,Timber Products Amsterdam B.V.,2023,Crowe Foederer
33134334,Timber Products Amsterdam B.V.,2025,Crowe Foederer
09157019,Toerisme Veluwe Arnhem Nijmegen B.V.,2021,Crowe Peak
09157019,Toerisme Veluwe Arnhem Nijmegen B.V.,2022,Crowe Peak
09157019,Toerisme Veluwe Arnhem Nijmegen B.V.,2023,Crowe Peak
09157019,Toerisme Veluwe Arnhem Nijmegen B.V.,2025,Crowe Peak
34231192,Toll Global Forwarding,2021,Crowe Peak
34231192,Toll Global Forwarding,2022,Crowe Peak
34231192,Toll Global Forwarding,2024,Crowe Peak
34264117,Trade Centre Global Investments B.V.,2019,Crowe Foederer
31026074,Trane Netherlands B.V.,2024,Crowe Peak
24195259,Trans Ocean Pacific forwarding B.V.,2023,Crowe Peak
59219130,TransMission Weert B.V.,2021,Crowe Contour
59219130,TransMission Weert B.V.,2023,Crowe Foederer
59219130,TransMission Weert B.V.,2024,Crowe Foederer
09120764,Travion B.V.,2019,Crowe Peak
09120764,Travion B.V.,2020,Crowe Peak
09120764,Travion B.V.,2021,Crowe Peak
09120764,Travion B.V.,2022,Crowe Peak
09120764,Travion B.V.,2023,Crowe Peak
09120764,Travion B.V.,2024,Crowe Peak
14058139,TRIADE stichting voor katholiek primair onderwijs,2025,Crowe Foederer
33202253,Truckland B.V.,2019,Crowe Foederer
33202253,Truckland B.V.,2020,Crowe Foederer
33202253,Truckland B.V.,2021,Crowe Foederer
33202253,Truckland B.V.,2022,Crowe Foederer
33202253,Truckland B.V.,2023,Crowe Foederer
33202253,Truckland B.V.,2024,Crowe Foederer
33202253,Truckland B.V.,2025,Crowe Foederer
62637258,Truckland E B.V.,2021,Crowe Foederer
62637258,Truckland E B.V.,2022,Crowe Foederer
67671705,Truckland Group B.V.,2019,Crowe Foederer
67671705,Truckland Group B.V.,2020,Crowe Foederer
67671705,Truckland Group B.V.,2021,Crowe Foederer
67671705,Truckland Group B.V.,2022,Crowe Foederer
67671705,Truckland Group B.V.,2023,Crowe Foederer
67671705,Truckland Group B.V.,2024,Crowe Foederer
67671705,Truckland Group B.V.,2025,Crowe Foederer
74454501,TSS Holding B.V.,2019,Crowe Foederer
74454501,TSS Holding B.V.,2020,Crowe Foederer
33237298,Tuincentrum Osdorp B.V.,2020,Crowe Foederer
33237298,Tuincentrum Osdorp B.V.,2021,Crowe Foederer
34185591,TYC Europe B.V.,2022,Crowe Peak
34185591,TYC Europe B.V.,2023,Crowe Peak
34185591,TYC Europe B.V.,2024,Crowe Peak
32064474,Ulla Popken Jonge Mode vanaf Maat 42,2019,Crowe Foederer
32064474,Ulla Popken Jonge Mode vanaf Maat 42,2020,Crowe Foederer
32064474,Ulla Popken Jonge Mode vanaf Maat 42,2022,Crowe Foederer
32064474,Ulla Popken Jonge Mode vanaf Maat 42,2023,Crowe Foederer
32064474,Ulla Popken Jonge Mode vanaf Maat 42,2024,Crowe Foederer
59623209,UNStudio Holding B.V.,2023,Crowe Foederer
59623209,UNStudio Holding B.V.,2024,Crowe Foederer
20132585,UPL Benelux B.V.,2022,Crowe
20132585,UPL Benelux B.V.,2024,Crowe ATA;
11023845,UTB Group,2021,Crowe Foederer
11023845,UTB Group,2022,Crowe Foederer
11023845,UTB Group,2023,Crowe Foederer
11023845,UTB Group,2024,Crowe Foederer
11023845,UTB Group,2025,Crowe Foederer
24165606,V Marine Fuels B.V. in liquidatie,2019,Crowe Peak
24165606,V Marine Fuels B.V. in liquidatie,2020,Crowe Peak
66283892,Vakmedianet BouwCommunities B.V.,2020,Crowe Foederer
66283892,Vakmedianet BouwCommunities B.V.,2021,Crowe Peak
66283892,Vakmedianet BouwCommunities B.V.,2023,Crowe Peak
67457134,Vakmedianet Investments B.V.,2020,Crowe Foederer
28065487,Van Berge Henegouwen Installaties B.V.,2023,Crowe Foederer
28065487,Van Berge Henegouwen Installaties B.V.,2024,Crowe Foederer
17178013,Van Berkel Bedrijven B.V.,2019,Crowe Foederer
17178013,Van Berkel Bedrijven B.V.,2020,Crowe Foederer
17178013,Van Berkel Bedrijven B.V.,2022,Crowe Foederer
17178013,Van Berkel Bedrijven B.V.,2023,Crowe Foederer
17178013,Van Berkel Bedrijven B.V.,2024,Crowe Foederer
17178013,Van Berkel Bedrijven B.V.,2025,Crowe Foederer
33247112,Van Berkel en Bos U.N. Studio B.V.,2023,Crowe Foederer
33247112,Van Berkel en Bos U.N. Studio B.V.,2024,Crowe Foederer
16054619,Van Berkel Landschap & Infra B.V.,2019,Crowe Foederer
16054619,Van Berkel Landschap & Infra B.V.,2020,Crowe Foederer
16054619,Van Berkel Landschap & Infra B.V.,2022,Crowe Foederer
16054619,Van Berkel Landschap & Infra B.V.,2024,Crowe Foederer
17187159,Van Berkel Logistics,2019,Crowe Foederer
17187159,Van Berkel Logistics,2020,Crowe Foederer
17187159,Van Berkel Logistics,2021,Crowe Foederer
17187159,Van Berkel Logistics,2022,Crowe Foederer
17143758,Van Boxtel Holding B.V.,2019,Crowe Foederer
17143758,Van Boxtel Holding B.V.,2020,Crowe Foederer
17143758,Van Boxtel Holding B.V.,2021,Crowe Foederer
17143758,Van Boxtel Holding B.V.,2022,Crowe Foederer
17143758,Van Boxtel Holding B.V.,2023,Crowe Foederer
17143758,Van Boxtel Holding B.V.,2025,Crowe Foederer
51451085,Van de Huijgevoort Groep B.V.,2019,Crowe Foederer
51451085,Van de Huijgevoort Groep B.V.,2020,Crowe Foederer
51451085,Van de Huijgevoort Groep B.V.,2021,Crowe Foederer
51451085,Van de Huijgevoort Groep B.V.,2022,Crowe Foederer
51451085,Van de Huijgevoort Groep B.V.,2023,Crowe Foederer
51451085,Van de Huijgevoort Groep B.V.,2024,Crowe Foederer
64561119,Van de Klok Bestaande Bouw B.V.,2023,Crowe Peak
61104884,Van de Klok Nieuwbouw B.V.,2020,Crowe Peak
61104884,Van de Klok Nieuwbouw B.V.,2023,Crowe Peak
57880875,Van de Klok Wonen B.V.,2020,Crowe Peak
57880875,Van de Klok Wonen B.V.,2022,Crowe Peak
57880875,Van de Klok Wonen B.V.,2023,Crowe Peak
17082463,Van de Vin Holding B.V.,2020,Crowe Foederer
17082463,Van de Vin Holding B.V.,2021,Crowe Foederer
17082463,Van de Vin Holding B.V.,2022,Crowe Foederer
17083731,Van de Vin Ramen en Kozijnen B.V.,2020,Crowe Foederer
17083731,Van de Vin Ramen en Kozijnen B.V.,2023,Crowe Foederer
17083731,Van de Vin Ramen en Kozijnen B.V.,2025,Crowe Foederer
66830389,van Dingenen Beheer B.V.,2019,Crowe Foederer
17012951,Van Dingenen Transport B.V.,2020,Crowe Foederer
17012951,Van Dingenen Transport B.V.,2022,Crowe Foederer
17012951,Van Dingenen Transport B.V.,2023,Crowe Foederer
17012951,Van Dingenen Transport B.V.,2024,Crowe Foederer
17012951,Van Dingenen Transport B.V.,2025,Crowe Foederer
16023667,Van Grunsven Groep,2023,Crowe Foederer
16023667,Van Grunsven Groep,2024,Crowe Foederer
16023667,Van Grunsven Groep,2025,Crowe Foederer
17104956,Van Happen Holding B.V.,2019,Crowe Foederer
17104956,Van Happen Holding B.V.,2020,Crowe Foederer
17104956,Van Happen Holding B.V.,2021,Crowe Foederer
17104956,Van Happen Holding B.V.,2022,Crowe Foederer
17104956,Van Happen Holding B.V.,2023,Crowe Foederer
17104956,Van Happen Holding B.V.,2024,Crowe Foederer
16070894,Van Kaathoven Nederland B.V.,2019,Crowe Foederer
16070894,Van Kaathoven Nederland B.V.,2020,Crowe Foederer
16070894,Van Kaathoven Nederland B.V.,2021,Crowe Foederer
16070894,Van Kaathoven Nederland B.V.,2022,Crowe Foederer
16070894,Van Kaathoven Nederland B.V.,2023,Crowe Foederer
16070894,Van Kaathoven Nederland B.V.,2025,Crowe Foederer
28070909,Van Maanen Food Groep B.V.,2019,Crowe Peak
28070909,Van Maanen Food Groep B.V.,2020,Crowe Peak
28070909,Van Maanen Food Groep B.V.,2021,Crowe Peak
28070909,Van Maanen Food Groep B.V.,2022,Crowe Peak
28070909,Van Maanen Food Groep B.V.,2023,Crowe Peak
28070909,Van Maanen Food Groep B.V.,2024,Crowe Peak
11070971,Van Mouwrik Beheer en Belegging B.V.,2019,Crowe Peak
12005763,Van Rens B.V.,2019,Crowe Peak
12005763,Van Rens B.V.,2020,Crowe Peak
12005763,Van Rens B.V.,2022,Crowe Peak
12005763,Van Rens B.V.,2023,Crowe Peak
12005763,Van Rens B.V.,2024,Crowe Peak
12005763,Van Rens B.V.,2025,Crowe Peak
17176315,Van Rijswijck Groep B.V.,2019,Crowe Foederer
17176315,Van Rijswijck Groep B.V.,2020,Crowe Foederer
17176315,Van Rijswijck Groep B.V.,2021,Crowe Foederer
17176315,Van Rijswijck Groep B.V.,2022,Crowe Foederer
17176315,Van Rijswijck Groep B.V.,2023,Crowe Foederer
17015425,Van Rooijen Beheer B.V.,2019,Crowe Foederer
17015425,Van Rooijen Beheer B.V.,2020,Crowe Foederer
17015425,Van Rooijen Beheer B.V.,2022,Crowe Foederer
17050794,Van Rooijen Logistiek B.V.,2020,Crowe Foederer
17050794,Van Rooijen Logistiek B.V.,2021,Crowe Foederer
17050794,Van Rooijen Logistiek B.V.,2023,Crowe Foederer
17050794,Van Rooijen Logistiek B.V.,2024,Crowe Foederer
17050794,Van Rooijen Logistiek B.V.,2025,Crowe Foederer
86024256,Van Rooijen Operations B.V.,2023,Crowe Foederer
86024256,Van Rooijen Operations B.V.,2024,Crowe Foederer
86024256,Van Rooijen Operations B.V.,2025,Crowe Foederer
16054322,Van Tilburg Mode en Sport B.V.,2024,Crowe Foederer
60989564,Van Tongerloo Zorggroep B.V.,2024,Crowe Foederer
60989564,Van Tongerloo Zorggroep B.V.,2025,Crowe Foederer
17040609,Van Vonderen Beheer Bergeijk B.V.,2021,Crowe Foederer
17040609,Van Vonderen Beheer Bergeijk B.V.,2024,Crowe Foederer
17040609,Van Vonderen Beheer Bergeijk B.V.,2025,Crowe Foederer
17212776,Van Vonderen Groep B.V.,2020,Crowe Foederer
17212776,Van Vonderen Groep B.V.,2021,Crowe Foederer
17212776,Van Vonderen Groep B.V.,2022,Crowe Foederer
17212776,Van Vonderen Groep B.V.,2024,Crowe Foederer
17212776,Van Vonderen Groep B.V.,2025,Crowe Foederer
30199173,Van Walderveen Groep B.V.,2021,Crowe Peak
23045822,Van Wijk & Boerma Firepacks B.V.,2019,Crowe Foederer
23045822,Van Wijk & Boerma Firepacks B.V.,2020,Crowe Foederer
17073885,Van Zelst Automaten B.V.,2022,Crowe Foederer
17073885,Van Zelst Automaten B.V.,2023,Crowe Foederer
16051676,VANBOXTEL B.V.,2020,Crowe Foederer
16051676,VANBOXTEL B.V.,2022,Crowe Foederer
16051676,VANBOXTEL B.V.,2023,Crowe Foederer
16051676,VANBOXTEL B.V.,2025,Crowe Foederer
17127106,Vasom Beheer B.V.,2019,Crowe Foederer
17127106,Vasom Beheer B.V.,2020,Crowe Foederer
17127106,Vasom Beheer B.V.,2022,Crowe Foederer
17127106,Vasom Beheer B.V.,2023,Crowe Foederer
86587021,VBH Holding B.V.,2023,Crowe Foederer
86587021,VBH Holding B.V.,2024,Crowe Foederer
35007604,Veerkarton B.V.,2020,Crowe Peak
59685131,Velocity Electronics,2019,Crowe Foederer
59685131,Velocity Electronics,2021,Crowe Foederer
59685131,Velocity Electronics,2022,Crowe Foederer
27144906,Vemo Lease B.V.,2019,Crowe Peak
27144906,Vemo Lease B.V.,2022,Crowe Peak
27144906,Vemo Lease B.V.,2024,Crowe Peak
52657841,Veneta B.V.,2019,Crowe Peak
52657841,Veneta B.V.,2020,Crowe Peak
52657841,Veneta B.V.,2021,Crowe Peak
52657841,Veneta B.V.,2022,Crowe Peak
52657841,Veneta B.V.,2023,Crowe Peak
52657841,Veneta B.V.,2024,Crowe Peak
08043003,Ventilex B.V.,2019,Crowe Foederer
08043003,Ventilex B.V.,2020,Crowe Foederer
08043003,Ventilex B.V.,2023,Crowe Foederer
08043003,Ventilex B.V.,2024,Crowe Foederer
40347582,Vereniging Montessori Kralingen (MSK),2023,Crowe Foederer
40347582,Vereniging Montessori Kralingen (MSK),2024,Crowe Foederer
20146924,Vereniging onderwijshuisvesting voortgezet onderwijs Breda in coöperatief verband met uitsluiting van aansprakelijkheid (U.A.),2024,Crowe Foederer
40408521,Vereniging tot exploitatie Montessorischool Wassenaar,2023,Crowe Foederer
06051672,Vernay Europa B.V.,2019,Crowe Peak
06051672,Vernay Europa B.V.,2021,Crowe Peak
06051672,Vernay Europa B.V.,2022,Crowe Peak
06051672,Vernay Europa B.V.,2023,Crowe Peak
06051672,Vernay Europa B.V.,2024,Crowe Peak
13029899,VERVAEKE MULTIMODAL B.V.,2019,Crowe Foederer
13029899,VERVAEKE MULTIMODAL B.V.,2023,Crowe Foederer
73210463,VGI-Groep,2020,Crowe Foederer
73210463,VGI-Groep,2021,Crowe Foederer
73210463,VGI-Groep,2022,Crowe Foederer
73210463,VGI-Groep,2023,Crowe Foederer
73210463,VGI-Groep,2024,Crowe Foederer
81273169,VIDATEK B.V.,2022,Crowe Foederer
81273169,VIDATEK B.V.,2024,Crowe Foederer
23043879,Viking Life-Saving Equipment B.V.,2023,Crowe Peak
23043879,Viking Life-Saving Equipment B.V.,2024,Crowe Peak
30091120,Vistra B.V.,2019,Crowe Peak Audit
08024067,Vitakraft Benelux B.V.,2022,Crowe Peak
08024067,Vitakraft Benelux B.V.,2023,Crowe Peak
08024067,Vitakraft Benelux B.V.,2025,Crowe Peak
16016191,Vitelco B.V.,2019,Crowe Foederer
82829527,VMN Bidco B.V.,2022,Crowe Peak
82829527,VMN Bidco B.V.,2023,Crowe Peak
82829527,VMN Bidco B.V.,2025,Crowe Peak
66348773,VMN Group Holding B.V.,2020,Crowe Foederer
85314560,VMN Topco B.V.,2022,Crowe Peak
85314560,VMN Topco B.V.,2023,Crowe Peak
85314560,VMN Topco B.V.,2024,Crowe Peak
88250024,Voltage Holding B.V.,2024,Crowe Foederer
88250024,Voltage Holding B.V.,2025,Crowe Foederer
75951797,Vonq Group B.V.,2024,Crowe Peak
17109461,Voortgezet Onderwijs Best-Oirschot locatie Heerbeeck College,2023,Crowe Foederer
17109461,Voortgezet Onderwijs Best-Oirschot locatie Heerbeeck College,2024,Crowe Foederer
17109461,Voortgezet Onderwijs Best-Oirschot locatie Heerbeeck College,2025,Crowe Foederer
14095674,Vossenberg Management B.V.,2019,Crowe Foederer
14095674,Vossenberg Management B.V.,2021,Crowe Foederer
82939322,Vulcan B.V.,2021,Crowe Foederer
82939322,Vulcan B.V.,2022,Crowe Foederer
82939322,Vulcan B.V.,2023,Crowe Foederer
82939322,Vulcan B.V.,2024,Crowe Foederer
27290807,Vuurenvaart B.V.,2020,Crowe Peak
41102088,Waldorf Breda,2023,Crowe Foederer
16084337,Walthry Holding B.V.,2024,Crowe Foederer
17251019,Waterschap Aa en Maas,2019,Crowe Foederer
17277734,Waterschap De Dommel,2025,Crowe Foederer
30276831,waterschap Hoogheemraadschap De Stichtse Rijnlanden,2019,Crowe Foederer
30276831,waterschap Hoogheemraadschap De Stichtse Rijnlanden,2020,Crowe Foederer
30276831,waterschap Hoogheemraadschap De Stichtse Rijnlanden,2022,Crowe Foederer
30276831,waterschap Hoogheemraadschap De Stichtse Rijnlanden,2023,Crowe Foederer
30276831,waterschap Hoogheemraadschap De Stichtse Rijnlanden,2024,Crowe Foederer
74534246,WE BAKE IT HAPPEN B.V.,2019,Crowe Peak
74534246,WE BAKE IT HAPPEN B.V.,2021,Crowe Peak.
74534246,WE BAKE IT HAPPEN B.V.,2022,Crowe Peak
74534246,WE BAKE IT HAPPEN B.V.,2023,Crowe Peak
17185203,Welsy B.V.,2019,Crowe Foederer
17185203,Welsy B.V.,2020,Crowe Foederer
17087859,Welten,2020,Crowe Foederer
17087859,Welten,2022,Crowe Foederer
17087859,Welten,2023,Crowe Foederer
17087859,Welten,2024,Crowe Foederer
17100921,Welten Detachering B.V.,2019,Crowe Foederer
17100921,Welten Detachering B.V.,2020,Crowe Foederer
17100921,Welten Detachering B.V.,2021,Crowe Foederer
17100921,Welten Detachering B.V.,2023,Crowe Foederer
88626342,Welten Group B.V.,2023,Crowe Foederer
88626342,Welten Group B.V.,2024,Crowe Foederer
51422832,Werkvoorzieningschap Oostelijk Zuid Limburg,2022,Crowe Foederer
12011905,Werner & Pfleiderer Haton B.V.,2021,Crowe Contour
12011905,Werner & Pfleiderer Haton B.V.,2022,Crowe Foederer
12011905,Werner & Pfleiderer Haton B.V.,2023,Crowe Foederer
12011905,Werner & Pfleiderer Haton B.V.,2024,Crowe Foederer
12011905,Werner & Pfleiderer Haton B.V.,2025,Crowe Foederer
13013053,Wessem Holding B.V.,2022,Crowe Foederer
13013053,Wessem Holding B.V.,2023,Crowe Foederer
13013053,Wessem Holding B.V.,2025,Crowe Foederer
14050751,Wessem Port Services Group B.V.,2023,Crowe Foederer
14050751,Wessem Port Services Group B.V.,2025,Crowe Foederer
14114157,Westrom,2022,Crowe Foederer
14114157,Westrom,2023,Crowe Foederer
17058683,Wicro Group Eindhoven B.V.,2019,Crowe Foederer
17058683,Wicro Group Eindhoven B.V.,2020,Crowe Foederer
17058683,Wicro Group Eindhoven B.V.,2022,Crowe Foederer
17058683,Wicro Group Eindhoven B.V.,2023,Crowe Foederer
75593157,Wido Groep B.V.,2024,Crowe Peak
17033749,Wijnen Bouw Someren B.V.,2023,Crowe Foederer
17033749,Wijnen Bouw Someren B.V.,2024,Crowe Foederer
17112556,Wijnen Bouwgroep B.V.,2023,Crowe Foederer
17112556,Wijnen Bouwgroep B.V.,2024,Crowe Foederer
12016578,Wijntransport B.V.,2019,Crowe Foederer
12016578,Wijntransport B.V.,2020,Crowe Foederer
12016578,Wijntransport B.V.,2022,Crowe Foederer
12048800,Wil Holthuijsen Beheer B.V.,2023,Crowe Foederer
05063293,Willem van der Most Holding B.V.,2020,Crowe Foederer
05063293,Willem van der Most Holding B.V.,2021,Crowe Foederer
05063293,Willem van der Most Holding B.V.,2022,Crowe Foederer
05063293,Willem van der Most Holding B.V.,2023,Crowe Foederer
09172572,Willemsen Holding Huissen B.V.,2022,Crowe Peak
09172572,Willemsen Holding Huissen B.V.,2023,Crowe Peak
10146259,Willemsen interieurbouw & scheepsbetimmering B.V.,2022,Crowe Peak
24453143,Wilmar Europe Trading B.V.,2025,Crowe Peak
17073750,Winny Hoffmann Beheer B.V.,2019,Crowe Foederer
17073750,Winny Hoffmann Beheer B.V.,2020,Crowe Foederer
17073750,Winny Hoffmann Beheer B.V.,2022,Crowe Foederer
17073750,Winny Hoffmann Beheer B.V.,2023,Crowe Foederer
32052337,Wirtgen Nederland B.V.,2020,Crowe Peak
32052337,Wirtgen Nederland B.V.,2021,Crowe Peak
32052337,Wirtgen Nederland B.V.,2022,Crowe Peak
32052337,Wirtgen Nederland B.V.,2023,Crowe Peak
32052337,Wirtgen Nederland B.V.,2024,Crowe Peak
68363117,Wisdom Holding Netherlands B.V.,2019,Crowe Peak
68363117,Wisdom Holding Netherlands B.V.,2020,Crowe Peak
68363117,Wisdom Holding Netherlands B.V.,2021,Crowe Peak
68363117,Wisdom Holding Netherlands B.V.,2022,Crowe Peak
68363117,Wisdom Holding Netherlands B.V.,2024,Crowe Peak
67008151,Wisdom Property NL I B.V.,2020,Crowe Peak
67008151,Wisdom Property NL I B.V.,2022,Crowe Peak
67008151,Wisdom Property NL I B.V.,2024,Crowe Peak
71436812,WSP Parkstad,2020,Crowe Foederer
71436812,WSP Parkstad,2022,Crowe Foederer
71436812,WSP Parkstad,2023,Crowe Foederer
56317220,WSP Parkstad Detachering B.V.,2020,Crowe Foederer
56317220,WSP Parkstad Detachering B.V.,2021,Crowe Foederer
56317220,WSP Parkstad Detachering B.V.,2023,Crowe Foederer
70536228,Xara Beheer B.V.,2020,Crowe Peak
70536228,Xara Beheer B.V.,2022,Crowe Peak
35028453,XIDOOR B.V.,2019,Crowe Foederer
35028453,XIDOOR B.V.,2020,Crowe Foederer
35028453,XIDOOR B.V.,2021,Crowe Foederer
35028453,XIDOOR B.V.,2022,Crowe Foederer
35028453,XIDOOR B.V.,2023,Crowe Foederer
35028453,XIDOOR B.V.,2024,Crowe Foederer
41095503,Xpect013,2023,Crowe Foederer
41095503,Xpect013,2024,Crowe Foederer
92180302,Xpect013 KO Holding B.V.,2024,Crowe Foederer
92180302,Xpect013 KO Holding B.V.,2025,Crowe Foederer
55541496,Ya Works Capital B.V.,2019,Crowe Foederer
55541496,Ya Works Capital B.V.,2020,Crowe Foederer
55541496,Ya Works Capital B.V.,2021,Crowe Foederer
55038549,YaLa B.V.,2022,Crowe Peak
11023574,Yale Nederland B.V.,2019,Crowe Peak
11023574,Yale Nederland B.V.,2020,Crowe Peak
11023574,Yale Nederland B.V.,2022,Crowe Peak
34314368,YaWorks B.V.,2019,Crowe Foederer
34314368,YaWorks B.V.,2020,Crowe Foederer
34314368,YaWorks B.V.,2021,Crowe Foederer
34314368,YaWorks B.V.,2022,Crowe Foederer
34299379,YC Amsterdam B.V.,2019,Crowe Foederer
34299379,YC Amsterdam B.V.,2020,Crowe Foederer
34299379,YC Amsterdam B.V.,2022,Crowe Foederer
34299379,YC Amsterdam B.V.,2024,Crowe Foederer
63371693,YC Properties Coöperatie U.A.,2019,Crowe Foederer
63371693,YC Properties Coöperatie U.A.,2020,Crowe Foederer
63371693,YC Properties Coöperatie U.A.,2021,Crowe Foederer
63371693,YC Properties Coöperatie U.A.,2024,Crowe Foederer
17073654,ZETES B.V.,2020,Crowe Foederer
17073654,ZETES B.V.,2021,Crowe Foederer
17073654,ZETES B.V.,2024,Crowe Foederer
66476615,Zorg voor U B.V.,2019,Crowe Foederer
66476615,Zorg voor U B.V.,2020,Crowe Foederer
41082569,Zuiderbos Vught,2021,Crowe Foederer
41082569,Zuiderbos Vught,2022,Crowe Foederer
41082569,Zuiderbos Vught,2023,Crowe Foederer
41082569,Zuiderbos Vught,2024,Crowe Foederer
58259309,Zuiderwindlelie B.V.,2023,Crowe Foederer
58259309,Zuiderwindlelie B.V.,2024,Crowe Foederer
