kvk,naam,boekjaar,accountant,sbi,plaats
30214009,Stichting Vredesbeweging PAX Nederland,2020,Mazars,94996,
01031931,Stichting Dynhus,2020,Mazars,68201,
41198289,Stichting Pensioenfonds Mercer,2021,Mazars,65302,
65001583,Stichting Het Nederlandse Pensioenfonds,2021,Mazars,65302,
73011312,DTS Holding B.V.,2021,Mazars,64210,
41023912,Het Flevo-landschap,2020,Mazars,91420,
41023912,Het Flevo-landschap,2021,Mazars,91420,
30139084,Arval B.V.,2020,Mazars,77112,
30139084,Arval B.V.,2021,Mazars,77112,
41151329,Stichting Pensioenfonds Ernst & Young,2020,Mazars,65302,
63774356,Stichting Administratiekantoor Continuïteit ABN AMRO Bank,2021,Mazars,66191,
41027020,Stichting Erfgoed Stikaz,2020,Mazars,94993,
61834270,Stichting Bedrijfstakpensioenfonds voor de Zuivel en aanverwante industrie,2020,Mazars,65301,
37145799,KMU Verzekeringen N.V.,2021,Mazars,65121,
41160229,Stichting PUM,2020,Mazars,94996,
41160229,Stichting PUM,2021,Mazars,94996,
59826525,Bredenoord Holding B.V.,2020,Mazars,64210,
28085082,Valkenhorst Participatie B.V.,2020,Mazars,64210,
27339260,Nederlandse Orde van Advocaten,2020,Mazars,94120,
76479587,Riedel Beheer B.V.,2020,Mazars,64210,
76479587,Riedel Beheer B.V.,2021,Mazars,64210,
34317623,Wegochem Europe B.V.,2020,Mazars,46851,
34317623,Wegochem Europe B.V.,2021,Mazars,46851,
18047247,Vpk Nederland B.V.,2020,Mazars,64210,
17061117,Spirotech B.V.,2021,Mazars,28290,
11015371,Meubelfabriek De Toekomst B.V.,2020,Mazars,31000,
41187306,Museum Catharijneconvent,2020,Mazars,91211,
57450765,Tradiro Personeelsdiensten B.V.,2020,Mazars,78201,
10024859,ANAC B.V.,2020,Mazars,70102,
20114702,Interstellar Zuid B.V.,2021,Mazars,64210,
30106792,Ma Group B.V.,2021,Mazars,64210,
57811067,Yellow Chips Holding B.V.,2021,Mazars,64210,
76001601,VDF European Holdings B.V.,2020,Mazars,46382,
80019471,Nextco 2.0 B.V.,2020,Mazars,64210,
16063843,Cyclomedia,2020,Mazars,62100,
33289126,Vistra Depositary Services B.V.,2020,Mazars,64210,
33289126,Vistra Depositary Services B.V.,2021,Mazars,64210,
33288437,Bolo B.V.,2020,Mazars,70201,
33288437,Bolo B.V.,2021,Mazars,70201,
60904755,Gilde Equity Management (GEM) Benelux Fund III Coöperatief B.A.,2020,Mazars,64923,
30093002,Fashion Linq B.V.,2020,Mazars,46861,
09048710,Kaak Bakeware B.V.,2020,Mazars,25510,
11067133,Van Dillen Groep,2020,Mazars,66120,
29030061,Oranjewoud N.V.,2020,Mazars,64210,
75236095,Huuskes Holding B.V.,2021,Mazars,64210,
41223485,Teylers Museum,2021,Mazars,91211,
24379832,Nevo Holding,2021,Mazars,64210,
41150184,Stichting Nederlands Dans Theater,2020,Mazars,90200,
52977110,Sungevity Netherlands B.V.,2021,Mazars,43211,
05052143,Breman Installatiegroep B.V.,2020,Mazars,70102,
05052143,Breman Installatiegroep B.V.,2021,Mazars,70102,
30204038,FWG Bedrijf B.V.,2021,Mazars,62100,
09178566,Kaak Groep B.V.,2020,Mazars,64210,
30007294,De Stiho Groep B.V.,2020,Mazars,64310,
30007294,De Stiho Groep B.V.,2021,Mazars,64310,
40506058,vereniging eigen huis,2021,Mazars,94997,
34103753,Record Industry B.V.,2020,Mazars,18200,
24271429,BNP Paribas Leasing Solutions N.V.,2020,Mazars,64922,
56074875,PricewaterhouseCoopers Service Delivery Centre Holdings (Katowice) B.V.,2021,Mazars,70102,
69407193,Mondriaan 2017 B.V.,2020,Mazars,64310,
41212043,Stichting CliniClowns Nederland,2020,Mazars,94995,
41212043,Stichting CliniClowns Nederland,2021,Mazars,94995,
67976425,Accunia European CLO II B.V.,2020,Mazars,,
41087291,Stichting Pensioenfonds Coram in liquidatie,2021,Mazars,65302,
24231223,Janex International B.V.,2021,Mazars,46851,
30010609,Contimeta B.V.,2020,Mazars,28290,
30277836,Racu B.V.,2020,Mazars,28930,
55460666,Valkenhorst Participatie III,2020,Mazars,70102,
55460666,Valkenhorst Participatie III,2021,Mazars,70102,
30056466,L.F.E. Holding B.V.,2020,Mazars,64310,
65037022,Sas van Vreeswijk B.V.,2021,Mazars,42910,
34178306,Park Plaza Hotels Europe B.V.,2020,Mazars,64210,
34266306,Stichting Juridisch Eigendom Hoofbosch Beleggingsfonds,2020,Mazars,69209,
11056465,Stichting OVO,2020,Mazars,85311,
34262298,International Hospital Corporation Holding N.V.,2020,Mazars,64210,
16033150,Bert Plantagie B.V.,2020,Mazars,31000,
24282098,Besix Nederland B.V.,2020,MAZARS,41000,
33215681,Nafan Amsterdam B.V.,2021,Mazars,64210,
71324364,Green Apple 2018-I NHG B.V.,2020,Mazars,64210,
24155189,N.V. Schadeverzekeringsmaatschappij Maas Lloyd,2020,Mazars,65121,
41266214,Stichting Waarborgfonds MBO,2021,Mazars,94995,
30235217,Vereniging PO-Raad,2021,Mazars,94110,
30241879,Stichting Pensioenregister,2020,Mazars,66292,
27283716,Pels Rijcken & Droogleever Fortuijn N.V.,2020,Mazars,69101,
27283716,Pels Rijcken & Droogleever Fortuijn N.V.,2021,Mazars,69101,
41183558,Stichting SBOH,2020,Mazars,85402,
41183558,Stichting SBOH,2021,Mazars,85402,
41178953,Stichting Bedrijfstakpensioenfonds voor het Kappersbedrijf,2021,Mazars,65301,
08020461,Van Werven Holding B.V.,2020,Mazars,64210,
09041034,Kaak Food Processing Systems B.V.,2020,Mazars,28930,
09041034,Kaak Food Processing Systems B.V.,2021,Mazars,28930,
69900752,Linthorst World B.V.,2021,Mazars,64210,
06051721,Heupink & Bloemen Tabak B.V.,2020,Mazars,12000,
06051721,Heupink & Bloemen Tabak B.V.,2021,Mazars,12000,
24270518,Orga Holding B.V.,2020,Mazars,64210,
24270518,Orga Holding B.V.,2021,Mazars,64210,
40482194,NVZ vereniging van ziekenhuizen,2021,Mazars,94110,
34066564,Motel Haarlemmermeer B.V.,2020,Mazars,55101,
56033435,Finance One B.V.,2020,Mazars,,
30039328,Woonstichting SSW,2020,Mazars,,
24328944,Krohne Oil & Gas B.V.,2020,Mazars,46645,
17129358,BDO Holding B.V.,2020,Mazars,64210,
23087418,Appelbloesem B.V.,2021,Mazars,64210,
08120687,Van Werven Infra B.V.,2021,Mazars,43120,
41015062,Stichting Pensioenfonds NEG Nederland,2020,Mazars,,
30040187,Woningstichting Vecht en Omstreken,2020,Mazars,68201,
23032248,Stichting Poort6,2021,Mazars,68201,
41200170,Stichting Sportfondsen Pensioenfonds,2021,Mazars,65302,
77801806,De Kraamvogel Nederland B.V.,2020,Mazars,88101,
62006851,Eurojob B.V.,2020,Mazars,78201,
50723006,Monolith N.V.,2021,Mazars,6420,
05070105,Stichting Pensioenfonds Abbott Nederland,2020,Mazars,65301,
05070105,Stichting Pensioenfonds Abbott Nederland,2021,Mazars,65301,
10028433,Lincoln Electric Europe B.V.,2021,Mazars,46620,
33015645,CNH Industrial Capital Europe B.V.,2020,Mazars,64922,
16064222,Kaak Dough Technology B.V.,2021,Mazars,28930,
71472274,De Groene Boog Holding B.V.,2020,Mazars,64210,
24444218,Oriole Investments Coöperatie U.A.,2020,Mazars,64210,
41125529,"Stichting ""Het Zuid-Hollands Landschap""",2020,Mazars,91420,
34276488,BJJI B.V.,2021,Mazars,64210,
62846957,DLG Perishable Logistics B.V.,2021,Mazars,,
27047100,KesslerPerspektief,2021,Mazars,87992,
52830357,MVRDV B.V.,2021,Mazars,71111,
08185413,Linthorst Techniek B.V.,2020,Mazars,43222,
09171813,accon avm groep B.V.,2020,Mazars,,
41246800,Stichting Openbare Bibliotheek Almere,2020,Mazars,91111,
76143236,Amethyst Radiotherapy Group B.V.,2021,Mazars,64210,
76143236,Amethyst Radiotherapy Group B.V.,2020,Mazars,64210,
69987637,Transatlantic Partners B.V.,2020,Mazars,64210,
61812986,Essence V B.V.,2020,Mazars,,
61713562,BFST Holding B.V.,2020,Mazars,,
05050412,Ship Immobilia B.V.,2020,Mazars,64210,
41181555,Stichting Nationaal Restauratiefonds,2020,Mazars,64929,
24432506,Tradiro Facilities B.V.,2020,Mazars,68310,
24351749,Van der Vorm Vastgoed,2020,Mazars,64210,
27291562,HVEG Fashion Group,2020,Mazars,64210,
30119041,QBuild Calamiteiten Herstel B.V.,2020,Mazars,41000,
30041379,Kargro,2020,Mazars,46720,
41200230,Stichting Koninklijk Nederlands Geleidehondenfonds,2020,Mazars,96990,
08034134,Elis Nederland B.V.,2021,PwC; Mazars,96100,
41178974,Stichting Hogeschool voor de Kunsten Utrecht / HKU,2020,Mazars,85401,
41178974,Stichting Hogeschool voor de Kunsten Utrecht / HKU,2021,Mazars,85401,
30190436,AT Osborne Holding B.V.,2020,Mazars,69203,
05057813,N.V. ROVA Holding,2020,Mazars,70102,
41114014,HZ / HZ University of Applied Sciences,2020,Mazars,85401,
41114014,HZ / HZ University of Applied Sciences,2021,Mazars,85401,
41011600,Stichting Pensioenfonds PostNL,2021,Mazars,65302,
34071979,J.M. Levarht & Zonen B.V.,2020,Mazars,,
28079229,Aloysius Stichting Onderwijs Jeugdzorg Bestuurskantoor,2020,Mazars,85203,
28079229,Aloysius Stichting Onderwijs Jeugdzorg Bestuurskantoor,2021,Mazars,85203,
41097718,Stichting Fontys,2020,Mazars,85401,
05059718,Countus Accountants + Adviseurs B.V.,2021,Mazars,69202,
23018855,Beheermaatschappij A. Maat B.V.,2020,Mazars,66300,
23018855,Beheermaatschappij A. Maat B.V.,2021,Mazars,66300,
40530895,"HUMANITAS, Nederlandse vereniging voor maatschappelijke dienstverlening en samenlevingsopbouw",2020,Mazars,88992,
41180521,Stichting Timon,2020,Mazars,87991,
06061578,Thales Nederland,2020,Mazars,26510,
27251497,SnowWorld Leisure N.V.,2021,Forvis; Mazars,64320,
24193105,L. en R.T. Prins Holding B.V.,2021,Mazars,64210,
40530953,"Amnesty International, Afdeling Nederland",2021,Mazars,94996,
62312731,Neele-Vat Logistics B.V.,2020,Mazars,64210,
62312731,Neele-Vat Logistics B.V.,2021,Mazars,64210,
69504709,Kinly Top Holding B.V.,2021,Mazars,64210,
69053898,Brisker Holding B.V.,2021,Mazars,64210,
65880048,Essence VI B.V.,2021,Mazars,64210,
65880048,Essence VI B.V.,2020,Mazars,64210,
11018154,A. Hak Groep B.V.,2020,Mazars,70102,
11026852,Vermeulen en Vermeulen Beheer B.V.,2020,Mazars,64210,
32062177,P. Belgraver Holding B.V.,2021,Mazars,64210,
41095601,Stichting Pensioenfonds voor Verloskundigen,2021,Mazars,65303,
41042610,Stichting Stimuleringsfonds Volkshuisvesting Nederlandse Gemeenten,2020,Mazars,64921,
23085191,Staalstraat Holding B.V.,2020,Mazars,64210,
23091285,Christelijke Scholengroep De Waard,2020,Mazars,85201,
30146541,MaxGrip B.V.,2020,Mazars,70201,
30117367,Geberit B.V.,2020,Mazars,46837,
33126367,N.V. Verzekeringsbedrijf Groot Amsterdam (VGA),2020,Mazars,65121,
34034429,Schneider Electric The Netherlands B.V.,2020,E & Y ; Mazars,46500,
78203872,umanità B.V.,2020,Mazars,88992,
78203872,umanità B.V.,2021,Mazars,88992,
34287700,Netafim Coöperatie U.A.,2020,Mazars,64310,
34287700,Netafim Coöperatie U.A.,2021,Mazars,64310,
52391817,HallStar Europe B.V.,2020,Mazars,78202,
82347646,PPG Holding B.V.,2021,Mazars,64210,
01031631,Stichting v/h de Bouwvereniging,2020,Mazars,68201,
34314931,CGG Holding B.V.,2021,"Mazars, E & Y",64210,
34222743,Renoir CDO B.V.,2020,Mazars,64310,
16090288,Mosaic Microliving Holding I B.V.,2021,Mazars,64210,
76661016,Stichting Bewaarder SynVest Dutch RealEstate Fund,2020,Mazars,66191,
76661016,Stichting Bewaarder SynVest Dutch RealEstate Fund,2021,Mazars,66191,
41244136,Stichting Pensioenfonds Witteveen+Bos,2021,Mazars,65301,
68429975,LBP Dutch Mortgage Portfolio 1 B.V.,2021,Mazars,64210,
69186561,NewFor Holding B.V.,2020,Mazars,64210,
30139207,Van Drie Holding B.V.,2020,Mazars,64210,
30139207,Van Drie Holding B.V.,2021,Mazars,64210,
16065649,Nutripack Benelux B.V.,2021,KPMG; Mazars,22220,
63333104,Helianthus Investments B.V.,2020,Mazars,64210,
30215833,Gilde Healthcare Partners B.V.,2021,Mazars,64210,
34147938,"IVN, Instituut voor Natuureducatie en duurzaamheid",2021,Mazars,94996,
34259970,Stichting Tijdspaarfonds Bouw & Infra,2021,Mazars,65309,
12067345,Cummins Emission Solutions Netherlands B.V.,2020,Mazars,29320,
67721427,Valkenhorst Participatie IV B.V.,2020,Mazars,55101,
34192455,Stichting Jeugdfonds Sport & Cultuur Nederland,2020,Mazars,94997,
11046203,Dutch Tecsource B.V.,2021,Mazars,28930,
58259937,D.G. Solutions B.V.,2020,Mazars,64210,
30091120,Vistra B.V.,2021,Mazars,64210,
34096389,A.J.M. Vermeulen Holding B.V.,2020,Mazars,64210,
56070292,Abeos Cross Border Services B.V.,2021,Mazars,78201,
41099316,Wijkestein,2020,Mazars,87100,
70822417,Tourism Group International B.V.,2020,Mazars,64210,
34308168,ALSTOM Netherlands B.V.,2020,PwC; Mazars,33170,
34308168,ALSTOM Netherlands B.V.,2021,PwC; Mazars,33170,
41227126,Stichting Bedrijfstakpensioenfonds voor de Reisbranche in liquidatie,2020,Mazars,64320,
17030447,Next Level Group B.V.,2020,Mazars,62100,
09103809,"Afvalcombinatie ""De Vallei"" N.V.",2020,Mazars,38110,
81928491,Pepco Group N.V.,2021,Mazars,64210,
70159106,Red Wind B.V.,2020,Mazars,43240,
11044303,Niacet B.V.,2020,Mazars,20149,
11032110,Wigema B.V.,2020,Mazars,64210,
30067608,Capgemini N.V.,2020,Mazars,70102,
34181542,Schuberg Philis Group B.V.,2020,Mazars,64210,
34292902,Adriana Infrastructure CLO 2008-I B.V.,2020,Mazars,64210,
58567690,Dare To Be Holding B.V.,2020,Mazars,64210,
09071492,J.H. Kaak Holding B.V.,2020,Mazars,64210,
09071492,J.H. Kaak Holding B.V.,2021,Mazars,64210,
51671182,Maandag Holding B.V.,2020,Mazars,64210,
51671182,Maandag Holding B.V.,2021,Mazars,64210,
02032331,NOM,2021,Mazars,64923,
30247325,TivoliVredenburg,2021,Mazars,90310,
34064557,Lagardère Travel Retail the Netherlands B.V.,2020,Mazars,64210,
06054012,Huuskes,2020,Mazars,46390,
28091427,Sushi Ran B.V.,2020,Mazars,10200,
08022220,REHAU N.V.,2020,Mazars,46838,
30168509,PRGX Nederland B.V.,2021,Mazars,69203,
55039987,IBS Capital Management B.V.,2021,Mazars,64210,
30204915,Rivean Capital Management Holding B.V.,2021,Mazars,64210,
05051482,IJssel Technologie B.V.,2020,Mazars,71120,
30282159,Gilde Equity Management (GEM) Benelux Fund II B.V.,2020,Mazars,64210,
34080553,Prins De Boer Staal B.V.,2020,Mazars,25530,
37098483,Maandag Interim Professionals B.V.,2021,Mazars,78100,
24279246,ATAG Nederland B.V.,2020,Mazars,46432,
38017223,Aebi Schmidt Nederland B.V.,2020,Mazars,28300,
39053818,PVH International B.V.,2020,Mazars,46472,
35025338,Roto B.V.,2020,Mazars,70101,
33201301,Dinytei B.V.,2021,Mazars,64210,
14058851,UFP Benelux B.V.,2021,Mazars,46500,
41169654,Stichting Teylingereind,2021,Mazars,87991,
41208813,Stichting Defence for Children International Nederland - ECPAT Nederland,2020,Mazars,94995,
41199776,Stichting Pensioenfonds Alliance,2020,Mazars,64320,
30239960,Komfort Holding B.V.,2020,Mazars,70102,
30200121,Conti Investments B.V.,2021,Mazars,64210,
08099569,HBT Holding B.V.,2020,Mazars,64210,
58864504,Konopacka Holdings B.V.,2020,Mazars,64210,
75278561,Abeos Uitzend Holding B.V.,2020,Mazars,78100,
08031646,Metos B.V.,2020,Mazars,33123,
41205545,Stichting Ronald McDonald Kinderfonds,2020,Mazars,94993,
67352669,JerCon B.V.,2021,Mazars,64210,
24153095,Curosa Rotterdam Beheer B.V.,2020,Mazars,64210,
16024880,Stichting Area,2021,Mazars,68201,
34183694,Publicis Groupe Holdings B.V.,2021,Mazars; E & Y,63920,
53754298,SynVest German RealEstate Fund N.V.,2020,Mazars,64310,
23053436,Tremco CPG Netherlands B.V.,2021,Mazars,22260,
08172294,Bredenoord Beheer Apeldoorn B.V.,2021,Mazars,70102,
41031563,Stichting Nederlandse Reisopera,2021,Mazars,90200,
24185744,SOR,2020,Mazars,68201,
27256312,Natuna 2 B.V.,2020,Mazars,77400,
12000643,ZON,2020,Mazars,46110,
34278112,Argentum Netherlands B.V.,2020,Mazars,64210,
30081768,Kargro Beheer B.V.,2020,Mazars,64210,
30042372,Neitraco Beheer B.V.,2020,Mazars,64210,
30213012,Stichting Klachten en Geschillen Zorgverzekeringen,2020,Mazars,69102,
16013477,Udylite,2020,Mazars,20130,
06079119,Sportaal B.V.,2020,Mazars,93111,
06079119,Sportaal B.V.,2021,Mazars,93111,
17063047,Coram Group B.V.,2021,Mazars,64210,
34240063,Rockall CLO B.V. in liquidatie,2021,Mazars,64922,
41192885,Stichting Pensioenfonds Scildon,2020,Mazars,,
24247129,Dawsongroup International B.V.,2021,Mazars,64210,
27318002,Brink Groep Invest B.V.,2020,Mazars,70102,
27318002,Brink Groep Invest B.V.,2021,Mazars,70102,
34259454,J.P. Morgan Structured Products B.V.,2020,Mazars,64210,
64605264,Curated EU,2020,Mazars,46450,
83107878,Pegasus Entrepreneurial Acquisition Company Europe B.V.,2021,Mazars,,
17108749,Micro-Star Netherlands Holding,2020,Mazars,70102,
63957906,Stichting Medisch Centrum Bloemendaal Dermatologie,2020,Mazars,86221,
63957906,Stichting Medisch Centrum Bloemendaal Dermatologie,2021,Mazars,86221,
59050357,Unico Investments B.V.,2020,Mazars,64210,
72155191,Former Bomelo Coop B.V.,2020,Mazars,,
23045001,Centraal Administratiekantoor Dordrecht B.V.,2020,Mazars,66220,
30023784,Schréder B.V.,2021,Mazars,46649,
02091445,Stichting Pensioenfonds B&S,2020,Mazars,,
27189954,Intro Uitzendbureau B.V.,2020,Mazars,78201,
24355532,BUHLMANN Beheer B.V.,2020,Mazars,64210,
06089439,Bestuurscentrum VCO Oost Nederland,2020,Mazars,85201,
30040105,Yama Products B.V.,2021,Mazars,46389,
30195416,Stichting Pensioenfonds Huisartsen in Opleiding,2020,Mazars,,
33177028,Buram Electro B.V.,2020,Mazars,,
32106698,SynVest RealEstate Fund N.V.,2021,Mazars,,
34261307,Eurojob International Holding B.V.,2020,Mazars,64210,
34116400,Schuberg Philis B.V.,2021,Mazars,62200,
59329718,PGZ Holding B.V.,2021,Mazars,,
41198521,Stichting Stemra,2020,Mazars,94997,
41179463,Stichting Metro Pensioenfonds in liquidatie,2021,Mazars,65302,
73336408,Adenes Nederland B.V.,2020,Mazars,66210,
58164545,Lao B.V.,2021,PwC; Mazars,70102,
05056372,Edena B.V.,2020,Mazars,70102,
24220900,A. de Jong B.V.,2020,Mazars,25110,
27108436,Oxfam Novib,2020,Mazars,94996,
27102125,Robein Leven N.V.,2020,Mazars,64210,
20054080,Veluvine B.V.,2020,Mazars,20300,
27146267,Robein Vermogensbeheer,2020,Mazars,64192,
24433625,MVRDV Holding B.V.,2020,Mazars,71111,
30004006,Strukton Groep,2021,Mazars,42110,
41160246,Stichting Pensioenfonds Recreatie (Pensioenfonds Recreatie),2021,Mazars,65301,
41174339,Driestar educatief,2020,Mazars,88991,
24183597,PricewaterhouseCoopers Eastern Europe B.V.,2020,Mazars,69201,
24356162,PricewaterhouseCoopers EE Holdings B.V.,2020,Mazars,64210,
28000558,Royal Van Lent Shipyard,2021,Mazars; E&Y,30120,
27189949,Intro Holding B.V.,2021,Mazars,64210,
77127331,GelreGroen B.V.,2021,Mazars,68120,
09118128,DPD (Nederland) B.V.,2020,Mazars,52310,
20007266,Midglas N.V.,2020,Mazars,65121,
27092998,Siemens Financieringsmaatschappij N.V.,2021,Mazars,64999,
41179500,Stichting Brocacef Pensioenfonds,2020,Mazars,65309,
32077000,PGZ B.V.,2020,Mazars,47820,
23014915,DLG Logistics B.V.,2020,Mazars,49410,
23014915,DLG Logistics B.V.,2021,Mazars,49410,
41097585,Stichting Raad voor Arbeidsverhoudingen Schoonmaak- en Glazenwassersbranche (Ras),2021,Mazars,94200,
41097585,Stichting Raad voor Arbeidsverhoudingen Schoonmaak- en Glazenwassersbranche (Ras),2020,Mazars,94200,
67937373,Studio TF1 Nederland Holding B.V.,2020,Mazars,64210,
34183680,Stichting Stayokay,2020,Mazars,55202,
33135742,Meijers Assurantiën B.V.,2020,Mazars,66220,
30052673,bbn,2020,Mazars,68120,
34236929,Urenco Finance N.V.,2021,Mazars,64192,
24160619,Neele-Vat Maasvlakte B.V.,2020,Mazars,52250,
72760958,Bell Textron Supply Center B.V.,2020,Mazars,64210,
27306184,Boost Loyalty B.V.,2021,Mazars,64210,
10143205,C.A.M. Willems Holding B.V.,2020,Mazars,70102,
24270632,Tepsa Netherlands B.V.,2021,Mazars,52101,
41022121,Stichting Woonpalet Zeewolde,2020,Mazars,68201,
41200170,Stichting Sportfondsen Pensioenfonds,2020,Mazars,65302,
64976734,Stichting VluchtelingenWerk Zuidwest-Nederland,2020,Mazars,,
41188040,Woningstichting Leusden,2020,Mazars,,
41198289,Stichting Pensioenfonds Mercer,2020,Mazars,65302,
14131945,Dierenopvangcentrum en Dierenambulance Limburg,2021,Forvis Mazars,75000,
24370396,National Academic Verzekeringsmaatschappij N.V.,2021,Mazars,65121,
74895907,N-NL B.V.,2021,Forvis Mazars,64320,
41126788,Stichting Sophia Kinderziekenhuis Fonds,2021,Mazars,94993,
41225955,Stichting Teylers Museum Vrienden Fonds,2021,Mazars,94993,
06064940,Oostermaat B.V.,2020,Mazars,68203,
41261210,Stichting Museum het Valkhof-Kam,2021,Mazars,91211,
28102903,Valkenhorst Participatie II B.V.,2021,Mazars,64210,
34369275,Peperbus II Securitisation B.V.,2021,Mazars,,
54771935,Arkem Chemicals B.V.,2021,Mazars,46851,
11015214,Rademaker B.V.,2021,Mazars,28930,
17061117,Spirotech B.V.,2020,Mazars,28290,
10029188,ARN B.V.,2020,Mazars,38220,
09171813,accon avm groep B.V.,2021,Mazars,,
70212821,ForHealthy N.V.,2021,Mazars,,
41095601,Stichting Pensioenfonds voor Verloskundigen,2020,Mazars,65303,
30155920,R&H Driessen Holding B.V.,2020,Mazars,64210,
24151956,Rothschild & Co Continuation Finance B.V.,2020,Mazars,64210,
24151956,Rothschild & Co Continuation Finance B.V.,2021,Mazars,64210,
34366008,Sociale Verzekeringsbank,2020,Mazars,84110,
20068544,Winters Groep B.V.,2020,Mazars,64210,
41011600,Stichting Pensioenfonds PostNL,2020,Mazars,65302,
55927890,Van Pijkeren Woningbouw B.V.,2020,Mazars,41000,
02027119,Revvity Health Sciences B.V.,2020,Mazars,20590,
24196661,Strauss Coffee B.V.,2020,Mazars,64210,
20133100,Antea Realisatie B.V.,2020,Mazars,71120,
32105796,Stichting Meerkring Primair Onderwijs Amersfoort,2020,Mazars,85201,
50679112,Phedina Hypotheken 2010 B.V.,2020,Mazars,66199,
34278112,Argentum Netherlands B.V.,2021,Mazars,64210,
34283024,TANITA Europe B.V.,2020,Mazars,52109,
30204922,Rivean Capital B.V.,2021,Mazars,64210,
18058436,R.N.B. Beheer B.V.,2020,Mazars,70102,
69370826,PwC Business Solutions B.V.,2020,Mazars,77400,
11055087,A. Hak Leidingbouw B.V.,2021,Mazars,42210,
69900752,Linthorst World B.V.,2020,Mazars,64210,
30056466,L.F.E. Holding B.V.,2021,Mazars,64310,
66754968,Fitchannel.com,2021,Mazars,60390,
66008182,Damadian Holding B.V.,2020,Mazars,64210,
66008182,Damadian Holding B.V.,2021,Mazars,64210,
08155361,Annicol B.V.,2020,Mazars,64210,
14058851,UFP Benelux B.V.,2020,Mazars,46500,
50719319,RIZ Vastgoed B.V.,2020,Mazars,68203,
61105570,Trustus Beleggingsfondsen N.V.,2020,Mazars,66120,
05083679,Dalfsen Holding B.V.,2020,Mazars,64210,
68482566,Essence VII B.V.,2021,Mazars,64210,
75397595,Accres Apeldoorn B.V.,2020,Mazars,93119,
30061125,RIZ Bouw B.V.,2021,Mazars,41000,
33299834,Boats Investments (Netherlands) B.V.,2021,Mazars,64922,
30241879,Stichting Pensioenregister,2021,Mazars,66292,
30077474,Paradigm Group B.V.,2020,Mazars,46901,
39053816,Plate en van Heusde B.V.,2020,Mazars,46839,
08141166,PMQ Holding B.V.,2020,Mazars,64210,
28073027,Stichting Woondiensten Aarwoude,2020,Mazars,68201,
30093002,Fashion Linq B.V.,2021,Mazars,46861,
24290419,Stichting UN1EK onderwijs,2020,Mazars,85201,
41158594,Stichting Nationaal Groenfonds,2020,Mazars,64929,
30233077,Strukton Civiel B.V.,2020,Mazars,66191,
62560727,Stichting LandschappenNL,2020,Mazars,94997,
62560727,Stichting LandschappenNL,2021,Mazars,94997,
11021748,Aannemersbedrijf C. van Dillen en Zoon B.V.,2021,Mazars,41000,
69311935,CycloMedia Holding B.V.,2020,Mazars,26200,
41187815,Stichting Raad voor Accreditatie,2020,Mazars,70202,
41187815,Stichting Raad voor Accreditatie,2021,Mazars,70202,
09178566,Kaak Groep B.V.,2021,Mazars,64210,
28024979,Leski Holding B.V.,2020,Mazars,64210,
28024979,Leski Holding B.V.,2021,Mazars,64210,
67656285,TMA Logistics B.V.,2020,Mazars,64210,
16063843,Cyclomedia,2021,Mazars,62100,
34218954,Stichting Cello Biënnale Amsterdam,2020,Mazars,90391,
27162452,Scalar Beheer B.V.,2020,Mazars,70102,
78706041,Essence VIII B.V.,2021,Mazars,64210,
28073551,Valkenhorst Voorschoten B.V.,2021,Mazars,70102,
69801738,LBP Dutch Mortgage Portfolio 2 B.V.,2021,Mazars,64210,
65037022,Sas van Vreeswijk B.V.,2020,Mazars,42910,
41241510,"Jan Arentsz, Christelijke Scholengemeenschap voor Lyceum, Havo, Mavo, VBO",2020,Mazars,85311,
34210313,Odin Warehousing & Logistics B.V.,2021,Mazars,52109,
75278561,Abeos Uitzend Holding B.V.,2021,Mazars,78100,
72192941,Shypple Top Holding B.V.,2021,Mazars,64210,
72977043,Little Travel Holding B.V.,2020,Mazars,64210,
78405165,Rikkert Afbouwgroep Holding B.V.,2020,Mazars,64210,
41187306,Museum Catharijneconvent,2021,Mazars,91211,
40478577,Stichting de Luisterlijn,2020,Mazars,88999,
17129358,BDO Holding B.V.,2021,Mazars,64210,
34306685,Decathlon Netherlands B.V.,2020,Mazars,47633,
27113827,Brink B.V.,2020,Mazars,64210,
30042265,MRP Development B.V.,2021,Mazars,68110,
34144012,ANK Holding B.V.,2020,Mazars,,
37162490,A. Hak Electron B.V.,2021,Mazars,42220,
68640374,Gulf gas and power,2020,Mazars,46180,
58908757,Stichting ING CDC Pensioenfonds,2020,Mazars,65302,
58908757,Stichting ING CDC Pensioenfonds,2021,Mazars,65302,
30010688,VIOS Bouwgroep,2020,Mazars,41000,
01073188,Intereffekt Investment Funds N.V.,2021,Mazars,,
24270641,SSC Flex B.V.,2021,Mazars,,
23045001,Centraal Administratiekantoor Dordrecht B.V.,2021,Mazars,66220,
24259746,ONGC Nile Ganga B.V.,2021,Mazars,09100,
30039328,Woonstichting SSW,2021,Mazars,,
34040238,LMP Holding B.V.,2020,Mazars,,
72157232,Bomelo Topco B.V.,2021,Mazars,,
34232803,Faxtor ABS 2005-1 B.V.,2020,Mazars,,
56468083,Niacet Holding B.V.,2020,Mazars,,
30215055,Gilde Healthcare Holding B.V.,2021,Mazars,64210,
08172294,Bredenoord Beheer Apeldoorn B.V.,2020,Mazars,70102,
34167469,Stichting Pictoright,2020,Mazars,94997,
52977110,Sungevity Netherlands B.V.,2020,Mazars,43211,
41178953,Stichting Bedrijfstakpensioenfonds voor het Kappersbedrijf,2020,Mazars,65301,
24254645,De Rijke Europe B.V.,2020,Mazars,64210,
29030061,Oranjewoud N.V.,2021,Mazars,64210,
24117002,Boland B.V.,2020,Mazars,46499,
24117002,Boland B.V.,2021,Mazars,46499,
40480372,De Groenhof,2020,Mazars,88992,
24197684,Van der Vorm Vastgoed Holding,2020,Mazars,64210,
24197684,Van der Vorm Vastgoed Holding,2021,Mazars,64210,
11067133,Van Dillen Groep,2021,Mazars,66120,
24379832,Nevo Holding,2020,Mazars,64210,
08120687,Van Werven Infra B.V.,2020,Mazars,43120,
41244237,Stichting Pensioenfonds TDV in liquidatie,2020,Mazars,65302,
41244237,Stichting Pensioenfonds TDV in liquidatie,2021,Mazars,65302,
24107861,Opel Financial Services,2020,Mazars,,
60292288,IJS Global Group Holding B.V.,2021,Mazars; E & Y,64210,
23053786,Réel Nederland B.V.,2020,Mazars; E & Y,64210,
34103753,Record Industry B.V.,2021,Mazars,18200,
84854286,Veeneman Bouw B.V.,2021,Mazars,41000,
24282098,Besix Nederland B.V.,2021,Mazars,41000,
27126635,Brink Management / Advies,2020,MAZARS,71120,
72164638,Bomelo Bidco B.V.,2020,Mazars,,
41150237,Stichting Sociaal Fonds voor de Zoetwaren Industrie,2021,Mazars,94993,
41126788,Stichting Sophia Kinderziekenhuis Fonds,2020,Mazars,94993,
41190685,Stichting Monton,2020,Mazars,85201,
63774356,Stichting Administratiekantoor Continuïteit ABN AMRO Bank,2020,Mazars,66191,
41151329,Stichting Pensioenfonds Ernst & Young,2021,Mazars,65302,
41134459,Stichting Vrienden van het Sophia,2020,Mazars,94993,
18033506,Brabantse Ontwikkelings Maatschappij Holding B.V.,2020,Mazars,64923,
06033011,Stichting Reggewoon,2020,Mazars,68201,
82465207,VAM Investments SPAC B.V.,2021,Mazars,6420,
17050808,Coppens Diervoeding B.V.,2020,Mazars,,
41181214,Stichting Special Arts Nederland,2020,Mazars,94994,
30200252,Sogeti Nederland B.V.,2020,Mazars,64210,
37145799,KMU Verzekeringen N.V.,2020,MAZARS,65121,
41154308,BPF voor de Banden en Wielenbranche,2021,Mazars,65301,
41197125,Stichting Koningin Wilhelmina Fonds voor de Nederlandse Kankerbestrijding,2020,Mazars,94993,
41197125,Stichting Koningin Wilhelmina Fonds voor de Nederlandse Kankerbestrijding,2021,Mazars,94993,
20100172,BNP Paribas Cardif Schadeverzekeringen N.V.,2020,Deloitte ; PwC ; Mazars,,
34237488,Hotel V Holding B.V.,2020,Mazars,64210,
16064222,Kaak Dough Technology B.V.,2020,Mazars,28930,
41151198,Stichting Kröller-Müller Museum,2020,Mazars,91211,
31032713,TwynstraGudde,2020,Mazars,70201,
71472274,De Groene Boog Holding B.V.,2021,Mazars,64210,
76642216,Intertoll Global B.V.,2020,Mazars,64210,
76642216,Intertoll Global B.V.,2021,Mazars,64210,
28085082,Valkenhorst Participatie B.V.,2021,Mazars,64210,
59826525,Bredenoord Holding B.V.,2021,Mazars,64210,
41009543,Stichting Will Niemeijer Pensioenfonds,2021,Mazars,,
27339260,Nederlandse Orde van Advocaten,2021,Mazars,94120,
72010150,SkylineDx Holding B.V.,2020,Mazars,64210,
72010150,SkylineDx Holding B.V.,2021,Mazars,64210,
41047558,Stichting Vrienden der Geldersche Kasteelen,2021,Mazars,91220,
66593972,Shypple B.V.,2021,Mazars,62900,
01087061,Hogeschool Van Hall Larenstein,2021,Mazars,85401,
41125674,Stichting Pensioenfonds Huntsman Rozenburg,2020,Mazars,64320,
41125674,Stichting Pensioenfonds Huntsman Rozenburg,2021,Mazars,64320,
30066097,Beheer & Exploitatiemaatschappij De Bree B.V.,2021,Mazars,64210,
73293075,Odin Holding B.V.,2021,Mazars,70202,
35025338,Roto B.V.,2021,Mazars,70101,
73722812,Daily Logistics Group B.V.,2020,Mazars,64210,
73722812,Daily Logistics Group B.V.,2021,Mazars,64210,
63986981,Redcare Pharmacy N.V.,2020,Mazars,64210,
34247904,Brady B.V.,2020,Mazars,46499,
34247904,Brady B.V.,2021,Mazars,46499,
34192455,Stichting Jeugdfonds Sport & Cultuur Nederland,2021,Mazars,94997,
24304498,Irado,2020,Mazars,38110,
63333104,Helianthus Investments B.V.,2021,Mazars,64210,
33234881,Lesaffre Nederland,2021,Mazars,46383,
78763231,NSS Beheer B.V.,2021,Mazars,64210,
58402357,Stryk Holding B.V.,2021,Mazars,64210,
72123966,GMC VI B.V.,2021,Mazars,64210,
41209638,Stichting Bedrijfstakpensioenfonds voor de Particuliere Beveiliging,2020,Mazars,84300,
34270266,ET Dutch Holdings B.V.,2020,Mazars,64210,
24230253,Orga B.V.,2020,Mazars,27120,
41060184,stichting algemeen managementadvies,2020,Mazars,64210,
34181542,Schuberg Philis Group B.V.,2021,Mazars,64210,
05054243,Bege Beheer B.V.,2021,Mazars,64210,
05076540,IJssel Technologie Groep B.V.,2020,Mazars,70102,
05076540,IJssel Technologie Groep B.V.,2021,Mazars,70102,
08177921,Columbus 1492,2020,Mazars,64210,
22023326,Nemag B.V.,2020,Mazars,28220,
74881272,Green Apple 2019-I NHG B.V.,2020,Mazars,64210,
74881272,Green Apple 2019-I NHG B.V.,2021,Mazars,64210,
33201301,Dinytei B.V.,2020,Mazars,64210,
66844398,Ezdehar Egypt Mid-Cap Fund Coöperatief U.A.,2020,Mazars,64210,
06032843,Stichting Wonen Delden,2020,Mazars,68201,
30117631,Innovam,2020,Mazars,85591,
06067793,L. ten Cate Enterprises B.V.,2020,Mazars,64320,
30134547,SPIE Building Solutions B.V,2020,Mazars,71120,
65227557,Share Debt Programme 1 B.V.,2021,Mazars,64922,
08079417,Accres Holding B.V.,2021,Mazars,93119,
17135405,Synergie Logistiek,2020,Mazars,78201,
11013233,Kebo,2020,Mazars,46838,
24490903,GSS Netherlands Holdings I B.V.,2021,Mazars,64210,
20005025,Winters bouw & ontwikkeling B.V.,2021,Mazars,41000,
65849159,Quanza Group B.V.,2020,Mazars,64210,
34096389,A.J.M. Vermeulen Holding B.V.,2021,Mazars,64210,
41227126,Stichting Bedrijfstakpensioenfonds voor de Reisbranche in liquidatie,2021,Mazars,64320,
72234938,Enovation Group Holding B.V.,2021,Mazars,64210,
41181369,Stichting Alzheimer Nederland,2020,Mazars,86999,
41181369,Stichting Alzheimer Nederland,2021,Mazars,86999,
11018154,A. Hak Groep B.V.,2021,Mazars,70102,
05059716,Countus Groep B.V.,2021,Mazars,64210,
24193105,L. en R.T. Prins Holding B.V.,2020,Mazars,64210,
51607417,Nederland Sales & Service B.V.,2020,Mazars,46150,
37098483,Maandag Interim Professionals B.V.,2020,Mazars,78100,
38017223,Aebi Schmidt Nederland B.V.,2021,Mazars,28300,
41091840,Christiaan Huygens College,2021,Mazars,85311,
08151501,Kunststof Recycling Van Werven B.V.,2020,Mazars,38210,
41239028,"Trinitas College, Locatie Han Fortmann",2020,Mazars,85311,
30117367,Geberit B.V.,2021,Mazars,46837,
24338907,Arcus Nederland B.V.,2020,Mazars,46822,
33126367,N.V. Verzekeringsbedrijf Groot Amsterdam (VGA),2021,Mazars,65121,
40407319,Nederlandse Vereniging tot Bescherming van Dieren,2020,Mazars,94996,
56252331,Motel One Netherlands B.V.,2020,Mazars,55101,
83038086,Home of People B.V.,2021,Mazars,70102,
55132456,Patagonia Europe Coöperatief U.A.,2020,Mazars,70101,
34259970,Stichting Tijdspaarfonds Bouw & Infra,2020,Mazars,65309,
30153354,Beheermaatschappij VIOS B.V.,2020,Mazars,64210,
21017714,H & B Beauty B.V.,2020,Mazars,46649,
34157815,Krämer Groep B.V.,2020,Mazars,64210,
61652482,Zambezi B.V.,2020,Mazars,64210,
69186561,NewFor Holding B.V.,2021,Mazars,64210,
23031811,Stichting Oost West Wonen,2021,Mazars,68201,
62417576,Stichting Timon Groep,2020,Mazars,88999,
32084294,TwynstraGudde,2020,Mazars,64210,
62250108,Crown Van Gelder B.V.,2020,Mazars,,
30146552,"Onderlinge Verzekeringmaatschappij ""SOM"" U.A.",2021,Mazars,65121,
55836151,Movianto Nederland B.V.,2021,Mazars,64210,
73528994,DLG Equipment B.V.,2020,Mazars,77120,
08116884,Neuteboom Coffeeroasters B.V.,2020,Mazars,10830,
09103809,"Afvalcombinatie ""De Vallei"" N.V.",2021,Mazars,38110,
30069134,Redexim B.V.,2020,Mazars,46610,
34127515,Stichting Aanvullingsfonds Bouw & Infra,2020,Mazars,88999,
33224298,Crelan Finance (NL) B.V.,2020,Mazars,64210,
02041794,DeLaval,2020,Mazars,46610,
30053885,Manutan B.V.,2020,mazars/ kpmg,46499,
30053885,Manutan B.V.,2021,Mazars; KPMG,46499,
23076059,Easytrip B.V.,2021,Mazars ; KPMG,52260,
67531733,Uitzendbureau Zuidgeest,2020,Mazars,78201,
34116400,Schuberg Philis B.V.,2020,Mazars,62200,
24158492,DLG Distribution B.V.,2020,Mazars,,
68152469,Diamond Trade Assets B.V.,2020,Mazars,,
08061957,Access Holding B.V.,2020,Mazars,,
59329718,PGZ Holding B.V.,2020,Mazars,,
50203517,Commissariaat voor de Media,2021,Mazars,84110,
11044286,Metaflex Doors B.V.,2020,Mazars,,
11044286,Metaflex Doors B.V.,2021,Mazars,,
34219669,TRFI B.V.,2020,Mazars,69203,
34061983,Priwo Onroerend Goed B.V.,2020,Mazars,68203,
32028941,Alpha Assembly Solutions Netherlands B.V.,2020,Mazars,24430,
41150295,Stichting Ondernemingspensioenfonds Mn Services,2020,Mazars,,
51760649,VANAD Contact Centers Nederland B.V.,2020,Mazars,46500,
40532333,Stichting VluchtelingenWerk Nederland,2020,Mazars,88992,
34253640,Stichting CliniX,2020,Mazars,94993,
34253640,Stichting CliniX,2021,Mazars,94993,
60267267,Stichting Kliniek Dermatologie Amsterdam De Bliek Kuijken en Laane,2020,Mazars,86221,
68365055,Wisdom Property NL II B.V.,2020,Mazars,64210,
62641808,Top 22 Bishopsgate B.V.,2020,Mazars; PwC,64210,
59439122,Stichting Nationaal Warmtefonds,2020,Mazars,94993,
56307497,FlexVisie B.V.,2020,Mazars,78201,
71289666,Hoco B.V.,2020,Mazars,,
24246838,IQVIA RDS Netherlands B.V.,2020,Mazars,72100,
24246838,IQVIA RDS Netherlands B.V.,2021,Mazars,72100,
24293377,Kobus Personeel & Organisatie B.V.,2020,Mazars,70201,
23085191,Staalstraat Holding B.V.,2021,Mazars,64210,
28086560,Groeneveld Holding B.V.,2020,Mazars,64210,
40530934,Vereniging Buma,2021,Mazars,94997,
24220900,A. de Jong B.V.,2021,Mazars,25110,
20054080,Veluvine B.V.,2021,Mazars,20300,
24433625,MVRDV Holding B.V.,2021,Mazars,71111,
33215278,BNP Paribas Issuance B.V.,2020,Mazars,64922,
41199580,Oak Pensioenfonds,2021,Mazars,65301,
29012636,Klip Beheermaatschappij B.V.,2021,Mazars,64210,
27240905,Scalar Verticaal B.V.,2020,Mazars,43990,
30217632,Korian Holding Nederland B.V.,2020,Mazars; E&Y,70102,
24193088,Planotech Holding II B.V.,2020,Mazars,64210,
24183597,PricewaterhouseCoopers Eastern Europe B.V.,2021,Mazars,69201,
11022559,A. Hak International B.V.,2020,Mazars,46630,
34243751,Duchess VI CLO B.V.,2021,Mazars,64210,
41174339,Driestar educatief,2021,Mazars,88991,
08092814,MRT B.V.,2020,Mazars,46872,
30004006,Strukton Groep,2020,Mazars,42110,
58002316,Krasnapolsky II B.V.,2021,Mazars,55101,
32077000,PGZ B.V.,2021,Mazars,47820,
24293375,Onme Holding B.V.,2020,Mazars,64210,
27092998,Siemens Financieringsmaatschappij N.V.,2020,Mazars,64999,
27102125,Robein Leven N.V.,2021,Mazars,64210,
27108436,Oxfam Novib,2021,Mazars,94996,
20007266,Midglas N.V.,2021,Mazars,65121,
32110877,DC Groep B.V.,2020,Mazars,72100,
08036357,Coöperatieve Vereniging Agrarische Bedrijfsverzorging U.A.,2021,Mazars,78202,
34259594,DILON Coöperatief U.A.,2021,Mazars,64210,
72760958,Bell Textron Supply Center B.V.,2021,Mazars,64210,
28082735,XL,2020,Mazars,46190,
20049189,UCB Pharma B.V.,2021,Mazars,46851,
33135742,Meijers Assurantiën B.V.,2021,Mazars,66220,
17103906,Mystar Computer B.V.,2020,Mazars,46500,
58909265,Stichting NN CDC Pensioenfonds in liquidatie,2020,Mazars,65302,
30199843,DoubleDividend Management B.V.,2021,Mazars,66110,
33235784,BNP Paribas Personal Finance B.V.,2021,Mazars,64922,
24364151,Stichting Bevolkingsonderzoek Zuid-West,2020,Mazars,,
41022121,Stichting Woonpalet Zeewolde,2021,Mazars,68201,
05024541,"Stichting ""Beter Wonen""",2020,Mazars,68201,
17050808,Coppens Diervoeding B.V.,2021,Mazars,,
62414259,Sionsberg Netwerk Ziekenhuis/Transmurale Specialistische Zorg Dokkum/Cardiologie Centra Nederland,2020,Mazars,86221,
61834270,Stichting Bedrijfstakpensioenfonds voor de Zuivel en aanverwante industrie,2021,Mazars,65301,
82287104,Next Level Holding B.V.,2021,Mazars,64210,
34276488,BJJI B.V.,2020,Mazars,64210,
52830357,MVRDV B.V.,2020,Mazars,71111,
82303215,ZoAa B.V.,2021,Mazars,,
69323550,Green Apple 2017-I NHG B.V.,2020,Mazars,,
27047100,KesslerPerspektief,2020,Mazars,87992,
41141392,Stichting CRH Pensioenfonds,2020,Mazars,65302,
41141392,Stichting CRH Pensioenfonds,2021,Mazars,65302,
08095707,4People Beheer B.V.,2020,Mazars,,
08095707,4People Beheer B.V.,2021,Mazars,,
70948682,Enstall Group B.V.,2020,Mazars,64210,
28102903,Valkenhorst Participatie II B.V.,2020,Mazars,64210,
34158350,Moooi B.V.,2020,Mazars,31000,
41009543,Stichting Will Niemeijer Pensioenfonds,2020,Mazars,,
11015214,Rademaker B.V.,2020,Mazars,28930,
41206065,Stichting Fonds Collectieve Belangen voor de Banden- en Wielenbranche,2021,Mazars,94993,
24389035,VANAD Group B.V.,2020,Mazars,70102,
34127173,Acqui Polo C.V.,2021,Mazars,,
34239459,International Merchandise Trading B.V.,2021,Forvis Mazars,,
74895907,N-NL B.V.,2020,Forvis Mazars,64320,
32105796,Stichting Meerkring Primair Onderwijs Amersfoort,2021,Mazars,85201,
09087414,Foseco Nederland B.V.,2021,Mazars,20590,
41133146,Stichting Hendrik Chabot,2021,Mazars,91211,
69381054,Kinly Holding B.V.,2020,Mazars,64210,
40480372,De Groenhof,2021,Mazars,88992,
34283307,Stichting Bewaarder Antaurus Europe Fund,2020,Mazars,69209,
34283307,Stichting Bewaarder Antaurus Europe Fund,2021,Mazars,69209,
28073027,Stichting Woondiensten Aarwoude,2021,Mazars,68201,
75236095,Huuskes Holding B.V.,2020,Mazars,64210,
60904755,Gilde Equity Management (GEM) Benelux Fund III Coöperatief B.A.,2021,Mazars,64923,
30010688,VIOS Bouwgroep,2021,Mazars,41000,
24173416,Zegro-Centrum Rotterdam B.V.,2020,Mazars,46390,
24173416,Zegro-Centrum Rotterdam B.V.,2021,Mazars,46390,
34036014,Aircraft Fuel Supply B.V.,2020,Mazars,46812,
30200121,Conti Investments B.V.,2020,Mazars,64210,
72548819,Liberta Groep B.V.,2020,Mazars,70102,
77465490,Corrosion Group B.V.,2021,Mazars,64210,
16070133,Parametric Technology Nederland B.V.,2020,Mazars,73200,
17236433,HTCE Site Management B.V.,2020,Mazars,70201,
30061125,RIZ Bouw B.V.,2020,Mazars,41000,
41048515,Stichting Steunfonds Geldersch Landschap en Kasteelen,2021,Mazars,88999,
24444470,Orga Aviation B.V.,2020,Mazars,27120,
24444470,Orga Aviation B.V.,2021,Mazars,27120,
61105570,Trustus Beleggingsfondsen N.V.,2021,Mazars,66120,
55380395,QBuild Holding B.V.,2020,Mazars,70102,
41010340,Stichting Landschapsbeheer Groningen,2020,Mazars,91420,
41010340,Stichting Landschapsbeheer Groningen,2021,Mazars,91420,
29028109,Stinis Beheer B.V.,2020,Mazars,64210,
64833666,Veeneman Groep B.V.,2020,Mazars,41000,
66507227,Share Debt Programme 2 B.V.,2021,Mazars,64210,
82710325,HVEG Group B.V.,2021,Mazars,70102,
69992576,Avenir III B.V.,2020,Mazars,64210,
41096630,Stichting Onderwijscentrum Leijpark,2020,Mazars,85203,
30106792,Ma Group B.V.,2020,Mazars,64210,
30077474,Paradigm Group B.V.,2021,Mazars,46901,
30235217,Vereniging PO-Raad,2020,Mazars,94110,
57581584,NedInvestment B.V.,2020,Mazars,64210,
57811067,Yellow Chips Holding B.V.,2020,Mazars,64210,
75397595,Accres Apeldoorn B.V.,2021,Mazars,93119,
53165667,Boost Collectibles B.V.,2020,Mazars,64210,
24271429,BNP Paribas Leasing Solutions N.V.,2021,Mazars,64922,
63570173,Steinhoff International Holdings N.V.,2021,Mazars,,
72157232,Bomelo Topco B.V.,2020,Mazars,,
72155191,Former Bomelo Coop B.V.,2021,Mazars,,
34066564,Motel Haarlemmermeer B.V.,2021,Mazars,55101,
41150295,Stichting Ondernemingspensioenfonds Mn Services,2021,Mazars,,
34165924,PBW Real Estate Fund N.V.,2020,"PwC, Mazars",,
30092677,Arval Benelux B.V.,2020,Mazars,,
33177028,Buram Electro B.V.,2021,Mazars,,
23045493,Arcus Holding B.V.,2021,Mazars,,
33289086,Lesaffre Mautner Markhof (L.M.M.) B.V.,2021,Mazars,64210,
27108911,Louis Vuitton B.V.,2020,Mazars,47722,
27108911,Louis Vuitton B.V.,2021,Mazars,47722,
41015062,Stichting Pensioenfonds NEG Nederland,2021,Mazars,,
34261307,Eurojob International Holding B.V.,2021,Mazars,64210,
59343648,A. Hak Pipelines & Facilities B.V.,2021,Mazars,,
32106698,SynVest RealEstate Fund N.V.,2020,Mazars,,
34342820,DeGiro B.V.,2020,Mazars,,
40506839,Longfonds & patiëntenorganisatie stichting,2020,Mazars,94993,
72724005,Dutch MBS XIX B.V.,2020,Mazars,6420,
81769040,Pegasus Acquisition Company Europe B.V.,2021,Mazars,6420,
50723006,Monolith N.V.,2020,Mazars,6420,
11060866,Rademaker Beheer B.V.,2020,Mazars,70102,
53521129,Stichting IDH,2020,Mazars,94997,
18033506,Brabantse Ontwikkelings Maatschappij Holding B.V.,2021,Mazars,64923,
10016880,Stichting Woningcorporatie WoonGenoot,2020,Mazars,,
41150237,Stichting Sociaal Fonds voor de Zoetwaren Industrie,2020,Mazars,94993,
58066330,HetHuisvandeStraat,2021,Mazars,,
77313542,Exxellence Groep B.V.,2020,Mazars,64210,
77313542,Exxellence Groep B.V.,2021,Mazars,64210,
41120110,"Stg H3O v Christelijk Peuterwerk Kinderopvang, Primair en Voortgezet Onderwijs",2021,Mazars,85311,
41125529,"Stichting ""Het Zuid-Hollands Landschap""",2021,Mazars,91420,
12066592,Viking Office Europe B.V.,2021,Mazars,64210,
30200252,Sogeti Nederland B.V.,2021,Mazars,64210,
40530264,Vereniging Hendrick de Keyser,2020,Mazars,91220,
73011312,DTS Holding B.V.,2020,Mazars,64210,
67715192,Miooo B.V.,2020,Mazars,64210,
67715192,Miooo B.V.,2021,Mazars,64210,
17110624,Stichting Oosterpoort,2021,Mazars,88991,
69504709,Kinly Top Holding B.V.,2020,Mazars,64210,
69053898,Brisker Holding B.V.,2020,Mazars,64210,
24338907,Arcus Nederland B.V.,2021,Mazars,46822,
20005025,Winters bouw & ontwikkeling B.V.,2020,Mazars,41000,
05051482,IJssel Technologie B.V.,2021,Mazars,71120,
41091840,Christiaan Huygens College,2020,Mazars,85311,
27291562,HVEG Fashion Group,2021,Mazars,64210,
20068544,Winters Groep B.V.,2021,Mazars,64210,
30155914,Driessen Food B.V.,2020,Mazars,46321,
59478098,Mosaic World B.V.,2021,Mazars,64310,
05054243,Bege Beheer B.V.,2020,Mazars,64210,
62351079,Solutions Packaging B.V.,2021,Mazars,78201,
24304498,Irado,2021,Mazars,38110,
82573514,Scalar Holding B.V.,2021,Mazars,64210,
63699001,Brisker Groep B.V.,2020,Mazars,64210,
55132456,Patagonia Europe Coöperatief U.A.,2021,Mazars,70101,
11032110,Wigema B.V.,2021,Mazars,64210,
30067608,Capgemini N.V.,2021,Mazars,70102,
30006366,Stichtsche Onderlinge Brand-Herverzekering U.A.,2020,Mazars,65200,
30204915,Rivean Capital Management Holding B.V.,2020,Mazars,64210,
27146574,Scholten Groep B.V.,2020,Mazars,64210,
27146574,Scholten Groep B.V.,2021,Mazars,64210,
08116884,Neuteboom Coffeeroasters B.V.,2021,Mazars,10830,
58259937,D.G. Solutions B.V.,2021,Mazars,64210,
33303682,Liebherr Appliances Netherlands B.V.,2020,Mazars,70102,
24230253,Orga B.V.,2021,Mazars,27120,
41244136,Stichting Pensioenfonds Witteveen+Bos,2020,Mazars,65301,
51607417,Nederland Sales & Service B.V.,2021,Mazars,46150,
11012193,De Jong & Lavino B.V.,2020,Mazars,46822,
27269025,Wealth Management Partners N.V.,2020,Mazars,66120,
27269025,Wealth Management Partners N.V.,2021,Mazars,66120,
33185213,Koninklijk Instituut voor de Tropen,2020,Mazars,72100,
34290151,Adecco Holding Emirates B.V.,2020,Mazars,64210,
32062177,P. Belgraver Holding B.V.,2020,Mazars,64210,
29030786,Nederhoff Interholding B.V.,2020,Mazars,64210,
41198809,Stichting Greenpeace Nederland,2020,Mazars,94996,
40342383,Koninklijke Nederlandse Atletiek Unie,2021,Mazars,93194,
40342383,Koninklijke Nederlandse Atletiek Unie,2020,Mazars,93194,
24370396,National Academic Verzekeringsmaatschappij N.V.,2020,Mazars,65121,
41097718,Stichting Fontys,2021,Mazars,85401,
24402765,Foodmate B.V.,2020,Mazars,28930,
58864385,Rawska Holdings B.V.,2020,Mazars,64210,
05059718,Countus Accountants + Adviseurs B.V.,2020,Mazars,69202,
56070292,Abeos Cross Border Services B.V.,2020,Mazars,78201,
09059703,NOC*NSF,2020,Mazars,93112,
63986981,Redcare Pharmacy N.V.,2021,Mazars,64210,
78084261,Interstellar Group B.V.,2021,Mazars,62200,
08012289,Altrex B.V.,2020,Mazars,25990,
08012289,Altrex B.V.,2021,Mazars,25990,
54584353,Stichting Het Nieuwe Instituut,2021,Mazars,94997,
54584353,Stichting Het Nieuwe Instituut,2020,Mazars,94997,
32072499,Mediawan Skyhigh B.V.,2021,Mazars,59111,
41209638,Stichting Bedrijfstakpensioenfonds voor de Particuliere Beveiliging,2021,Mazars,84300,
05059716,Countus Groep B.V.,2020,Mazars,64210,
06043013,TR Holland B.V.,2020,Mazars,46841,
27141651,Anteo,2020,Mazars,68203,
33286267,ELM B.V.,2021,Mazars,64923,
01061782,F. Spanninga Holding B.V.,2020,Mazars,64210,
30066097,Beheer & Exploitatiemaatschappij De Bree B.V.,2020,Mazars,64210,
17135405,Synergie Logistiek,2021,Mazars,78201,
05050412,Ship Immobilia B.V.,2021,Mazars,64210,
76484327,Coöperatie Spoor030 U.A.,2020,Mazars,88999,
76484327,Coöperatie Spoor030 U.A.,2021,Mazars,88999,
40530953,"Amnesty International, Afdeling Nederland",2020,Mazars,94996,
34124295,Stichting DCA,2020,Mazars,86221,
06061578,Thales Nederland,2021,Mazars,26510,
10029188,ARN B.V.,2021,Mazars,38220,
41042610,Stichting Stimuleringsfonds Volkshuisvesting Nederlandse Gemeenten,2021,Mazars,64921,
06054012,Huuskes,2021,Mazars,46390,
34314931,CGG Holding B.V.,2020,"Mazars, E & Y",64210,
41178025,"""Stichting Diabetes Fonds""",2020,Mazars,86999,
41100324,Stichting voor Katholiek Voortgezet Onderwijs in het Dongemondgebied / Dongemond College VWO / HAVO en VMBO,2020,Mazars,85311,
59183705,Zoku and Beyond B.V.,2020,Mazars,70202,
17264439,Scafom Holding B.V.,2020,Mazars,70102,
17264439,Scafom Holding B.V.,2021,Mazars,70102,
72234938,Enovation Group Holding B.V.,2020,Mazars,64210,
29021830,Antea Nederland B.V.,2020,Mazars,71120,
67282555,Carel Lurvink B.V.,2020,Mazars,64210,
76882012,Banaras B.V.,2021,Forvis Mazars,64210,
28076731,SPO WIJ de Venen,2020,Mazars,85201,
37073325,Stichting Landschap Noord-Holland,2021,Mazars,91420,
41207069,Stichting voor Protestants Christelijke en Rooms Katholieke Lerarenopleiding voor het Basisonderwijs in Noord-Holland,2021,Mazars,85401,
41010169,Stichting MDL Fonds,2020,Mazars,94993,
53754298,SynVest German RealEstate Fund N.V.,2021,Mazars,64310,
28073551,Valkenhorst Voorschoten B.V.,2020,Mazars,70102,
29039874,Stinis Holland B.V.,2020,Mazars,28220,
24185744,SOR,2021,Mazars,68201,
41178565,Stichting Jordan Montessori Lyceum Utrecht,2020,Mazars,85311,
34235622,ZOO ABS II B.V.,2020,Mazars,64210,
20031659,AncoferWaldram Steelplates B.V.,2020,Mazars,46822,
30204922,Rivean Capital B.V.,2020,Mazars,64210,
41208813,Stichting Defence for Children International Nederland - ECPAT Nederland,2021,Mazars,94995,
41199776,Stichting Pensioenfonds Alliance,2021,Mazars,64320,
09033414,Essilor Nederland Holding B.V.,2021,Mazars; PwC,32502,
30081768,Kargro Beheer B.V.,2021,Mazars,64210,
08031646,Metos B.V.,2021,Mazars,33123,
83051899,SPEAR Investments I,2021,Mazars,64210,
05048431,Vitters Maritime Engineering B.V.,2021,Mazars,30120,
67352669,JerCon B.V.,2020,Mazars,64210,
16024880,Stichting Area,2020,Mazars,68201,
11021748,Aannemersbedrijf C. van Dillen en Zoon B.V.,2020,Mazars,41000,
64732827,L. ten Cate Group B.V.,2020,Mazars,64210,
51372894,EHM Hotel Amsterdam Rembrandtpark B.V.,2020,Mazars,55101,
05073592,De Librije Beheer B.V.,2020,Mazars,66292,
34160724,Sinfonia Finance B.V.,2020,Mazars,64210,
30146207,Ralmir Holding B.V.,2021,Mazars,64210,
02319567,Woonstichting Groninger Huis,2020,Mazars,68201,
11043905,H2r Invest B.V.,2020,Mazars,70102,
11043905,H2r Invest B.V.,2021,Mazars,70102,
62405381,FlexVisie Holding,2020,Mazars,64210,
11028551,Jola Investment B.V.,2020,Mazars,64310,
34255937,First Liability Matching N.V.,2020,Mazars,66292,
73366595,DIT Group B.V.,2020,Mazars,64210,
24408615,Uitzendburo Tradiro B.V.,2020,Mazars,78201,
53162528,Stichting instituut voor Mensenrechten en Medisch Onderzoek,2020,Mazars,94996,
41179463,Stichting Metro Pensioenfonds in liquidatie,2020,Mazars,65302,
24379554,De Kraamvogel Midden B.V.,2020,Mazars,,
30277836,Racu B.V.,2021,Mazars,28930,
41087291,Stichting Pensioenfonds Coram in liquidatie,2020,Mazars,65302,
17063047,Coram Group B.V.,2020,Mazars,64210,
74323105,Domi 2019-1 B.V.,2021,Mazars,,
50203517,Commissariaat voor de Media,2020,Mazars,84110,
24266274,Avantage Groep B.V.,2020,Mazars,64210,
41198521,Stichting Stemra,2021,Mazars,94997,
40530934,Vereniging Buma,2020,Mazars,94997,
59844027,Rufiji B.V.,2020,Mazars,64210,
16067208,Plantagie Holding B.V.,2020,Mazars,64210,
29018732,Klip B.V.,2021,Mazars,25220,
33294562,Altran International B.V.,2021,Mazars; Deloitte,64210,
71289666,Hoco B.V.,2021,Mazars,,
32110877,DC Groep B.V.,2021,Mazars,72100,
01139456,Agrifac Machinery B.V.,2020,Mazars,28300,
01139456,Agrifac Machinery B.V.,2021,Mazars,28300,
09118128,DPD (Nederland) B.V.,2021,Mazars,52310,
27189949,Intro Holding B.V.,2020,Mazars,64210,
72491949,Syntegra Holding B.V.,2021,Mazars,64210,
72491949,Syntegra Holding B.V.,2020,Mazars,64210,
81636962,O2D Holding B.V.,2021,Mazars,64210,
33215278,BNP Paribas Issuance B.V.,2021,Mazars,64922,
05056372,Edena B.V.,2021,Mazars,70102,
41160246,Stichting Pensioenfonds Recreatie (Pensioenfonds Recreatie),2020,Mazars,65301,
41179500,Stichting Brocacef Pensioenfonds,2021,Mazars,65309,
08016150,Van Werven Afvalinzameling B.V.,2020,Mazars,49410,
08016150,Van Werven Afvalinzameling B.V.,2021,Mazars,49410,
34212352,White Nights Finance B.V.,2021,Mazars,,
60267267,Stichting Kliniek Dermatologie Amsterdam De Bliek Kuijken en Laane,2021,Mazars,86221,
30040105,Yama Products B.V.,2020,Mazars,46389,
66927129,Vibrantz Dutch Holdings B.V.,2020,Mazars,64210,
66927129,Vibrantz Dutch Holdings B.V.,2021,Forvis Mazars,64210,
11018556,A. Hak Infranet B.V.,2020,Mazars,42220,
11018556,A. Hak Infranet B.V.,2021,Mazars,42220,
24356162,PricewaterhouseCoopers EE Holdings B.V.,2021,Mazars,64210,
32120475,HFP Groep B.V.,2020,Mazars,70102,
27306184,Boost Loyalty B.V.,2020,Mazars,64210,
34165533,Stichting Cultuur+Ondernemen,2020,Mazars,94994,
08036357,Coöperatieve Vereniging Agrarische Bedrijfsverzorging U.A.,2020,Mazars,78202,
17063196,Synergie International Recruitment B.V.,2020,Mazars,78201,
30091120,Vistra B.V.,2020,Mazars,69209,
29050573,Stichting Sociaal Fonds Bakkersbedrijf,2020,Mazars,84300,
10143205,C.A.M. Willems Holding B.V.,2021,Mazars,70102,
58909265,Stichting NN CDC Pensioenfonds in liquidatie,2021,Mazars,65302,
06083480,Omori Europe Holding B.V.,2020,Mazars,64210,
37059788,Losberger De Boer Benelux B.V.,2021,Mazars,77229,
33235784,BNP Paribas Personal Finance B.V.,2020,Mazars,64922,
34163329,Corsair (Netherlands) B.V.,2017,Mazars,6420,
20093733,Stichting Heifer Nederland,2017,Mazars,88999,
08106617,J. Tijhof Beheer B.V.,2017,Mazars,6420,
50177214,Stadhuis Gemeente Woerden,2017,Mazars,8411,
24193088,Planotech Holding II B.V.,2017,Mazars,6420,
24158492,Post-Kogeko Logistics B.V.,2017,Mazars,4941,
34212352,White Nights Finance B.V.,2017,Mazars,64301,
54596114,Raadhuis Krimpen aan den IJssel,2017,Mazars,8411,
33224298,AXA Belgium Finance (NL) B.V.,2017,Mazars,6420,
08175546,Hegeman Holding B.V.,2017,Mazars Paardekooper Hoffman,6420,
30146541,MaxGrip B.V.,2017,Mazars,70221,
11015214,Rademaker B.V.,2017,Mazars,2893,
06050264,H.S.L.S. Holding B.V.,2017,Mazars,6420,
34235622,ZOO ABS II B.V.,2017,Mazars,6420,
33288437,Bolo B.V.,2018,Mazars,70221,
41181214,Stichting Special Arts Nederland,2017,Mazars,94994,
08038270,Mayr-Melnhof Eerbeek B.V.,2017,Mazars,17122,
24432506,Tradiro Facilities B.V.,2017,Mazars,6831,
69728208,MAP Holding B.V.,2018,Mazars,6420,
34192528,Stichting Kidsrights,2018,Mazars,94996,
41095739,"Stichting Bedrijfstakpensioenfonds voor de Schoen-, Leder- en Lederwarenindustrie",2019,Mazars,65301,
01031931,Stichting Dynhus,2019,Mazars,68201,
16024073,Woonmeij,2019,Mazars,68201,
60544481,Stichting TAHMO (Trans-African Hydro-Meteorological Observatory),2017,Mazars,3512,
41126788,Stichting Sophia Kinderziekenhuis Fonds,2018,Mazars,94993,
41198289,Stichting Pensioenfonds Mercer,2018,Mazars,65302,
24364151,Stichting Bevolkingsonderzoek Zuid-West,2018,Mazars,,
64976734,Stichting VluchtelingenWerk Zuidwest-Nederland,2018,Mazars,,
33293593,Geodan B.V.,2018,Mazars,,
11060866,Rademaker Beheer B.V.,2017,Mazars,70102,
11060866,Rademaker Beheer B.V.,2019,Mazars,70102,
09184102,Cottus,2019,Mazars,64210,
41120110,"Stg H3O v Christelijk Peuterwerk Kinderopvang, Primair en Voortgezet Onderwijs",2019,Mazars,85311,
41023912,Het Flevo-landschap,2019,Mazars,91420,
33291062,KVN Gerechtsdeurwaarders & Juristen B.V.,2018,Mazars,69104,
41197125,Stichting Koningin Wilhelmina Fonds voor de Nederlandse Kankerbestrijding,2019,Mazars,94993,
41197125,Stichting Koningin Wilhelmina Fonds voor de Nederlandse Kankerbestrijding,2018,Mazars,94993,
34237488,Hotel V Holding B.V.,2019,Mazars,64210,
63774356,Stichting Administratiekantoor Continuïteit ABN AMRO Bank,2018,Mazars,66191,
41027020,Stichting Erfgoed Stikaz,2019,Mazars,94993,
53521129,Stichting IDH,2017,Mazars,94997,
61834270,Stichting Bedrijfstakpensioenfonds voor de Zuivel en aanverwante industrie,2019,Mazars,65301,
08058859,Kormelink Holding B.V.,2018,Mazars,68110,
08058859,Kormelink Holding B.V.,2019,Mazars,68110,
59487518,Maraman B.V.,2019,Mazars,64210,
59826525,Bredenoord Holding B.V.,2019,Mazars,64210,
28085082,Valkenhorst Participatie B.V.,2019,Mazars,64210,
34317623,Wegochem Europe B.V.,2019,Mazars,46851,
31032713,TwynstraGudde,2019,Mazars,70201,
14131945,Dierenopvangcentrum en Dierenambulance Limburg,2018,Forvis Mazars,75000,
72010150,SkylineDx Holding B.V.,2019,Mazars,64210,
41187306,Museum Catharijneconvent,2019,Mazars,91211,
20031659,AncoferWaldram Steelplates B.V.,2018,Mazars,46822,
30077474,Paradigm Group B.V.,2019,Mazars,46901,
41096630,Stichting Onderwijscentrum Leijpark,2018,Mazars,85203,
33267669,Design Bridge and Partners B.V.,2018,MAZARS,73110,
34261169,Victoria Monument B.V.,2019,Mazars,64210,
28024979,Leski Holding B.V.,2019,Mazars,64210,
11043905,H2r Invest B.V.,2019,Mazars,70102,
06032381,Huuskes Enschede Beheer B.V.,2018,Mazars,64210,
33187718,Synovate,2019,Mazars,73200,
34079831,Safic-Alcan Necarbo B.V.,2018,Mazars,46851,
75236095,Huuskes Holding B.V.,2019,Mazars,64210,
24379832,Nevo Holding,2018,Mazars,64210,
24379832,Nevo Holding,2019,Mazars,64210,
24379832,Nevo Holding,2017,Mazars,64210,
05052143,Breman Installatiegroep B.V.,2019,Mazars,70102,
17171669,BMW International Investment B.V.,2018,Mazars,64923,
62405381,FlexVisie Holding,2019,Mazars,64210,
70194459,Axero Groep B.V.,2018,Mazars,64210,
09063458,Mapel Holding B.V.,2018,Mazars,64210,
30007294,De Stiho Groep B.V.,2019,Mazars,64310,
17046001,Schunk Xycarb Technology B.V.,2018,Mazars,28990,
17046001,Schunk Xycarb Technology B.V.,2019,Mazars,28990,
24271429,BNP Paribas Leasing Solutions N.V.,2018,Mazars,64922,
24374350,Dynata Netherlands B.V.,2017,Mazars,70102,
27126635,Brink Management / Advies,2019,Mazars,71120,
64302865,Accunia European CLO I B.V.,2019,Mazars,,
34186542,Eolo Investments B.V.,2018,Mazars,,
34186542,Eolo Investments B.V.,2019,Mazars,,
34170277,F.A.B. CBO 2002-1 B.V.,2019,Mazars,,
69506094,Jubilee CLO 2018-XX B.V.,2019,Mazars,,
59141549,Northern Lights IV B.V.,2017,Mazars,,
66068592,Tikehau CLO II B.V.,2019,Mazars,,
40341418,Stichting Erasmus Trustfonds (SET),2017,Mazars,94993,
41212043,Stichting CliniClowns Nederland,2019,Mazars,94995,
41087291,Stichting Pensioenfonds Coram in liquidatie,2019,Mazars,65302,
34253446,Panther CDO IV B.V.,2018,Mazars,64310,
34253446,Panther CDO IV B.V.,2019,Mazars,64310,
24331982,DOG B.V.,2018,Mazars,64210,
55460666,Valkenhorst Participatie III,2019,Mazars,70102,
27284993,Uitzendbureau Solutions B.V.,2017,Mazars,78201,
65037022,Sas van Vreeswijk B.V.,2018,Mazars,42910,
34178306,Park Plaza Hotels Europe B.V.,2018,Mazars,64210,
30100766,Allspan Holding B.V.,2017,Mazars,46831,
30100766,Allspan Holding B.V.,2019,Mazars,46831,
34178306,Park Plaza Hotels Europe B.V.,2019,Mazars,64210,
61105570,Trustus Beleggingsfondsen N.V.,2019,Mazars,66120,
09167113,Stichting Helene Kröller-Müller Fonds,2018,Mazars,94993,
51280752,Stichting 4 Oost,2018,Mazars TKH,94995,
11056465,Stichting OVO,2019,Mazars,85311,
69968500,Gilde Equity Management (GEM) Benelux Fund IV Coöperatief B.A.,2018,Mazars,64210,
41244237,Stichting Pensioenfonds TDV in liquidatie,2019,Mazars,65302,
16033150,Bert Plantagie B.V.,2019,MAZARS,31000,
24282098,Besix Nederland B.V.,2019,MAZARS,41000,
68047975,Tikehau CLO III B.V.,2019,Mazars,,
50349244,Nieto Trading B.V.,2018,Mazars,46812,
50349244,Nieto Trading B.V.,2019,Mazars,46812,
30235217,Vereniging PO-Raad,2019,Mazars,94110,
24254645,De Rijke Europe B.V.,2018,Mazars,64210,
33262094,AFS Group B.V.,2018,Mazars,64210,
09087414,Foseco Nederland B.V.,2017,Mazars,20590,
09087414,Foseco Nederland B.V.,2018,Mazars,20590,
09087414,Foseco Nederland B.V.,2019,Mazars,20590,
41048515,Stichting Steunfonds Geldersch Landschap en Kasteelen,2019,Mazars,88999,
05083679,Dalfsen Holding B.V.,2018,Mazars,64210,
68482566,Essence VII B.V.,2018,Mazars,64210,
30182264,Lorens Holding B.V.,2017,Mazars,70102,
30182264,Lorens Holding B.V.,2018,Mazars,70102,
69382115,Alnylam Netherlands B.V.,2018,Mazars,46461,
41183558,Stichting SBOH,2018,Mazars,85402,
41178953,Stichting Bedrijfstakpensioenfonds voor het Kappersbedrijf,2019,Mazars,65301,
34283307,Stichting Bewaarder Antaurus Europe Fund,2019,Mazars,69209,
08020461,Van Werven Holding B.V.,2019,Mazars,64210,
69900752,Linthorst World B.V.,2018,Mazars,64210,
69900752,Linthorst World B.V.,2019,Mazars,64210,
66346169,Amanshoeve Holding B.V.,2019,Mazars,64210,
41010340,Stichting Landschapsbeheer Groningen,2018,Mazars,91420,
41010340,Stichting Landschapsbeheer Groningen,2019,Mazars,91420,
66008182,Damadian Holding B.V.,2018,Mazars,64210,
27108911,Louis Vuitton B.V.,2018,Mazars,47722,
30046822,AT Osborne B.V.,2019,Mazars,70201,
17121896,Kobussen & Partners Psychologen B.V.,2019,Mazars,,
34155087,MT&V B.V.,2018,Mazars,,
24328944,Krohne Oil & Gas B.V.,2018,Mazars,46645,
24328944,Krohne Oil & Gas B.V.,2019,Mazars,46645,
17129358,BDO Holding B.V.,2019,Mazars,64210,
67531733,Uitzendbureau Zuidgeest,2019,Mazars,78201,
06041859,Eeto B.V.,2018,Mazars,47810,
06041859,Eeto B.V.,2019,Mazars,47810,
34260406,Neptuno CLO I B.V.,2017,Mazars,,
24379554,De Kraamvogel Midden B.V.,2018,Mazars,,
08061957,Access Holding B.V.,2019,Mazars,,
30092677,Arval Benelux B.V.,2018,Mazars,,
33202309,Bulgari International Corporation (BIC) N.V.,2018,Mazars,,
10019285,Lincoln Smitweld,2019,Mazars,,
24158492,DLG Distribution B.V.,2018,Mazars,,
08058859,Kormelink Holding B.V.,2017,Mazars,6810,
30146552,Onderlinge Verzekeringmaatschappij 'SOM' U.A.,2017,Mazars,65121,
34265018,DUNIA Capital B.V.,2017,Mazars,64922,
16070133,Parametric Technology Nederland B.V.,2017,Mazars,7320,
28000223,B.V. Societeit voor Chemische Industrie Katwijk,2017,Mazars,64301,
09184102,DetaConnect B.V.,2017,Mazars,6420,
24277880,Den Hartogh Trucking B.V.,2017,Mazars,4941,
11012193,De Jong & Lavino B.V.,2017,Mazars,46722,
34071979,J.M. Levarht & Zonen B.V.,2017,Mazars,46311,
30274544,Mens - Zeist Holding B.V.,2017,Mazars,6420,
10143205,C.A.M. Willems Holding B.V.,2017,Mazars,70102,
34165924,PBW Real Estate Fund N.V.,2017,Mazars,6420,
27189954,Intro Uitzendbureau B.V.,2017,Mazars,78201,
41125236,Stichting Regionale Omroep Rotterdam-Rijnmond en Omgeving,2017,Mazars,7312,
30010609,Contimeta B.V.,2017,MAZARS,2829,
08158593,Machinefabriek Elburg Beheer B.V.,2017,Mazars,6420,
34203185,Faxtor ABS 2004-1 B.V.,2017,Mazars,64301,
54427126,Emons Group B.V.,2017,Mazars,6420,
23072152,Neste Demeter B.V.,2017,Mazars,46216,
34308168,ALSTOM Transport Holdings B.V.,2017,Mazars/ PwC,6420,
34116400,Schuberg Philis B.V.,2017,Mazars,6201,
34034429,Schneider Electric The Netherlands B.V.,2017,Mazars,2711,
30106792,Ma Group B.V.,2017,Mazars,6420,
24044663,Cleve & Zonen B.V.,2017,Mazars,52291,
50679112,Phedina Hypotheken 2010 B.V.,2017,Mazars,66193,
20049877,Insulcon B.V.,2017,Mazars,46738,
28073027,Stichting Woondiensten Aarwoude,2017,Mazars,68201,
08129858,Transinfo Beheer B.V.,2017,Mazars,6420,
09044267,Woonstichting Vryleve,2017,Mazars,68201,
34265347,Coniston CLO B.V.,2017,Mazars,64301,
24167746,HDI-Gerling Verzekeringen N.V.,2017,Mazars,65121,
34265711,Nederlandse Detachering Unie (NDU) B.V.,2017,Mazars,6420,
06083480,Selo Holding B.V.,2017,Mazars,6420,
08174823,M.S.G. Refin B.V.,2017,Mazars,6420,
62250108,Crown Van Gelder B.V.,2018,Mazars,17121,
41192885,Stichting Pensioenfonds Scildon,2017,Mazars,65302,
30065531,Lekkerkerker Holding Benschop B.V.,2017,Mazars,70102,
57502536,CRH Funding B.V.,2017,Mazars,6420,
57262632,Stichting The Ocean Cleanup,2017,Mazars,94996,
27048039,Bos Fruit Aardappelen Onderlinge verzekeringen BFAO U.A..,2017,Mazars,6512,
61287091,Temployment Participaties B.V.,2017,Mazars,6420,
24052685,Maasvlakte Olie Terminal N.V.,2017,Mazars,52101,
27305565,CRH Finance B.V.,2017,Mazars,70102,
41188040,Woningstichting Leusden,2017,Mazars,68201,
41198289,Stichting Pensioenfonds Mercer,2017,Mazars,65302,
37085389,Stichting Openbaar Voortgezet Onderwijs Noord-Holland-Noord,2017,Mazars,85314,
24355532,Dylan Beheer B.V.,2017,Mazars,6420,
24490903,GSS Netherlands Holdings I B.V.,2017,Mazars,6420,
54253470,Den Hartogh Beheer B.V.,2017,Mazars,6420,
33262094,AFS Group B.V.,2017,Mazars,6420,
51760649,VANAD Contact Centers Nederland B.V.,2017,Mazars,4651,
50349244,Nieto Trading B.V.,2017,Mazars,46712,
67294553,Port Zélande Invest B.V.,2017,Mazars,6420,
41030811,Stichting Pensioenfonds Urenco Nederland,2017,Mazars,65309,
06051721,Heupink & Bloemen Tabak B.V.,2017,Mazars,1200,
69311935,CycloMedia Holding B.V.,2017,Mazars,2620,
30195416,Stichting Pensioenfonds Huisartsen in Opleiding,2017,Mazars,65303,
27106340,BMW Finance N.V.,2017,Mazars,64922,
24270632,Rubis Terminal B.V.,2017,Mazars,52101,
05052143,Breman Beheer B.V.,2017,Mazars,70102,
34255937,First Liability Matching N.V.,2017,Mazars,64301,
24281165,Waalhaven Holding B.V.,2017,Mazars,6420,
41120110,"Stichting H3O voor christelijk peuterwerk kinderopvang, primair en voortgezet onderwijs",2017,Mazars,85314,
41087291,Stichting Pensioenfonds Coram,2017,Mazars,65302,
06023007,Corex Nederland B.V.,2017,Mazars,1729,
23040431,Greenmerce Holding B.V.,2017,Mazars,6420,
34194729,Caja Vital Finance B.V.,2017,Mazars,64922,
34079831,Safic-Alcan Necarbo B.V.,2017,Mazars,46751,
08125301,Rodepa Vastgoed B.V.,2017,Mazars,6420,
24173416,Zegro-Centrum Rotterdam B.V.,2017,Mazars,4639,
41152088,Stichting Secretariaat Christen Democratisch Appel,2017,Mazars,9492,
23084216,A. Visbeen Beheer B.V.,2017,Mazars,6832,
50723006,Monolith N.V.,2018,Mazars,6420,
34181542,Schuberg Philis Group B.V.,2018,Mazars,6420,
30199843,DoubleDividend Management B.V.,2018,Mazars,6611,
28057507,Transposafe Systems Holland B.V.,2017,Mazars,2229,
30077474,Paradigm Group B.V.,2017,Mazars,46901,
38017223,Aebi Schmidt Nederland B.V.,2017,Mazars,2830,
08120687,Van Werven Infra B.V.,2017,Mazars,4312,
08098667,M. Titsing Holding B.V.,2017,MAZARS,6420,
30030293,Mens-Zeist Vastgoedonderhoud B.V.,2017,Mazars,4334,
24197684,Van der Vorm Vastgoed Holding B.V.,2017,Mazars,6420,
06022523,De Twentse Schouwburg N.V.,2017,Mazars,9002,
32106698,SynVest RealEstate Fund N.V.,2017,Mazars,64301,
24351749,Van der Vorm Vastgoed B.V.,2017,Mazars,6420,
69635757,Moekotte Holding B.V.,2017,Mazars,6420,
30042372,Neitraco Beheer B.V.,2017,Mazars,6420,
21017714,H & B Beauty B.V.,2017,Mazars,46699,
08061957,Access Holding B.V.,2017,Mazars,6832,
11028551,Jola Investment N.V.,2017,Mazars,6420,
34283307,Stichting Bewaarder Antaurus Europe Fund,2017,Mazars,69209,
17068888,Faco Beheer B.V.,2017,Mazars,6420,
34259454,J.P. Morgan Structured Products B.V.,2017,Mazars,6420,
27108436,Stichting Oxfam Novib,2017,Mazars,5811,
30190436,AT Osborne Holding B.V.,2017,Mazars,69203,
34260517,Euro-Galaxy II CLO B.V.,2017,Mazars,6420,
08107082,Velda Beheer B.V.,2017,Mazars,70102,
41022121,Stichting Woonpalet Zeewolde,2017,Mazars,68201,
24356162,PricewaterhouseCoopers EE Holdings B.V.,2018,Mazars,6420,
58567690,Dare To Be Holding B.V.,2018,Mazars,6420,
30081768,Kargro Beheer B.V.,2017,Mazars,6420,
34044820,Bell Helicopter Supply Center B.V.,2017,Mazars,3030,
08098853,Aannemingsmaatschappij Hegeman B.V.,2017,Mazars Paardekooper Hoffman,4120,
24237151,FaberExposize B.V.,2017,Mazars,7490,
05056372,Breman Topholding B.V.,2017,Mazars,70102,
24117002,Boland B.V.,2017,Mazars,46499,
67531733,Uitzendbureau Zuidgeest II B.V.,2017,Mazars,78201,
34103753,Record Industry B.V.,2017,Mazars,1820,
32077000,Porsche Centrum Eindhoven B.V.,2017,Mazars,4532,
09122091,T-REX Rubber International B.V.,2017,Mazars,2822,
53754298,SynVest German RealEstate Fund N.V.,2017,Mazars,64301,
11032412,Dutesco Holding B.V.,2017,Mazars,7112,
05070105,Stichting Pensioenfonds Abbott Nederland,2017,Mazars,65301,
16067208,Plantagie Holding B.V.,2017,Mazars,6420,
17050808,Coppens diervoeding B.V.,2018,Mazars,1091,
27231264,Houdstermaatschappij Mecanoo B.V.,2017,Mazars,70102,
34317623,Wegochem Europe B.V.,2017,Mazars,46751,
29012636,Klip Beheermaatschappij B.V.,2017,Mazars,6420,
27308764,"'De Haagse Scholen', stichting voor primair en speciaal openbaar onderwijs",2017,Mazars,8412,
34315033,Stichting Openbaar Voortgezet Onderwijs Progresso (SOVOP),2017,Mazars,85314,
41244136,Stichting Pensioenfonds Witteveen+Bos,2017,Mazars,65301,
41042610,Stichting Stimuleringsfonds Volkshuisvesting Nederlandse Gemeenten,2017,Mazars,64301,
24223012,Den Hartogh Exploitatie Maatschappij B.V.,2017,Mazars,68204,
41178025,'Stichting Diabetes Fonds',2017,Mazars,86929,
41199776,Stichting Pensioenfonds Alliance,2018,Mazars,64303,
62115081,Braskem Netherlands Inc. B.V.,2017,Mazars,6420,
41174339,Stichting Driestar educatief,2018,Mazars,85322,
64575446,Mycroft Investments B.V.,2017,Mazars,64301,
27283716,Pels Rijcken & Droogleever Fortuijn N.V.,2018,Mazars,69101,
06055740,Winkels Techniek B.V.,2017,Mazars,4321,
40407319,Nederlandse Vereniging tot Bescherming van Dieren,2018,Mazars,94996,
34111540,Kliniek De Lairesse ZBC B.V.,2018,Mazars,86221,
12000643,Veiling Zon,2018,Mazars,82991,
08175546,Hegeman Holding B.V.,2018,Mazars,6420,
34253640,Stichting CliniX,2018,Mazars,94993,
58909265,Stichting NN CDC Pensioenfonds,2018,Mazars,64303,
17063047,Coram Group B.V.,2017,Mazars,6420,
18132296,VPK Packaging B.V.,2017,Mazars,17212,
37091412,samenwerkingsverband vo Noord-Kennemerland,2017,Mazars,94995,
32142161,Noordersluis Bouwgroep B.V.,2017,Mazars Paardekooper Hoffman,70221,
04043942,LBS Beheer B.V.,2017,Mazars,6420,
41150499,"Stichting Nationaal Fonds voor Vrede, Vrijheid en Veteranenzorg",2017,Mazars,88999,
41181214,Stichting Special Arts Nederland,2018,Mazars,94994,
06067793,L. ten Cate Enterprises B.V.,2018,Mazars,64302,
08154136,HalDu B.V.,2018,Mazars,6420,
27356153,GL events World Forum Convention Center B.V.,2017,MAZARS,90042,
06049393,Hegeman Vastgoed B.V.,2018,Mazars,6420,
30092677,Arval Benelux B.V.,2017,Mazars,6612,
24331982,TMH Trucks Machines Holland Holding B.V.,2017,Mazars,6420,
60267267,Stichting Kliniek Dermatologie Amsterdam De Bliek Kuijken en Laane,2018,Mazars,86221,
08186582,Werkenhorst B.V.,2017,Mazars,6420,
09118128,DPD (Nederland) B.V.,2017,Mazars,52291,
24270641,SSC Flex B.V.,2017,Mazars,78201,
34388186,DIT Holding B.V.,2017,Mazars,6420,
24193105,L. en R.T. Prins Holding B.V.,2017,Mazars,6420,
34255937,First Liability Matching N.V.,2018,Mazars,64301,
56729375,De Tijd Vooruit B.V.,2018,Mazars,6420,
08127780,Winkels Techniek Groep B.V.,2018,Mazars,4321,
34147938,Stichting IVN,2018,Mazars,94996,
27283716,Pels Rijcken & Droogleever Fortuijn N.V.,2017,Mazars,69101,
17030447,HelloFlex group B.V.,2017,Mazars,6201,
56629761,ICTSI Treasury B.V.,2017,Mazars,6420,
33288327,Blauw Research Holding B.V.,2017,Mazars,6420,
27108436,Stichting Oxfam Novib,2018,Mazars,5811,
20095946,CM.com B.V.,2017,Mazars,6190,
08166554,MDI investments B.V.,2017,Mazars,6420,
32077000,Porsche Centrum Eindhoven B.V.,2018,Mazars,4532,
41169522,Stichting Rijksmuseum van Oudheden,2018,Mazars,91021,
33235784,BNP Paribas Personal Finance B.V.,2017,Mazars,64922,
24293377,Kobus Personeel & Organisatie B.V.,2017,Mazars,70221,
08061957,Access Holding B.V.,2018,Mazars,6832,
04048980,LBS Emmen B.V.,2017,Mazars,2219,
41015062,Stichting Pensioenfonds NEG Nederland,2017,Mazars,65301,
61834270,Stichting Bedrijfstakpensioenfonds voor de Zuivel en aanverwante industrie,2017,Mazars,65301,
05054243,Bege Beheer B.V.,2017,Mazars,6420,
24379554,ZiNkraamzorg B.V.,2017,Mazars,88101,
32142161,Noordersluis Bouwgroep B.V.,2018,Mazars,70221,
24365689,Den Hartogh Global B.V.,2017,Mazars,52291,
05076540,IJssel Technologie Groep B.V.,2018,Mazars,70102,
64732827,L. ten Cate Group B.V.,2018,Mazars,6420,
33126367,N.V. Verzekeringsbedrijf Groot Amsterdam (VGA),2018,Mazars,65121,
41141410,Stichting Fonds Schiedam Vlaardingen e.o.,2018,Mazars,94993,
28085082,Valkenhorst Participatie B.V.,2017,Mazars,6420,
41158594,Stichting Groenfonds,2018,Mazars,64924,
08036357,Coöperatieve Vereniging Agrarische Bedrijfsverzorging U.A.,2017,Mazars,78202,
34253640,Stichting CliniX,2017,Mazars,94993,
24196885,De Regt Marine Cables B.V.,2017,Mazars,2732,
64186806,Ymor Holding B.V.,2017,Mazars,6420,
34159844,Floresteca B.V.,2017,Mazars,6420,
36046337,Shan Holding B.V.,2017,Mazars,70102,
34064557,Lagardère Travel Retail the Netherlands B.V.,2017,Mazars,6420,
11015371,Meubelfabriek De Toekomst B.V.,2017,Mazars,3109,
41200230,Stichting Koninklijk Nederlands Geleidehondenfonds,2017,Mazars,9609,
09093561,Nauta Group B.V.,2017,Mazars,6420,
34157815,Krämer Groep B.V.,2017,Mazars,6420,
33205099,Chipsoft B.V.,2017,Mazars,6201,
28057507,Transposafe Systems Holland B.V.,2018,Mazars,2229,
05076540,IJssel Technologie Groep B.V.,2017,Mazars,70102,
50723006,Monolith N.V.,2017,Mazars,6420,
06067793,L. ten Cate Enterprises B.V.,2017,Mazars,64302,
16014685,FNG N.V.,2017,Mazars,6630,
34342820,DeGiro B.V.,2017,Mazars,6630,
30010688,VIOS Bouwgroep B.V.,2017,Mazars,4120,
34259454,J.P. Morgan Structured Products B.V.,2018,Mazars,6420,
34283024,TANITA Europe B.V.,2017,Mazars,52109,
34088563,IDEMIA The Netherlands B.V.,2017,Mazars,18129,
24153398,G.B. van Pelt Beheer B.V.,2017,Mazars,6420,
30069134,Redexim Handel- en Exploitatie Maatschappij B.V.,2017,Mazars,4661,
32110877,DC Groep B.V.,2017,Mazars,72193,
17171669,BMW International Investment B.V.,2017,Mazars,64923,
58567690,Dare To Be Holding B.V.,2017,Mazars,6420,
24301125,T&P Allegretto Fund N.V.,2017,Mazars,,
09184102,DetaConnect B.V.,2018,Mazars,6420,
59651946,Foodmate Holding B.V.,2017,Mazars,6420,
30066097,Beheer- en Exploitatiemij. De Bree B.V.,2017,Mazars,6420,
33215278,BNP Paribas Issuance B.V.,2017,Mazars,64922,
62250108,Crown Van Gelder B.V.,2017,Mazars,17121,
69186561,NewFor Holding B.V.,2018,Mazars,6420,
20151657,Gemeentehuis van Moerdijk,2017,Mazars,8411,
34176814,FAXTOR ABS 2003-1 B.V.,2017,Mazars,64922,
67836917,IGHM B.V.,2017,Mazars,6420,
30138665,Lekkerkerker Dairy & Food Equipment B.V.,2017,Mazars,46682,
24289075,Insulcon Europe B.V.,2017,Mazars,6420,
30139207,Van Drie Holding B.V.,2017,Mazars,6420,
58908757,Stichting ING CDC Pensioenfonds,2017,Mazars,64303,
41199183,Stichting Collectieve Israel Actie,2017,Mazars,88999,
24263279,Den Hartogh Holding B.V.,2017,Mazars,6420,
34283024,TANITA Europe B.V.,2018,Mazars,52109,
33202309,Bulgari International Corporation (BIC) N.V.,2017,Mazars,6420,
24139487,Eimskip Nederland B.V.,2017,Mazars,52291,
08214189,Bouman Industries B.V.,2017,Mazars,6420,
10016944,Woningbouwstichting 'De Gemeenschap',2017,Mazars,68201,
34286326,Ares European CLO II B.V.,2017,Mazars,6420,
34036014,Aircraft Fuel Supply B.V.,2017,Mazars,46712,
32118667,Acatris Beheer B.V.,2017,Mazars,6420,
20123808,CM Telecom B.V.,2017,Mazars,6190,
69900752,Werkenhorst Holding B.V.,2017,Mazars,6420,
24304498,N.V. IRADO,2017,Mazars,3811,
09069244,Transportbanden Service Nederland B.V.,2017,Mazars,2822,
63492652,Dilijan Finance B.V.,2017,Mazars,64923,
08120297,Lefco Beheer B.V.,2018,Mazars,6420,
41183891,Stichting Unie van Provinciale Landschappen,2017,Mazars,94996,
41193254,Stichting Landschapsbeheer Nederland,2017,Mazars,93299,
17068888,Faco Beheer B.V.,2018,Mazars,6420,
32084294,Twynstra Gudde Ondernemers B.V.,2017,MAZARS,6420,
60597046,Monolith Duitsland B.V.,2017,Mazars,64923,
34152292,Eschborn Finance B.V.,2017,Mazars,6420,
34160724,Sinfonia Finance B.V.,2017,Mazars,6420,
30200121,Conti Investments B.V.,2017,Mazars,6420,
40531717,Koninklijke Nederlandse Baseball en Softball Bond,2017,Mazars,93196,
17108749,Micro-Star Netherlands Holding B.V.,2017,Mazars,6420,
34250584,U2 Limited,2017,Mazars,59111,
55212700,Seacontractors Beheer B.V.,2017,Mazars,6420,
64732827,L. ten Cate Group B.V.,2017,Mazars,6420,
41201691,Stichting Pensioenfonds Ballast Nedam,2017,Mazars,65302,
41080575,Stichting Het Noordbrabants Landschap,2017,Mazars,91042,
08127780,Winkels Techniek Groep B.V.,2017,Mazars,4321,
64833666,Bouwonderneming Veeneman B.V.,2017,Mazars,4120,
08029330,Transferro B.V.,2018,Mazars,46741,
16033150,Bert Plantagie B.V.,2017,Mazars,3109,
34124295,Stichting DCA,2017,Mazars,86923,
30153354,Beheermaatschappij VIOS B.V.,2017,Mazars,6420,
57811067,Yellow Chips Holding B.V.,2017,Mazars,6420,
21020222,Sanur N.V.,2017,Mazars,6420,
41181555,Stichting Nationaal Restauratiefonds,2018,Mazars,64924,
24155189,N.V. Schadeverzekeringsmaatschappij Maas Lloyd,2017,Mazars,65121,
60267267,Stichting Kliniek Dermatologie Amsterdam De Bliek Kuijken en Laane,2017,Mazars,86221,
30204922,Gilde Buy Out Partners B.V.,2017,Mazars,6420,
41011600,Stichting Pensioenfonds PostNL,2017,Mazars,65302,
24389295,Mazars Paardekooper Hoffman Holding N.V.,2017,Mazars,70102,
41213987,Stichting Van Gogh Museum voorheen Rijksmuseum Vincent van Gogh / Rijksmuseum H.W. Mesdag,2017,Mazars,91021,
33289086,Lesaffre Mautner Markhof (L.M.M.) B.V.,2017,Mazars,6420,
01139456,Agrifac Machinery B.V.,2017,Mazars,2830,
34332305,MDC - GMTN B.V.,2017,Mazars,64301,
10038992,Dekkers Holding Nijmegen B.V.,2017,Mazars,6420,
11011328,Stichting Christelijke Woningcorporatie,2017,Mazars,68201,
08174175,ThreeSteps B.V.,2017,Mazars,70102,
24283878,AND International Publishers N.V.,2017,Mazars Paardekooper Hoffman,6420,
17116373,GAC Beheer B.V.,2017,Mazars,6420,
08012289,Altrex B.V.,2018,Mazars,2599,
09083732,Finsaco Houtgroep B.V.,2017,Mazars,6420,
41183558,Stichting SBOH,2017,Mazars,8542,
34209908,LEVERAGED FINANCE EUROPE CAPITAL III B.V.,2017,Mazars,64301,
08185413,Linthorst Techniek B.V.,2017,Mazars,43222,
41199776,Stichting Pensioenfonds Alliance,2017,Mazars,64303,
30204915,Gilde Buy-Out Management Holding B.V.,2017,MAZARS,6420,
24117002,Boland B.V.,2018,Mazars,46499,
40534191,Defence for Children International-Nederland,2017,Mazars,94995,
29030786,Nederhoff Interholding B.V.,2017,Mazars,6420,
40530997,Nederlandse Basketball Bond,2017,Mazars,93196,
34170277,F.A.B. CBO 2002-1 B.V.,2017,Mazars,6420,
09087918,Interfer B.V.,2017,Mazars,46741,
09065054,X M Holding B.V.,2017,Mazars,6420,
08125492,BiZZdesign Holding B.V.,2017,Mazars,6420,
06033011,Stichting Reggewoon,2018,Mazars,68201,
01031931,Stichting Lyaemer Wonen,2018,Mazars,68201,
18033506,Brabantse Ontwikkelings Maatschappij Holding B.V.,2018,Mazars,64923,
05024541,"Stichting ""Beter Wonen""",2019,Mazars,68201,
30040187,Woningstichting Vecht en Omstreken,2018,Mazars,68201,
08153307,Verion Protestants Christelijk Onderwijs Wierden Enter,2019,Mazars,85201,
08167192,Stichting Openbaar Primair Onderwijs Hof van Twente,2018,Mazars,85201,
08167192,Stichting Openbaar Primair Onderwijs Hof van Twente,2019,Mazars,85201,
41134459,Stichting Vrienden van het Sophia,2017,Mazars,94993,
05070105,Stichting Pensioenfonds Abbott Nederland,2019,Mazars,65301,
34108106,"Stichting Fonds Collectieve Belangen Informatie-, Communicatie- en Kantoortechnologiebranche",2018,Mazars,94997,
58066330,HetHuisvandeStraat,2018,Mazars,,
58066330,HetHuisvandeStraat,2019,Mazars,,
41141410,Stichting Fonds Schiedam Vlaardingen e.o.,2019,Mazars,94993,
40530264,Vereniging Hendrick de Keyser,2019,Mazars,91220,
32038883,Weidmüller Benelux B.V.,2019,Mazars,46500,
09032219,Oosterhoff Groep B.V.,2018,Mazars,64210,
54326478,Rail Innovators Holding B.V.,2017,Mazars,64210,
33225885,Hyper Germany B.V.,2018,"Mazars, KPMG, Deloitte",64210,
41009543,Stichting Will Niemeijer Pensioenfonds,2019,Mazars,,
11015214,Rademaker B.V.,2018,Mazars,28930,
52830357,MVRDV B.V.,2019,Mazars,71111,
08185413,Linthorst Techniek B.V.,2018,Mazars,43222,
34388186,DIT Holding B.V.,2018,Mazars,64210,
41082422,Stichting Ons Brabants Landschap,2019,Mazars,,
41141392,Stichting CRH Pensioenfonds,2019,Mazars,65302,
27280272,Stichting Vlietkinderen,2018,Mazars,88910,
09171813,accon avm groep B.V.,2018,Mazars,,
69987637,Transatlantic Partners B.V.,2019,Mazars,64210,
65967313,Arena NHG 2016-I B.V.,2017,Mazars,,
65486617,Hypenn RMBS V B.V.,2018,Mazars,,
65486617,Hypenn RMBS V B.V.,2019,Mazars,,
69323550,Green Apple 2017-I NHG B.V.,2018,Mazars,,
63877953,Hypenn RMBS IV B.V.,2018,Mazars,,
08126213,D&T Management B.V.,2017,Mazars,64210,
08126213,D&T Management B.V.,2018,Mazars,64210,
70948682,Enstall Group B.V.,2019,Mazars,64210,
18123152,Breman Zuid B.V.,2018,Mazars,43221,
18123152,Breman Zuid B.V.,2019,Mazars,43221,
05050412,Ship Immobilia B.V.,2019,Mazars,64210,
34250584,U2 Limited,2019,Mazars,59111,
41027375,Stichting Katholiek Onderwijs Twenterand,2019,Mazars,85201,
24351749,Van der Vorm Vastgoed,2019,Mazars,64210,
51497328,T.S.M. Beheer Coevorden B.V.,2017,Mazars,64210,
11013233,Kebo,2019,Mazars,46838,
30041379,Kargro,2019,Mazars,46720,
41200230,Stichting Koninklijk Nederlands Geleidehondenfonds,2019,Mazars,96990,
08098853,Aannemingsmaatschappij Hegeman B.V.,2019,Mazars,41000,
06086257,Stichting Brigantijn,2019,Mazars,85201,
24490903,GSS Netherlands Holdings I B.V.,2019,Mazars,64210,
41046798,Stichting Essentius,2018,Mazars,69209,
05057813,N.V. ROVA Holding,2018,Mazars,70102,
17135405,Synergie Logistiek,2019,Mazars,78201,
06072986,Lammerink Installatiebedrijf B.V.,2018,Mazars,43212,
41011600,Stichting Pensioenfonds PostNL,2019,Mazars,65302,
41097718,Stichting Fontys,2018,Mazars,85401,
23018855,Beheermaatschappij A. Maat B.V.,2018,Mazars,66300,
23018855,Beheermaatschappij A. Maat B.V.,2019,Mazars,66300,
56004028,Stichting Openbaar Onderwijs Zwolle en Regio,2019,Mazars,85201,
40410425,Nederlandse Vereniging voor Rechtspraak,2017,Mazars,94120,
40074084,Stichting Christelijk Onderwijs Twenterand en Omstreken,2018,Mazars,85201,
50044273,Stichting Chamanfrance,2018,Mazars,88999,
40530895,"HUMANITAS, Nederlandse vereniging voor maatschappelijke dienstverlening en samenlevingsopbouw",2018,Mazars,88992,
06061578,Thales Nederland,2019,Mazars,26510,
24217419,Uitzendbureau Zuidgeest,2017,MAZARS,,
24389035,VANAD Group B.V.,2019,Mazars,70102,
17110624,Stichting Oosterpoort,2017,Mazars,88991,
08095405,Rikkert Afbouwgroep B.V.,2017,Mazars,64210,
08095405,Rikkert Afbouwgroep B.V.,2018,Mazars,64210,
08095405,Rikkert Afbouwgroep B.V.,2019,Mazars,64210,
30238704,Property Works B.V.,2019,MAZARS,64922,
41133541,SAB Stichting Afvalstoffen & Vaardocumenten Binnenvaart,2019,Mazars,38110,
58375783,QatarEnergy Netherlands Holdings B.V.,2019,Mazars,64210,
65880048,Essence VI B.V.,2019,Mazars,64210,
41053398,Stichting Zorgbelang Inclusief,2018,Mazars,88992,
11018154,A. Hak Groep B.V.,2017,Mazars,70102,
40407319,Nederlandse Vereniging tot Bescherming van Dieren,2017,Mazars,94996,
09115973,Stichting Pallas,2019,Mazars,85201,
55927890,Van Pijkeren Woningbouw B.V.,2019,Mazars,41000,
41095601,Stichting Pensioenfonds voor Verloskundigen,2019,Mazars,65303,
30155920,R&H Driessen Holding B.V.,2018,Mazars,64210,
50679112,Phedina Hypotheken 2010 B.V.,2018,Mazars,66199,
32105796,Stichting Meerkring Primair Onderwijs Amersfoort,2018,Mazars,85201,
23091285,Christelijke Scholengroep De Waard,2019,Mazars,85201,
40342383,Koninklijke Nederlandse Atletiek Unie,2018,Mazars,93194,
34252769,Turing Foundation,2018,Mazars,88999,
30146541,MaxGrip B.V.,2018,Mazars,70201,
33126367,N.V. Verzekeringsbedrijf Groot Amsterdam (VGA),2019,Mazars,65121,
01061782,F. Spanninga Holding B.V.,2019,Mazars,64210,
01061782,F. Spanninga Holding B.V.,2017,Mazars,64210,
41239028,"Trinitas College, Locatie Han Fortmann",2018,Mazars,85311,
41181369,Stichting Alzheimer Nederland,2018,Mazars,86999,
72234938,Enovation Group Holding B.V.,2019,Mazars,64210,
17178706,Stichting Zorgbelang Brabant,2018,Mazars,86999,
32072499,Mediawan Skyhigh B.V.,2018,Mazars,59111,
62417576,Stichting Timon Groep,2018,Mazars,88999,
68661177,Buitenpost beheermaatschappij B.V.,2019,Mazars,64210,
41244136,Stichting Pensioenfonds Witteveen+Bos,2019,Mazars,65301,
34147938,"IVN, Instituut voor Natuureducatie en duurzaamheid",2019,Mazars,94996,
12067345,Cummins Emission Solutions Netherlands B.V.,2019,Mazars,29320,
08158593,Machinefabriek Elburg Beheer B.V.,2018,Mazars,64210,
62351079,Solutions Packaging B.V.,2018,MAZARS,78201,
38023122,De Marken,2018,Mazars,68201,
58259937,D.G. Solutions B.V.,2018,Mazars,64210,
33303682,Liebherr Appliances Netherlands B.V.,2018,Mazars,70102,
06055740,Winkels Techniek B.V.,2019,Mazars,43212,
08046199,J. Veeneman Apeldoorn B.V.,2017,Mazars,68310,
40409418,Vereniging van Nederlandse Gemeenten,2018,Mazars,94997,
06043013,TR Holland B.V.,2019,Mazars,46841,
06049393,Hegeman Vastgoed B.V.,2019,MAZARS,64210,
34308168,ALSTOM Netherlands B.V.,2019,PwC; Mazars,33170,
41227126,Stichting Bedrijfstakpensioenfonds voor de Reisbranche in liquidatie,2019,Mazars,64320,
62250108,Crown Van Gelder B.V.,2019,Mazars,,
08125301,Rodepa Vastgoed B.V.,2019,Mazars,64210,
30146538,MaxGrip EMEA B.V.,2018,Mazars,70201,
30065531,Lekkerkerker Holding Benschop B.V.,2018,Mazars,70102,
08107082,Velda Beheer B.V.,2018,Mazars,70102,
10041575,Linxens (the Netherlands) B.V.,2019,Mazars,26110,
08029330,Transferro B.V.,2019,Mazars,46841,
08029330,Transferro B.V.,2017,Mazars,46841,
11044303,Niacet B.V.,2019,Mazars,20149,
54728916,Flexpedia B.V.,2018,Mazars,70202,
30153354,Beheermaatschappij VIOS B.V.,2018,Mazars,64210,
30153354,Beheermaatschappij VIOS B.V.,2019,Mazars,64210,
18059439,Schouten Europe B.V.,2018,Mazars,46390,
08186582,Werkenhorst B.V.,2018,Mazars,64210,
30069134,Redexim B.V.,2019,Mazars,46610,
64923568,Soeverein en Westergracht B.V.,2018,Mazars,64210,
34127515,Stichting Aanvullingsfonds Bouw & Infra,2019,Mazars,88999,
05054243,Bege Beheer B.V.,2019,Mazars,64210,
34181542,Schuberg Philis Group B.V.,2019,Mazars,64210,
32084294,TwynstraGudde,2019,MAZARS,64210,
63699001,Brisker Groep B.V.,2018,Mazars,64210,
51671182,Maandag Holding B.V.,2017,Mazars,64210,
51671182,Maandag Holding B.V.,2019,Mazars,64210,
24489006,Stichting Jarige Job,2017,Mazars,94993,
34064557,Lagardère Travel Retail the Netherlands B.V.,2018,Mazars,64210,
34064557,Lagardère Travel Retail the Netherlands B.V.,2019,Mazars,64210,
27296126,Perfect Plants B.V.,2018,Mazars,64210,
05045698,Wezenberg Transport B.V.,2018,Mazars,49410,
05045698,Wezenberg Transport B.V.,2019,Mazars,49410,
34393179,"Andorra Capital Agrícol Reig, B.V.",2019,Mazars,,
41152088,Stichting Secretariaat Christen Democratisch Appel,2018,Mazars,94920,
05068689,Stichting Trias Jeugdhulp,2017,Mazars,87991,
05068689,Stichting Trias Jeugdhulp,2018,Mazars,87991,
33234881,Lesaffre Nederland,2019,Mazars,46383,
28091427,Sushi Ran B.V.,2019,Mazars,10200,
28091427,Sushi Ran B.V.,2018,Mazars,10200,
30204915,Rivean Capital Management Holding B.V.,2018,Mazars,64210,
05051482,IJssel Technologie B.V.,2019,Mazars,71120,
08079417,Accres Holding B.V.,2018,Mazars,93119,
30117631,Innovam,2019,Mazars,85591,
33205099,Chipsoft B.V.,2019,Mazars Accountants,62100,
08166554,MDI investments B.V.,2018,Mazars,64210,
08166554,MDI investments B.V.,2019,Mazars,64210,
51607417,Nederland Sales & Service B.V.,2018,Mazars,46150,
37098483,Maandag Interim Professionals B.V.,2019,Mazars,78100,
04036720,V.D.H. Products B.V.,2018,Mazars,33200,
34252932,LPE Capital B.V.,2018,Mazars,,
41209638,Stichting Bedrijfstakpensioenfonds voor de Particuliere Beveiliging,2019,Mazars,84300,
41131321,Stichting Make-A-Wish® Nederland,2018,Mazars,88999,
35025338,Roto B.V.,2019,Mazars,70101,
73722812,Daily Logistics Group B.V.,2019,Mazars,64210,
24365689,Den Hartogh Global B.V.,2018,Mazars,52250,
14058851,UFP Benelux B.V.,2018,Mazars,46500,
34036014,Aircraft Fuel Supply B.V.,2018,Mazars,46812,
24125767,PSA Finance Nederland B.V.,2018,Mazars; E & Y,64922,
18031360,SULO Holding B.V.,2017,Mazars,64210,
34159844,Floresteca B.V.,2018,Mazars,64210,
08214189,Bouman Industries B.V.,2019,MAZARS,64210,
06066504,E.B.J. Lammerink Holding B.V.,2018,Mazars,64210,
41208813,Stichting Defence for Children International Nederland - ECPAT Nederland,2018,Mazars,94995,
41208813,Stichting Defence for Children International Nederland - ECPAT Nederland,2019,Mazars,94995,
41199776,Stichting Pensioenfonds Alliance,2019,Mazars,64320,
30239960,Komfort Holding B.V.,2019,Mazars,70102,
18058436,R.N.B. Beheer B.V.,2018,Mazars,70102,
34265018,DUNIA Capital B.V.,2019,Mazars,64922,
08036357,Coöperatieve Vereniging Agrarische Bedrijfsverzorging U.A.,2019,Mazars,78202,
30200121,Conti Investments B.V.,2018,Mazars,64210,
30204922,Rivean Capital B.V.,2018,Mazars,64210,
30204922,Rivean Capital B.V.,2019,Mazars,64210,
08099569,HBT Holding B.V.,2019,Mazars,64210,
24277880,Den Hartogh Trucking B.V.,2018,Mazars,49410,
05048431,Vitters Maritime Engineering B.V.,2018,Mazars,30120,
27366406,Nederlands Vlaamse Accreditatieorganisatie (NVAO),2017,Mazars,84121,
75278561,Abeos Uitzend Holding B.V.,2019,Mazars,78100,
34235622,ZOO ABS II B.V.,2019,Mazars,64210,
41205545,Stichting Ronald McDonald Kinderfonds,2018,Mazars,94993,
41205545,Stichting Ronald McDonald Kinderfonds,2019,Mazars,94993,
41187815,Stichting Raad voor Accreditatie,2018,Mazars,70202,
06087361,Bornis Beheer B.V.,2018,Mazars,64210,
06087361,Bornis Beheer B.V.,2019,Mazars,64210,
67352669,JerCon B.V.,2019,Mazars,64210,
24153095,Curosa Rotterdam Beheer B.V.,2019,Mazars,64210,
16024880,Stichting Area,2019,Mazars,68201,
11021748,Aannemersbedrijf C. van Dillen en Zoon B.V.,2019,Mazars,41000,
64732827,L. ten Cate Group B.V.,2019,Mazars,64210,
69311935,CycloMedia Holding B.V.,2019,Mazars,26200,
32101833,Theuma DoorSystems B.V.,2018,Mazars,43320,
08049477,J.G. van Ommen Beheer B.V.,2017,Mazars,64210,
41266223,Stichting Vrienden van Handicart,2017,Mazars,88999,
41040007,Apenheul,2018,Mazars,91410,
08172294,Bredenoord Beheer Apeldoorn B.V.,2019,Mazars,70102,
34140161,NICE Netherlands B.V.,2019,Mazars,62100,
34160724,Sinfonia Finance B.V.,2019,Mazars,64210,
22019103,Krijn Verwijs B.V.,2018,Mazars,46322,
27256312,Natuna 2 B.V.,2018,Mazars,77400,
27256312,Natuna 2 B.V.,2019,Mazars,77400,
12000643,ZON,2019,Mazars,46110,
24139487,Eimskip Nederland B.V.,2018,Mazars,52310,
34283024,TANITA Europe B.V.,2019,Mazars,52109,
67656285,TMA Logistics B.V.,2017,Mazars,64210,
67656285,TMA Logistics B.V.,2018,Mazars,64210,
67656285,TMA Logistics B.V.,2019,Mazars,64210,
30042372,Neitraco Beheer B.V.,2018,Mazars,64210,
30213012,Stichting Klachten en Geschillen Zorgverzekeringen,2017,Mazars,69102,
06079119,Sportaal B.V.,2018,Mazars,93111,
24266274,Avantage Groep B.V.,2019,Mazars,64210,
51233487,Green Bell B.V.,2019,Mazars; E&Y,30110,
66503485,Hypenn RMBS VI B.V.,2018,Mazars,,
24408615,Uitzendburo Tradiro B.V.,2018,MAZARS,78201,
24489047,De Jong Combustion B.V.,2017,Mazars,71120,
57717508,Madison Park Euro Funding V B.V.,2018,Mazars,,
62477897,ALME Loan Funding IV B.V.,2019,Mazars,,
06085595,Jenef Holding B.V.,2018,Mazars,64210,
06085595,Jenef Holding B.V.,2019,Mazars,64210,
23052776,Appelbloesem Vastgoed B.V.,2018,Mazars,68110,
23052776,Appelbloesem Vastgoed B.V.,2019,Mazars,68110,
23052776,Appelbloesem Vastgoed B.V.,2017,Mazars,68110,
40478577,Stichting de Luisterlijn,2018,Mazars,88999,
33288327,Blauw Research Holding B.V.,2018,Mazars,64210,
34262187,STICHTING RAILTON FOUNDATION,2019,Mazars,,
60597046,Monolith Duitsland B.V.,2018,Mazars,,
41028008,Stichting Katholiek Onderwijs Midden-Twente,2018,Mazars,,
51760649,VANAD Contact Centers Nederland B.V.,2018,Mazars,46500,
51760649,VANAD Contact Centers Nederland B.V.,2019,Mazars,46500,
20123808,CM.COM Netherlands B.V.,2018,Mazars,61900,
20123808,CM.COM Netherlands B.V.,2019,Mazars,61900,
24167746,HDI-Gerling Verzekeringen N.V.,2019,Mazars,,
72155191,Former Bomelo Coop B.V.,2018,Mazars,,
34040238,LMP Holding B.V.,2019,Mazars,,
70311285,Synologies HT B.V.,2018,Mazars,64210,
27189954,Intro Uitzendbureau B.V.,2019,Mazars,78201,
34219669,TRFI B.V.,2019,Mazars,69203,
32028941,Alpha Assembly Solutions Netherlands B.V.,2017,Mazars,24430,
32028941,Alpha Assembly Solutions Netherlands B.V.,2019,Mazars,24430,
68365055,Wisdom Property NL II B.V.,2019,Mazars,64210,
30040105,Yama Products B.V.,2019,Mazars,46389,
30195416,Stichting Pensioenfonds Huisartsen in Opleiding,2019,Mazars,,
23062259,Opel Nederland B.V.,2018,Mazars; E & Y,46710,
06052095,Jomo International Holding B.V.,2019,Mazars,,
33177028,Buram Electro B.V.,2018,Mazars,,
33177028,Buram Electro B.V.,2019,Mazars,,
33074040,Julius Meijer/Alpharma B.V.,2018,"Mazars,E&Y",,
32106698,SynVest RealEstate Fund N.V.,2019,Mazars,,
34261307,Eurojob International Holding B.V.,2018,Mazars,64210,
59651946,DUPOMA Holding B.V.,2019,Mazars,,
08060939,Machine Fabriek Elburg B.V.,2019,MAZARS,25530,
16067208,Plantagie Holding B.V.,2018,MAZARS,64210,
16067208,Plantagie Holding B.V.,2019,Mazars,64210,
41198521,Stichting Stemra,2019,Mazars,94997,
41179463,Stichting Metro Pensioenfonds in liquidatie,2019,Mazars,65302,
40530934,Vereniging Buma,2017,Mazars,94997,
40530934,Vereniging Buma,2018,Mazars,94997,
08098667,M. Titsing Holding B.V.,2018,Mazars,64210,
20054080,Veluvine B.V.,2017,Mazars,20300,
27146267,Robein Vermogensbeheer,2019,Mazars,64192,
24433625,MVRDV Holding B.V.,2019,Mazars,71111,
24237151,FaberExposize B.V.,2018,Mazars,74990,
08092814,MRT B.V.,2019,Mazars,46872,
08090889,Axero,2018,Mazars,46710,
58002316,Krasnapolsky II B.V.,2019,Mazars,55101,
08041344,Elizen Vastgoed B.V.,2019,Mazars,68110,
01139456,Agrifac Machinery B.V.,2018,"Deloitte, Mazars",28300,
01139456,Agrifac Machinery B.V.,2019,Mazars,28300,
09118128,DPD (Nederland) B.V.,2019,Mazars,52310,
58599797,SkylineDx B.V.,2017,Mazars,72100,
08038270,Folding Boxboard Eerbeek B.V.,2018,Mazars,17122,
34372559,Voltalia Management International B.V.,2017,Mazars,64210,
66927129,Vibrantz Dutch Holdings B.V.,2019,Mazars,64210,
66927129,Vibrantz Dutch Holdings B.V.,2018,Mazars,64210,
27268445,Stichting Huisvesting CDA,2017,Mazars,68310,
13035700,Breman Woningbeheer Zuid B.V.,2019,Mazars,43222,
23014915,DLG Logistics B.V.,2019,Mazars,49410,
22022181,Shellinvest B.V.,2017,Mazars,64210,
34183680,Stichting Stayokay,2019,Mazars,55202,
33135742,Meijers Assurantiën B.V.,2018,Mazars,66220,
34261246,Munda CLO I B.V. in liquidatie,2017,Mazars,64922,
06066047,Tio Teach B.V.,2019,Mazars,85401,
30052673,bbn,2018,Mazars,68120,
34258911,E.M.I.S. Finance B.V.,2018,Mazars,64310,
28082735,XL,2018,Mazars,46190,
59413867,Studio TF1 Nederland B.V.,2017,Mazars,59112,
17063196,Synergie International Recruitment B.V.,2018,Mazars,78201,
05040278,Breman Kampen B.V.,2019,Mazars,43212,
24270632,Tepsa Netherlands B.V.,2019,Mazars,52101,
33235784,BNP Paribas Personal Finance B.V.,2018,Mazars,64922,
06064576,Mees van den Brink Holding B.V.,2018,Mazars,64210,
17071434,Climalife Dehon,2019,Mazars,46851,
06083480,Omori Europe Holding B.V.,2018,Mazars,64210,
06083480,Omori Europe Holding B.V.,2019,Mazars,64210,
06057458,Aannemingsbedrijf E.G.J. Steggink B.V.,2018,Mazars,41000,
41022121,Stichting Woonpalet Zeewolde,2019,Mazars,68201,
30187277,Stichting Nederlands Veteraneninstituut,2018,Mazars,94997,
41200170,Stichting Sportfondsen Pensioenfonds,2018,Mazars,65302,
24364163,Twinkel,2018,Mazars,47789,
24364163,Twinkel,2019,Mazars,47789,
33295231,Faber Group N.V.,2017,Mazars,70102,
33135742,Meijers Assurantiën B.V.,2017,Mazars,6622,
40506839,Longfonds & patiëntenorganisatie stichting,2017,Mazars,94993,
27230342,Fahaki B.V.,2017,Mazars,6420,
06044587,ten Hag Groep B.V.,2017,Mazars,6420,
41095739,"Stichting Bedrijfstakpensioenfonds voor de Schoen-, Leder- en Lederwarenindustrie",2017,Mazars,65301,
17264439,Scafom Holding B.V.,2017,Mazars,6420,
34297043,Tentoo Flexolutions B.V.,2017,Mazars,78201,
28021972,B.V. Katwijk Chemie,2017,Mazars,2110,
34116400,Schuberg Philis B.V.,2018,Mazars,6201,
33126367,N.V. Verzekeringsbedrijf Groot Amsterdam (VGA),2017,Mazars,65121,
34239514,Tentoo Directors Cast & Crew B.V.,2017,Mazars,7830,
08087053,J.G. Bergman Beheer B.V.,2017,Mazars,6420,
24270632,Rubis Terminal B.V.,2018,Mazars,52101,
02091445,Stichting Pensioenfonds B&S,2017,Mazars,65302,
24280696,PricewaterhouseCoopers Russia B.V.,2017,Mazars,69202,
66713900,Dutch Bakery Holding B.V.,2017,Mazars,6420,
24220900,A. de Jong B.V.,2017,Mazars,2511,
34247904,Brady B.V.,2018,Mazars,46499,
14090991,RSM Nederland Holding B.V.,2017,Mazars,6420,
41241510,Stichting Christelijk Voortgezet Onderwijs te Alkmaar e.o.,2017,Mazars,85314,
06054012,H.H. Huuskes B.V.,2017,Mazars,4639,
08197816,Moekotte Groep B.V.,2017,Mazars,6420,
12045691,Sherpa Force Holding B.V.,2017,Mazars,6420,
41150184,Stichting Nederlands Dans Theater,2017,Mazars,90011,
64976734,Stichting VluchtelingenWerk Zuidwest-Nederland,2019,Mazars,,
41198289,Stichting Pensioenfonds Mercer,2019,Mazars,65302,
24364151,Stichting Bevolkingsonderzoek Zuid-West,2019,Mazars,,
52830357,MVRDV B.V.,2017,Mazars,71111,
18047247,Vpk Nederland B.V.,2018,Mazars,64210,
18047247,Vpk Nederland B.V.,2019,Mazars,64210,
34248089,North Westerly CLO III B.V.,2018,Mazars,,
41141392,Stichting CRH Pensioenfonds,2018,Mazars,65302,
41082422,Stichting Ons Brabants Landschap,2017,Mazars,,
41225955,Stichting Teylers Museum Vrienden Fonds,2018,Mazars,94993,
08185413,Linthorst Techniek B.V.,2019,Mazars,43222,
20095946,CM.com B.V.,2019,Mazars,,
70948682,Enstall Group B.V.,2018,Mazars,64210,
28102903,Valkenhorst Participatie II B.V.,2018,Mazars,64210,
65967313,Arena NHG 2016-I B.V.,2019,Mazars,,
61713562,BFST Holding B.V.,2018,Mazars,,
11015371,Meubelfabriek De Toekomst B.V.,2019,Mazars,31000,
67836917,IGHM B.V.,2018,Mazars,64210,
57151334,Karsten Europe B.V.,2018,Mazars,64210,
17061117,Spirotech B.V.,2019,Mazars,28290,
41027907,Stichting Kansrijk Onderwijs Enschede,2019,Mazars,85201,
41027907,Stichting Kansrijk Onderwijs Enschede,2018,Mazars,85201,
23085191,Staalstraat Holding B.V.,2018,Mazars,64210,
23085191,Staalstraat Holding B.V.,2019,Mazars,64210,
37097108,Stichting Vrijescholen Ithaka,2018,Mazars,85201,
37097108,Stichting Vrijescholen Ithaka,2019,Mazars,85201,
06061578,Thales Nederland,2018,Mazars,26510,
41246800,Stichting Openbare Bibliotheek Almere,2018,Mazars,91111,
09171813,accon avm groep B.V.,2019,Mazars,,
29030786,Nederhoff Interholding B.V.,2019,Mazars,64210,
11026852,Vermeulen en Vermeulen Beheer B.V.,2019,Mazars,64210,
28112647,Snijderstraat Holding B.V.,2017,Mazars,64210,
06072986,Lammerink Installatiebedrijf B.V.,2019,MAZARS,43212,
34071979,J.M. Levarht & Zonen B.V.,2018,Mazars,,
40530895,"HUMANITAS, Nederlandse vereniging voor maatschappelijke dienstverlening en samenlevingsopbouw",2019,Mazars,88992,
08087053,J.G. Bergman Beheer,2018,Mazars,64210,
40074084,Stichting Christelijk Onderwijs Twenterand en Omstreken,2019,Mazars,85201,
02027119,Revvity Health Sciences B.V.,2018,Mazars,20590,
24196661,Strauss Coffee B.V.,2018,Mazars,64210,
16042921,BNP Paribas Factoring Support N.V.,2018,Mazars,70102,
30081768,Kargro Beheer B.V.,2019,Mazars,64210,
69370826,PwC Business Solutions B.V.,2018,Mazars,77400,
08031646,Metos B.V.,2019,Mazars,33123,
10024859,ANAC B.V.,2018,Mazars,70102,
63133997,Avenir II B.V.,2017,Mazars,64210,
11055087,A. Hak Leidingbouw B.V.,2017,Mazars,42210,
08127780,Winkels Techniek Groep B.V.,2019,Mazars,43212,
08020461,Van Werven Holding B.V.,2018,Mazars,64210,
30056466,L.F.E. Holding B.V.,2018,Mazars,64310,
30056466,L.F.E. Holding B.V.,2019,Mazars,64310,
34266306,Stichting Juridisch Eigendom Hoofbosch Beleggingsfonds,2019,Mazars,69209,
33288437,Bolo B.V.,2019,Mazars,70201,
24270518,Orga Holding B.V.,2019,Mazars,64210,
63246287,Miss Etam Holding B.V.,2018,Mazars,,
24173416,Zegro-Centrum Rotterdam B.V.,2019,Mazars,46390,
34036014,Aircraft Fuel Supply B.V.,2019,Mazars,46812,
40407909,"Stichting Koninklijke Nationale Organisatie voor Reddingwezen en Eerste Hulp bij Ongelukken ""Het Oranje Kruis""",2018,Mazars,85599,
30038990,Burkert Benelux B.V.,2019,Mazars,46645,
30106792,Ma Group B.V.,2018,Mazars,64210,
09167113,Stichting Helene Kröller-Müller Fonds,2019,Mazars,94993,
30241879,Stichting Pensioenregister,2017,Mazars,66292,
05011125,Malanico,2019,MAZARS,46382,
34178306,Park Plaza Hotels Europe B.V.,2017,Mazars,64210,
34315033,Calandlyceum,2019,Mazars,85311,
41201421,Stichting Geert Groote Scholen,2019,Mazars,85311,
30255107,Gilde Buy-Out Fund IV Coöperatief U.A.,2018,Mazars,66292,
33207089,AmstelGIS B.V.,2019,Mazars,70102,
41183558,Stichting SBOH,2019,Mazars,85402,
27283716,Pels Rijcken & Droogleever Fortuijn N.V.,2019,Mazars,69101,
08141166,PMQ Holding B.V.,2019,Mazars,64210,
28073027,Stichting Woondiensten Aarwoude,2019,Mazars,68201,
30093002,Fashion Linq B.V.,2018,Mazars,46861,
06051721,Heupink & Bloemen Tabak B.V.,2019,Mazars,12000,
41031563,Stichting Nederlandse Reisopera,2018,Mazars,90200,
41187815,Stichting Raad voor Accreditatie,2019,Mazars,70202,
30213012,Stichting Klachten en Geschillen Zorgverzekeringen,2019,Mazars,69102,
30213012,Stichting Klachten en Geschillen Zorgverzekeringen,2018,Mazars,69102,
02319567,Woonstichting Groninger Huis,2019,Mazars,68201,
09093561,Nauta Group B.V.,2018,Mazars,64210,
09093561,Nauta Group B.V.,2019,Mazars,64210,
72548819,Liberta Groep B.V.,2019,Mazars,70102,
27162452,Scalar Beheer B.V.,2018,Mazars,70102,
08038449,Import en Groothandel van Ommen B.V.,2019,Mazars,46620,
41241510,"Jan Arentsz, Christelijke Scholengemeenschap voor Lyceum, Havo, Mavo, VBO",2019,Mazars,85311,
20031659,AncoferWaldram Steelplates B.V.,2019,Mazars,46822,
41187306,Museum Catharijneconvent,2018,Mazars,91211,
66398665,Tikehau CLO IV B.V.,2019,Mazars,,
40478577,Stichting de Luisterlijn,2019,Mazars,88999,
34099275,impegno Nederland B.V.,2019,Mazars,86222,
34275513,Odeon ABS 2007-1 B.V.,2018,Mazars,64210,
16070133,Parametric Technology Nederland B.V.,2018,Mazars,73200,
16070133,Parametric Technology Nederland B.V.,2019,Mazars,73200,
40650250,Stichting Deventer en Almelose Montessorischolen,2018,Mazars,85201,
61666610,Tikehau CLO B.V.,2019,Mazars,,
56205287,CPIC Europe Coöperatief U.A.,2018,Mazars,64210,
66369088,BNPP AM Euro CLO 2017 B.V.,2019,Mazars,,
06085595,Jenef Holding B.V.,2017,Mazars,64210,
61905771,Braskem Netherlands Finance B.V.,2018,Mazars,64210,
61905771,Braskem Netherlands Finance B.V.,2019,Mazars,64210,
64463494,ALME Loan Funding V B.V.,2019,Mazars,,
61999512,Haier Europe Appliances Holding B.V.,2019,Mazars,73200,
34267158,DECO 14 - Pan Europe 5 B.V.,2019,Mazars,64210,
57717508,Madison Park Euro Funding V B.V.,2019,Mazars,,
58908757,Stichting ING CDC Pensioenfonds,2019,Mazars,65302,
30010688,VIOS Bouwgroep,2018,Mazars,41000,
27344787,PBLQ Holding B.V.,2018,Mazars,61900,
33187718,Synovate,2017,Mazars,73200,
33187718,Synovate,2018,Mazars,73200,
41015062,Stichting Pensioenfonds NEG Nederland,2018,Mazars,,
51461919,Fondo Privado de Titulizacion Activos Reales 1 B.V.,2018,Mazars,,
31028252,Acatris Netherlands B.V.,2018,Mazars,,
24270641,SSC Flex B.V.,2018,Mazars,,
28057507,Transposafe Systems,2019,Mazars,,
23045001,Centraal Administratiekantoor Dordrecht B.V.,2018,Mazars,66220,
23045001,Centraal Administratiekantoor Dordrecht B.V.,2019,Mazars,66220,
30030293,Weijmens SW B.V.,2018,Mazars,43340,
30010609,Contimeta B.V.,2018,Mazars,28290,
68635559,Sandy Leisures B.V.,2018,Mazars,70202,
72155191,Former Bomelo Coop B.V.,2019,Mazars,,
60045744,TRFI Funding B.V.,2019,Mazars,,
41215754,Stichting Bedrijfstakpensioenfonds TrueBlue,2019,Mazars,,
34342820,DeGiro B.V.,2018,Mazars,,
34342820,DeGiro B.V.,2019,Mazars,,
56468083,Niacet Holding B.V.,2019,Mazars,,
08049477,J.G. van Ommen Beheer B.V.,2019,Mazars,64210,
30214141,Kasi Food B.V.,2018,MAZARS,10510,
30214141,Kasi Food B.V.,2017,Mazars,10510,
34167469,Stichting Pictoright,2019,Mazars,94997,
52977110,Sungevity Netherlands B.V.,2019,Mazars,43211,
41150184,Stichting Nederlands Dans Theater,2019,Mazars,90200,
08214189,Bouman Industries B.V.,2018,Mazars,64210,
20093733,Stichting Heifer Nederland,2018,Mazars,88999,
20093733,Stichting Heifer Nederland,2019,Mazars,88999,
24254645,De Rijke Europe B.V.,2017,Mazars,64210,
24254645,De Rijke Europe B.V.,2019,Mazars,64210,
57811067,Yellow Chips Holding B.V.,2018,Mazars,64210,
57811067,Yellow Chips Holding B.V.,2019,Mazars,64210,
16031018,Beleggingsmij. Ter Horst van Geel B.V.,2017,Mazars,64210,
24117002,Boland B.V.,2019,Mazars,46499,
06044587,ten Hag Groep B.V.,2018,Mazars,64210,
69381054,Kinly Holding B.V.,2018,Mazars,64210,
11032412,Dutesco Holding B.V.,2018,Mazars,71120,
11032412,Dutesco Holding B.V.,2019,Mazars,71120,
64833666,Veeneman Groep B.V.,2019,MAZARS,41000,
24197684,Van der Vorm Vastgoed Holding,2019,Mazars,64210,
11067133,Van Dillen Groep,2019,Mazars,66120,
30007294,De Stiho Groep B.V.,2018,Mazars,64310,
23053786,Réel Nederland B.V.,2019,"Mazars, E & Y",64210,
24271429,BNP Paribas Leasing Solutions N.V.,2019,Mazars,64922,
34103753,Record Industry B.V.,2018,Mazars,18200,
34103753,Record Industry B.V.,2019,Mazars,18200,
24288673,BYD Europe B.V.,2017,Mazars,46710,
30277836,Racu B.V.,2019,Mazars,28930,
34066564,Motel Haarlemmermeer B.V.,2019,Mazars,55101,
41022735,Stichting Orthopedagogisch Centrum De Ambelt,2019,Mazars,,
24331984,DOT B.V.,2018,Mazars,46710,
24167746,HDI-Gerling Verzekeringen N.V.,2018,Mazars,,
09087918,Interfer B.V.,2018,Mazars,,
10024859,Gebr. Peters Nijmegen B.V.,2017,MAZARS,45112,
06086296,In Person Personeelsgroep B.V.,2017,Mazars,6420,
62477897,ALME Loan Funding IV B.V.,2017,Mazars,6420,
16063843,CycloMedia Technology B.V.,2017,Mazars,6201,
17061117,Spirotech B.V.,2017,Mazars Paardekooper Hoffman,2829,
34167469,Stichting Pictoright,2017,Mazars,94997,
34040238,Beheermaatschappij Legmeerpolder B.V.,2017,Mazars,6420,
58909265,Stichting NN CDC Pensioenfonds,2017,Mazars,64303,
22059146,LCS Holding B.V.,2017,Mazars,6420,
05011125,Malanico B.V.,2017,Mazars,46218,
04036720,V.D.H. Products B.V.,2017,Mazars,3323,
41209638,Stichting Bedrijfstakpensioenfonds voor de Particuliere Beveiliging,2017,Mazars,8430,
34250007,Pallas CDO II B.V.,2017,Mazars,64301,
63246287,Miss Etam Holding B.V.,2017,Mazars,6420,
41215724,Stichting Internet Domeinregistratie Nederland,2017,Mazars,6209,
66068592,Tikehau CLO II B.V.,2017,Mazars,64301,
08092638,ITON B.V.,2017,MAZARS,70102,
34181542,Schuberg Philis Group B.V.,2017,Mazars,6420,
41227126,Stichting Bedrijfstakpensioenfonds voor de Reisbranche,2017,Mazars,64303,
57321078,Phedina Hypotheken 2013-I B.V.,2017,Mazars,64301,
34232803,Faxtor ABS 2005-1 B.V.,2017,Mazars,64301,
34221992,Panther CDO III B.V.,2017,Mazars,64301,
09032219,Oosterhoff Groep B.V.,2017,Mazars,6420,
08120651,REALVA Exploitatiemaatschappij B.V.,2018,Mazars,6420,
05059718,Countus Accountants + Adviseurs B.V.,2017,Mazars,69202,
24271429,BNP Paribas Leasing Solutions N.V.,2017,Mazars,64922,
23018855,Beheermaatschappij A. Maat B.V.,2017,Mazars,6630,
11044303,Niacet B.V.,2017,Mazars,20149,
41200170,Stichting Sportfondsen Pensioenfonds,2017,Mazars,65302,
41131321,Stichting Make-A-Wish® Nederland,2017,Mazars,88999,
23045001,Centraal Administratiekantoor Dordrecht B.V.,2017,Mazars,69203,
41141392,Stichting CRH Pensioenfonds,2017,Mazars,65302,
34264048,Panther CDO V B.V.,2017,Mazars,66193,
06068743,Ewald Beheer B.V.,2017,Mazars,6420,
39027421,Bangma Verpakking B.V.,2017,MAZARS,46696,
32062177,P. Belgraver Holding B.V.,2017,Mazars,6420,
33237812,Sonatrach Petroleum Investment Corporation B.V.,2017,Mazars,6420,
24282098,Besix Nederland B.V.,2018,Mazars,4120,
11044286,Metaflex Doors B.V.,2017,Mazars Paardekooper Hoffman,64923,
40530264,Vereniging Hendrick de Keyser,2017,Mazars,94994,
62083473,De Bron II B.V.,2017,Mazars,6420,
62417576,Stichting Timon Groep,2017,Mazars,88999,
33216642,Himalayan Fund N.V.,2017,Mazars,64301,
62560727,Stichting LandschappenNL,2017,Mazars,94997,
24370396,National Academic Verzekeringsmaatschappij N.V.,2017,Mazars,65121,
41181555,Stichting Nationaal Restauratiefonds,2017,Mazars,64924,
33228206,Chipsoft Holding B.V.,2017,Mazars,6420,
18033506,Brabantse Ontwikkelings Maatschappij Holding B.V.,2017,Mazars Paardekooper Hoffman,64923,
24157738,ENOVATION B.V.,2017,Mazars,6201,
08052259,Kormelink's Algemeen Bouwbedrijf B.V.,2017,Mazars,4120,
24389035,VANAD Group B.V.,2017,Mazars,70102,
33303682,Bucico B.V.,2017,Mazars,70102,
06064576,Mees van den Brink Holding B.V.,2017,Mazars,68204,
41192228,Stichting Natuur en Milieu,2018,Mazars,94996,
41141410,Stichting Fonds Schiedam Vlaardingen e.o.,2017,Mazars,94993,
41239028,Stichting Katholiek Voortgezet Onderwijs Heerhugowaard,2017,Mazars,85311,
34266306,Stichting Juridisch Eigendom Hoofbosch Beleggingsfonds,2017,Mazars,69209,
08177921,Columbus 1492 B.V.,2017,Mazars,6420,
41215754,Stichting Bedrijfstakpensioenfonds TrueBlue,2017,Mazars,8430,
41197125,Stichting Koningin Wilhelmina Fonds voor de Nederlandse Kankerbestrijding,2017,Mazars,94993,
06022523,De Twentse Schouwburg N.V.,2018,Mazars,9002,
30277836,Racu B.V.,2017,Mazars,2893,
09044267,Woonstichting Vryleve,2018,Mazars,68201,
09115973,Stichting Pallas,2018,Mazars,69209,
11043905,H2r Invest B.V.,2017,Mazars,70102,
41011600,Stichting Pensioenfonds PostNL,2018,Mazars,65302,
34040238,Beheermaatschappij Legmeerpolder B.V.,2018,Mazars,6420,
57450765,Tradiro Personeelsdiensten B.V.,2017,Mazars,78201,
66357438,de Amanshoeve Zorg B.V.,2018,Mazars,87302,
33286267,ELM B.V.,2017,Mazars,64923,
41181369,Stichting Alzheimer Nederland,2017,Mazars,86923,
37145799,KMU Verzekeringen N.V.,2017,Mazars,65121,
24349527,WAFI B.V.,2017,Mazars,46214,
33215278,BNP Paribas Issuance B.V.,2018,Mazars,64922,
27230342,Fahaki B.V.,2018,Mazars,6420,
34144012,Zorg in Nederland B.V.,2017,Mazars,6420,
63333104,Helianthus Investments B.V.,2017,Mazars,6420,
33240175,Tentoo Collective Freelance & Flex B.V.,2017,Mazars,78201,
34066564,Motel Haarlemmermeer B.V.,2017,Mazars,55101,
24402765,Foodmate B.V.,2017,MAZARS,2893,
28102903,Valkenhorst Participatie II B.V.,2017,Mazars,6420,
24328944,Krohne Oil & Gas B.V.,2017,Mazars,46695,
34252932,LPE Capital B.V.,2017,Mazars,6420,
30090220,Rupro Beheer B.V.,2017,Mazars,6420,
61666610,Tikehau CLO B.V.,2017,Mazars,64301,
28098694,Thura Machinefinanciering B.V.,2017,Mazars,16231,
17050808,Coppens diervoeding B.V.,2017,Mazars,1091,
30056466,L.F.E. Holding B.V.,2017,Mazars,64301,
34144012,Zorg in Nederland B.V.,2018,Mazars,6420,
41205545,Stichting Ronald McDonald Kinderfonds,2017,Mazars,94993,
17061117,Spirotech B.V.,2018,MAZARS,2829,
33148246,"BNP Paribas SA, Netherlands Branch",2018,Deloitte; PwC; Mazars,64194,
24230253,Orga B.V.,2017,Mazars,2712,
34253446,Panther CDO IV B.V.,2017,Mazars,64301,
05059716,Countus Groep B.V.,2017,Mazars,6420,
28091427,Sushi Ran B.V.,2017,Mazars,1020,
41150237,Stichting Sociaal Fonds voor de Zoetwaren Industrie,2017,Mazars,94993,
24270518,Orga Holding B.V.,2017,Mazars,6420,
40409418,Vereniging van Nederlandse Gemeenten,2017,Mazars,94997,
24196661,Strauss Coffee B.V.,2017,Mazars,6420,
06061578,Thales Nederland B.V.,2017,Mazars,2651,
05083679,Dalfsen Holding B.V.,2017,Mazars,6420,
34261032,Moscow Stars B.V.,2017,Mazars,64922,
41160059,Stichting Koorenhuis,2017,Mazars,94994,
05025602,Breman Zwolle B.V.,2017,Mazars,43222,
56070292,Abeos Cross Border Services B.V.,2017,Mazars,78201,
17062732,F.J.A. Jeurgens Beheer B.V.,2017,Mazars,6420,
52391817,HallStar Europe B.V.,2017,Mazars,78202,
41102222,Stichting Hulp voor Wezen en Gebrekkigen in Afrika,2017,Mazars,88999,
64186806,Ymor Holding B.V.,2018,Mazars,6420,
02313313,Smart Packaging Solutions B.V.,2017,Mazars,17211,
24401995,Braskem Netherlands B.V.,2017,Mazars,20141,
34061983,Priwo Onroerend Goed B.V.,2017,Mazars,68204,
41215754,Stichting Bedrijfstakpensioenfonds TrueBlue,2018,Mazars,8430,
34111540,Kliniek De Lairesse ZBC B.V.,2017,Mazars,86221,
34381167,Clip Brokers B.V.,2018,Mazars,64301,
32062177,P. Belgraver Holding B.V.,2018,Mazars,6420,
06089008,Waubach B.V.,2017,Mazars,6420,
24444470,Orga Aviation B.V.,2017,Mazars,2712,
05057813,N.V. ROVA Holding,2017,Mazars,70102,
50856286,Quby B.V.,2017,Mazars,7112,
17063196,Synergie International Recruitment B.V.,2017,Mazars,78201,
08175546,Hegeman Holding B.V.,2017,Mazars,6420,
33148246,"BNP Paribas SA, Netherlands Branch",2017,Deloitte; PwC; Mazars,64194,
16042921,BNP Paribas Factoring Support N.V.,2017,Mazars,70102,
39055419,Opticks Capital N.V.,2017,Mazars,6420,
30105164,Holland Novochem B.V.,2017,Mazars,72192,
06066504,E.B.J. Lammerink Holding B.V.,2017,Mazars,6420,
37145799,KMU Verzekeringen N.V.,2018,Mazars,65121,
30195416,Stichting Pensioenfonds Huisartsen in Opleiding,2018,Mazars,65303,
27240905,Rojo Steigerbouw B.V.,2017,Mazars,43999,
41209638,Stichting Bedrijfstakpensioenfonds voor de Particuliere Beveiliging,2018,Mazars,8430,
41009543,Stichting Will Niemeijer Pensioenfonds,2018,Mazars,65301,
62414259,Stichting Transmurale Specialistische Zorg Dokkum,2018,Mazars,86221,
05059716,Countus Groep B.V.,2018,Mazars,6420,
27195046,VNG International B.V.,2018,Mazars,70221,
08036357,Coöperatieve Vereniging Agrarische Bedrijfsverzorging U.A.,2018,Mazars,78202,
17110624,Stichting Oosterpoort,2018,Mazars,88991,
06087400,HEMNA Holding B.V.,2018,Mazars,70102,
41099316,Stichting Zorgplein Maaswaarden,2018,Mazars,8710,
30081768,Kargro Beheer B.V.,2018,Mazars,6420,
61834270,Stichting Bedrijfstakpensioenfonds voor de Zuivel en aanverwante industrie,2018,Mazars,65301,
34096389,A.J.M. Vermeulen Holding B.V.,2017,Mazars,6420,
09118128,DPD (Nederland) B.V.,2018,Mazars,52291,
34126413,Schneider Electric Logistic Centre B.V.,2017,Mazars,52109,
32027920,Moet Hennessy (Nederland) B.V.,2017,Mazars,4634,
08079417,Accres Holding B.V.,2017,Mazars,93119,
41194715,Stichting Interconfessioneel (RK/PC) Voortgezet Onderwijs in het Gooi,2017,Mazars,85314,
33129084,Exploitatiemaatschappij Grand-Hotel Krasnapolsky B.V.,2017,Mazars,55101,
53466632,BOAC Automotive B.V.,2017,Mazars,6420,
28073551,Valkenhorst Voorschoten B.V.,2017,Mazars,70102,
53950275,TMA Holding B.V.,2017,Mazars,6420,
55927890,Van Pijkeren Woningbouw B.V.,2017,MAZARS,4120,
34252934,FundShare Fund Management B.V.,2017,Mazars,6612,
58375783,QPI Holdings B.V.,2017,Mazars,6420,
34201920,Bruckner CDO I B.V.,2017,Mazars,64301,
10029188,ARN B.V.,2017,Mazars,3821,
31032713,Twynstra Gudde Holding B.V.,2017,Mazars,70221,
08092814,MRT B.V.,2017,Mazars,46772,
17135405,Synergie B.V.,2017,Mazars,78201,
24219531,Den Hartogh Liquid Logistics B.V.,2017,Mazars,4941,
41244136,Stichting Pensioenfonds Witteveen+Bos,2018,Mazars,65301,
39051874,Bouwbedrijf Noordersluis B.V.,2017,Mazars,7112,
41150184,Stichting Nederlands Dans Theater,2018,Mazars,90011,
28078554,Tsujimaru Beheer B.V.,2017,Mazars Paardekooper Hoffman,6420,
39051874,Bouwbedrijf Noordersluis B.V.,2018,Mazars,7112,
23045569,Visbeen Holding B.V.,2018,Mazars,66191,
10029188,ARN B.V.,2018,Mazars,3821,
69325014,Riedel Holding B.V.,2018,Mazars,6420,
40530953,"Amnesty International, Afdeling Nederland",2018,Mazars,94996,
41236151,Stichting Pensioenfonds BDO CampsObers Accountants & Adviseurs in liquidatie in liquidatie,2017,Mazars,65301,
41151329,Stichting Pensioenfonds Ernst & Young,2018,Mazars,65302,
28073027,Stichting Woondiensten Aarwoude,2018,Mazars,68201,
41097718,Stichting Fontys,2017,Mazars,8541,
33201301,Dinytei B.V.,2017,Mazars,6420,
30040154,Woningbouwstichting Cothen,2018,Mazars,,
72724005,Dutch MBS XIX B.V.,2019,Mazars,6420,
41150237,Stichting Sociaal Fonds voor de Zoetwaren Industrie,2018,Mazars,94993,
50856286,Quby B.V.,2019,Mazars,,
10016880,Stichting Woningcorporatie WoonGenoot,2018,Mazars,,
41190685,Stichting Monton,2019,Mazars,85201,
41151329,Stichting Pensioenfonds Ernst & Young,2019,Mazars,65302,
11060866,Rademaker Beheer B.V.,2018,Mazars,70102,
33293593,Geodan B.V.,2019,Mazars,,
41134459,Stichting Vrienden van het Sophia,2018,Mazars,94993,
06033011,Stichting Reggewoon,2019,Mazars,68201,
17050808,Coppens Diervoeding B.V.,2019,Mazars,,
41181214,Stichting Special Arts Nederland,2019,Mazars,94994,
41160229,Stichting PUM,2019,Mazars,94996,
54326478,Rail Innovators Holding B.V.,2018,Mazars,64210,
34265478,Cadogan Square CLO IV B.V.,2018,Mazars,,
37145799,KMU Verzekeringen N.V.,2019,Mazars,65121,
30139084,Arval B.V.,2019,Mazars,77112,
32038883,Weidmüller Benelux B.V.,2018,Mazars,46500,
40448185,Stichting SCOPE scholengroep voor (protestants-)christelijk en katholiek onderwijs te Alphen aan den Rijn en omstreken,2019,Mazars,85311,
41080575,Stichting Het Noordbrabants Landschap,2018,Mazars,91420,
34241828,Cadogan Square CLO II B.V.,2018,Mazars,,
34253224,Cadogan Square CLO III B.V.,2018,Mazars,,
09032219,Oosterhoff Groep B.V.,2019,Mazars,64210,
41023912,Het Flevo-landschap,2018,Mazars,91420,
61296201,The Cargo Control Company B.V.,2019,Mazars,64210,
71472274,De Groene Boog Holding B.V.,2019,Mazars,64210,
69325014,Riedel Holding B.V.,2019,Mazars,64210,
32110130,Bouwfonds European Real Estate Parking Fund Netherlands Holding B.V.,2017,Mazars,64210,
33254101,Chipsoft Ziekenhuis Informatiesystemen B.V.,2019,Mazars,46500,
76479587,Riedel Beheer B.V.,2019,Mazars,64210,
09101162,"Stichting Scholengroep GelderVeste, voor christelijk basisonderwijs",2019,Mazars,85690,
67715192,Miooo B.V.,2019,Mazars,64210,
34317623,Wegochem Europe B.V.,2018,Mazars,46851,
60904860,Gilde Equity Management (GEM) Benelux Top-Up Fund III Coöperatief B.A.,2018,Mazars,64310,
34158350,Moooi B.V.,2019,Mazars,31000,
41181555,Stichting Nationaal Restauratiefonds,2019,Mazars,64929,
30190436,AT Osborne Holding B.V.,2019,Mazars,69203,
06063321,Lenferink Auto's B.V.,2018,MAZARS,47810,
34252932,LPE Capital B.V.,2019,Mazars,,
62312731,Neele-Vat Logistics B.V.,2019,Mazars,64210,
17264439,Scafom Holding B.V.,2018,Mazars,70102,
17264439,Scafom Holding B.V.,2019,Mazars,70102,
39053818,PVH International B.V.,2018,Mazars,46472,
34247904,Brady B.V.,2019,Mazars,46499,
67721427,Valkenhorst Participatie IV B.V.,2019,Mazars,55101,
63333104,Helianthus Investments B.V.,2018,Mazars,64210,
69731241,MAP Beheer B.V.,2018,Mazars,64210,
33234881,Lesaffre Nederland,2017,Mazars,46383,
41178025,"""Stichting Diabetes Fonds""",2018,Mazars,86999,
17110624,Stichting Oosterpoort,2019,Mazars,88991,
69504709,Kinly Top Holding B.V.,2019,Mazars,64210,
69504709,Kinly Top Holding B.V.,2018,Mazars,64210,
34270266,ET Dutch Holdings B.V.,2019,Mazars,64210,
51388383,Stichting Poolsterscholen,2018,Mazars,85201,
38023122,De Marken,2017,Mazars,68201,
27231269,Mecanoo Architecten B.V.,2017,Mazars,71111,
24230253,Orga B.V.,2019,Mazars,27120,
05054243,Bege Beheer B.V.,2018,Mazars,64210,
05076540,IJssel Technologie Groep B.V.,2019,Mazars,70102,
30218919,Komfort B.V.,2019,Mazars,68120,
17030447,Next Level Group B.V.,2018,Mazars,62100,
08177921,Columbus 1492,2019,Mazars,64210,
30204915,Rivean Capital Management Holding B.V.,2019,Mazars,64210,
53147561,Europrofessionals Holding B.V.,2018,Mazars,64210,
33201301,Dinytei B.V.,2018,Mazars,64210,
37048847,Filtration Group B.V.,2018,Mazars,28990,
37048847,Filtration Group B.V.,2019,Mazars,28990,
56070292,Abeos Cross Border Services B.V.,2019,Mazars,78201,
06032843,Stichting Wonen Delden,2018,Mazars,68201,
06032843,Stichting Wonen Delden,2019,Mazars,68201,
34080553,Prins De Boer Staal B.V.,2019,Mazars,25530,
23084216,A. Visbeen Beheer B.V.,2018,Mazars,64210,
30155914,Driessen Food B.V.,2018,Mazars,46321,
65227557,Share Debt Programme 1 B.V.,2018,Mazars,64922,
08079417,Accres Holding B.V.,2019,Mazars,93119,
32116837,Stichting Petje af Nederland,2017,Mazars,94993,
40062706,Bestuurscentrum Chrono,2018,Mazars,85201,
17135405,Synergie Logistiek,2018,Mazars,78201,
11013233,Kebo,2018,Mazars,46838,
30284227,Cooperatieve GEM Benelux II B.A.,2018,Mazars,64923,
30238704,Property Works B.V.,2018,Mazars,64922,
65849159,Quanza Group B.V.,2019,Mazars,64210,
34096389,A.J.M. Vermeulen Holding B.V.,2019,Mazars,64210,
41227126,Stichting Bedrijfstakpensioenfonds voor de Reisbranche in liquidatie,2018,Mazars,64320,
27141651,Anteo,2018,Mazars,68203,
24489006,Stichting Jarige Job,2018,Mazars,94993,
41010169,Stichting MDL Fonds,2018,Mazars,94993,
72234938,Enovation Group Holding B.V.,2018,Mazars,64210,
33228206,Chipsoft Holding B.V.,2019,Mazars,64210,
41181369,Stichting Alzheimer Nederland,2019,Mazars,86999,
70822417,Tourism Group International B.V.,2018,Mazars,64210,
70822417,Tourism Group International B.V.,2019,Mazars,64210,
65880048,Essence VI B.V.,2018,Mazars,64210,
05059716,Countus Groep B.V.,2019,Mazars,64210,
06043013,TR Holland B.V.,2018,Mazars,46841,
28076731,SPO WIJ de Venen,2019,Mazars,85201,
40530953,"Amnesty International, Afdeling Nederland",2019,Mazars,94996,
28076731,SPO WIJ de Venen,2018,Mazars,85201,
51607417,Nederland Sales & Service B.V.,2019,Mazars,46150,
37098483,Maandag Interim Professionals B.V.,2018,Mazars,78100,
34231980,Weatherford Netherlands B.V.,2018,Mazars,64210,
38017223,Aebi Schmidt Nederland B.V.,2019,Mazars,28300,
05051482,IJssel Technologie B.V.,2018,Mazars,71120,
41091840,Christiaan Huygens College,2019,Mazars,85311,
41239028,"Trinitas College, Locatie Han Fortmann",2019,Mazars,85311,
08174823,M.S.G. Refin B.V.,2019,Mazars,64210,
34252769,Turing Foundation,2017,Mazars,88999,
34252769,Turing Foundation,2019,Mazars,88999,
24402765,Foodmate B.V.,2018,Mazars,28930,
24402765,Foodmate B.V.,2019,Mazars,28930,
34290151,Adecco Holding Emirates B.V.,2019,Mazars,64210,
67282555,Carel Lurvink B.V.,2019,Mazars,64210,
24432506,Tradiro Facilities B.V.,2018,Mazars,68310,
24351749,Van der Vorm Vastgoed,2018,Mazars,64210,
41200230,Stichting Koninklijk Nederlands Geleidehondenfonds,2018,Mazars,96990,
53754298,SynVest German RealEstate Fund N.V.,2019,Mazars,64310,
41197770,Stichting Cefina,2018,Mazars,88999,
34157815,Krämer Groep B.V.,2018,Mazars,64210,
11044303,Niacet B.V.,2018,Mazars,20149,
41125762,Stichting Neyenburgh,2019,Mazars,88999,
30139207,Van Drie Holding B.V.,2019,Mazars,64210,
32084294,TwynstraGudde,2018,MAZARS,64210,
24157738,ENOVATION B.V.,2018,Mazars,62100,
06054287,Mees van den Brink,2017,Mazars,46644,
06054287,Mees van den Brink,2019,Mazars,46644,
55836151,Movianto Nederland B.V.,2019,Mazars,64210,
08046199,J. Veeneman Apeldoorn B.V.,2018,Mazars,68310,
68661177,Buitenpost beheermaatschappij B.V.,2018,Mazars,64210,
08084556,Rodema B.V.,2018,Mazars,68320,
08084556,Rodema B.V.,2019,Mazars,68320,
33224298,Crelan Finance (NL) B.V.,2019,Mazars,64210,
23022218,GCA Nederland B.V.,2017,Mazars,68203,
02041794,DeLaval,2019,Mazars,46610,
30274544,Mens - Zeist Holding B.V.,2018,Mazars,64210,
24155189,N.V. Schadeverzekeringsmaatschappij Maas Lloyd,2019,Mazars,65121,
33177028,Buram Electro B.V.,2017,Mazars,,
30092677,Arval Benelux B.V.,2019,Mazars,,
60755075,Arena NHG 2014-I B.V.,2017,Mazars,,
23045493,Arcus Holding B.V.,2019,Mazars,,
34332305,MDGH - GMTN B.V.,2018,Mazars,,
50203517,Commissariaat voor de Media,2019,Mazars,84110,
50203517,Commissariaat voor de Media,2017,Mazars,84110,
02091445,Stichting Pensioenfonds B&S,2019,Mazars,,
02091445,Stichting Pensioenfonds B&S,2018,Mazars,,
06079119,Sportaal B.V.,2019,Mazars,93111,
24355532,BUHLMANN Beheer B.V.,2018,Mazars,64210,
24355532,BUHLMANN Beheer B.V.,2019,Mazars,64210,
34061983,Priwo Onroerend Goed B.V.,2019,Mazars,68203,
24266274,Avantage Groep B.V.,2018,Mazars,64210,
63585685,Forbon Technology Netherlands B.V.,2019,Mazars,64210,
27189954,Intro Uitzendbureau B.V.,2018,Mazars,78201,
17108749,Micro-Star Netherlands Holding,2018,Mazars,70102,
17108749,Micro-Star Netherlands Holding,2019,Mazars,70102,
30040105,Yama Products B.V.,2018,Mazars,46389,
30040105,Yama Products B.V.,2017,Mazars,46389,
33129084,Anantara Grand Hotel Krasnapolsky Amsterdam,2018,Mazars,55101,
33129084,Anantara Grand Hotel Krasnapolsky Amsterdam,2019,Mazars,55101,
54253470,Den Hartogh Beheer B.V.,2018,Mazars,,
23072152,Neste Demeter B.V.,2018,Mazars,46216,
66503485,Hypenn RMBS VI B.V.,2019,Mazars,,
71289666,Hoco B.V.,2019,Mazars,,
41179500,Stichting Brocacef Pensioenfonds,2019,Mazars,65309,
67937373,Studio TF1 Nederland Holding B.V.,2017,Mazars,64210,
67937373,Studio TF1 Nederland Holding B.V.,2018,Mazars,64210,
67937373,Studio TF1 Nederland Holding B.V.,2019,Mazars,64210,
24246838,IQVIA RDS Netherlands B.V.,2019,Mazars,72100,
06049807,Aannemersbedrijf Niehof,2018,Mazars,41000,
06049807,Aannemersbedrijf Niehof,2019,Mazars,41000,
08060939,Machine Fabriek Elburg B.V.,2018,Mazars,25530,
41198521,Stichting Stemra,2018,Mazars,94997,
41198521,Stichting Stemra,2017,Mazars,94997,
20054080,Veluvine B.V.,2018,Mazars,20300,
24433625,MVRDV Holding B.V.,2018,Mazars,71111,
33215278,BNP Paribas Issuance B.V.,2019,Mazars,64922,
34372559,Voltalia Management International B.V.,2019,H3P Real Assets; Mazars,64210,
29012636,Klip Beheermaatschappij B.V.,2018,Mazars,64210,
64186806,Ymor Holding B.V.,2019,Mazars,,
24306786,Avantage Groep B.V.,2018,Mazars,,
41192885,Stichting Pensioenfonds Scildon,2019,Mazars,,
24193088,Planotech Holding II B.V.,2019,Mazars,64210,
28000558,Royal Van Lent Shipyard,2019,Mazars; E&Y,30120,
23014915,DLG Logistics B.V.,2018,Mazars,49410,
05024848,Installatiebedrijf T. Breman B.V.,2019,Mazars,43221,
27189949,Intro Holding B.V.,2018,MAZARS,64210,
58002316,Krasnapolsky II B.V.,2018,Mazars,55101,
34255937,First Liability Matching N.V.,2019,Mazars,66292,
27092998,Siemens Financieringsmaatschappij N.V.,2019,Mazars,64999,
06041424,Demajo Beheer B.V.,2017,Mazars,64210,
27102125,Robein Leven N.V.,2019,Mazars,64210,
41160246,Stichting Pensioenfonds Recreatie (Pensioenfonds Recreatie),2018,Mazars,65301,
20007266,Midglas N.V.,2019,Mazars,65121,
72491949,Syntegra Holding B.V.,2018,Mazars,64210,
72491949,Syntegra Holding B.V.,2019,Mazars,64210,
34034429,Schneider Electric The Netherlands B.V.,2017,E & Y/ MAZARS,46500,
27308764,"""De Haagse Scholen"", stichting voor primair en speciaal openbaar onderwijs",2019,Mazars,93199,
17063196,Synergie International Recruitment B.V.,2019,Mazars,78201,
53493966,Schaften Equipment Cranes B.V.,2018,Mazars,77320,
27140623,Breman Woningbeheer West B.V.,2019,Mazars,43212,
41097585,Stichting Raad voor Arbeidsverhoudingen Schoonmaak- en Glazenwassersbranche (Ras),2018,Mazars,94200,
27306184,Boost Loyalty B.V.,2019,Mazars,64210,
34341882,FBD International B.V.,2017,Mazars,64210,
28082735,XL,2019,Mazars,46190,
24326088,Dynata Europe B.V.,2017,Mazars,73200,
24326088,Dynata Europe B.V.,2018,Mazars,73200,
06057458,Aannemingsbedrijf E.G.J. Steggink B.V.,2019,Mazars,41000,
05025602,Breman Utiliteit Zwolle B.V.,2019,Mazars,43222,
24106772,Goltens Rotterdam Holding B.V.,2017,Mazars,6420,
08120651,REALVA Exploitatiemaatschappij B.V.,2017,Mazars,6420,
06087400,HEMNA Holding B.V.,2017,MAZARS,70102,
27291562,HVEG Investments B.V.,2018,Mazars,6420,
41125061,Stichting Humanitas,2017,Mazars,8710,
28080532,STEF Bodegraven B.V.,2017,Mazars,4941,
59329718,PGZ Holding B.V.,2018,Mazars,6420,
58259937,Gol Holding B.V.,2017,Mazars,6420,
62083473,De Bron II B.V.,2018,Mazars,6420,
28082735,XL Concept B.V.,2017,Mazars,4619,
55935389,Stichting Moviera,2017,Mazars,87902,
70343713,Brick & Click Beheer B.V.,2017,Mazars,6420,
11013233,Bouwmaterialenhandel De Heuning B.V.,2017,Mazars,46738,
34255423,Leopard CLO V B.V.,2017,Mazars,64301,
41151329,Stichting Pensioenfonds Ernst & Young,2017,Mazars,65302,
34231980,Weatherford Netherlands B.V.,2017,Mazars,6420,
24209141,Van Mannekus & Co. B.V.,2017,Mazars,46751,
18034350,GAC Group of Companies B.V.,2017,Mazars,4651,
70194459,Pentagoon B.V.,2017,Mazars,6420,
37098483,Maandag Interim Professionals B.V.,2017,Mazars,7810,
64923568,Soeverein en Westergracht B.V.,2017,Mazars,6420,
30146538,MaxGrip EMEA B.V.,2017,Mazars,70221,
12028091,Emons Group Holding B.V.,2017,Mazars,6420,
28086560,Groeneveld Holding B.V.,2017,Mazars,6420,
40409239,Koninklijke Hondenbescherming,2017,Mazars,94996,
41160246,Stichting Pensioenfonds Recreatie (SPR),2017,Mazars,65301,
35025338,Roto B.V.,2017,Mazars,6420,
08020461,Van Werven Holding B.V.,2017,Mazars,6420,
09171813,accon avm groep B.V.,2017,Mazars,69202,
33224298,AXA Belgium Finance (NL) B.V.,2018,Mazars,6420,
08154136,HalDu B.V.,2017,Mazars,6420,
39053818,PVH International B.V.,2017,Mazars,46472,
06089007,Precisiemetaal Holding B.V.,2017,Mazars,6420,
30134088,Tentoo Holding B.V.,2017,Mazars,66191,
30046822,AT Osborne B.V.,2017,Mazars,70221,
34312907,Banque Chaabi du Maroc,2017,Mazars,64194,
11026852,Vermeulen en Vermeulen Beheer B.V.,2017,Mazars,6420,
33227561,MIH B.V.,2017,Mazars,70102,
58853243,MVW Beheer B.V.,2017,Mazars,6420,
41009543,Stichting Will Niemeijer Pensioenfonds,2017,Mazars,65301,
09059703,Nederlands Olympisch Comite*Nederlandse Sport Federatie,2017,Mazars,93112,
08060939,Machine Fabriek Elburg B.V.,2017,Mazars Paardekooper Hoffman,2562,
08012289,Altrex B.V.,2017,Mazars,2599,
27047100,Kessler Stichting,2017,Mazars,8710,
63957906,Stichting Medisch Centrum Bloemendaal Dermatologie,2017,Mazars,86221,
06032381,Huuskes Enschede Beheer B.V.,2017,Mazars,6420,
34192475,FAB CBO 2003-1 B.V.,2017,Mazars,64301,
24356162,PricewaterhouseCoopers EE Holdings B.V.,2017,Mazars,6420,
34155087,MT&V B.V.,2017,Mazars,7810,
41192228,Stichting Natuur en Milieu,2017,Mazars,94996,
55651836,Northern Lights III B.V.,2017,Mazars,6420,
58908757,Stichting ING CDC Pensioenfonds,2018,Mazars,64303,
41201691,Stichting Pensioenfonds Ballast Nedam,2018,Mazars,65302,
37085389,Stichting Openbaar Voortgezet Onderwijs Noord-Holland-Noord,2018,Mazars,85314,
27047100,'Kessler Stichting',2018,Mazars,8710,
09103809,Afvalcombinatie 'De Vallei' N.V.,2018,Mazars,3811,
24197684,Van der Vorm Vastgoed Holding B.V.,2018,Mazars,6420,
35025338,Roto B.V.,2018,Mazars,6420,
41087291,Stichting Pensioenfonds Coram,2018,Mazars,65302,
55141242,de Amanshoeve Zorgverlening B.V.,2018,Mazars,87302,
30041379,Kargro Banden B.V.,2018,Mazars,45312,
27308764,"'De Haagse Scholen', stichting voor primair en speciaal openbaar onderwijs",2018,Mazars,8412,
08125379,Boermarke Vers B.V.,2018,Mazars,46331,
05048850,Onderlinge Hagelverzekering Maatschappij AgriVer B.A.,2018,Mazars,,
05048850,Onderlinge Hagelverzekering Maatschappij AgriVer B.A.,2019,Mazars,,
41126788,Stichting Sophia Kinderziekenhuis Fonds,2017,Mazars,94993,
41200170,Stichting Sportfondsen Pensioenfonds,2019,Mazars,65302,
41188040,Woningstichting Leusden,2019,Mazars,,
30040187,Woningstichting Vecht en Omstreken,2019,Mazars,68201,
05024541,"Stichting ""Beter Wonen""",2018,Mazars,68201,
56729375,De Tijd Vooruit B.V.,2017,Mazars,6420,
08200090,Samenwerking Glasverzekering N.V.,2019,Mazars,65121,
28085082,Valkenhorst Participatie B.V.,2018,Mazars,64210,
24263279,Den Hartogh Holding B.V.,2018,Mazars,64210,
22056146,Delta Mossel B.V.,2017,Mazars,03210,
52830357,MVRDV B.V.,2018,Mazars,71111,
30141268,Elis Pest Control Nederland B.V.,2019,PwC ; Mazars,81230,
61721603,Arena NHG 2014-II B.V.,2017,Mazars,,
61721603,Arena NHG 2014-II B.V.,2018,Mazars,,
61721603,Arena NHG 2014-II B.V.,2019,Mazars,,
60378379,Hypenn RMBS II B.V.,2018,Mazars,,
63877953,Hypenn RMBS IV B.V.,2019,Mazars,,
27047100,KesslerPerspektief,2019,Mazars,87992,
20095946,CM.com B.V.,2018,Mazars,,
58293698,Herbert Park B.V.,2017,Mazars,,
41082422,Stichting Ons Brabants Landschap,2018,Mazars,,
28102903,Valkenhorst Participatie II B.V.,2019,Mazars,64210,
08126213,D&T Management B.V.,2019,Mazars,64210,
11015214,Rademaker B.V.,2019,Mazars,28930,
30138665,Lekkerkerker Dairy & Food Equipment B.V.,2018,Mazars,28930,
14131945,Dierenopvangcentrum en Dierenambulance Limburg,2017,Forvis Mazars,75000,
11015371,Meubelfabriek De Toekomst B.V.,2018,Mazars,31000,
70212821,ForHealthy N.V.,2019,Mazars,,
24389035,VANAD Group B.V.,2018,Mazars,70102,
34071979,J.M. Levarht & Zonen B.V.,2019,Mazars,,
61812986,Essence V B.V.,2019,Mazars,,
33148246,"BNP Paribas SA, Netherlands Branch",2019,Deloitte; PwC; Mazars,64194,
39027421,Bangma Verpakking B.V.,2018,Mazars,46646,
39027421,Bangma Verpakking B.V.,2019,MAZARS,46646,
06064940,Oostermaat B.V.,2018,Mazars,68203,
32105796,Stichting Meerkring Primair Onderwijs Amersfoort,2019,Mazars,85201,
08087053,J.G. Bergman Beheer,2019,Mazars,64210,
05083679,Dalfsen Holding B.V.,2019,Mazars,64210,
69381054,Kinly Holding B.V.,2019,Mazars,64210,
40480372,De Groenhof,2019,Mazars,88992,
27280475,Stichting Zeldzame Ziekten Fonds,2017,Mazars,94993,
34283307,Stichting Bewaarder Antaurus Europe Fund,2018,Mazars,69209,
33262094,AFS Group B.V.,2019,Mazars,64210,
16033150,Bert Plantagie B.V.,2018,Mazars,31000,
60904755,Gilde Equity Management (GEM) Benelux Fund III Coöperatief B.A.,2018,Mazars,64923,
08155361,Annicol B.V.,2018,Mazars,64210,
30010688,VIOS Bouwgroep,2019,Mazars,41000,
24173416,Zegro-Centrum Rotterdam B.V.,2018,Mazars,46390,
69370826,PwC Business Solutions B.V.,2019,Mazars,77400,
30200121,Conti Investments B.V.,2019,Mazars,64210,
55460666,Valkenhorst Participatie III,2018,Mazars,70102,
30255107,Gilde Buy-Out Fund IV Coöperatief U.A.,2019,Mazars,66292,
30255107,Gilde Buy-Out Fund IV Coöperatief U.A.,2017,Mazars,66292,
33207089,AmstelGIS B.V.,2017,Mazars,70102,
33207089,AmstelGIS B.V.,2018,Mazars,70102,
10024859,ANAC B.V.,2019,Mazars,70102,
34266306,Stichting Juridisch Eigendom Hoofbosch Beleggingsfonds,2018,Mazars,69209,
27348329,VNG Realisatie B.V.,2018,MAZARS,94995,
08157691,P. Management & Consultancy B.V.,2019,Mazars,64210,
66008182,Damadian Holding B.V.,2019,Mazars,64210,
24107861,Opel Financial Services,2018,Mazars,,
24107861,Opel Financial Services,2019,Mazars,,
62412582,Madison Park Euro Funding VI B.V.,2019,Mazars,,
27113827,Brink B.V.,2019,Mazars,64210,
56074875,PricewaterhouseCoopers Service Delivery Centre Holdings (Katowice) B.V.,2019,Mazars,70102,
40478577,Stichting de Luisterlijn,2017,Mazars,88999,
66068592,Tikehau CLO II B.V.,2018,Mazars,,
41187306,Museum Catharijneconvent,2017,Mazars,91211,
30038990,Burkert Benelux B.V.,2018,Mazars,46645,
30241879,Stichting Pensioenregister,2018,Mazars,66292,
30241879,Stichting Pensioenregister,2019,Mazars,66292,
08175546,Hegeman Holding B.V.,2019,Mazars,64210,
57502536,CRH Funding B.V.,2018,Mazars,64210,
05011125,Malanico,2018,Mazars,46382,
33299834,Boats Investments (Netherlands) B.V.,2019,Mazars,64922,
68482566,Essence VII B.V.,2019,Mazars,64210,
29028109,Stinis Beheer B.V.,2019,Mazars,64210,
11067133,Van Dillen Groep,2018,Mazars,66120,
30093002,Fashion Linq B.V.,2019,Mazars,46861,
66398347,Tikehau CLO V B.V.,2019,Mazars,,
34264048,Panther CDO V B.V.,2018,Mazars,,
34144012,ANK Holding B.V.,2019,Mazars,,
06091518,EMBEPE B.V.,2019,Mazars,68320,
75728389,Nieto Holding B.V.,2019,Mazars,64210,
27318002,Brink Groep Invest B.V.,2019,Mazars,70102,
66369088,BNPP AM Euro CLO 2017 B.V.,2018,Mazars,,
11056465,Stichting OVO,2018,Mazars,85311,
24280696,Technologies of Trust B.V.,2019,Mazars,,
62028707,impegno GGZ B.V.,2019,Mazars,86222,
30106792,Ma Group B.V.,2019,Mazars,64210,
30077474,Paradigm Group B.V.,2018,Mazars,46901,
09167113,Stichting Helene Kröller-Müller Fonds,2017,Mazars,94993,
41266214,Stichting Waarborgfonds MBO,2018,Mazars,94995,
41266214,Stichting Waarborgfonds MBO,2019,Mazars,94995,
06051721,Heupink & Bloemen Tabak B.V.,2018,Mazars,12000,
27306184,Boost Loyalty B.V.,2018,Mazars,64210,
53165667,Boost Collectibles B.V.,2019,Mazars,64210,
05052143,Breman Installatiegroep B.V.,2018,Mazars,70102,
65385225,Aluk NL Invest B.V.,2017,Mazars,64210,
30046822,AT Osborne B.V.,2018,Mazars,70201,
34334441,Robein Vermogensopbouw B.V.,2019,Mazars,,
72157232,Bomelo Topco B.V.,2019,Mazars,,
41150295,Stichting Ondernemingspensioenfonds Mn Services,2019,Mazars,,
21020222,Sanur N.V.,2019,MAZARS,,
60755075,Arena NHG 2014-I B.V.,2018,Mazars,,
34044820,Bell Helicopter Supply Center B.V.,2018,Mazars,,
30010609,Contimeta B.V.,2019,Mazars,28290,
33288327,Blauw Research Holding B.V.,2019,Mazars,64210,
34250056,Stichting Diabetes Onderzoek Nederland,2018,Mazars,94993,
33289086,Lesaffre Mautner Markhof (L.M.M.) B.V.,2019,Mazars,64210,
11044286,Metaflex Doors B.V.,2018,Mazars,,
11044286,Metaflex Doors B.V.,2019,Mazars,,
58853243,MVW Beheer B.V.,2018,Mazars,64210,
24283878,GeoJunxion N.V.,2019,Mazars,62100,
01073188,Intereffekt Investment Funds N.V.,2019,Mazars,,
41015062,Stichting Pensioenfonds NEG Nederland,2019,Mazars,,
34261307,Eurojob International Holding B.V.,2019,Mazars,64210,
58086706,Hypenn RMBS I B.V.,2018,Mazars,,
58086706,Hypenn RMBS I B.V.,2019,Mazars,,
08098853,Aannemingsmaatschappij Hegeman B.V.,2018,Mazars,4120,
05059718,Countus Accountants + Adviseurs B.V.,2018,Mazars,69202,
34080553,Prins Staal Trade en Processing B.V.,2017,Mazars,46722,
41192885,Stichting Pensioenfonds Scildon,2018,Mazars,65302,
05051482,IJssel Technologie B.V.,2017,Mazars,7112,
01031646,Stichting Wonen Zuidwest Friesland,2018,Mazars,68201,
16024880,Stichting Area,2018,Mazars,68201,
41022121,Stichting Woonpalet Zeewolde,2018,Mazars,68201,
08157691,P. Management & Consultancy B.V.,2018,Mazars,6420,
67531733,Uitzendbureau Zuidgeest II B.V.,2018,Mazars,78201,
28079229,Aloysius Stichting Onderwijs Jeugdzorg,2018,Mazars,85203,
41095739,"Stichting Bedrijfstakpensioenfonds voor de Schoen-, Leder- en Lederwarenindustrie",2018,Mazars,65301,
41158594,Stichting Groenfonds,2017,Mazars,64924,
41120110,"Stichting H3O voor christelijk peuterwerk kinderopvang, primair en voortgezet onderwijs",2018,Mazars,85314,
08090889,Axero B.V.,2017,Mazars,45112,
34124295,Stichting DCA,2018,Mazars,86923,
36012091,TMA Terminals B.V.,2017,Mazars,52241,
63957906,Stichting Medisch Centrum Bloemendaal Dermatologie,2018,Mazars,86221,
41179500,Stichting Brocacef Pensioenfonds,2018,Mazars,65309,
08153307,Verion Protestants Christelijk Onderwijs Wierden Enter,2018,Mazars,85201,
34192528,Stichting Kidsrights,2017,Mazars,94996,
40506839,Longfonds & patiëntenorganisatie stichting,2018,Mazars,94993,
40506839,Longfonds & patiëntenorganisatie stichting,2019,Mazars,94993,
50723006,Monolith N.V.,2019,Mazars,6420,
53521129,Stichting IDH,2018,Mazars,94997,
53521129,Stichting IDH,2019,Mazars,94997,
18033506,Brabantse Ontwikkelings Maatschappij Holding B.V.,2019,Mazars,64923,
10016880,Stichting Woningcorporatie WoonGenoot,2017,Mazars,,
10016880,Stichting Woningcorporatie WoonGenoot,2019,Mazars,,
40507677,Vereniging voor Gereformeerd Voortgezet Onderwijs voor Midden-Nederland,2019,Mazars,85314,
63774356,Stichting Administratiekantoor Continuïteit ABN AMRO Bank,2017,Mazars Paardekooper Hoffman,66191,
63774356,Stichting Administratiekantoor Continuïteit ABN AMRO Bank,2019,Mazars,66191,
41190685,Stichting Monton,2018,Mazars,85201,
41150237,Stichting Sociaal Fonds voor de Zoetwaren Industrie,2019,Mazars,94993,
41080575,Stichting Het Noordbrabants Landschap,2019,Mazars,91420,
34237488,Hotel V Holding B.V.,2018,Mazars,64210,
33015645,CNH Industrial Capital Europe B.V.,2019,MAZARS,64922,
08126569,Stichting ROOS,2018,Mazars,,
40530264,Vereniging Hendrick de Keyser,2018,Mazars,91220,
41199826,Stichting Eye Filmmuseum,2019,Mazars,91211,
41047543,Stichting Het Geldersch Landschap,2019,Mazars,94996,
40448185,Stichting SCOPE scholengroep voor (protestants-)christelijk en katholiek onderwijs te Alphen aan den Rijn en omstreken,2018,Mazars,85311,
31032713,TwynstraGudde,2018,Mazars,70201,
27106340,BMW Finance N.V.,2018,Mazars,64922,
27106340,BMW Finance N.V.,2019,Mazars,64922,
69053898,Brisker Holding B.V.,2018,Mazars,64210,
69053898,Brisker Holding B.V.,2019,Mazars,64210,
41133541,SAB Stichting Afvalstoffen & Vaardocumenten Binnenvaart,2017,Mazars,38110,
24338907,Arcus Nederland B.V.,2019,Mazars,46822,
04036720,V.D.H. Products B.V.,2019,Mazars,33200,
33205099,Chipsoft B.V.,2018,Mazars,62100,
41091840,Christiaan Huygens College,2018,Mazars,85311,
33212336,Valeo International Holding B.V.,2018,Mazars,64210,
41125061,Akropolis,2018,Mazars,87100,
27291562,HVEG Fashion Group,2019,Mazars,64210,
40060527,SBO Johan Seckel,2018,Mazars,85202,
40060527,SBO Johan Seckel,2019,Mazars,85202,
30155914,Driessen Food B.V.,2019,Mazars,46321,
06032843,Stichting Wonen Delden,2017,Mazars,68201,
06050264,H.S.L.S. Holding B.V.,2018,Mazars,64210,
06050264,H.S.L.S. Holding B.V.,2019,Mazars,64210,
08174823,M.S.G. Refin B.V.,2018,Mazars,64210,
30146541,MaxGrip B.V.,2019,Mazars,70201,
11018154,A. Hak Groep B.V.,2019,Mazars,70102,
11018154,A. Hak Groep B.V.,2018,Mazars,70102,
58567690,Dare To Be Holding B.V.,2019,Mazars,64210,
41060184,stichting algemeen managementadvies,2019,Mazars,64210,
08158593,Machinefabriek Elburg Beheer B.V.,2019,Mazars,64210,
32027920,Moet Hennessy (Nederland) B.V.,2018,Mazars,46340,
24304498,Irado,2019,Mazars,38110,
24219531,Den Hartogh Liquid Logistics B.V.,2018,Mazars,49410,
34175864,Riverbank Hotel Holding B.V.,2019,Mazars,64210,
51388383,Stichting Poolsterscholen,2019,Mazars,85201,
34088563,IN Smart Identity The Netherlands B.V.,2018,Mazars,18129,
27356153,GL events World Forum Convention Center B.V.,2019,Mazars,93299,
63699001,Brisker Groep B.V.,2019,Mazars,64210,
11032110,Wigema B.V.,2017,Mazars,64210,
11032110,Wigema B.V.,2018,Mazars,64210,
27146574,Scholten Groep B.V.,2018,Mazars,64210,
27146574,Scholten Groep B.V.,2019,Mazars,64210,
09167312,E.J. Investments B.V.,2019,Mazars,64210,
08116884,Neuteboom Coffeeroasters B.V.,2018,MAZARS,10830,
54728916,Flexpedia B.V.,2017,Mazars,70202,
41197770,Stichting Cefina,2017,Mazars,88999,
06068743,Ewald Beheer B.V.,2018,Mazars,64210,
06068743,Ewald Beheer B.V.,2019,Mazars,64210,
08052259,Aannemersbedrijf Kormelink,2018,Mazars,41000,
08052259,Aannemersbedrijf Kormelink,2019,MAZARS,41000,
58259937,D.G. Solutions B.V.,2019,Mazars,64210,
22023326,Nemag B.V.,2018,Mazars,28220,
22023326,Nemag B.V.,2019,Mazars,28220,
33303682,Liebherr Appliances Netherlands B.V.,2019,Mazars,70102,
63333104,Helianthus Investments B.V.,2019,Mazars,64210,
56694784,samenwerkingsverband IJssel Berkel,2019,Mazars,94995,
34231980,Weatherford Netherlands B.V.,2019,Mazars,64210,
34258911,E.M.I.S. Finance B.V.,2019,Mazars,64310,
11012193,De Jong & Lavino B.V.,2018,Mazars,46822,
11012193,De Jong & Lavino B.V.,2019,Mazars,46822,
24223012,Den Hartogh Exploitatie Maatschappij B.V.,2018,Mazars,68203,
34157815,Krämer Groep B.V.,2019,Mazars,64210,
41114014,HZ / HZ University of Applied Sciences,2019,Mazars,85401,
08152125,POS Media B.V.,2019,Mazars,64210,
32062177,P. Belgraver Holding B.V.,2019,Mazars,64210,
30155920,R&H Driessen Holding B.V.,2019,Mazars,64210,
28078554,Tsujimaru Beheer B.V.,2017,MAZARS,64210,
41198809,Stichting Greenpeace Nederland,2018,Mazars,94996,
41198809,Stichting Greenpeace Nederland,2019,Mazars,94996,
40342383,Koninklijke Nederlandse Atletiek Unie,2019,Mazars,93194,
24370396,National Academic Verzekeringsmaatschappij N.V.,2018,Mazars,65121,
24370396,National Academic Verzekeringsmaatschappij N.V.,2019,Mazars,65121,
41095601,Stichting Pensioenfonds voor Verloskundigen,2017,Mazars,65303,
41095601,Stichting Pensioenfonds voor Verloskundigen,2018,Mazars,65303,
41097718,Stichting Fontys,2019,Mazars,85401,
02027119,Revvity Health Sciences B.V.,2019,Mazars,20590,
40407319,Nederlandse Vereniging tot Bescherming van Dieren,2019,Mazars,94996,
58864385,Rawska Holdings B.V.,2019,Mazars,64210,
56252331,Motel One Netherlands B.V.,2019,Mazars,55101,
05059718,Countus Accountants + Adviseurs B.V.,2019,Mazars,69202,
56070292,Abeos Cross Border Services B.V.,2018,Mazars,78201,
41099316,Wijkestein,2019,Mazars,87100,
08012289,Altrex B.V.,2019,Mazars,25990,
54584353,Stichting Het Nieuwe Instituut,2019,Mazars,94997,
34096389,A.J.M. Vermeulen Holding B.V.,2018,Mazars,64210,
17030447,Next Level Group B.V.,2019,Mazars,62100,
27141651,Anteo,2019,Mazars,68203,
30190436,AT Osborne Holding B.V.,2018,Mazars,69203,
38017223,Aebi Schmidt Nederland B.V.,2018,Mazars,28300,
33286267,ELM B.V.,2019,Mazars,64923,
30066097,Beheer & Exploitatiemaatschappij De Bree B.V.,2018,Mazars,64210,
40062706,Bestuurscentrum Chrono,2019,Mazars,85201,
05050412,Ship Immobilia B.V.,2018,Mazars,64210,
09117684,Stichting SBO de Schilderspoort,2019,Mazars,85202,
23084216,A. Visbeen Beheer B.V.,2019,Mazars,64210,
24193105,L. en R.T. Prins Holding B.V.,2018,Mazars,64210,
24193105,L. en R.T. Prins Holding B.V.,2019,Mazars,64210,
34381167,Clip Brokers B.V.,2019,Mazars,64310,
34080553,Prins De Boer Staal B.V.,2018,Mazars,25530,
06067793,L. ten Cate Enterprises B.V.,2019,Mazars,64320,
41102189,Stichting Instituut voor Maatschappelijk Welzijn Breda en Omstreken,2018,Mazars,88992,
41102189,Stichting Instituut voor Maatschappelijk Welzijn Breda en Omstreken,2019,Mazars,88992,
10029188,ARN B.V.,2019,Mazars,38220,
50679112,Phedina Hypotheken 2010 B.V.,2019,Mazars,66199,
28079229,Aloysius Stichting Onderwijs Jeugdzorg Bestuurskantoor,2019,Mazars,85203,
41042610,Stichting Stimuleringsfonds Volkshuisvesting Nederlandse Gemeenten,2018,Mazars,64921,
41042610,Stichting Stimuleringsfonds Volkshuisvesting Nederlandse Gemeenten,2019,Mazars,64921,
41241888,Stichting Scholen aan Zee,2018,Mazars,85311,
06054012,Huuskes,2018,Mazars,46390,
06054012,Huuskes,2019,Mazars,46390,
30146552,"Onderlinge Verzekeringmaatschappij ""SOM"" U.A.",2018,Mazars,65121,
30146552,"Onderlinge Verzekeringmaatschappij ""SOM"" U.A.",2019,Mazars,65121,
34253769,EHM Hotel Amsterdam Apollo B.V.,2019,Mazars,55101,
41178025,"""Stichting Diabetes Fonds""",2019,Mazars,86999,
08104592,Europrofessionals Oost B.V.,2018,Mazars,78201,
27296126,Perfect Plants B.V.,2019,Mazars,64210,
08177921,Columbus 1492,2018,Mazars,64210,
34393179,"Andorra Capital Agrícol Reig, B.V.",2018,Mazars,,
41199183,Stichting Collectieve Israël Actie,2018,Mazars,88999,
33228206,Chipsoft Holding B.V.,2018,Mazars,64210,
51671182,Maandag Holding B.V.,2018,Mazars,64210,
24432506,Tradiro Facilities B.V.,2019,Mazars,68310,
41027375,Stichting Katholiek Onderwijs Twenterand,2018,Mazars,85201,
09177747,Stichting Accent,2018,Mazars,85201,
09177747,Stichting Accent,2019,Mazars,85201,
05057813,N.V. ROVA Holding,2019,Mazars,70102,
28076731,SPO WIJ de Venen,2017,Mazars,85201,
65870425,Parkway 6 Holding B.V.,2019,Mazars,64210,
01031631,Stichting v/h de Bouwvereniging,2018,Mazars,68201,
01031631,Stichting v/h de Bouwvereniging,2019,Mazars,68201,
41149707,Stichting Wetenschappelijk Instituut voor het CDA,2018,Mazars,72200,
41149707,Stichting Wetenschappelijk Instituut voor het CDA,2017,Mazars,72200,
33201301,Dinytei B.V.,2019,Mazars,64210,
41010169,Stichting MDL Fonds,2019,Mazars,94993,
41010169,Stichting MDL Fonds,2017,Mazars,94993,
08146749,De Grote Voskuil Capital B.V.,2019,Mazars,64210,
14058851,UFP Benelux B.V.,2019,Mazars,46500,
08049477,J.G. van Ommen Beheer B.V.,2018,Mazars,64210,
41040007,Apenheul,2019,Mazars,91410,
41158594,Stichting Nationaal Groenfonds,2019,Mazars,64929,
08046199,J. Veeneman Apeldoorn B.V.,2019,Mazars,68310,
34167469,Stichting Pictoright,2018,Mazars,94997,
09103809,"Afvalcombinatie ""De Vallei"" N.V.",2019,MAZARS,38110,
08125301,Rodepa Vastgoed B.V.,2018,Mazars,64210,
30139207,Van Drie Holding B.V.,2018,Mazars,64210,
06066504,E.B.J. Lammerink Holding B.V.,2019,Mazars,64210,
40407909,"Stichting Koninklijke Nationale Organisatie voor Reddingwezen en Eerste Hulp bij Ongelukken ""Het Oranje Kruis""",2017,Mazars,85599,
40407909,"Stichting Koninklijke Nationale Organisatie voor Reddingwezen en Eerste Hulp bij Ongelukken ""Het Oranje Kruis""",2019,Mazars,85599,
06087400,HEMNA Holding B.V.,2019,Mazars,70102,
30042372,Neitraco Beheer B.V.,2019,Mazars,64210,
22019103,Krijn Verwijs B.V.,2019,Mazars,46322,
28073551,Valkenhorst Voorschoten B.V.,2019,Mazars,70102,
29039874,Stinis Holland B.V.,2019,Mazars,28220,
27162452,Scalar Beheer B.V.,2019,Mazars,70102,
41241510,"Jan Arentsz, Christelijke Scholengemeenschap voor Lyceum, Havo, Mavo, VBO",2018,Mazars,85311,
08038449,Import en Groothandel van Ommen B.V.,2017,Mazars,46620,
65037022,Sas van Vreeswijk B.V.,2019,Mazars,42910,
72977043,Little Travel Holding B.V.,2019,Mazars,64210,
34315033,Calandlyceum,2018,Mazars,85311,
08099569,HBT Holding B.V.,2018,Mazars,64210,
41211677,Stichting Calefax,2018,Mazars,90392,
41208813,Stichting Defence for Children International Nederland - ECPAT Nederland,2017,Mazars,94995,
18058436,R.N.B. Beheer B.V.,2019,Mazars,70102,
08031646,Metos B.V.,2017,Mazars,33123,
41190368,Stichting De Speeldoos,2018,Mazars,90310,
67352669,JerCon B.V.,2018,Mazars,64210,
62560727,Stichting LandschappenNL,2018,Mazars,94997,
62560727,Stichting LandschappenNL,2019,Mazars,94997,
54964881,TICA HQ,2018,Mazars,70102,
41150499,"Stichting Nationaal Fonds voor Vrede, Vrijheid en Veteranen",2018,Mazars,94995,
34269573,KVN Holding B.V.,2017,Mazars,70102,
63492652,Dilijan Finance B.V.,2019,Mazars,64923,
02319567,Woonstichting Groninger Huis,2018,Mazars,68201,
05045697,Wezenberg Atrop B.V.,2018,Mazars,46710,
28024979,Leski Holding B.V.,2017,Mazars,64210,
11028551,Jola Investment B.V.,2018,Mazars,64310,
11028551,Jola Investment B.V.,2019,Mazars,64310,
16063843,Cyclomedia,2018,Mazars,62100,
06041424,Demajo Beheer B.V.,2018,Mazars,64210,
34116400,Schuberg Philis B.V.,2019,Mazars,62200,
69548943,Barings Euro CLO 2018-1 B.V.,2018,Mazars,,
41212043,Stichting CliniClowns Nederland,2018,Mazars,94995,
30277836,Racu B.V.,2018,Mazars,28930,
67924239,Barings Euro CLO 2017-1 B.V.,2018,Mazars,,
34259454,J.P. Morgan Structured Products B.V.,2019,Mazars,64210,
06086296,Timing,2018,Mazars,,
50203517,Commissariaat voor de Media,2018,Mazars,84110,
06089439,Bestuurscentrum VCO Oost Nederland,2019,Mazars,85201,
16013477,Udylite,2017,Mazars,20130,
16013477,Udylite,2019,Mazars,20130,
40530934,Vereniging Buma,2019,Mazars,94997,
20054080,Veluvine B.V.,2019,Mazars,20300,
24220900,A. de Jong B.V.,2019,Mazars,25110,
24220900,A. de Jong B.V.,2018,Mazars,25110,
73336408,Adenes Nederland B.V.,2019,Mazars,66210,
29012636,Klip Beheermaatschappij B.V.,2019,Mazars,64210,
27240905,Scalar Verticaal B.V.,2019,Mazars,43990,
34372559,Voltalia Management International B.V.,2018,Mazars,64210,
41236151,Stichting Pensioenfonds BDO CampsObers Accountants & Adviseurs in liquidatie in liquidatie,2018,Mazars,65302,
20148820,MK2 Groep B.V.,2019,Mazars,,
24306786,Avantage Groep B.V.,2017,Mazars,,
68027222,Fidelis Healthcare B.V.,2019,pwc/mazars,70102,
33294562,Altran International B.V.,2019,Mazars; Deloitte,64210,
59439122,Stichting Nationaal Warmtefonds,2019,Mazars,94993,
32110877,DC Groep B.V.,2019,Mazars,72100,
01139456,Agrifac Machinery B.V.,2018,Mazars,28300,
01139456,Agrifac Machinery B.V.,2019,"Deloitte, Mazars",28300,
41102711,Stichting Schouwburg De Kring,2018,Mazars,90310,
30052673,bbn,2019,Mazars,68120,
40077206,"Stichting ""Ieder kind telt ""Christelijk Primair Onderwijs in de gemeente Hellendoorn",2019,Mazars,85201,
40077206,"Stichting ""Ieder kind telt ""Christelijk Primair Onderwijs in de gemeente Hellendoorn",2018,Mazars,85201,
41097585,Stichting Raad voor Arbeidsverhoudingen Schoonmaak- en Glazenwassersbranche (Ras),2019,Mazars,94200,
08092814,MRT B.V.,2018,Mazars,46872,
32133957,Bouwfonds European Real Estate Parking Fund Den Haag B.V.,2017,Mazars,64923,
05056372,Edena B.V.,2018,Mazars,70102,
05056372,Edena B.V.,2019,Mazars,70102,
28086560,Groeneveld Holding B.V.,2018,Mazars,64210,
28086560,Groeneveld Holding B.V.,2019,Mazars,64210,
41160246,Stichting Pensioenfonds Recreatie (Pensioenfonds Recreatie),2019,Mazars,65301,
28008419,Den Hartogh Gas Logistics B.V.,2018,Mazars,49410,
32095185,ALON Holdings B.V.,2018,Mazars,64210,
56629761,ICTSI Treasury B.V.,2019,Mazars,64210,
34253640,Stichting CliniX,2019,Mazars,94993,
75003317,Triplewood Holding B.V.,2019,Mazars,64210,
66927129,Vibrantz Dutch Holdings B.V.,2017,Mazars,64210,
24293377,Kobus Personeel & Organisatie B.V.,2019,Mazars,70201,
05025371,Breman Hasselt B.V.,2019,Mazars,43212,
01054435,Breman Drachten B.V.,2019,Mazars,43212,
11018556,A. Hak Infranet B.V.,2017,Mazars,42220,
11018556,A. Hak Infranet B.V.,2019,Mazars,42220,
24183597,PricewaterhouseCoopers Eastern Europe B.V.,2019,Mazars,69201,
41174339,Driestar educatief,2019,Mazars,88991,
24356162,PricewaterhouseCoopers EE Holdings B.V.,2019,Mazars,64210,
32120475,HFP Groep B.V.,2019,Mazars,70102,
24294747,CGG Services (NL) B.V.,2017,Mazars,72100,
29050573,Stichting Sociaal Fonds Bakkersbedrijf,2019,Mazars,84300,
33135742,Meijers Assurantiën B.V.,2019,Mazars,66220,
10143205,C.A.M. Willems Holding B.V.,2018,Mazars,70102,
10143205,C.A.M. Willems Holding B.V.,2019,Mazars,70102,
32133956,Bouwfonds European Real Estate Parking Fund Amsterdam B.V.,2017,Mazars,64923,
58909265,Stichting NN CDC Pensioenfonds in liquidatie,2019,Mazars,65302,
12045691,Sherpa International Force,2018,Mazars,64210,
17103906,Mystar Computer B.V.,2019,Mazars,46500,
05025602,Breman Utiliteit Zwolle B.V.,2018,Mazars,43222,
30199843,DoubleDividend Management B.V.,2019,Mazars,66110,
06064576,Mees van den Brink Holding B.V.,2019,Mazars,64210,
30214009,Stichting Vredesbeweging PAX Nederland,2022,Mazars,94996,
16024073,Woonmeij,2023,Mazars,68201,
65001583,Stichting Het Nederlandse Pensioenfonds,2022,Mazars,65302,
65001583,Stichting Het Nederlandse Pensioenfonds,2023,Forvis Mazars,65302,
67715192,Miooo B.V.,2023,Forvis Mazars,64210,
77480562,Walden Group International Holding B.V.,2022,Mazars,64210,
77313542,Exxellence Groep B.V.,2023,Mazars,64210,
06032802,Stichting Viverion,2024,Forvis Mazars,68201,
05070105,Stichting Pensioenfonds Abbott Nederland,2024,Forvis Mazars,65301,
41200170,Stichting Sportfondsen Pensioenfonds,2024,Forvis Mazars,65302,
41198166,Stichting Mediahuis Nederland Pensioenfonds,2024,Forvis Mazars,65301,
34117132,Europaams B.V. in liquidatie,2022,Mazars,,
40448185,Stichting SCOPE scholengroep voor (protestants-)christelijk en katholiek onderwijs te Alphen aan den Rijn en omstreken,2024,Forvis Mazars,85311,
67521622,T & S Flex Logistiek B.V.,2024,Forvis Mazars,78201,
41197125,Stichting Koningin Wilhelmina Fonds voor de Nederlandse Kankerbestrijding,2024,Forvis Mazars,94993,
30139084,Arval B.V.,2022,Mazars,77112,
41151198,Stichting Kröller-Müller Museum,2022,Mazars,91211,
41189982,Stichting Ska Kinderopvang,2022,Mazars,88910,
41189982,Stichting Ska Kinderopvang,2023,Mazars,88910,
53521129,Stichting IDH,2023,Mazars,94997,
41154308,BPF voor de Banden en Wielenbranche,2022,Mazars,65301,
41154308,BPF voor de Banden en Wielenbranche,2023,Forvis Mazars,65301,
29024808,Lok installaties,2022,Mazars,43221,
37145799,KMU Verzekeringen N.V.,2022,Mazars,65121,
37145799,KMU Verzekeringen N.V.,2024,Forvis Mazars,65121,
60904860,Gilde Equity Management (GEM) Benelux Top-Up Fund III Coöperatief B.A.,2024,Forvis Mazars,64310,
59826525,Bredenoord Holding B.V.,2022,Mazars,64210,
81021216,Interstellar Coöperatie U.A.,2024,Forvis Mazars,64210,
28085082,Valkenhorst Participatie B.V.,2023,Forvis Mazars,64210,
27339260,Nederlandse Orde van Advocaten,2022,Mazars,94120,
27339260,Nederlandse Orde van Advocaten,2024,Forvis Mazars,94120,
34317623,Wegochem Europe B.V.,2022,Mazars,46851,
34317623,Wegochem Europe B.V.,2023,Forvis Mazars,46851,
56620519,SAAone Holding B.V.,2022,Mazars,64210,
20049189,UCB Pharma B.V.,2022,Mazars,46851,
57151334,Karsten Europe B.V.,2023,Mazars,64210,
83347844,VPS Topco B.V.,2023,Forvis Mazars,64210,
84640561,Coöperatieve Gilde Healthcare Private Equity IV U.A.,2022,Mazars,64310,
84640561,Coöperatieve Gilde Healthcare Private Equity IV U.A.,2023,Mazars,64310,
41096630,Stichting Onderwijscentrum Leijpark,2023,Forvis Mazars,85203,
55380395,QBuild Holding B.V.,2022,Mazars,70102,
57811067,Yellow Chips Holding B.V.,2023,Mazars,64210,
60621974,DMF Holding B.V.,2023,Mazars,64210,
60621974,DMF Holding B.V.,2024,Forvis Mazars,64210,
41133146,Stichting Hendrik Chabot,2022,Mazars,91211,
72192941,Shypple Top Holding B.V.,2023,Forvis Mazars,64210,
16063843,Cyclomedia,2022,Mazars,62100,
16063843,Cyclomedia,2023,Mazars,62100,
16063843,Cyclomedia,2024,Forvis Mazars,62100,
20057595,Casa Holding B.V.,2023,Mazars,64210,
24438603,EY Nederland Coöperatief U.A.,2023,Mazars,64210,
24438603,EY Nederland Coöperatief U.A.,2024,Forvis Mazars,64210,
33288437,Bolo B.V.,2023,Mazars,70201,
60904755,Gilde Equity Management (GEM) Benelux Fund III Coöperatief B.A.,2022,Mazars,64923,
60904755,Gilde Equity Management (GEM) Benelux Fund III Coöperatief B.A.,2024,Mazars,64923,
11067133,Van Dillen Groep,2023,Mazars,66120,
86333461,Alfred HoldCo B.V.,2022,Mazars,64310,
41223485,Teylers Museum,2022,Mazars,91211,
24379832,Nevo Holding,2024,Forvis Mazars,64210,
05052143,Breman Installatiegroep B.V.,2022,Mazars,70102,
09096817,Danone Global Research & Innovation Center B.V.,2022,Mazars,72100,
55922236,De Nederlandse Kluis B.V.,2022,Mazars,80010,
92704093,EY Accountants B.V.,2025,Mazars,69201,
73624926,EY Advisory Netherlands LLP,2023,Mazars,70201,
85898627,DIT Engineering Professionals B.V.,2024,Forvis Mazars,64210,
31015064,Stichting Omthuis,2023,Mazars,68201,
24197808,Diageo-Moët Hennessy B.V.,2024,Deloitte; Forvis Mazars,64210,
68640374,Gulf gas and power,2023,Forvis Mazars,46180,
56074875,PricewaterhouseCoopers Service Delivery Centre Holdings (Katowice) B.V.,2023,Mazars,70102,
05054856,Nutricia Worldwide,2022,E & Y ; Mazars,46331,
34262058,Stichting Amsterdam Institute for Global Health and Development (afgekort Stichting AIGHD),2024,Forvis Mazars,72100,
41087291,Stichting Pensioenfonds Coram in liquidatie,2022,Mazars,65302,
41087291,Stichting Pensioenfonds Coram in liquidatie,2023,Forvis Mazars,65302,
23052776,Appelbloesem Vastgoed B.V.,2024,Forvis Mazars,68110,
33288437,Bolo B.V.,2025,Forvis Mazars,70201,
30277836,Racu B.V.,2022,Mazars,28930,
28107996,STEF Nederland B.V.,2022,KPMG; Mazars,70101,
65037022,Sas van Vreeswijk B.V.,2022,Mazars,42910,
61105570,Trustus Beleggingsfondsen N.V.,2023,Mazars,66120,
30042265,MRP Development B.V.,2022,Mazars,68110,
58908757,Stichting ING CDC Pensioenfonds,2023,Forvis Mazars,65302,
58908757,Stichting ING CDC Pensioenfonds,2024,Forvis Mazars,65302,
34306685,Decathlon Netherlands B.V.,2022,Mazars ; PwC,47633,
24282098,Besix Nederland B.V.,2023,Forvis Mazars,41000,
67352669,JerCon B.V.,2024,Forvis Mazars,64210,
75055449,Pryme N.V.,2024,Forvis Mazars,70102,
78587999,Energie Voor Elkaar B.V.,2022,Mazars,70102,
32084294,TwynstraGudde,2024,Forvis Mazars,64210,
84276568,QNP B.V.,2024,Forvis Mazars,70102,
92702090,EY Belastingadviseurs B.V.,2025,Forvis Mazars,69204,
34278112,Argentum Netherlands B.V.,2024,Forvis Mazars,64210,
23076059,Easytrip B.V.,2023,Mazars; KPMG,52260,
30061125,RIZ Bouw B.V.,2024,Forvis Mazars,41000,
30241879,Stichting Pensioenregister,2022,Mazars,66292,
30139207,Van Drie Holding B.V.,2024,Forvis Mazars,64210,
33262094,AFS Group B.V.,2023,Forvis Mazars,64210,
09087414,Foseco Nederland B.V.,2024,Forvis Mazars,20590,
09087414,Foseco Nederland B.V.,2022,Forvis Mazars,20590,
24117002,Boland B.V.,2023,Mazars,46499,
41178953,Stichting Bedrijfstakpensioenfonds voor het Kappersbedrijf,2024,Forvis Mazars,65301,
83079548,Sanur B.V.,2022,Mazars,64210,
09041034,Kaak Food Processing Systems B.V.,2022,Mazars,28930,
20069865,Databyte B.V.,2022,Mazars,62900,
76479587,Riedel Beheer B.V.,2024,Forvis Mazars,64210,
41010340,Stichting Landschapsbeheer Groningen,2022,Mazars,91420,
01031931,Stichting Dynhus,2024,Forvis Mazars,68201,
24270518,Orga Holding B.V.,2022,Forvis Mazars,64210,
41030866,RTV Oost,2022,Mazars,60100,
67550940,Lineas Nederland B.V.,2024,Forvis Mazars,49110,
54163943,Legrand AV Holdings B.V.,2024,PwC; Forvis Mazars,64210,
24197684,Van der Vorm Vastgoed Holding,2023,Forvis Mazars,64210,
27108911,Louis Vuitton B.V.,2022,Mazars,47722,
27374554,Exclusive Networks B.V.,2022,Deloitte ; Mazars,46500,
27374554,Exclusive Networks B.V.,2023,Mazars; Deloitte,46500,
08036357,Coöperatieve Vereniging Agrarische Bedrijfsverzorging U.A.,2024,Forvis Mazars,78202,
41169515,Stichting Naturalis Biodiversity Center,2022,Mazars,91211,
56358598,N & P Beheer B.V.,2024,Forvis Mazars,64210,
56070292,Abeos Cross Border Services B.V.,2024,Forvis Mazars,78201,
09103809,"Afvalcombinatie ""De Vallei"" N.V.",2024,Forvis Mazars,38110,
17129358,BDO Holding B.V.,2023,Mazars,64210,
32139952,RVL Holding B.V.,2024,Deloitte ; Forvis Mazars,64210,
08052624,Kruizinga B.V.,2022,Mazars; KPMG,25110,
30040187,Woningstichting Vecht en Omstreken,2023,Mazars,68201,
23032248,Stichting Poort6,2023,Forvis Mazars,68201,
41200170,Stichting Sportfondsen Pensioenfonds,2022,Mazars,65302,
77801806,De Kraamvogel Nederland B.V.,2022,Mazars,88101,
41134459,Stichting Vrienden van het Sophia,2022,Mazars,94993,
81769040,Pegasus Acquisition Company Europe B.V.,2022,Mazars,6420,
40448185,Stichting SCOPE scholengroep voor (protestants-)christelijk en katholiek onderwijs te Alphen aan den Rijn en omstreken,2022,Mazars,85311,
10028433,Lincoln Electric Europe B.V.,2022,Mazars,46620,
09032219,Oosterhoff Groep B.V.,2022,Mazars,64210,
88289249,Rivean Capital Fund VII Coöperatief U.A.,2023,Mazars,64210,
27101650,Rijswijk Wonen,2022,Mazars,68201,
27101650,Rijswijk Wonen,2023,Mazars,68201,
30200252,Sogeti Nederland B.V.,2022,Mazars,64210,
30200252,Sogeti Nederland B.V.,2024,Mazars,64210,
74982893,LogiVest B.V.,2024,Forvis Mazars,,
34293213,Siteserv B.V.,2022,Mazars,64210,
41125529,"Stichting ""Het Zuid-Hollands Landschap""",2022,Mazars,91420,
34158350,Moooi B.V.,2023,Forvis Mazars,31000,
11015214,Rademaker B.V.,2024,Forvis Mazars,28930,
11015214,Rademaker B.V.,2023,Forvis Mazars,28930,
41261210,Stichting Museum het Valkhof-Kam,2022,Mazars,91211,
41150939,Stichting Solidaridad Nederland,2024,Forvis Mazars,88999,
08200090,Samenwerking Glasverzekering N.V.,2024,Forvis Mazars,65121,
52830357,MVRDV B.V.,2022,Mazars,71111,
82303215,ZoAa B.V.,2023,Mazars,,
41141392,Stichting CRH Pensioenfonds,2022,Mazars,65302,
34276488,BJJI B.V.,2023,Mazars,64210,
24370396,National Academic Verzekeringsmaatschappij N.V.,2023,Mazars,65121,
40506839,Longfonds & patiëntenorganisatie stichting,2024,Forvis Mazars,94993,
41126788,Stichting Sophia Kinderziekenhuis Fonds,2022,Mazars,94993,
76143236,Amethyst Radiotherapy Group B.V.,2023,Forvis Mazars,64210,
54080029,Stichting Voedselbank Gouda en omstreken,2023,Mazars,88999,
28102903,Valkenhorst Participatie II B.V.,2022,Mazars,64210,
71472274,De Groene Boog Holding B.V.,2024,Forvis Mazars,64210,
41206065,Stichting Fonds Collectieve Belangen voor de Banden- en Wielenbranche,2022,Mazars,94993,
34092652,Veleka Logistics B.V.,2024,Forvis Mazars,52250,
91661129,Sandoz Finance B.V.,2024,Forvis Mazars,64210,
41181555,Stichting Nationaal Restauratiefonds,2022,Mazars,64929,
20068544,Winters Groep B.V.,2022,Mazars,64210,
30038801,Stichting HABION,2023,Forvis Mazars,68201,
29021830,Antea Nederland B.V.,2022,Mazars,71120,
29021830,Antea Nederland B.V.,2023,Mazars,71120,
29021830,Antea Nederland B.V.,2024,Forvis Mazars,71120,
30041379,Kargro,2023,Mazars,46720,
24490903,GSS Netherlands Holdings I B.V.,2024,Forvis Mazars,64210,
29027764,Van der Loo Yachtinteriors B.V.,2023,Mazars ; Deloitte,31000,
30190436,AT Osborne Holding B.V.,2022,Mazars,69203,
05057813,N.V. ROVA Holding,2022,Mazars,70102,
05057813,N.V. ROVA Holding,2023,Mazars,70102,
50726080,Plaza Resident Services Nederland B.V.,2022,Mazars,68320,
41189899,Stichting Meerscholen,2024,Forvis Mazars,85311,
41011600,Stichting Pensioenfonds PostNL,2022,Mazars,65302,
41011600,Stichting Pensioenfonds PostNL,2023,Forvis Mazars,65302,
28079229,Aloysius Stichting Onderwijs Jeugdzorg Bestuurskantoor,2022,Mazars,85203,
32139952,RVL Holding B.V.,2023,Mazars ; Deloiite,64210,
77986008,Kinly Tree Holding B.V.,2023,Forvis Mazars,64210,
20133100,Antea Realisatie B.V.,2024,Forvis Mazars,71120,
34366008,Sociale Verzekeringsbank,2022,Mazars,84110,
36012091,TMA Terminals B.V.,2023,Forvis Mazars,52241,
67171966,Vermeer International Holdings B.V,2022,Mazars,64210,
09118128,DPD (Nederland) B.V.,2022,Mazars,52310,
88788016,AlsCare B.V.,2023,Mazars,,
70212821,ForHealthy N.V.,2022,Mazars,,
11060866,Rademaker Beheer B.V.,2024,Forvis Mazars,70102,
31014972,Stichting Omnia Wonen,2022,Mazars,94997,
40530895,"HUMANITAS, Nederlandse vereniging voor maatschappelijke dienstverlening en samenlevingsopbouw",2022,Mazars,88992,
06061578,Thales Nederland,2023,Mazars,26510,
06061578,Thales Nederland,2024,Forvis Mazars,26510,
27264261,"Stichting r.-k., Algemeen Bijzonder en Openbaar Primair Onderwijs PANTA RHEI",2022,Mazars,85201,
27264261,"Stichting r.-k., Algemeen Bijzonder en Openbaar Primair Onderwijs PANTA RHEI",2023,Forvis Mazars,85201,
24338907,Arcus Nederland B.V.,2022,Mazars,46822,
24338907,Arcus Nederland B.V.,2023,Mazars,46822,
75383667,TCO (NL) Logistics B.V.,2023,Mazars; Deloitte,64210,
40530953,"Amnesty International, Afdeling Nederland",2023,Forvis Mazars,94996,
40530953,"Amnesty International, Afdeling Nederland",2024,Forvis Mazars,94996,
69504709,Kinly Top Holding B.V.,2024,Forvis Mazars,64210,
69053898,Brisker Holding B.V.,2022,Mazars,64210,
59478098,Mosaic World B.V.,2022,Mazars,64310,
11018154,A. Hak Groep B.V.,2024,Mazars,70102,
65849159,Quanza Group B.V.,2022,Mazars,64210,
65849159,Quanza Group B.V.,2023,Forvis Mazars,64210,
34248584,Conscious Hotels B.V.,2023,Forvis Mazars,68110,
30141566,Sorgente B.V.,2023,Mazars; E & Y,46382,
41198809,Stichting Greenpeace Nederland,2024,Forvis Mazars,94996,
24151956,Rothschild & Co Continuation Finance B.V.,2024,Forvis Mazars,64210,
41042610,Stichting Stimuleringsfonds Volkshuisvesting Nederlandse Gemeenten,2024,Forvis Mazars,64921,
30155920,R&H Driessen Holding B.V.,2024,Mazars,64210,
02027119,Revvity Health Sciences B.V.,2022,Mazars,20590,
23085191,Staalstraat Holding B.V.,2022,Mazars,64210,
23085191,Staalstraat Holding B.V.,2024,Forvis Mazars,64210,
23091285,Christelijke Scholengroep De Waard,2023,Forvis Mazars,85201,
23091285,Christelijke Scholengroep De Waard,2024,Forvis Mazars,85201,
41125674,Stichting Pensioenfonds Huntsman Rozenburg,2023,Forvis Mazars,64320,
41125674,Stichting Pensioenfonds Huntsman Rozenburg,2024,Forvis Mazars,64320,
30117367,Geberit B.V.,2023,Forvis Mazars,46837,
01061782,F. Spanninga Holding B.V.,2024,forvis Mazars,64210,
41181369,Stichting Alzheimer Nederland,2022,Mazars,86999,
41181369,Stichting Alzheimer Nederland,2024,Forvis Mazars,86999,
72234938,Enovation Group Holding B.V.,2022,Mazars,64210,
23031811,Stichting Oost West Wonen,2022,Mazars,68201,
70740798,Stichting TriUnity,2022,Mazars,85599,
82347646,PPG Holding B.V.,2022,Mazars,64210,
82347646,PPG Holding B.V.,2023,Mazars,64210,
01031631,Stichting v/h de Bouwvereniging,2022,Mazars,68201,
34314931,CGG Holding B.V.,2022,"Mazars, E & Y",64210,
30154318,Babbage Company B.V.,2023,Mazars,78100,
23050308,Bosal Nederland B.V.,2024,Forvis Mazars,25110,
55836151,Movianto Nederland B.V.,2022,Mazars,64210,
55836151,Movianto Nederland B.V.,2023,Forvis Mazars,64210,
16090288,Mosaic Microliving Holding I B.V.,2022,Mazars,64210,
16090288,Mosaic Microliving Holding I B.V.,2023,Forvis Mazars,64210,
84276568,QNP B.V.,2022,Mazars,70102,
32106705,SynVest,2022,Mazars,64210,
68429975,LBP Dutch Mortgage Portfolio 1 B.V.,2022,Mazars,64210,
75554305,TCO KSA Holdings B.V.,2024,"Forvis Mazars, Deloitte",64210,
75554305,TCO KSA Holdings B.V.,2023,"Mazars, Deloitte",64210,
27093366,Nutricia Medical Devices B.V.,2023,Mazars,46462,
16065649,Nutripack Benelux B.V.,2022,KPMG; Mazars,22220,
30215833,Gilde Healthcare Partners B.V.,2022,Mazars,64210,
34259970,Stichting Tijdspaarfonds Bouw & Infra,2022,Mazars,65309,
85008869,Strukton Infrastructure Specialties B.V.,2024,Forvis Mazars,71111,
17051407,Eindhoven Airport N.V.,2024,Forvis Mazars,52230,
67721427,Valkenhorst Participatie IV B.V.,2023,Forvis Mazars,55101,
62351079,Solutions Packaging B.V.,2022,Mazars,78201,
83879358,SSLP B.V.,2024,Forvis Mazars,64210,
74881272,Green Apple 2019-I NHG B.V.,2023,Mazars,64210,
11046203,Dutch Tecsource B.V.,2022,Mazars,28930,
58259937,D.G. Solutions B.V.,2024,Forvis Mazars,64210,
22023326,Nemag B.V.,2023,Mazars,28220,
35025338,Roto B.V.,2024,Forvis Mazars,70101,
83355502,Beheermaatschappij Legmeerpolder B.V.,2022,Mazars,64210,
34233043,Coentunnel Company B.V.,2022,Mazars,41000,
56358598,N & P Beheer B.V.,2023,Forvis; Mazars,64210,
56070292,Abeos Cross Border Services B.V.,2023,Mazars,78201,
09059703,NOC*NSF,2023,Forvis Mazars,93112,
09059703,NOC*NSF,2024,Forvis Mazars,93112,
33228206,Chipsoft Holding B.V.,2022,Mazars,64210,
27141651,Anteo,2022,Mazars,68203,
27141651,Anteo,2023,Forvis Mazars,68203,
28081869,TAF B.V.,2022,Mazars,66220,
28081869,TAF B.V.,2023,Mazars,66220,
28081869,TAF B.V.,2024,Forvis Mazars,66220,
33185213,Koninklijk Instituut voor de Tropen,2024,Forvis Mazars,72100,
33278414,Minkels International B.V.,2024,pwc/ Forvis Mazars,64210,
53136187,SAAone B.V.,2024,Mazars,42110,
32027920,Moet Hennessy (Nederland) B.V.,2022,Mazars,46340,
32027920,Moet Hennessy (Nederland) B.V.,2023,Forvis Mazars,46340,
08017332,Woningstichting De Goede Woning,2022,Mazars,68201,
30069134,Redexim B.V.,2023,Forvis Mazars,46610,
34127515,Stichting Aanvullingsfonds Bouw & Infra,2024,Forvis Mazars,88999,
11012193,De Jong & Lavino B.V.,2023,Forvis Mazars,46822,
16013641,Nutricia Cuijk B.V.,2023,Mazars; E & Y,10510,
11032110,Wigema B.V.,2022,Mazars,64210,
11032110,Wigema B.V.,2023,Mazars,64210,
11032110,Wigema B.V.,2024,Forvis Mazars,64210,
30067608,Capgemini N.V.,2022,Mazars,70102,
30067608,Capgemini N.V.,2024,Forvis Mazars,70102,
34181542,Schuberg Philis Group B.V.,2023,Mazars,64210,
30177866,Dolmans Groep B.V.,2022,Mazars,66191,
30177866,Dolmans Groep B.V.,2023,Mazars,66191,
78763231,NSS Beheer B.V.,2022,Mazars,64210,
75645157,Amethyst Top B.V.,2023,Forvis Mazars,64210,
75645157,Amethyst Top B.V.,2024,Forvis Mazars,64210,
84382945,ATC Computer Transport and Logistics B.V.,2022,Mazars,62900,
52230996,Satmex International B.V.,2024,E & Y ; Mazars,70102,
52230996,Satmex International B.V.,2025,E & Y ; Mazars,70102,
63699001,Brisker Groep B.V.,2023,Forvis Mazars,64210,
41010169,Stichting MDL Fonds,2023,Mazars,94993,
51671182,Maandag Holding B.V.,2022,Mazars,64210,
16059642,Minkels B.V.,2023,Forvis Mazars,25990,
30189673,Relined B.V.,2022,Mazars,61100,
27146574,Scholten Groep B.V.,2023,Mazars,64210,
41178025,"""Stichting Diabetes Fonds""",2023,Mazars,86999,
58402357,Stryk Holding B.V.,2023,Forvis; Mazars,64210,
83913262,HTCE PropCo MidCo B.V.,2022,Mazars,64210,
30059821,EQUANS Nederland N.V.,2023,Forvis Mazars,70102,
30059821,EQUANS Nederland N.V.,2024,Forvis Mazars,70102,
30146552,"Onderlinge Verzekeringmaatschappij ""SOM"" U.A.",2022,Mazars,65121,
34253769,EHM Hotel Amsterdam Apollo B.V.,2023,Mazars,55101,
30204915,Rivean Capital Management Holding B.V.,2023,Forvis Mazars,64210,
73606006,Exite Holding B.V.,2022,Mazars,64210,
33205099,Chipsoft B.V.,2022,Mazars,62100,
30093689,DataExpert B.V.,2022,Mazars,46500,
51607417,Nederland Sales & Service B.V.,2023,Mazars,46150,
09072522,Elis Netherlands Holding B.V.,2024,Mazars; PwC,64210,
83911413,HTCE Master MidCo B.V.,2022,Mazars,64210,
24279246,ATAG Nederland B.V.,2023,Forvis Mazars,46432,
24279246,ATAG Nederland B.V.,2024,Forvis Mazars,46432,
30039138,Stichting Woongroen,2024,Forvis Mazars,68201,
51060558,Guillin Nederland B.V.,2023,KPMG ; Mazars,46646,
30050804,Stichting Vastgoed zorgsector,2024,Forvis Mazars,68202,
78084261,Interstellar Group B.V.,2022,Mazars,62200,
78084261,Interstellar Group B.V.,2023,Mazars,62200,
37086118,AFS Energy B.V.,2023,Forvis Mazars,71120,
72123966,GMC VI B.V.,2022,Mazars,64210,
24121783,Parfums Christian Dior B.V.,2024,Deloitte ; Forvis Mazars,46450,
41209638,Stichting Bedrijfstakpensioenfonds voor de Particuliere Beveiliging,2022,Mazars,84300,
41209638,Stichting Bedrijfstakpensioenfonds voor de Particuliere Beveiliging,2023,Forvis Mazars,84300,
65840178,Novum Hotels NL B.V.,2024,Forvis Mazars,55101,
73293075,Odin Holding B.V.,2022,Mazars,70202,
35025338,Roto B.V.,2022,Mazars,70101,
33201301,Dinytei B.V.,2023,Forvis Mazars,64210,
33201301,Dinytei B.V.,2024,Forvis Mazars,64210,
33128442,Nederlandse Grondbewerkingsmaatschappij B.V.,2024,Forvis Mazars,06100,
08148337,D&T Holding B.V.,2023,Forvis Mazars,64210,
54051835,HMU & Olsthoorn Bouw & Ontwikkeling B.V.,2023,Forvis Mazars,41000,
21017715,Goudkust B.V.,2023,Forvis Mazars,64210,
41160246,Stichting Pensioenfonds Recreatie (Pensioenfonds Recreatie),2023,Forvis Mazars,65301,
41208813,Stichting Defence for Children International Nederland - ECPAT Nederland,2022,Mazars,94995,
24099513,DFS Netherlands,2022,Mazars,28120,
41199776,Stichting Pensioenfonds Alliance,2022,Mazars,64320,
41199776,Stichting Pensioenfonds Alliance,2023,Forvis Mazars,64320,
09033414,Essilor Nederland Holding B.V.,2022,Mazars; PwC,32502,
29039874,Stinis Holland B.V.,2022,Mazars,28220,
29039874,Stinis Holland B.V.,2024,Forvis Mazars,28220,
30200121,Conti Investments B.V.,2024,Forvis Mazars,64210,
90697464,Orthodontistenpraktijk Breda B.V.,2024,Mazars,86230,
75278561,Abeos Uitzend Holding B.V.,2022,Mazars,78100,
75278561,Abeos Uitzend Holding B.V.,2023,Mazars,78100,
27112523,Nutricia International B.V.,2022,Mazars,64210,
02319567,Woonstichting Groninger Huis,2022,Mazars,68201,
02319567,Woonstichting Groninger Huis,2024,Forvis Mazars,68201,
24153095,Curosa Rotterdam Beheer B.V.,2022,Mazars,64210,
11021748,Aannemersbedrijf C. van Dillen en Zoon B.V.,2023,Mazars,41000,
23053436,Tremco CPG Netherlands B.V.,2023,Mazars,22260,
30215055,Gilde Healthcare Holding B.V.,2023,Mazars,64210,
30233077,Strukton Civiel B.V.,2024,Forvis Mazars,66191,
41158594,Stichting Nationaal Groenfonds,2022,Mazars,64929,
41158594,Stichting Nationaal Groenfonds,2024,Mazars,64929,
05073592,De Librije Beheer B.V.,2022,Mazars,66292,
05073592,De Librije Beheer B.V.,2023,Forvis Mazars,66292,
05073592,De Librije Beheer B.V.,2024,Forvis Mazars,66292,
08172294,Bredenoord Beheer Apeldoorn B.V.,2022,Mazars,70102,
34140161,NICE Netherlands B.V.,2022,Mazars,62100,
84745029,Thuis in Bouwen Groep B.V.,2023,Forvis Mazars,70102,
24185744,SOR,2023,Mazars,68201,
24185744,SOR,2024,Forvis Mazars,68201,
33245263,Victoria Amsterdam Hotel Operator B.V.,2023,Forvis Mazars,64210,
12000643,ZON,2022,Mazars,46110,
67087930,Dentons Group B.V.,2024,Forvis Mazars,64210,
67087930,Dentons Group B.V.,2023,Forvis Mazars,64210,
30004006,Strukton Groep,2022,Mazars,42110,
67656285,TMA Logistics B.V.,2023,Forvis Mazars,64210,
30042372,Neitraco Beheer B.V.,2022,Mazars,64210,
30042372,Neitraco Beheer B.V.,2023,Forvis Mazars,64210,
20031659,AncoferWaldram Steelplates B.V.,2024,Mazars,46822,
17063047,Coram Group B.V.,2022,Mazars,64210,
34061983,Priwo Onroerend Goed B.V.,2022,Mazars,68203,
55460666,Valkenhorst Participatie III,2023,Forvis Mazars,70102,
24266274,Avantage Groep B.V.,2024,Forvis Mazars,64210,
30218919,Komfort B.V.,2024,Forvis Mazars,68120,
70831335,Falcon Oil & Gas B.V.,2023,Mazars,06100,
24259746,ONGC Nile Ganga B.V.,2022,Mazars,09100,
27318002,Brink Groep Invest B.V.,2022,Mazars,70102,
16070133,Parametric Technology Nederland B.V.,2024,Mazars,73200,
40478577,Stichting de Luisterlijn,2022,Mazars,88999,
55380395,QBuild Holding B.V.,2024,Mazars,70102,
92702597,EY Nederland B.V.,2025,Forvis Mazars,64210,
29024808,Lok installaties,2024,Mazars,43221,
34253640,Stichting CliniX,2022,Mazars,94993,
75278588,Abeos Agri Holding B.V.,2024,Forvis Mazars,01500,
59439122,Stichting Nationaal Warmtefonds,2022,Mazars,94993,
59439122,Stichting Nationaal Warmtefonds,2023,Mazars,94993,
81519753,Stichting Nationaal Warmtefonds 2,2023,Mazars,94993,
33296412,Sixt B.V.,2024,Mazars,77112,
73000949,Bank of America Europe Designated Activity Company,2023,Mazars,64194,
73000949,Bank of America Europe Designated Activity Company,2024,Mazars,64194,
30046822,AT Osborne B.V.,2024,Forvis Mazars,70201,
27090619,Danone Baby and Medical Nutrition B.V.,2022,Mazars,10860,
50277375,SURF B.V.,2023,Mazars,62900,
23045001,Centraal Administratiekantoor Dordrecht B.V.,2023,Mazars,66220,
81917503,Stichting Open Nederland,2023,Mazars,88999,
33255195,Chipsoft Groep B.V.,2024,Forvis Mazars,64310,
24355532,BUHLMANN Beheer B.V.,2024,Forvis Mazars,64210,
63907879,Robeco Umbrella Fund I N.V.,2024,Forvis Mazars,64310,
24107720,Rolinco N.V.,2024,Forvis Mazars,64310,
29045371,A.S. Holding B.V.,2022,Mazars,64210,
08116884,Neuteboom Coffeeroasters B.V.,2024,Forvis Mazars,10830,
75003317,Triplewood Holding B.V.,2023,Forvis Mazars,64210,
75003317,Triplewood Holding B.V.,2024,Forvis Mazars,64210,
08141576,ABO-Group Nederland B.V.,2024,Forvis Mazars,64210,
68365055,Wisdom Property NL II B.V.,2024,Forvis Mazars,64210,
30007294,De Stiho Groep B.V.,2024,Forvis Mazars,64310,
89408233,Conti Coöperatief U.A.,2024,Forvis Mazars,64210,
34104715,Zig,2024,Forvis Mazars,62100,
17264439,Scafom Holding B.V.,2023,Forvis Mazars,70102,
34116400,Schuberg Philis B.V.,2023,Mazars,62200,
23045493,Arcus Holding B.V.,2022,Mazars,,
23045493,Arcus Holding B.V.,2023,Mazars,,
23045493,Arcus Holding B.V.,2024,Forvis Mazars,,
59329718,PGZ Holding B.V.,2022,Mazars,,
11044286,Metaflex Doors B.V.,2022,Mazars,,
33286267,ELM B.V.,2024,Forvis Mazars,64923,
17051407,Eindhoven Airport N.V.,2025,Forvis Mazars,52230,
22023326,Nemag B.V.,2024,Forvis Mazars,28220,
40341418,Stichting Erasmus Trustfonds (SET),2024,Mazars,94993,
27141651,Anteo,2024,Forvis Mazars,68203,
34255937,First Liability Matching N.V.,2022,Mazars,66292,
69575223,Stichting The Hague & Partners,2023,Mazars,94997,
78219159,Vivid Money B.V.,2022,Mazars,82100,
34053090,Mylaps Sports Technology,2024,Forvis Mazars,26510,
81024053,Eurotranspharma Holding B.V.,2023,Forvis Mazars ; FINEXSI,,
57811067,Yellow Chips Holding B.V.,2024,Forvis Mazars,64210,
05056372,Edena B.V.,2024,Forvis Mazars,70102,
28086560,Groeneveld Holding B.V.,2023,Forvis Mazars,64210,
33015645,CNH Industrial Capital Europe B.V.,2023,Mazars,64922,
24220900,A. de Jong B.V.,2023,Forvis Mazars,25110,
34161590,Morgan Stanley B.V.,2025,Forvis Mazars,64991,
27108436,Oxfam Novib,2022,Mazars,94996,
27108436,Oxfam Novib,2023,Mazars,94996,
29030061,Oranjewoud N.V.,2025,Forvis Mazars,64210,
52830357,MVRDV B.V.,2024,Mazars,71111,
24433625,MVRDV Holding B.V.,2023,Forvis Mazars,71111,
41199580,Oak Pensioenfonds,2022,Mazars,65301,
41199580,Oak Pensioenfonds,2023,Forvis Mazars,65301,
08036357,Coöperatieve Vereniging Agrarische Bedrijfsverzorging U.A.,2025,Forvis Mazars,78202,
67401449,Van Dillen Bouwgroep B.V.,2024,Mazars,64210,
94019037,Antea Group Holding B.V.,2024,Forvis Mazars,70102,
05057813,N.V. ROVA Holding,2025,Forvis Mazars,70102,
24183597,PricewaterhouseCoopers Eastern Europe B.V.,2023,Mazars,69201,
24356162,PricewaterhouseCoopers EE Holdings B.V.,2023,Mazars,64210,
24338907,Arcus Nederland B.V.,2025,Forvis Mazars,46822,
11018556,A. Hak Infranet B.V.,2024,Mazars,42220,
82335389,Domi 2021-1 B.V.,2024,Forvis Mazars,66199,
24197684,Van der Vorm Vastgoed Holding,2025,Forvis Mazars,64210,
28000558,Royal Van Lent Shipyard,2023,Mazars; Deloitte,30120,
77127331,GelreGroen B.V.,2023,Forvis Mazars,68120,
77127331,GelreGroen B.V.,2024,Forvis Mazars,68120,
77124162,GelreGroen Holding B.V.,2023,Forvis Mazars,64210,
30081768,Kargro Beheer B.V.,2024,Forvis Mazars,64210,
09118128,DPD (Nederland) B.V.,2023,Mazars,52310,
02319567,Woonstichting Groninger Huis,2025,Forvis Mazars,68201,
30239960,Komfort Holding B.V.,2024,Forvis Mazars,70102,
20007266,Midglas N.V.,2023,Mazars,65121,
56457103,Merrill Lynch B.V.,2022,Mazars,64210,
56457103,Merrill Lynch B.V.,2023,Mazars,64210,
85077763,Domi 2022-1 B.V.,2024,Forvis Mazars,64210,
30042372,Neitraco Beheer B.V.,2024,Forvis Mazars,64210,
27092998,Siemens Financieringsmaatschappij N.V.,2022,Mazars,64999,
41179500,Stichting Brocacef Pensioenfonds,2024,Forvis Mazars,65309,
32077000,PGZ B.V.,2022,Mazars,47820,
23053436,Tremco CPG Netherlands B.V.,2024,Forvis Mazars,22260,
29012636,Klip Beheermaatschappij B.V.,2024,Forvis Mazars,64210,
41181555,Stichting Nationaal Restauratiefonds,2025,Forvis Mazars,64929,
30199845,DD Real Assets Fund N.V.,2022,Mazars,64310,
30199845,DD Real Assets Fund N.V.,2023,Mazars,64310,
30199845,DD Real Assets Fund N.V.,2025,Forvis Mazars,64310,
51607417,Nederland Sales & Service B.V.,2024,Mazars,46150,
69504709,Kinly Top Holding B.V.,2025,Forvis Mazars,64210,
68905750,Denk Capital B.V.,2024,Forvis Mazars,64210,
31047357,Brilmij Groep B.V.,2024,PwC; Mazars,70102,
55922236,De Nederlandse Kluis B.V.,2025,Forvis Mazars,80010,
41097718,Stichting Fontys,2025,Forvis Mazars,85401,
24438603,EY Nederland Coöperatief U.A.,2025,Forvis Mazars,64210,
73722812,Daily Logistics Group B.V.,2025,Forvis Mazars,64210,
69188416,Domivest Holding B.V.,2024,Forvis Mazars,64210,
12066592,Viking Office Europe B.V.,2023,Forvis Mazars,64210,
59844027,Rufiji B.V.,2024,Mazars,64210,
34183680,Stichting Stayokay,2022,Mazars,55202,
58908757,Stichting ING CDC Pensioenfonds,2025,Forvis Mazars,65302,
58723552,Meijer Realty Partners B.V.,2022,Mazars,64210,
65563921,Holcim Sterling Finance (Netherlands),2022,Mazars,64310,
41097585,Stichting Raad voor Arbeidsverhoudingen Schoonmaak- en Glazenwassersbranche (Ras),2024,Forvis Mazars,94200,
41095601,Stichting Pensioenfonds voor Verloskundigen,2024,Forvis Mazars,65303,
83879358,SSLP B.V.,2025,Forvis Mazars,64210,
81636962,O2D Holding B.V.,2023,Mazars,64210,
35010383,Stichting Zaandams Volkshuisvesting (ZVH),2025,Forvis Mazars,68201,
91792029,HSM Holding B.V.,2025,Forvis Mazars,64210,
67582982,Penta Datacenter Holding B.V.,2025,Forvis Mazars,64210,
32050737,Sanofi B.V.,2024,PwC; E & Y; Forvis Mazars,46461,
24245672,Intertek LSI,2023,Forvis Mazars,52250,
34236929,Urenco Finance N.V.,2022,Mazars,64192,
34236929,Urenco Finance N.V.,2024,Forvis Mazars,64192,
21018097,Algist Bruggeman Benelux B.V.,2025,Forvis Mazars,46383,
28079229,Aloysius Stichting Onderwijs Jeugdzorg Bestuurskantoor,2025,Forvis Mazars,85203,
41179972,Stichting Protestants Christelijk Onderwijs te Utrecht,2025,Forvis Mazars,85201,
88539342,Atos Netherlands B.V.,2024,Forvis Mazars,62100,
30132762,Eviden Netherlands B.V.,2024,Forvis Mazars,62100,
64158721,Fattal Orchid B.V.,2024,Forvis Mazars,64210,
27112523,Nutricia International B.V.,2022,Mazars; E & Y,64210,
41189899,Stichting Meerscholen,2025,Forvis Mazars,85311,
67521622,T & S Flex Logistiek B.V.,2025,Forvis Mazars,78201,
06033011,Stichting Reggewoon,2025,Forvis Mazars,68201,
66926866,Improven B.V.,2022,Mazars,70202,
66926866,Improven B.V.,2024,Forvis Mazars,70202,
08017332,Woningstichting De Goede Woning,2025,Forvis Mazars,68201,
93254571,AFS Energy Holding B.V.,2025,Forvis Mazars,70102,
34165533,Stichting Cultuur+Ondernemen,2022,Mazars,94994,
67087930,Dentons Group B.V.,2025,Forvis Mazars,64210,
67275753,Improven Holding B.V.,2023,Forvis Mazars,64210,
33234881,Lesaffre Nederland,2024,Forvis Mazars,46383,
41201463,Stichting Save the Children Nederland,2025,Forvis Mazars,94993,
11018154,A. Hak Groep B.V.,2025,Forvis Mazars,70102,
41150939,Stichting Solidaridad Nederland,2025,Forvis Mazars,88999,
30199843,DoubleDividend Management B.V.,2022,Mazars,66110,
30199843,DoubleDividend Management B.V.,2023,Mazars,66110,
68905750,Denk Capital B.V.,2025,Forvis Mazars,64210,
37059788,Losberger De Boer Benelux B.V.,2022,Mazars,77229,
37059788,Losberger De Boer Benelux B.V.,2024,Forvis Mazars,77229,
41160229,Stichting PUM,2024,Forvis Mazars,94996,
41160229,Stichting PUM,2025,Forvis Mazars,94996,
41022121,Stichting Woonpalet Zeewolde,2022,Mazars,68201,
41150939,Stichting Solidaridad Nederland,2023,Mazars,88999,
16024073,Woonmeij,2022,Mazars,68201,
40506839,Longfonds & patiëntenorganisatie stichting,2023,Mazars,94993,
52830357,MVRDV B.V.,2023,Forvis Mazars,71111,
18047247,Vpk Nederland B.V.,2022,Forvis; Mazars,64210,
41141392,Stichting CRH Pensioenfonds,2024,Forvis Mazars,65302,
41198289,Stichting Pensioenfonds Mercer,2024,Forvis Mazars,65302,
05056372,Breman Topholding B.V.,2022,Mazars,70102,
05056372,Breman Topholding B.V.,2023,Mazars,70102,
08095707,4People Beheer B.V.,2022,Mazars,,
82303215,ZoAa B.V.,2022,Mazars,,
77313542,Exxellence Groep B.V.,2024,Forvis Mazars,64210,
41206065,Stichting Fonds Collectieve Belangen voor de Banden- en Wielenbranche,2023,Mazars,94993,
08185413,Linthorst Techniek B.V.,2022,Mazars,43222,
34252099,Villa Europe B.V.,2022,Forvis Mazars,64210,
34252099,Villa Europe B.V.,2023,Forvis Mazars,64210,
28102903,Valkenhorst Participatie II B.V.,2023,Forvis Mazars,64210,
69987637,Transatlantic Partners B.V.,2023,Forvis Mazars,64210,
11015371,Meubelfabriek De Toekomst B.V.,2022,Mazars,31000,
11015214,Rademaker B.V.,2022,Mazars,28930,
88289249,Rivean Capital Fund VII Coöperatief U.A.,2024,Mazars,64210,
10029188,ARN B.V.,2022,Mazars,38220,
27247262,"Stichting Scholengroep Spinoza voor Voortgezet onderwijs te Voorburg, Leidschendam en omstreken",2024,Forvis Mazars,85311,
41042610,Stichting Stimuleringsfonds Volkshuisvesting Nederlandse Gemeenten,2023,Mazars,64921,
27264261,"Stichting r.-k., Algemeen Bijzonder en Openbaar Primair Onderwijs PANTA RHEI",2024,Forvis Mazars,85201,
41241888,Stichting Scholen aan Zee,2022,Mazars,85311,
28079229,Aloysius Stichting Onderwijs Jeugdzorg Bestuurskantoor,2024,Forvis Mazars,85203,
40516730,Vereniging tot Behoud van Natuurmonumenten in Nederland,2023,Mazars,91420,
40516730,Vereniging tot Behoud van Natuurmonumenten in Nederland,2024,Forvis Mazars,91420,
71926992,CASA ROOSENDAAL RUCPHENSEBAAN,2023,Mazars,41000,
31014972,Stichting Omnia Wonen,2023,Forvis Mazars,94997,
87523434,Gemstar I Coöperatief U.A.,2024,Mazars,64210,
11026852,Vermeulen en Vermeulen Beheer B.V.,2023,Forvis Mazars,64210,
64625028,impegno Jeugd & Gezin B.V.,2022,Mazars,88991,
41095601,Stichting Pensioenfonds voor Verloskundigen,2022,Mazars,65303,
24395564,Intertek Polychemlab B.V.,2023,Forvis Mazars,46500,
24151956,Rothschild & Co Continuation Finance B.V.,2023,Mazars,64210,
30113646,Kendrion N.V.,2024,Forvis Mazars,66191,
20068544,Winters Groep B.V.,2023,Mazars,64210,
20068544,Winters Groep B.V.,2024,Mazars,64210,
23018855,Beheermaatschappij A. Maat B.V.,2022,Mazars,66300,
23018855,Beheermaatschappij A. Maat B.V.,2023,Forvis Mazars,66300,
23018855,Beheermaatschappij A. Maat B.V.,2024,Forvis Mazars,66300,
20133100,Antea Realisatie B.V.,2022,Mazars,71120,
20133100,Antea Realisatie B.V.,2023,Mazars,71120,
32086426,Railcenter,2022,Mazars,85591,
09118128,DPD (Nederland) B.V.,2023,KPMG; Mazars,52310,
34278112,Argentum Netherlands B.V.,2022,Mazars,64210,
34283024,TANITA Europe B.V.,2023,Mazars,52109,
30204922,Rivean Capital B.V.,2024,Mazars,64210,
34265018,DUNIA Capital B.V.,2023,Forvis Mazars,64922,
69370826,PwC Business Solutions B.V.,2022,Mazars,77400,
69370826,PwC Business Solutions B.V.,2023,Mazars,77400,
33183520,Crédit Agricole Consumer Finance Nederland B.V.,2024,Forvis Mazars,64210,
82074372,Gilde Equity Management (GEM) Benelux Fund V Coöperatief U.A.,2022,Mazars,64210,
82074372,Gilde Equity Management (GEM) Benelux Fund V Coöperatief U.A.,2023,Mazars,64210,
67087930,Dentons Group B.V.,2022,Mazars,64210,
24424833,Antea Group N.V.,2022,Forvis Mazars,71120,
33255988,Südzucker International Finance B.V.,2023,Mazars,64922,
11055087,A. Hak Leidingbouw B.V.,2024,Mazars,42210,
55460666,Valkenhorst Participatie III,2022,Mazars,70102,
69900752,Linthorst World B.V.,2022,Mazars,64210,
33288437,Bolo B.V.,2024,Forvis Mazars,70201,
24270518,Orga Holding B.V.,2023,Forvis Mazars,64210,
02041794,DeLaval,2024,Forvis Mazars,46610,
69186561,NewFor Holding B.V.,2023,Forvis Mazars,64210,
76882012,Banaras B.V.,2024,Forvis Mazars,64210,
54563151,Pivot Park Holding B.V.,2024,Forvis Mazars,68203,
22022618,Vermeer International B.V.,2022,Mazars,28300,
05057813,N.V. ROVA Holding,2024,Forvis Mazars,70102,
24099513,DFS Netherlands,2024,Mazars,28120,
34036014,Aircraft Fuel Supply B.V.,2023,Forvis Mazars,46812,
24143292,Keygene Holding B.V.,2024,Forvis Mazars,64210,
33128442,Nederlandse Grondbewerkingsmaatschappij B.V.,2023,Forvis Mazars,06100,
14058851,UFP Benelux B.V.,2023,Forvis Mazars; Audit & Expertise Partenaires,46500,
24343255,Stichting Pensioenfonds Vopak,2023,Mazars,65302,
41169654,Stichting Teylingereind,2022,Mazars,87991,
50719319,RIZ Vastgoed B.V.,2023,Mazars,68203,
33299834,Boats Investments (Netherlands) B.V.,2022,Mazars,64922,
33299834,Boats Investments (Netherlands) B.V.,2024,Forvis Mazars,64922,
09167113,Stichting Helene Kröller-Müller Fonds,2022,Mazars,94993,
90697510,Orthodontistenpraktijk Etten-Leur B.V.,2024,Mazars,86230,
30241879,Stichting Pensioenregister,2023,Forvis Mazars,66292,
30077474,Paradigm Group B.V.,2022,Mazars,46901,
34178306,Park Plaza Hotels Europe B.V.,2023,Forvis Mazars,64210,
41183558,Stichting SBOH,2023,Mazars,85402,
41183558,Stichting SBOH,2024,Forvis Mazars,85402,
11053072,Bot & van der Ham Bouw & Ontwikkeling B.V.,2024,Mazars,41000,
28073027,Stichting Woondiensten Aarwoude,2022,Mazars,68201,
30093002,Fashion Linq B.V.,2022,Mazars,46861,
30093002,Fashion Linq B.V.,2023,Mazars,46861,
77465490,Corrosion Group B.V.,2022,Mazars,64210,
62560727,Stichting LandschappenNL,2022,Mazars,94997,
11021748,Aannemersbedrijf C. van Dillen en Zoon B.V.,2022,Mazars,41000,
58847863,Veritas Petroleum Services Holding B.V.,2022,Mazars,64210,
67352669,JerCon B.V.,2022,Mazars,64210,
23053436,Tremco CPG Netherlands B.V.,2022,Mazars,22260,
41187815,Stichting Raad voor Accreditatie,2022,Mazars,70202,
41187815,Stichting Raad voor Accreditatie,2023,Mazars,70202,
09178566,Kaak Groep B.V.,2022,Mazars,64210,
09178566,Kaak Groep B.V.,2023,Mazars,64210,
33131674,Priority Drilling B.V.,2023,Forvis Mazars,64210,
24099513,DFS Netherlands,2023,Mazars,28120,
75721546,Gevelbouwers B.V.,2022,Mazars,70102,
75721546,Gevelbouwers B.V.,2023,Mazars,70102,
67656285,TMA Logistics B.V.,2022,Mazars,64210,
87621673,Domi 2023-1 B.V.,2023,Forvis Mazars,64210,
76001601,VDF European Holdings B.V.,2022,Mazars,46382,
11028551,Jola Investment B.V.,2023,Forvis Mazars,64310,
29039874,Stinis Holland B.V.,2023,Mazars,28220,
24185744,SOR,2022,Mazars,68201,
51372894,EHM Hotel Amsterdam Rembrandtpark B.V.,2023,Mazars,55101,
69801738,LBP Dutch Mortgage Portfolio 2 B.V.,2022,Mazars,64210,
88763692,Coöperatieve Gilde Healthcare VG VI U.A.,2024,Forvis Mazars,64310,
83100466,VPS Bidco B.V.,2022,Mazars,64210,
89408233,Conti Coöperatief U.A.,2023,Mazars,64210,
83266933,Orion Netherlands B.V.,2023,Forvis Mazars,64210,
72977043,Little Travel Holding B.V.,2023,Mazars,64210,
72977043,Little Travel Holding B.V.,2024,Forvis Mazars,64210,
34377410,Cliq B.V.,2022,Mazars,63100,
20031659,AncoferWaldram Steelplates B.V.,2022,Mazars,46822,
34099275,impegno Nederland B.V.,2022,Mazars,86222,
62028707,impegno GGZ B.V.,2022,Mazars,86222,
34306685,Decathlon Netherlands B.V.,2022,PwC ; Mazars,47633,
27090766,Danone Nutricia Nederland B.V.,2022,E & Y/ Mazars,46331,
27090766,Danone Nutricia Nederland B.V.,2023,E & Y ; Mazars,46331,
24384672,Stichting BLICK op onderwijs,2023,Forvis Mazars,85201,
68640374,Gulf gas and power,2022,Mazars,46180,
63354624,SME Trade Finance B.V.,2022,Mazars,64210,
90252624,Ibex Topco B.V.,2023,Mazars,64210,
37162490,A. Hak Electron B.V.,2022,Mazars,42220,
34262058,Stichting Amsterdam Institute for Global Health and Development (afgekort Stichting AIGHD),2022,Mazars,72100,
34262058,Stichting Amsterdam Institute for Global Health and Development (afgekort Stichting AIGHD),2023,Forvis Mazars,72100,
30204038,FWG Bedrijf B.V.,2022,Mazars,62100,
82710325,HVEG Group B.V.,2022,Mazars,70102,
82710325,HVEG Group B.V.,2023,Mazars,70102,
34292902,Adriana Infrastructure CLO 2008-I B.V.,2024,Forvis Mazars,64210,
24270641,SSC Flex B.V.,2022,Mazars,,
23045001,Centraal Administratiekantoor Dordrecht B.V.,2022,Mazars,66220,
41212043,Stichting CliniClowns Nederland,2022,Mazars,94995,
41212043,Stichting CliniClowns Nederland,2024,Forvis Mazars,94995,
24259746,ONGC Nile Ganga B.V.,2023,Mazars,09100,
40341418,Stichting Erasmus Trustfonds (SET),2023,Mazars,94993,
41149287,Stichting Terre des Hommes Nederland,2022,Mazars,94996,
41149287,Stichting Terre des Hommes Nederland,2024,Forvis Mazars,94996,
34169172,Hellendoorn Attractiepark B.V.,2022,Mazars,93210,
33289086,Lesaffre Mautner Markhof (L.M.M.) B.V.,2022,Mazars,64210,
30039328,Woonstichting SSW,2022,Mazars,,
27194422,Danone Trading ELN B.V.,2024,Mazars; E & Y,46331,
30215055,Gilde Healthcare Holding B.V.,2024,Forvis Mazars,64210,
16024880,Stichting Area,2022,Mazars,68201,
16024880,Stichting Area,2023,Forvis Mazars,68201,
16024880,Stichting Area,2024,Forvis Mazars,68201,
24153095,Curosa Rotterdam Beheer B.V.,2024,Mazars,64210,
52977110,Sungevity Netherlands B.V.,2022,Mazars,43211,
21017715,Goudkust B.V.,2022,Mazars,64210,
75236095,Huuskes Holding B.V.,2022,Mazars,64210,
75236095,Huuskes Holding B.V.,2023,Mazars,64210,
75236095,Huuskes Holding B.V.,2024,Forvis Mazars,64210,
41178953,Stichting Bedrijfstakpensioenfonds voor het Kappersbedrijf,2023,Forvis Mazars,65301,
60621974,DMF Holding B.V.,2022,Mazars,64210,
29028109,Stinis Beheer B.V.,2022,Mazars,64210,
33262094,AFS Group B.V.,2024,Forvis Mazars,64210,
24117002,Boland B.V.,2024,Forvis Mazars,46499,
40480372,De Groenhof,2024,Forvis Mazars,88992,
41066094,Stichting Pensioenfonds Rockwool,2022,Mazars,65302,
41066094,Stichting Pensioenfonds Rockwool,2024,Forvis Mazars,65302,
11067133,Van Dillen Groep,2022,Mazars,66120,
41244237,Stichting Pensioenfonds TDV in liquidatie,2022,Mazars,65302,
23053786,Réel Nederland B.V.,2022,Mazars; E & Y,64210,
58986502,Europe Watch Group B.V.,2024,Forvis Mazars,47770,
41169515,Stichting Naturalis Biodiversity Center,2023,Mazars,91211,
41169515,Stichting Naturalis Biodiversity Center,2024,Forvis Mazars,91211,
33279300,ICTS International N.V.,2024,Mazars,80010,
27108911,Louis Vuitton B.V.,2023,Mazars,47722,
24328944,Krohne Oil & Gas B.V.,2024,Forvis Mazars,46645,
50277375,SURF B.V.,2022,Mazars,62900,
50277375,SURF B.V.,2024,Forvis Mazars,62900,
41198166,Stichting Mediahuis Nederland Pensioenfonds,2023,Mazars,65301,
30214009,Stichting Vredesbeweging PAX Nederland,2023,Forvis Mazars,94996,
72724005,Dutch MBS XIX B.V.,2022,Mazars,6420,
41190685,Stichting Monton,2022,Mazars,85201,
08200090,Samenwerking Glasverzekering N.V.,2022,Mazars,65121,
11060866,Rademaker Beheer B.V.,2022,Mazars,70102,
11060866,Rademaker Beheer B.V.,2023,Forvis Mazars,70102,
18033506,Brabantse Ontwikkelings Maatschappij Holding B.V.,2022,Mazars,64923,
05070105,Stichting Pensioenfonds Abbott Nederland,2023,Forvis Mazars,65301,
41027020,Stichting Erfgoed Stikaz,2023,Forvis Mazars,94993,
37145799,KMU Verzekeringen N.V.,2023,Mazars,65121,
61834270,Stichting Bedrijfstakpensioenfonds voor de Zuivel en aanverwante industrie,2022,Mazars,65301,
61834270,Stichting Bedrijfstakpensioenfonds voor de Zuivel en aanverwante industrie,2023,Forvis Mazars,65301,
30139084,Arval B.V.,2023,Mazars,77112,
32038883,Weidmüller Benelux B.V.,2023,Forvis Mazars,46500,
41197125,Stichting Koningin Wilhelmina Fonds voor de Nederlandse Kankerbestrijding,2022,Mazars,94993,
41197125,Stichting Koningin Wilhelmina Fonds voor de Nederlandse Kankerbestrijding,2023,Mazars,94993,
61834270,Stichting Bedrijfstakpensioenfonds voor de Zuivel en aanverwante industrie,2024,Forvis Mazars,65301,
67487084,Stichting PharmAccess Group Foundation,2023,Forvis Mazars,94996,
41151198,Stichting Kröller-Müller Museum,2023,Mazars,91211,
81021216,Interstellar Coöperatie U.A.,2022,mazars,64210,
76642216,Intertoll Global B.V.,2022,Mazars,64210,
33254101,Chipsoft Ziekenhuis Informatiesystemen B.V.,2022,Mazars,46500,
34293213,Siteserv B.V.,2023,Forvis Mazars,64210,
33281895,Luxottica The Netherlands B.V.,2022,PwC; Mazars,46435,
34305320,CliniX Holding B.V.,2023,Mazars,86221,
90899253,CPH B.V.,2023,Mazars,64210,
76479587,Riedel Beheer B.V.,2022,Mazars,64210,
76479587,Riedel Beheer B.V.,2023,forivis Mazars,64210,
28085082,Valkenhorst Participatie B.V.,2022,Mazars,64210,
59826525,Bredenoord Holding B.V.,2023,Mazars,64210,
59826525,Bredenoord Holding B.V.,2024,Forvis Mazars,64210,
90713982,De Librije 3.0 B.V.,2023,Mazars,64210,
41009543,Stichting Will Niemeijer Pensioenfonds,2022,Mazars,,
34231808,De Boer Structures Holding B.V.,2022,Mazars,70102,
41189982,Stichting Ska Kinderopvang,2024,Forvis Mazars,88910,
56620519,SAAone Holding B.V.,2023,Forvis Mazars,64210,
27339260,Nederlandse Orde van Advocaten,2023,Forvis Mazars,94120,
01124396,De Kraamvogel Nederland B.V.,2022,Mazars,86942,
72010150,SkylineDx Holding B.V.,2022,Mazars,64210,
73343528,Quartz Bidco B.V.,2022,Mazars,64210,
77127331,GelreGroen B.V.,2022,Mazars,68120,
60904860,Gilde Equity Management (GEM) Benelux Top-Up Fund III Coöperatief B.A.,2022,Mazars,64310,
41181555,Stichting Nationaal Restauratiefonds,2023,Mazars,64929,
68550073,Leonardo Opco Overamstel B.V.,2023,Mazars,55102,
01087061,Hogeschool Van Hall Larenstein,2022,Mazars,85401,
01087061,Hogeschool Van Hall Larenstein,2024,Forvis Mazars,85401,
30190436,AT Osborne Holding B.V.,2023,Mazars,69203,
01061782,F. Spanninga Holding B.V.,2022,Mazars,64210,
01061782,F. Spanninga Holding B.V.,2023,Mazars,64210,
41178974,Stichting Hogeschool voor de Kunsten Utrecht / HKU,2022,Mazars,85401,
65542215,Coöperatieve Gilde Healthcare IV U.A.,2023,Mazars,64923,
41125674,Stichting Pensioenfonds Huntsman Rozenburg,2022,Mazars,64320,
30066097,Beheer & Exploitatiemaatschappij De Bree B.V.,2022,Mazars,64210,
73293075,Odin Holding B.V.,2024,Forvis Mazars,70202,
33261494,Carrefour Nederland B.V.,2022,Deloitte ; Mazars,64210,
33261494,Carrefour Nederland B.V.,2023,Deloitte ; Mazars,64210,
33261494,Carrefour Nederland B.V.,2024,Deloitte ; Forvis Mazars,64210,
73722812,Daily Logistics Group B.V.,2022,Mazars,64210,
73722812,Daily Logistics Group B.V.,2024,Mazars,64210,
22040636,Sorgente Holding B.V.,2023,Mazars; E & Y,64210,
63986981,Redcare Pharmacy N.V.,2024,Forvis Mazars,64210,
08012289,Altrex B.V.,2022,Mazars,25990,
59183705,Zoku and Beyond B.V.,2023,Forvis Mazars,70202,
62312731,Neele-Vat Logistics B.V.,2022,Mazars,64210,
62312731,Neele-Vat Logistics B.V.,2024,Forvis Mazars,64210,
65840178,Novum Hotels NL B.V.,2023,Mazars,55101,
17264439,Scafom Holding B.V.,2022,Mazars,70102,
08017332,Woningstichting De Goede Woning,2023,Forvis Mazars,68201,
77458079,Coöperatieve Gilde Healthcare V U.A.,2022,Mazars,64310,
34247904,Brady B.V.,2023,Mazars,46499,
34247904,Brady B.V.,2024,Mazars,46499,
34192455,Stichting Jeugdfonds Sport & Cultuur Nederland,2024,Forvis Mazars,94997,
67721427,Valkenhorst Participatie IV B.V.,2022,Mazars,55101,
09071492,J.H. Kaak Holding B.V.,2023,Mazars,64210,
09071492,J.H. Kaak Holding B.V.,2024,Forvis Mazars,64210,
30177866,Dolmans Groep B.V.,2024,Mazars,66191,
41178025,"""Stichting Diabetes Fonds""",2022,Mazars,86999,
58402357,Stryk Holding B.V.,2022,Mazars,64210,
69504709,Kinly Top Holding B.V.,2022,Mazars,64210,
69053898,Brisker Holding B.V.,2023,Mazars,64210,
75278588,Abeos Agri Holding B.V.,2023,Mazars,01500,
34147938,"IVN, Instituut voor Natuureducatie en duurzaamheid",2022,Mazars,94996,
34147938,"IVN, Instituut voor Natuureducatie en duurzaamheid",2023,Forvis Mazars,94996,
24230253,Orga B.V.,2022,Forvis Mazars,27120,
24230253,Orga B.V.,2023,Forvis Mazars,27120,
55039987,IBS Capital Management B.V.,2023,Mazars,64210,
71474579,De Groene Boog B.V.,2022,Mazars,70201,
83879358,SSLP B.V.,2023,Mazars,64210,
28028654,de Sleutels,2024,Forvis Mazars,68201,
30218919,Komfort B.V.,2023,Forvis Mazars,68120,
39084428,Kunstlinie Almere Flevoland (KAF),2023,Forvis Mazars,90310,
30204915,Rivean Capital Management Holding B.V.,2024,Forvis Mazars,64210,
24334354,Ernst & Young Actuarissen B.V.,2023,Mazars,66292,
11046203,Dutch Tecsource B.V.,2023,Forvis Mazars,28930,
11046203,Dutch Tecsource B.V.,2024,Forvis Mazars,28930,
22023326,Nemag B.V.,2022,Mazars,28220,
58259937,D.G. Solutions B.V.,2023,Mazars,64210,
30117631,Innovam,2023,Mazars,85591,
34080553,Prins De Boer Staal B.V.,2023,Forvis Mazars,25530,
30119041,QBuild Calamiteiten Herstel B.V.,2022,Mazars,41000,
76882012,Banaras B.V.,2023,Forvis Mazars,64210,
24490903,GSS Netherlands Holdings I B.V.,2022,Mazars,64210,
24490903,GSS Netherlands Holdings I B.V.,2023,Mazars,64210,
54584353,Stichting Het Nieuwe Instituut,2022,Mazars,94997,
54584353,Stichting Het Nieuwe Instituut,2023,Mazars,94997,
41227126,Stichting Bedrijfstakpensioenfonds voor de Reisbranche in liquidatie,2022,Mazars,64320,
34308168,ALSTOM Netherlands B.V.,2022,PwC; Mazars,33170,
41010169,Stichting MDL Fonds,2022,Mazars,94993,
09059703,NOC*NSF,2022,Mazars,93112,
41181369,Stichting Alzheimer Nederland,2023,Mazars,86999,
11018154,A. Hak Groep B.V.,2022,Mazars,70102,
11018154,A. Hak Groep B.V.,2023,Mazars,70102,
59478098,Mosaic World B.V.,2023,Forvis Mazars,64310,
30247325,TivoliVredenburg,2024,Forvis Mazars,90310,
40530953,"Amnesty International, Afdeling Nederland",2022,Mazars,94996,
24279246,ATAG Nederland B.V.,2022,Mazars,46432,
08034134,Elis Nederland B.V.,2022,PwC; Mazars,96100,
58403949,BUX B.V.,2022,Mazars,66120,
58403949,BUX B.V.,2023,Forvis Mazars,66120,
37098483,Maandag Interim Professionals B.V.,2022,Mazars,78100,
38017223,Aebi Schmidt Nederland B.V.,2022,Mazars,28300,
38017223,Aebi Schmidt Nederland B.V.,2023,Mazars,28300,
30093689,DataExpert B.V.,2023,Mazars,46500,
34381167,Clip Brokers B.V.,2022,Mazars,64310,
30117367,Geberit B.V.,2022,Mazars,46837,
33126367,N.V. Verzekeringsbedrijf Groot Amsterdam (VGA),2022,Mazars,65121,
33126367,N.V. Verzekeringsbedrijf Groot Amsterdam (VGA),2023,Mazars,65121,
40407319,Nederlandse Vereniging tot Bescherming van Dieren,2023,Forvis Mazars,94996,
40407319,Nederlandse Vereniging tot Bescherming van Dieren,2024,Forvis Mazars,94996,
41198809,Stichting Greenpeace Nederland,2023,Mazars,94996,
41097718,Stichting Fontys,2024,Forvis Mazars,85401,
41114014,HZ / HZ University of Applied Sciences,2022,Mazars,85401,
41114014,HZ / HZ University of Applied Sciences,2023,Mazars,85401,
41114014,HZ / HZ University of Applied Sciences,2024,Mazars,85401,
37078200,Losberger De Boer Logistics B.V.,2022,MAZARS,52250,
88186253,Marple Topco B.V.,2023,Forvis Mazars,64210,
67282555,Carel Lurvink B.V.,2023,Forvis Mazars,64210,
41200230,Stichting Koninklijk Nederlands Geleidehondenfonds,2022,Mazars,96990,
63699001,Brisker Groep B.V.,2022,Mazars,64210,
83038086,Home of People B.V.,2023,Mazars,70102,
83038086,Home of People B.V.,2024,Forvis Mazars,70102,
55132456,Patagonia Europe Coöperatief U.A.,2022,Mazars,70101,
17051407,Eindhoven Airport N.V.,2022,Mazars,52230,
29017196,Andrews Sykes B.V.,2022,Mazars,77320,
34259970,Stichting Tijdspaarfonds Bouw & Infra,2023,Forvis Mazars,65309,
84276568,QNP B.V.,2023,Forvis Mazars,70102,
16065649,Nutripack Benelux B.V.,2023,KPMG; Mazars,22220,
30139207,Van Drie Holding B.V.,2023,Forvis Mazars,64210,
23031811,Stichting Oost West Wonen,2024,Forvis Mazars,68201,
24041906,Robeco Global Stars Equities Fund N.V.,2024,Forvis Mazars,64310,
41100324,Stichting voor Katholiek Voortgezet Onderwijs in het Dongemondgebied / Dongemond College VWO / HAVO en VMBO,2022,Mazars,85311,
41100324,Stichting voor Katholiek Voortgezet Onderwijs in het Dongemondgebied / Dongemond College VWO / HAVO en VMBO,2023,Forvis Mazars,85311,
30189673,Relined B.V.,2024,Forvis Mazars,61100,
27146574,Scholten Groep B.V.,2022,Mazars,64210,
27146574,Scholten Groep B.V.,2024,Mazars,64210,
08022220,REHAU N.V.,2022,Mazars,46838,
08022220,REHAU N.V.,2024,Forvis Mazars,46838,
73528994,DLG Equipment B.V.,2022,Mazars,77120,
08116884,Neuteboom Coffeeroasters B.V.,2023,Forvis Mazars,10830,
41244136,Stichting Pensioenfonds Witteveen+Bos,2024,Forvis Mazars,65301,
09103809,"Afvalcombinatie ""De Vallei"" N.V.",2023,Mazars,38110,
11012193,De Jong & Lavino B.V.,2022,Mazars,46822,
27307037,Stichting Het Blauwe Fonds,2023,Forvis Mazars,88992,
30055070,RCI Financial Services B.V.,2023,Forvis Mazars,68203,
27048039,Onderlinge Verzekeringsmaatschappij AgriVer U.A.,2024,Forvis Mazars,65121,
34127515,Stichting Aanvullingsfonds Bouw & Infra,2022,Mazars,88999,
81928491,Pepco Group N.V.,2024,Forvis Mazars,64210,
27269025,Wealth Management Partners N.V.,2024,Mazars,66120,
63492652,Dilijan Finance B.V.,2023,Mazars,64923,
75001098,Nordic Wind B.V.,2024,Forvis Mazars,64210,
40506058,vereniging eigen huis,2023,Mazars,94997,
40506058,vereniging eigen huis,2024,Forvis Mazars,94997,
05052143,Breman Installatiegroep B.V.,2023,Mazars,70102,
30113646,Kendrion N.V.,2025,Forvis Mazars,66191,
84326069,Ezdehar Mid-Cap Fund II Coöperatief U.A.,2022,Mazars,64310,
30023784,Schréder B.V.,2022,Mazars,46649,
30023784,Schréder B.V.,2023,Forvis Mazars,46649,
30023784,Schréder B.V.,2024,Forvis Mazars,46649,
33177028,Buram Electro B.V.,2022,Mazars,,
08008994,Mercurius Schadeverzekeringen N.V.,2023,Mazars,65121,
50203517,Commissariaat voor de Media,2024,Forvis Mazars,84110,
50203517,Commissariaat voor de Media,2023,Mazars,84110,
50203517,Commissariaat voor de Media,2022,Mazars,84110,
30010609,Contimeta B.V.,2024,Forvis Mazars,28290,
27090619,Danone Baby and Medical Nutrition B.V.,2023,Mazars; E & Y,10860,
73000949,Bank of America Europe Designated Activity Company,2022,Mazars,64194,
33254101,Chipsoft Ziekenhuis Informatiesystemen B.V.,2024,Forvis Mazars,46500,
24355532,BUHLMANN Beheer B.V.,2023,Forvis Mazars,64210,
34061983,Priwo Onroerend Goed B.V.,2023,Forvis Mazars,68203,
61210668,Robeco US Large Cap Equities N.V.,2024,Forvis Mazars,64310,
63986981,Redcare Pharmacy N.V.,2025,Forvis Mazars,64210,
59050357,Unico Investments B.V.,2024,Mazars,64210,
33062310,MMS Netherlands Holdings,2022,Mazars; E & Y,64210,
24432814,Robeco Afrika Fonds N.V.,2024,Forvis Mazars,64210,
40532333,Stichting VluchtelingenWerk Nederland,2022,Mazars,88992,
40532333,Stichting VluchtelingenWerk Nederland,2023,Mazars,88992,
63957906,Stichting Medisch Centrum Bloemendaal Dermatologie,2022,Mazars,86221,
41200972,Stichting Joods Nationaal Fonds,2024,Forvis Mazars,82100,
17108749,Micro-Star Netherlands Holding,2022,Mazars,70102,
30040105,Yama Products B.V.,2023,Mazars,46389,
63774356,Stichting Administratiekantoor Continuïteit ABN AMRO Bank,2025,Forvis Mazars,66191,
69575223,Stichting The Hague & Partners,2022,Mazars,94997,
76143236,Amethyst Radiotherapy Group B.V.,2024,Forvis Mazars,64210,
11067133,Van Dillen Groep,2024,Forvis Mazars,66120,
56889402,Veritas Petroleum Services Europe B.V.,2022,Mazars,71120,
32120475,HelloFlex People B.V.,2022,Mazars,78100,
28000558,Royal Van Lent Shipyard,2022,Mazars; Deloitte,30120,
77458079,Coöperatieve Gilde Healthcare V U.A.,2024,Mazars,64310,
41179500,Stichting Brocacef Pensioenfonds,2023,Forvis Mazars,65309,
12046165,cargo-partner overland B.V.,2023,Forvis Mazars,49410,
56889402,Veritas Petroleum Services Europe B.V.,2023,Forvis Mazars,71120,
41198809,Stichting Greenpeace Nederland,2025,Forvis Mazars,94996,
41179463,Stichting Metro Pensioenfonds in liquidatie,2022,Mazars,65302,
41179463,Stichting Metro Pensioenfonds in liquidatie,2023,Forvis Mazars,65302,
75278561,Abeos Uitzend Holding B.V.,2025,Forvis Mazars,78100,
41198521,Stichting Stemra,2024,Forvis Mazars,94997,
40530934,Vereniging Buma,2022,Mazars,94997,
23053786,Réel Nederland B.V.,2024,forvis Mazars/ E&Y,64210,
24220900,A. de Jong B.V.,2022,Mazars,25110,
24433625,MVRDV Holding B.V.,2024,Forvis Mazars,71111,
41199580,Oak Pensioenfonds,2023,Mazars,65301,
41199580,Oak Pensioenfonds,2024,Forvis Mazars,65301,
77313542,Exxellence Groep B.V.,2025,Forvis Mazars,64210,
55684319,"Stichting Atria, kennisinstituut voor emancipatie en vrouwengeschiedenis",2022,Mazars,91119,
50203517,Commissariaat voor de Media,2025,Forvis Mazars,84110,
30199845,DD Real Assets Fund N.V.,2024,Forvis Mazars,64310,
29018732,Klip B.V.,2023,Forvis Mazars,25220,
83500049,Zig Groep Holding B.V.,2025,Forvis Mazars,70102,
34221210,Legrand AV Netherlands B.V.,2024,Forvis Mazars,46500,
75721546,Gevelbouwers B.V.,2024,Mazars,70102,
27363250,Zimba B.V.,2024,Mazars,64210,
11022559,A. Hak International B.V.,2022,Mazars,46630,
58358242,Mace Management Services B.V.,2024,Forvis Mazars,41000,
24356162,PricewaterhouseCoopers EE Holdings B.V.,2024,Forvis Mazars,64210,
24356162,PricewaterhouseCoopers EE Holdings B.V.,2025,Forvis Mazars,64210,
41174339,Driestar educatief,2022,Mazars,88991,
67656285,TMA Logistics B.V.,2024,Forvis Mazars,64210,
27089897,Danone Baby and Medical Nutrition Nederland B.V.,2025,Forvis Mazars; E & Y,64210,
55039987,IBS Capital Management B.V.,2025,Forvis Mazars,64210,
27189949,Intro Holding B.V.,2024,Forvis Mazars,64210,
01139456,Agrifac Machinery B.V.,2022,Mazars,28300,
01139456,Agrifac Machinery B.V.,2025,Mazars,28300,
30004006,Strukton Groep,2023,Mazars,42110,
30004006,Strukton Groep,2024,Forvis Mazars,42110,
05054856,Nutricia Worldwide,2024,E & Y ; Mazars,46331,
70831335,Falcon Oil & Gas B.V.,2024,Mazars,06100,
75278588,Abeos Agri Holding B.V.,2025,Forvis Mazars,01500,
57667667,DanTrade B.V.,2024,"Forvis Mazars, E & Y",46901,
41085318,Sterk Regionaal Onderwijs Bedrijfsbureau,2022,Mazars,85311,
59439122,Stichting Nationaal Warmtefonds,2024,Forvis Mazars,94993,
30077474,Paradigm Group B.V.,2023,Forvis Mazars,46901,
09096817,Danone Global Research & Innovation Center B.V.,2025,Mazars; E & Y,72100,
57811067,Yellow Chips Holding B.V.,2025,Forvis Mazars,64210,
32028941,Alpha Assembly Solutions Netherlands B.V.,2024,Forvis Mazars,24430,
30040105,Yama Products B.V.,2024,Forvis Mazars,46389,
41160246,Stichting Pensioenfonds Recreatie (Pensioenfonds Recreatie),2024,Forvis Mazars,65301,
27261487,impegno B.V.,2022,Mazars,86222,
58403949,BUX B.V.,2024,Forvis Mazars,66120,
09118128,DPD (Nederland) B.V.,2025,Forvis Mazars,52310,
16024825,Woonstichting JOOST,2025,Forvis Mazars,68201,
81790155,Orange Group International B.V.,2024,Forvis Mazars,70201,
17218471,HSM Offshore Energy B.V.,2025,Forvis Mazars,25110,
96376503,IBS Holdco B.V.,2025,Forvis Mazars,64210,
11022559,A. Hak International B.V.,2024,Forvis Mazars,46630,
20068544,Winters Groep B.V.,2025,Forvis Mazars,64210,
11056465,Stichting OVO,2025,Forvis Mazars,85311,
34236929,Urenco Finance N.V.,2025,Forvis Mazars,64192,
67275753,Improven Holding B.V.,2024,Forvis Mazars,64210,
82691789,Green Apple 2021-I B.V.,2024,Forvis Mazars,64210,
34165533,Stichting Cultuur+Ondernemen,2024,Forvis Mazars,94994,
83038086,Home of People B.V.,2025,Forvis Mazars,70102,
92700950,EY Adviseurs B.V.,2025,Mazars,70201,
17063196,Synergie International Recruitment B.V.,2022,Mazars,78201,
24143292,Keygene Holding B.V.,2025,Forvis Mazars,64210,
24069423,Intertek Nederland B.V.,2023,Forvis Mazars,71201,
24069423,Intertek Nederland B.V.,2024,Forvis Mazars,71201,
59826525,Bredenoord Holding B.V.,2025,Forvis Mazars,64210,
34240063,Rockall CLO B.V.,2023,Mazars,64210,
41198166,Stichting Mediahuis Nederland Pensioenfonds,2025,Forvis Mazars,65301,
30247325,TivoliVredenburg,2025,Forvis Mazars,90310,
71474579,De Groene Boog B.V.,2024,Forvis Mazars,70201,
41206065,Stichting Fonds Collectieve Belangen voor de Banden- en Wielenbranche,2024,Forvis Mazars,94993,
30052673,bbn,2022,Mazars,68120,
24379832,Nevo Holding,2025,Forvis Mazars,64210,
06032903,"Almelose Woningstichting ""Beter Wonen""",2025,Forvis Mazars,68201,
24160619,Neele-Vat Maasvlakte B.V.,2023,Forvis Mazars,52250,
31015064,Stichting Omthuis,2025,Forvis Mazars,68201,
06056970,Stichting WBO Wonen,2025,Forvis Mazars,68201,
34104715,Zig,2025,Forvis Mazars,62100,
30040187,Woningstichting Vecht en Omstreken,2025,Forvis Mazars,68201,
30038801,Stichting HABION,2025,Forvis Mazars,68201,
05040996,Woningstichting Vechtdal Wonen,2025,Forvis Mazars,68201,
40530934,Vereniging Buma,2025,Forvis Mazars,94997,
30091120,Vistra B.V.,2023,Forvis Mazars,69209,
41091840,Christiaan Huygens College,2025,Forvis Mazars,85311,
27112523,Nutricia International B.V.,2023,Mazars; E & Y,64210,
33135742,Meijers Assurantiën B.V.,2023,Forvis Mazars,66220,
81790155,Orange Group International B.V.,2025,Forvis Mazars,70201,
84276568,QNP B.V.,2025,Forvis Mazars,70102,
09052999,Metaflex Doors Europe B.V.,2022,Mazars,25110,
24270632,Tepsa Netherlands B.V.,2022,Mazars,52101,
55380395,QBuild Holding B.V.,2025,Forvis Mazars,70102,
63354624,SME Trade Finance B.V.,2025,Mazars,64210,
58909265,Stichting NN CDC Pensioenfonds in liquidatie,2024,Forvis Mazars,65302,
34183680,Stichting Stayokay,2024,Forvis Mazars,55202,
24444228,Corrosion & Water-Control Shared Services B.V.,2022,Mazars,64210,
24444228,Corrosion & Water-Control Shared Services B.V.,2023,Mazars,64210,
33235784,BNP Paribas Personal Finance B.V.,2022,Mazars,64922,
08184425,Veluwse Onderwijsgroep/bestuursbureau,2025,Forvis Mazars,85311,
41198166,Stichting Mediahuis Nederland Pensioenfonds,2022,Mazars,65301,
41200170,Stichting Sportfondsen Pensioenfonds,2023,Forvis Mazars,65302,
05048850,Onderlinge Hagelverzekering Maatschappij AgriVer B.A.,2022,Mazars,,
18033506,Brabantse Ontwikkelings Maatschappij Holding B.V.,2024,Forvis Mazars,64923,
34276488,BJJI B.V.,2022,Mazars,64210,
41225955,Stichting Teylers Museum Vrienden Fonds,2022,Mazars,94993,
27047100,KesslerPerspektief,2022,Mazars,87992,
41141392,Stichting CRH Pensioenfonds,2023,Forvis Mazars,65302,
76143236,Amethyst Radiotherapy Group B.V.,2022,Mazars,64210,
34158350,Moooi B.V.,2022,Mazars,31000,
41009543,Stichting Will Niemeijer Pensioenfonds,2023,Forvis Mazars,,
41009543,Stichting Will Niemeijer Pensioenfonds,2024,Forvis Mazars,,
68905750,Denk Capital B.V.,2023,Mazars,64210,
68905750,Denk Capital B.V.,2022,Mazars,64210,
56620519,SAAone Holding B.V.,2024,Forvis Mazars,64210,
87523434,Gemstar I Coöperatief U.A.,2023,Mazars,64210,
23091285,Christelijke Scholengroep De Waard,2022,Mazars,85201,
77124162,GelreGroen Holding B.V.,2022,Mazars,64210,
28116166,NWH Jobs B.V.,2024,Forvis Mazars,78201,
24117002,Boland B.V.,2025,Forvis Mazars,46499,
40480372,De Groenhof,2023,Forvis Mazars,88992,
27283716,Pels Rijcken & Droogleever Fortuijn N.V.,2022,Mazars,69101,
34283307,Stichting Bewaarder Antaurus Europe Fund,2022,Mazars,69209,
34283307,Stichting Bewaarder Antaurus Europe Fund,2023,Mazars,69209,
33262094,AFS Group B.V.,2022,Mazars,64210,
69900752,Linthorst World B.V.,2023,Forvis Mazars,64210,
17129358,BDO Holding B.V.,2022,Mazars,64210,
30007294,De Stiho Groep B.V.,2023,Mazars,64310,
41244237,Stichting Pensioenfonds TDV in liquidatie,2023,Forvis Mazars,65302,
33126367,N.V. Verzekeringsbedrijf Groot Amsterdam (VGA),2024,Forvis Mazars,65121,
60904755,Gilde Equity Management (GEM) Benelux Fund III Coöperatief B.A.,2023,Mazars,64923,
41082930,Stichting Voortgezet Onderwijs Regio Meierijstad,2022,Mazars,,
34036014,Aircraft Fuel Supply B.V.,2022,Mazars,46812,
24343255,Stichting Pensioenfonds Vopak,2022,Mazars,65302,
24343255,Stichting Pensioenfonds Vopak,2024,Forvis Mazars,65302,
08036357,Coöperatieve Vereniging Agrarische Bedrijfsverzorging U.A.,2023,Mazars,78202,
30200121,Conti Investments B.V.,2023,Forvis Mazars,64210,
33288437,Bolo B.V.,2022,Mazars,70201,
67550940,Lineas Nederland B.V.,2023,Forvis Mazars,49110,
77465490,Corrosion Group B.V.,2023,Forvis Mazars,64210,
77465490,Corrosion Group B.V.,2024,Forvis Mazars,64210,
16070133,Parametric Technology Nederland B.V.,2022,Mazars,73200,
70831335,Falcon Oil & Gas B.V.,2022,Mazars,06100,
41187306,Museum Catharijneconvent,2022,Mazars,91211,
41187306,Museum Catharijneconvent,2023,Mazars,91211,
30061125,RIZ Bouw B.V.,2022,Mazars,41000,
30061125,RIZ Bouw B.V.,2023,Mazars,41000,
61105570,Trustus Beleggingsfondsen N.V.,2022,Mazars,66120,
33299834,Boats Investments (Netherlands) B.V.,2023,Mazars,64922,
41178953,Stichting Bedrijfstakpensioenfonds voor het Kappersbedrijf,2022,Mazars,65301,
24379832,Nevo Holding,2022,Mazars,64210,
24379832,Nevo Holding,2023,Forvis Mazars,64210,
55380395,QBuild Holding B.V.,2023,Mazars,70102,
68482566,Essence VII B.V.,2023,Forvis Mazars,64210,
68482566,Essence VII B.V.,2024,Forvis Mazars,64210,
50097784,Efficiënt@work B.V.,2024,Forvis Mazars,78201,
24270632,Tepsa Netherlands B.V.,2023,Mazars,52101,
29028109,Stinis Beheer B.V.,2023,Forvis Mazars,64210,
41183558,Stichting SBOH,2022,Mazars,85402,
09048710,Kaak Bakeware B.V.,2022,Mazars,25510,
24197684,Van der Vorm Vastgoed Holding,2024,Forvis Mazars,64210,
41066094,Stichting Pensioenfonds Rockwool,2023,Forvis Mazars,65302,
29030061,Oranjewoud N.V.,2022,Forvis Mazars,64210,
29030061,Oranjewoud N.V.,2023,Forvis Mazars,64210,
29030061,Oranjewoud N.V.,2024,Forvis Mazars,64210,
32062177,P. Belgraver Holding B.V.,2024,Forvis Mazars,64210,
82710325,HVEG Group B.V.,2024,Forvis Mazars,70102,
55922236,De Nederlandse Kluis B.V.,2023,Mazars,80010,
55922236,De Nederlandse Kluis B.V.,2024,Forvis Mazars,80010,
34161590,Morgan Stanley B.V.,2024,Forvis Mazars,64991,
58908757,Stichting ING CDC Pensioenfonds,2022,Mazars,65302,
24384672,Stichting BLICK op onderwijs,2024,Forvis Mazars,85201,
33279300,ICTS International N.V.,2023,Mazars,80010,
30198127,Stichting het Juridisch Loket,2023,Mazars,69102,
30198127,Stichting het Juridisch Loket,2024,Forvis Mazars,69102,
11056465,Stichting OVO,2022,Mazars,85311,
90252624,Ibex Topco B.V.,2024,Forvis Mazars,64210,
58358242,Mace Management Services B.V.,2023,Mazars,41000,
08020461,Van Werven Holding B.V.,2022,Mazars,64210,
50719319,RIZ Vastgoed B.V.,2024,Forvis Mazars,68203,
41096630,Stichting Onderwijscentrum Leijpark,2022,Mazars,85203,
30106792,Ma Group B.V.,2023,Forvis Mazars,64210,
30106792,Ma Group B.V.,2024,Forvis Mazars,64210,
24254645,De Rijke Europe B.V.,2022,Mazars,64210,
24254645,De Rijke Europe B.V.,2023,Mazars,64210,
24254645,De Rijke Europe B.V.,2024,Forvis Mazars,64210,
30056466,L.F.E. Holding B.V.,2022,Mazars,64310,
05040996,Woningstichting Vechtdal Wonen,2023,Mazars,68201,
05040996,Woningstichting Vechtdal Wonen,2024,Forvis Mazars,68201,
05052143,Breman Installatiegroep B.V.,2024,Forvis Mazars,70102,
33135742,Meijers Assurantiën B.V.,2022,Mazars,66220,
33135742,Meijers Assurantiën B.V.,2023,Forvis; Mazars,66220,
33215681,Nafan Amsterdam B.V.,2022,Mazars,64210,
30204038,FWG Bedrijf B.V.,2023,Forvis Mazars,62100,
24271429,BNP Paribas Leasing Solutions N.V.,2022,Mazars,64922,
24271429,BNP Paribas Leasing Solutions N.V.,2023,Mazars,64922,
31014972,Stichting Omnia Wonen,2024,Forvis Mazars,94997,
72157232,Bomelo Topco B.V.,2022,Mazars,,
41150295,Stichting Ondernemingspensioenfonds Mn Services,2022,Mazars,,
23045001,Centraal Administratiekantoor Dordrecht B.V.,2024,Forvis Mazars,66220,
34147938,"IVN, Instituut voor Natuureducatie en duurzaamheid",2024,Forvis Mazars,94996,
34169172,Hellendoorn Attractiepark B.V.,2023,Mazars,93210,
34169172,Hellendoorn Attractiepark B.V.,2025,Forvis Mazars,93210,
34169172,Hellendoorn Attractiepark B.V.,2024,Forvis Mazars,93210,
08034134,Elis Nederland B.V.,2024,PwC; Mazars,96100,
27090548,N.V. Nutricia,2022,E & Y ; Mazars,10860,
08008994,Mercurius Schadeverzekeringen N.V.,2022,Mazars,65121,
90713982,De Librije 3.0 B.V.,2024,Forvis Mazars,64210,
34233043,Coentunnel Company B.V.,2024,Forvis Mazars,41000,
01031931,Stichting Dynhus,2022,Mazars,68201,
01031931,Stichting Dynhus,2023,Forvis Mazars,68201,
40506839,Longfonds & patiëntenorganisatie stichting,2022,Mazars,94993,
82465207,VAM Investments SPAC B.V.,2022,Mazars,6420,
05070105,Stichting Pensioenfonds Abbott Nederland,2022,Mazars,65301,
53521129,Stichting IDH,2022,Mazars,94997,
18033506,Brabantse Ontwikkelings Maatschappij Holding B.V.,2023,Mazars,64923,
63774356,Stichting Administratiekantoor Continuïteit ABN AMRO Bank,2022,Mazars,66191,
63774356,Stichting Administratiekantoor Continuïteit ABN AMRO Bank,2023,Mazars,66191,
63774356,Stichting Administratiekantoor Continuïteit ABN AMRO Bank,2024,Forvis Mazars,66191,
06033011,Stichting Reggewoon,2022,Mazars,68201,
41151329,Stichting Pensioenfonds Ernst & Young,2022,Mazars,65302,
34333833,Danone Medical Nutrition Holding B.V.,2022,Mazars; E & Y,6420,
41160229,Stichting PUM,2022,Mazars,94996,
65001583,Stichting Het Nederlandse Pensioenfonds,2024,Forvis Mazars,65302,
41022121,Stichting Woonpalet Zeewolde,2024,Forvis Mazars,68201,
41154308,BPF voor de Banden en Wielenbranche,2024,Forvis Mazars,65301,
77313542,Exxellence Groep B.V.,2022,Mazars,64210,
12066592,Viking Office Europe B.V.,2022,Mazars,64210,
12066592,Viking Office Europe B.V.,2023,Forvis; Mazars,64210,
16064222,Kaak Dough Technology B.V.,2022,Mazars,28930,
73011312,DTS Holding B.V.,2022,Mazars,64210,
73011312,DTS Holding B.V.,2023,Forvis Mazars,64210,
16024073,Woonmeij,2024,Forvis Mazars,68201,
41150408,Nederlandse Hartstichting,2024,Forvis Mazars,94997,
81021216,Interstellar Coöperatie U.A.,2023,Forvis Mazars,64210,
67715192,Miooo B.V.,2022,Mazars,64210,
31032713,TwynstraGudde,2022,Mazars,70201,
31032713,TwynstraGudde,2024,Forvis Mazars,70201,
29024808,Lok installaties,2023,Mazars,43221,
69504709,Kinly Top Holding B.V.,2023,Mazars,64210,
24338907,Arcus Nederland B.V.,2024,Forvis Mazars,46822,
20005025,Winters bouw & ontwikkeling B.V.,2024,Mazars,41000,
33205099,Chipsoft B.V.,2023,Forvis Mazars,62100,
41091840,Christiaan Huygens College,2022,Mazars,85311,
41091840,Christiaan Huygens College,2023,Forvis Mazars,85311,
30282159,Gilde Equity Management (GEM) Benelux Fund II B.V.,2022,Mazars,64210,
30155914,Driessen Food B.V.,2022,Mazars,46321,
30155914,Driessen Food B.V.,2023,Forvis Mazars,46321,
30155914,Driessen Food B.V.,2024,Forvis Mazars,46321,
24196885,DeRegt Cables,2022,Mazars; E & Y,27320,
08174823,M.S.G. Refin B.V.,2022,Mazars,64210,
30146541,MaxGrip B.V.,2022,Mazars,70201,
33234881,Lesaffre Nederland,2022,Mazars,46383,
81939612,Kepler Topco B.V.,2023,Forvis Mazars,64210,
54295084,Shypple Fresh,2023,Mazars,52310,
06032903,"Almelose Woningstichting ""Beter Wonen""",2024,Forvis Mazars,68201,
02041794,DeLaval,2023,Mazars,46610,
57667667,DanTrade B.V.,2022,"Mazars, E & Y",46901,
57667667,DanTrade B.V.,2023,"Mazars, E & Y",46901,
34192455,Stichting Jeugdfonds Sport & Cultuur Nederland,2022,Mazars,94997,
34181542,Schuberg Philis Group B.V.,2022,Mazars,64210,
30067608,Capgemini N.V.,2023,Mazars,70102,
30067608,Capgemini N.V.,2024,Mazars,70102,
30218919,Komfort B.V.,2022,Mazars,68120,
83038086,Home of People B.V.,2022,Mazars,70102,
34247904,Brady B.V.,2022,Mazars,46499,
55039987,IBS Capital Management B.V.,2022,Mazars,64210,
55039987,IBS Capital Management B.V.,2024,Forvis Mazars,64210,
27194422,Danone Trading ELN B.V.,2023,Mazars; E & Y,46331,
16090288,Mosaic Microliving Holding I B.V.,2024,Forvis Mazars,64210,
40281159,Nationale Vereniging De Zonnebloem,2024,Forvis Mazars,88999,
81928491,Pepco Group N.V.,2023,Mazars,64210,
30055070,RCI Financial Services B.V.,2024,Forvis Mazars,68203,
27089897,Danone Baby and Medical Nutrition Nederland B.V.,2022,E & Y ; Mazars,64210,
58259937,D.G. Solutions B.V.,2022,Mazars,64210,
33303682,Liebherr Appliances Netherlands B.V.,2022,Mazars,70102,
33303682,Liebherr Appliances Netherlands B.V.,2023,Mazars,70102,
41244136,Stichting Pensioenfonds Witteveen+Bos,2022,Mazars,65301,
30215833,Gilde Healthcare Partners B.V.,2023,Mazars,64210,
30215833,Gilde Healthcare Partners B.V.,2024,Forvis Mazars,64210,
17051407,Eindhoven Airport N.V.,2023,Mazars,52230,
41182408,Coöperatie SURF U.A.,2022,Mazars,62200,
51607417,Nederland Sales & Service B.V.,2022,Mazars,46150,
37098483,Maandag Interim Professionals B.V.,2023,Forvis Mazars,78100,
11012193,De Jong & Lavino B.V.,2024,Forvis Mazars,46822,
30069134,Redexim B.V.,2022,Mazars,46610,
27269025,Wealth Management Partners N.V.,2022,Mazars,66120,
27269025,Wealth Management Partners N.V.,2023,Mazars,66120,
69186561,NewFor Holding B.V.,2022,Mazars,64210,
32062177,P. Belgraver Holding B.V.,2022,Mazars,64210,
32062177,P. Belgraver Holding B.V.,2023,Forvis Mazars,64210,
29030786,Nederhoff Interholding B.V.,2023,Mazars,64210,
24151956,Rothschild & Co Continuation Finance B.V.,2022,Mazars,64210,
30155920,R&H Driessen Holding B.V.,2022,Mazars,64210,
30141566,Sorgente B.V.,2022,Mazars; E & Y,46382,
32139952,RVL Holding B.V.,2024,Forvis Mazars; Deloitte,64210,
41198809,Stichting Greenpeace Nederland,2022,Mazars,94996,
24370396,National Academic Verzekeringsmaatschappij N.V.,2022,Mazars,65121,
24370396,National Academic Verzekeringsmaatschappij N.V.,2024,Forvis Mazars,65121,
41095601,Stichting Pensioenfonds voor Verloskundigen,2023,Forvis Mazars,65303,
11026852,Vermeulen en Vermeulen Beheer B.V.,2022,Mazars,64210,
32109266,Confed Holding B.V.,2024,Forvis Mazars,70102,
33293945,Sheraton Amsterdam Airport Hotel & Conference Center,2022,Mazars,55102,
33293945,Sheraton Amsterdam Airport Hotel & Conference Center,2023,Forvis; Mazars,55102,
16024825,Woonstichting JOOST,2022,Mazars,68201,
40407319,Nederlandse Vereniging tot Bescherming van Dieren,2022,Mazars,94996,
58864385,Rawska Holdings B.V.,2024,Forvis Mazars,64210,
86385240,Sports Timing Group B.V.,2022,Mazars,64210,
86385240,Sports Timing Group B.V.,2023,Forvis Mazars,64210,
86385240,Sports Timing Group B.V.,2024,Forvis Mazars,64210,
35025338,Roto B.V.,2023,Mazars,70101,
73293075,Odin Holding B.V.,2023,Forvis Mazars,70202,
90715942,Orthodontistenpraktijk Oosterhout B.V.,2024,Mazars,86230,
73722812,Daily Logistics Group B.V.,2023,Mazars,64210,
62312731,Neele-Vat Logistics B.V.,2023,Mazars,64210,
54584353,Stichting Het Nieuwe Instituut,2024,Forvis Mazars,94997,
30050804,Stichting Vastgoed zorgsector,2023,Forvis Mazars,68202,
34287700,Netafim Coöperatie U.A.,2022,Mazars,64310,
34287700,Netafim Coöperatie U.A.,2023,Forvis Mazars,64310,
41209638,Stichting Bedrijfstakpensioenfonds voor de Particuliere Beveiliging,2024,Forvis Mazars,84300,
17030447,Next Level Group B.V.,2022,Mazars,62100,
14615464,EverZinc Nederland B.V.,2022,Forvis Mazars,20130,
91661129,Sandoz Finance B.V.,2023,Mazars,64210,
30190436,AT Osborne Holding B.V.,2024,Mazars,69203,
30066097,Beheer & Exploitatiemaatschappij De Bree B.V.,2024,Forvis Mazars,64210,
17135405,Synergie Logistiek,2022,Mazars,78201,
62097768,Coöperatieve Gilde Healthcare Services II U.A.,2022,Mazars,64210,
62097768,Coöperatieve Gilde Healthcare Services II U.A.,2023,Mazars,64210,
34381167,Clip Brokers B.V.,2024,Forvis Mazars,64310,
23085191,Staalstraat Holding B.V.,2023,Mazars,64210,
27264261,"Stichting r.-k., Algemeen Bijzonder en Openbaar Primair Onderwijs PANTA RHEI",2023,Mazars,85201,
27247262,"Stichting Scholengroep Spinoza voor Voortgezet onderwijs te Voorburg, Leidschendam en omstreken",2022,Mazars,85311,
27247262,"Stichting Scholengroep Spinoza voor Voortgezet onderwijs te Voorburg, Leidschendam en omstreken",2023,Forvis Mazars,85311,
06061578,Thales Nederland,2022,Mazars,26510,
28079229,Aloysius Stichting Onderwijs Jeugdzorg Bestuurskantoor,2023,Forvis Mazars,85203,
41042610,Stichting Stimuleringsfonds Volkshuisvesting Nederlandse Gemeenten,2022,Mazars,64921,
06054012,Huuskes,2022,Mazars,46390,
06054012,Huuskes,2023,Mazars,46390,
58402357,Stryk Holding B.V.,2024,Forvis Mazars,64210,
27187233,Rémy Cointreau Nederland B.V.,2023,PwC; Mazars,70102,
30189673,Relined B.V.,2023,Mazars,61100,
58848754,Veritas Petroleum Services B.V.,2022,Mazars,64210,
81023782,TransPharma International Holding B.V.,2022,Mazars ; Finexsi,,
59183705,Zoku and Beyond B.V.,2022,Mazars,70202,
51671182,Maandag Holding B.V.,2023,Forvis Mazars,64210,
30247325,TivoliVredenburg,2022,Mazars,90310,
24351749,Van der Vorm Vastgoed,2023,Forvis Mazars,64210,
30038801,Stichting HABION,2024,Forvis Mazars,68201,
10043961,EUROTRANSPHARMA NETHERLANDS B.V.,2023,Forvis; Mazars,52250,
67282555,Carel Lurvink B.V.,2022,Mazars,64210,
76882012,Banaras B.V.,2022,Forvis Mazars,64210,
41178974,Stichting Hogeschool voor de Kunsten Utrecht / HKU,2023,Forvis Mazars,85401,
41178974,Stichting Hogeschool voor de Kunsten Utrecht / HKU,2024,Forvis Mazars,85401,
70740798,Stichting TriUnity,2023,Mazars,85599,
69682852,Stichting Juridisch Eigenaar Duinweide Woningen,2023,Mazars,64320,
09071492,J.H. Kaak Holding B.V.,2022,Mazars,64210,
37073325,Stichting Landschap Noord-Holland,2022,Mazars,91420,
76138151,Viking Netherlands B.V.,2023,Forvis; Mazars,46500,
52230996,Satmex International B.V.,2023,E & Y ; Mazars,70102,
33201301,Dinytei B.V.,2022,Mazars,64210,
41207069,Stichting voor Protestants Christelijke en Rooms Katholieke Lerarenopleiding voor het Basisonderwijs in Noord-Holland,2023,Forvis Mazars,85401,
73615943,Stichting Juridisch Eigenaar Duinweide Supermarkten 2 b,2023,Mazars,64320,
41040007,Apenheul,2023,Forvis Mazars,91410,
41040007,Apenheul,2024,Forvis Mazars,91410,
30233077,Strukton Civiel B.V.,2023,Forvis Mazars,66191,
30233077,Strukton Civiel B.V.,2022,Forvis Mazars,66191,
09007973,Essilor Group The Netherlands B.V.,2022,"Mazars, PwC",32502,
09103809,"Afvalcombinatie ""De Vallei"" N.V.",2022,Mazars,38110,
24153095,Curosa Rotterdam Beheer B.V.,2023,Mazars,64210,
30139207,Van Drie Holding B.V.,2022,Mazars,64210,
28073551,Valkenhorst Voorschoten B.V.,2022,Mazars,70102,
28073551,Valkenhorst Voorschoten B.V.,2023,Forvis Mazars,70102,
78706041,Essence VIII B.V.,2022,Mazars,64210,
20031659,AncoferWaldram Steelplates B.V.,2023,Mazars,46822,
83347844,VPS Topco B.V.,2022,Mazars,64210,
84640561,Coöperatieve Gilde Healthcare Private Equity IV U.A.,2024,Forvis Mazars,64310,
18030086,Glanbia Foods B.V.,2022,Mazars,10510,
33255195,Chipsoft Groep B.V.,2023,Mazars,64310,
40407723,Vereniging Hogescholen,2023,Forvis Mazars,94997,
30204922,Rivean Capital B.V.,2023,Mazars,64210,
41199776,Stichting Pensioenfonds Alliance,2024,Forvis Mazars,64320,
18058436,R.N.B. Beheer B.V.,2023,Forvis Mazars,70102,
30081768,Kargro Beheer B.V.,2022,Mazars,64210,
30081768,Kargro Beheer B.V.,2023,Mazars,64210,
83051899,SPEAR Investments I,2022,Mazars,64210,
82074372,Gilde Equity Management (GEM) Benelux Fund V Coöperatief U.A.,2024,Forvis Mazars,64210,
75278561,Abeos Uitzend Holding B.V.,2024,Forvis Mazars,78100,
58864504,Konopacka Holdings B.V.,2022,Mazars,64210,
67352669,JerCon B.V.,2023,Forvis Mazars,64210,
83100466,VPS Bidco B.V.,2024,Forvis Mazars,64210,
63492652,Dilijan Finance B.V.,2022,Mazars,64923,
41031563,Stichting Nederlandse Reisopera,2022,Mazars,90200,
41031563,Stichting Nederlandse Reisopera,2023,Mazars,90200,
32042597,LVMH Moët Hennessy Louis Vuitton B.V.,2023,Deloitte/ Mazars,64210,
84745029,Thuis in Bouwen Groep B.V.,2022,Mazars,70102,
08172294,Bredenoord Beheer Apeldoorn B.V.,2023,Mazars,70102,
41205545,Stichting Ronald McDonald Kinderfonds,2023,Forvis Mazars,94993,
09178566,Kaak Groep B.V.,2024,Forvis Mazars,64210,
33131674,Priority Drilling B.V.,2024,Forvis Mazars,64210,
30216414,Coöperatieve Gilde Healthcare II U.A.,2024,Forvis Mazars,64923,
86021869,NIBC SB Covered Bond Company B.V.,2022,Mazars,64210,
86021869,NIBC SB Covered Bond Company B.V.,2023,Mazars,64210,
71989021,Fattal Netherlands OpCos B.V.,2024,Forvis Mazars,64210,
72192941,Shypple Top Holding B.V.,2022,Forvis Mazars,64210,
11028551,Jola Investment B.V.,2022,Mazars,64310,
72977043,Little Travel Holding B.V.,2025,Forvis Mazars,64210,
78219159,Vivid Money B.V.,2024,Forvis Mazars,82100,
84326069,Ezdehar Mid-Cap Fund II Coöperatief U.A.,2024,Forvis Mazars,64310,
70831335,Falcon Oil & Gas B.V.,2025,Forvis Mazars,06100,
30218806,Tandartsenpraktijk Schouwstede B.V.,2024,Forvis Mazars,86230,
34053090,Mylaps Sports Technology,2022,Mazars,26510,
34053090,Mylaps Sports Technology,2023,Forvis Mazars,26510,
50338269,GrandVision,2024,Forvis Mazars,70102,
36012091,TMA Terminals B.V.,2024,forvis Mazars,52241,
32027920,Moet Hennessy (Nederland) B.V.,2024,Forvis Mazars,46340,
41179463,Stichting Metro Pensioenfonds in liquidatie,2024,Forvis Mazars,65302,
32074228,CSN Groep B.V.,2022,Mazars,,
34116400,Schuberg Philis B.V.,2022,Mazars,62200,
41149287,Stichting Terre des Hommes Nederland,2023,Forvis Mazars,94996,
41212043,Stichting CliniClowns Nederland,2023,Mazars,94995,
30277836,Racu B.V.,2023,Forvis Mazars,28930,
30277836,Racu B.V.,2024,Forvis Mazars,28930,
40341418,Stichting Erasmus Trustfonds (SET),2022,Mazars,94993,
02011217,"Onderlinge Verzekerings-Maatschappij ""Noord Nederlandsche P&I Club"" U.A.",2024,Forvis Mazars,65121,
59257911,Robeco US Conservative High Dividend Equities N.V.,2024,Forvis Mazars,64310,
33205099,Chipsoft B.V.,2024,Forvis Mazars,62100,
17063047,Coram Group B.V.,2024,Forvis Mazars,64210,
06079119,Sportaal B.V.,2024,Forvis Mazars,93111,
69186561,NewFor Holding B.V.,2024,Forvis Mazars,64210,
27108911,Louis Vuitton B.V.,2024,Mazars,47722,
24266274,Avantage Groep B.V.,2022,Forvis Mazars,64210,
41198521,Stichting Stemra,2022,Mazars,94997,
41198521,Stichting Stemra,2023,Mazars,94997,
40530934,Vereniging Buma,2023,Mazars,94997,
40530934,Vereniging Buma,2024,Forvis Mazars,94997,
27108436,Oxfam Novib,2024,Mazars,94996,
27108436,Oxfam Novib,2024,Forvis Mazars,94996,
65880048,Essence VI B.V.,2024,Forvis Mazars,64210,
24351749,Van der Vorm Vastgoed,2024,Forvis Mazars,64210,
29012636,Klip Beheermaatschappij B.V.,2022,Mazars,64210,
29018732,Klip B.V.,2024,Forvis Mazars,25220,
34036014,Aircraft Fuel Supply B.V.,2024,Forvis Mazars,46812,
41181555,Stichting Nationaal Restauratiefonds,2024,Forvis Mazars,64929,
41197125,Stichting Koningin Wilhelmina Fonds voor de Nederlandse Kankerbestrijding,2025,Forvis Mazars,94993,
78706041,Essence VIII B.V.,2024,Forvis Mazars,64210,
28086560,Groeneveld Holding B.V.,2024,Forvis Mazars,64210,
28080532,STEF Bodegraven B.V.,2022,KPMG; Mazars,49410,
83500049,Zig Groep Holding B.V.,2023,Mazars,70102,
83500049,Zig Groep Holding B.V.,2024,Forvis Mazars,70102,
68640374,Gulf gas and power,2024,Forvis Mazars,46180,
33289086,Lesaffre Mautner Markhof (L.M.M.) B.V.,2024,Forvis Mazars,64210,
09118128,DPD (Nederland) B.V.,2024,Forvis Mazars,52310,
83100466,VPS Bidco B.V.,2023,Forvis Mazars,64210,
94019037,Antea Group Holding B.V.,2025,Forvis Mazars,70102,
28000558,Royal Van Lent Shipyard,2024,Mazars; Deloitte,30120,
30039138,Stichting Woongroen,2025,Forvis Mazars,68201,
72491949,Syntegra Holding B.V.,2022,Mazars,64210,
29021830,Antea Nederland B.V.,2025,Forvis Mazars,71120,
41066094,Stichting Pensioenfonds Rockwool,2025,Forvis Mazars,65302,
41199776,Stichting Pensioenfonds Alliance,2025,Forvis Mazars,64320,
96896264,Coöperatieve GHCS I U.A.,2025,Forvis Mazars,64310,
81636962,O2D Holding B.V.,2022,Mazars,64210,
30177866,Dolmans Groep B.V.,2025,Forvis Mazars,66191,
41097585,Stichting Raad voor Arbeidsverhoudingen Schoonmaak- en Glazenwassersbranche (Ras),2023,Mazars,94200,
41200972,Stichting Joods Nationaal Fonds,2025,Forvis Mazars,82100,
24160619,Neele-Vat Maasvlakte B.V.,2024,Forvis Mazars,52250,
66926866,Improven B.V.,2023,Forvis Mazars,70202,
37067411,Beethoven Beheer B.V.,2025,Forvis Mazars,64210,
33215681,Nafan Amsterdam B.V.,2024,forvis Mazars,64210,
37162490,A. Hak Electron B.V.,2024,Mazars,42220,
32122203,Meetingselect Holding B.V.,2024,Forvis Mazars,64210,
41183558,Stichting SBOH,2025,Forvis Mazars,85402,
09103809,"Afvalcombinatie ""De Vallei"" N.V.",2025,Forvis Mazars,38110,
09091896,Storteboom Food Group Europe B.V.,2025,Forvis Mazars,64320,
41244136,Stichting Pensioenfonds Witteveen+Bos,2025,Forvis Mazars,65301,
41222617,Stichting Pensioenfonds Hoogovens,2025,Forvis Mazars,65302,
38017223,Aebi Schmidt Nederland B.V.,2025,Mazars,28300,
20007266,Midglas N.V.,2022,Mazars,65121,
20007266,Midglas N.V.,2024,Forvis Mazars,65121,
83347844,VPS Topco B.V.,2024,Forvis Mazars,64210,
33015645,CNH Industrial Capital Europe B.V.,2022,Mazars,64922,
29036144,Del Monte (Holland) B.V.,2024,Mazars,46311,
30004006,Strukton Groep,2023,Forvis Mazars,42110,
30004006,Strukton Groep,2025,Forvis Mazars,42110,
41179500,Stichting Brocacef Pensioenfonds,2022,Mazars,65309,
05052143,Breman Installatiegroep B.V.,2025,Forvis Mazars,70102,
40506058,vereniging eigen huis,2025,Forvis Mazars,94997,
63957906,Stichting Medisch Centrum Bloemendaal Dermatologie,2023,Mazars,86221,
60267267,Stichting Kliniek Dermatologie Amsterdam De Bliek Kuijken en Laane,2022,Mazars,86221,
60267267,Stichting Kliniek Dermatologie Amsterdam De Bliek Kuijken en Laane,2023,Mazars,86221,
34321423,CliniX B.V.,2023,Mazars,86221,
34253640,Stichting CliniX,2023,Mazars,94993,
68365055,Wisdom Property NL II B.V.,2022,Mazars,64210,
34183680,Stichting Stayokay,2023,Forvis Mazars,55202,
30040105,Yama Products B.V.,2022,Mazars,46389,
28000558,Royal Van Lent Shipyard,2025,Mazars; Deloitte,30120,
41085318,Sterk Regionaal Onderwijs Bedrijfsbureau,2023,Forvis Mazars,85311,
65227557,Share Debt Programme 1 B.V.,2024,Forvis Mazars,64922,
30217632,Korian Holding Nederland B.V.,2024,Mazars; E&Y,70102,
23014915,DLG Logistics B.V.,2022,Mazars,49410,
23014915,DLG Logistics B.V.,2023,Mazars,49410,
23014915,DLG Logistics B.V.,2024,Mazars,49410,
11018556,A. Hak Infranet B.V.,2022,Mazars,42220,
32085302,EnBW International Finance,2025,Forvis Mazars,64210,
67275753,Improven Holding B.V.,2022,Mazars,64210,
41198521,Stichting Stemra,2025,Forvis Mazars,94997,
23032248,Stichting Poort6,2025,Forvis Mazars,68201,
58259937,D.G. Solutions B.V.,2025,Forvis Mazars,64210,
34165533,Stichting Cultuur+Ondernemen,2023,Mazars,94994,
06032802,Stichting Viverion,2025,Forvis Mazars,68201,
27101650,Rijswijk Wonen,2025,Forvis Mazars,68201,
01031931,Stichting Dynhus,2025,Forvis Mazars,68201,
34165533,Stichting Cultuur+Ondernemen,2025,Forvis Mazars,94994,
34092652,Veleka Logistics B.V.,2025,Forvis Mazars,52250,
30007294,De Stiho Groep B.V.,2025,Forvis Mazars,64310,
74881272,Green Apple 2019-I NHG B.V.,2024,Mazars,64210,
40530953,"Amnesty International, Afdeling Nederland",2025,Forvis Mazars,94996,
27112523,Nutricia International B.V.,2025,Mazars; E & Y,64210,
90728092,Opella Healthcare Participations B.V.,2024,PwC ; Forvis Mazars,64210,
16024880,Stichting Area,2025,Forvis Mazars,68201,
27247262,"Stichting Scholengroep Spinoza voor Voortgezet onderwijs te Voorburg, Leidschendam en omstreken",2025,Forvis Mazars,85311,
30177360,De Willibrord Stichting voor RK/PC Voortgezet Onderwijs voor Utrecht en Omstreken,2025,Forvis Mazars,85311,
34105740,Rooms Katholieke Basisschool de Mijlpaal/ASKO bestuursbureau,2025,Forvis Mazars,85201,
24349808,"Stedelijk Dalton Lyceum voor Lyceum Havo Mavo Vbo Lwoo, locatie Overkampweg",2025,Forvis Mazars,85311,
27264261,"Stichting r.-k., Algemeen Bijzonder en Openbaar Primair Onderwijs PANTA RHEI",2025,Forvis Mazars,85201,
11032110,Wigema B.V.,2025,Forvis Mazars,64210,
27090548,N.V. Nutricia,2025,Forvis Mazars; E & Y,10860,
41085318,Sterk Regionaal Onderwijs Bedrijfsbureau,2025,Forvis Mazars,85311,
29028109,Stinis Beheer B.V.,2025,Forvis Mazars,64210,
41091840,Christiaan Huygens College,2024,Forvis Mazars,85311,
33301446,Uzimet B.V.,2022,Mazars,25990,
33301446,Uzimet B.V.,2025,Mazars,25990,
30061125,RIZ Bouw B.V.,2025,Forvis Mazars,41000,
34140161,NICE Netherlands B.V.,2023,Mazars,62100,
31014972,Stichting Omnia Wonen,2025,Forvis Mazars,94997,
58909265,Stichting NN CDC Pensioenfonds in liquidatie,2022,Mazars,65302,
58909265,Stichting NN CDC Pensioenfonds in liquidatie,2023,Forvis Mazars,65302,
41053084,Stichting Regionaal Opleidingen Centrum Arnhem,2025,Forvis Mazars,85320,
33201301,Dinytei B.V.,2025,Forvis Mazars,64210,
24334354,Ernst & Young Actuarissen B.V.,2025,Forvis Mazars,66292,
24384672,Stichting BLICK op onderwijs,2025,Forvis Mazars,85201,
11018556,A. Hak Infranet B.V.,2025,Forvis Mazars,42220,
18061433,De Stroming / CBS De Verrekijker,2025,Forvis Mazars,85201,
41096630,Stichting Onderwijscentrum Leijpark,2024,Forvis Mazars,85203,
41169515,Stichting Naturalis Biodiversity Center,2025,Forvis Mazars,91211,
24444228,Corrosion & Water-Control Shared Services B.V.,2024,Forvis Mazars,64210,
67487084,Stichting PharmAccess Group Foundation,2025,Forvis Mazars,94996,
