kvk,naam,boekjaar,accountant,sbi,plaats
40537540,Nederlandse Orde van Register EDP-Auditors,2016,RSM Netherlands,9411,
32050143,J.J. van der Lans Handels & Beleggingsmaatschappij B.V.,2017,RSM,6420,
37095641,Exter International Holding B.V.,2017,RSM,6420,
34118212,Stichting de hond kan de was doen,2016,RSM Rotterdam,94992,
27193898,Sdu Uitgevers B.V.,2018,RSM,5814,
37013220,DailyCool-Warehousing B.V.,2017,RSM,4941,
37066648,Leaseproces B.V.,2015,RSM,69102,
58304746,Hot ITem Holding B.V.,2016,RSM,6420,
35018312,Econ Beheer B.V.,2015,RSM,6420,
57588805,LivePerson Netherlands B.V.,2016,RSM,6201,
57294666,Eldorado Gold Treasury B.V.,2017,RSM,64301,
34216611,Stichting Openbaar Onderwijs Primair,2016,RSM,85201,
37065488,Cepeja Beheer B.V.,2016,RSM,6420,
30078308,Serruijs Beheer B.V.,2017,RSM,6420,
34238039,Mechanical Power Supply B.V.,2017,RSM,64923,
24134013,Hellmann Holding B.V.,2015,RSM,6420,
50416065,XDD Acquisition B.V.,2015,RSM,6420,
12038026,VP Group B.V.,2016,RSM,2120,
34094640,Tom Jongen Beheer B.V.,2015,RSM Nederland,64301,
34118212,Stichting de hond kan de was doen,2015,RSM Rotterdam,94992,
33306364,CTSN Services B.V.,2016,RSM,7490,
34126795,MT HOLDING B.V.,2016,RSM,6420,
63663732,Future Facts B.V.,2017,RSM,70221,
34210148,Guidion International B.V.,2017,RSM,6630,
30131087,JCS Investments B.V.,2016,RSM,64301,
32050143,J.J. van der Lans Handels & Beleggingsmaatschappij B.V.,2016,RSM,6420,
16040110,Inraco Nederland B.V.,2017,RSM,70102,
39081718,Loading Systems International B.V.,2015,RSM,46738,
24221400,Tolsa Nederland B.V.,2015,RSM,1092,
34121083,Shakira Holdings B.V.,2016,RSM,6420,
24276456,Archer Daniels Midland Nederland B.V.,2016,RSM,6420,
14046701,Convest B.V.,2016,RSM,6420,
34340740,Iskestugs (IJmuiden) B.V.,2015,RSM,6420,
17089611,Barco B.V.,2016,RSM,6201,
35026373,Huig Haverlag Printing & Digitale Producties B.V.,2016,RSM,18129,
37093639,Plane Beheer B.V.,2015,RSM,70102,
75004100,Valori Holding B.V.,2019,RSM,6420,
37086168,Telemax B.V.,2018,RSM,64210,
37086168,Telemax B.V.,2017,RSM,64210,
37036982,Dozy Holding B.V.,2018,RSM,64210,
17278337,Soda Ash Holding B.V.,2019,RSM Netherlands,64210,
59093730,Subway International Holdings B.V.,2018,RSM,64210,
69652201,HL Revelations B.V.,2019,RSM,64210,
61919705,De Geus Bouw B.V.,2019,RSM Netherlands,41000,
59663863,Textkernel B.V.,2019,RSM,72100,
63069636,Habets-van de Kreeke Holding B.V.,2018,RSM,,
09034552,JCL Logistics Benelux B.V.,2019,RSM,49410,
34228847,Agility Logistics International B.V.,2018,RSM,64210,
34228847,Agility Logistics International B.V.,2018,E & Y/RSM,64210,
12038335,Aliaxis Nederland B.V.,2019,RSM,22210,
12023679,Brin Holding B.V.,2015,RSM,46431,
60323167,R&R Mechatronics International B.V.,2019,RSM Netherlands,26510,
53884892,Messem Holding B.V.,2019,RSM Netherlands,64210,
29011347,Kiela Beheer,2019,RSM Netherlands,64210,
27152259,Leeuwendaal Advies B.V.,2018,RSM,70201,
37072049,Est-Interest B.V.,2018,RSM,70102,
37072049,Est-Interest B.V.,2017,RSM,70102,
37072049,Est-Interest B.V.,2019,RSM,70102,
66816955,Optigroup Medical,2019,RSM Netherlands,70202,
08035546,Sylnic Holding B.V.,2018,RSM Nederland,66120,
37089153,Nebig International B.V.,2018,RSM,46646,
37089153,Nebig International B.V.,2019,RSM Netherlands,46646,
24243358,F. Hans Holding B.V.,2015,RSM,64210,
33205832,Trust Krediet Beheer (TKB),2018,RSM,82910,
24355320,Graphite International B.V.,2019,RSM,20130,
75206595,5CA Holding B.V.,2019,RSM Netherlands,70102,
52859231,ESB European Steel Business Group B.V.,2019,RSM Netherlands,64210,
24288673,BYD Europe B.V.,2019,RSM Netherlands,46710,
37024811,Coöperatieve Handelsvereniging SALO U.A.,2018,RSM,46842,
10023226,Protempo B.V.,2019,RSM,46644,
36051246,De Veken B.V.,2018,RSM,64210,
33181303,De Luwe Hoek B.V.,2019,RSM,64210,
14031620,Leco Europe B.V.,2017,RSM,52109,
14031620,Leco Europe B.V.,2019,RSM,52109,
37078863,Pluripharm Groep B.V.,2018,RSM,64210,
37078863,Pluripharm Groep B.V.,2019,RSM,64210,
34174567,Materion Netherlands B.V.,2018,RSM,64210,
61173851,Shutterstock Netherlands B.V.,2017,RSM,64210,
18068920,Petrol Industries B.V.,2018,RSM,46421,
27328547,Sennics Europe B.V.,2018,RSM,46120,
27328547,Sennics Europe B.V.,2019,RSM Netherlands,46120,
70347875,Folat Group Holding B.V.,2019,RSM,64210,
27169928,Stichting Spieren voor Spieren,2019,RSM,94993,
33288675,Marubeni LP Holding B.V.,2018,RSM,64210,
27106359,Quinta Bliss B.V.,2019,RSM Netherlands,70102,
27319801,Leonis Investments B.V.,2018,RSM,64923,
27319801,Leonis Investments B.V.,2016,RSM,64923,
14044868,Leenaerts Subholding Born B.V.,2018,RSM,64210,
14044868,Leenaerts Subholding Born B.V.,2019,RSM,64210,
37133488,De Waard Transport B.V.,2019,RSM,49410,
16040110,Inraco Nederland B.V.,2019,RSM Netherlands,70102,
57698104,Comfeed Trading B.V.,2015,RSM,,
10023153,Vleeswarenfabriek Henri van de Bilt B.V.,2019,RSM,10130,
34270669,Mobiquity B.V.,2019,RSM,62200,
24187923,EnerSys Netherlands B.V.,2019,RSM,46649,
14628370,Autobedrijf Keram Maastricht B.V.,2018,RSM Nederland,,
14628370,Autobedrijf Keram Maastricht B.V.,2019,RSM,,
14044287,Rajomi B.V.,2019,RSM,,
57272697,OD75 B.V.,2017,RSM,6832,
17119799,Griptech B.V.,2017,RSM,33221,
34180424,Mirabeau Holding B.V.,2016,RSM,6420,
27088746,Galladio Corporate Fashion B.V.,2015,RSM,1412,
34065643,Intergrafipak Holding B.V.,2017,RSM,6420,
39046501,Schot Verticaal Transport B.V.,2017,RSM,43999,
14024502,Van de Kreeke Beheer B.V.,2016,RSM Nederland,6420,
34082277,Rey Beheer B.V.,2017,RSM,70102,
30127522,OSN Nederland B.V.,2015,RSM,4651,
16040110,Inraco Nederland B.V.,2015,RSM,70102,
14064878,Wiertz Company B.V.,2017,RSM,6420,
13027536,Molenaar Management B.V.,2017,RSM,6420,
51448963,KMG5 B.V.,2017,RSM,6420,
14064357,Guus Limpens Holding B.V.,2016,RSM,70102,
27242282,HintTech B.V.,2016,RSM,6201,
08023280,Bikeurope B.V.,2017,RSM,46491,
34049825,Intergrafipak B.V.,2016,RSM,18129,
66816955,Hygas B.V.,2016,RSM,70221,
24085584,Hellmann Worldwide Logistics B.V.,2016,RSM,52291,
33173529,Mak Aandrijvingen B.V.,2017,RSM,46693,
29011347,Kiela Beheer B.V.,2017,RSM,6420,
35021680,Econ Holding B.V.,2017,RSM,70102,
12042480,Lemmers Food Group B.V.,2016,RSM,6420,
37142046,M.S.J. Holding B.V.,2016,RSM,6420,
36050407,Vercom International B.V.,2017,RSM,46696,
65446224,Hulst B.V.,2018,RSM,6420,
16040110,Inraco Nederland B.V.,2016,RSM,70102,
28077272,Lichtweer B.V.,2016,RSM,6420,
12060560,Pulse Business Solutions B.V.,2016,RSM,6202,
62249347,Coöperatie Medisch Specialistisch Bedrijf St. Anna Zorggroep U.A.,2015,RSM,86221,
24175265,F.A.S. (INTERNATIONAL) SHIPSUPPLIERS B.V.,2016,RSM,6420,
34270853,Meyn Holding B.V.,2015,RSM,6420,
30128212,Resources Management & Finance B.V.,2016,RSM,70221,
34054788,Will-Pharma B.V.,2015,RSM,46461,
61801801,HBB Ontwikkelgroep B.V.,2017,RSM,6420,
36012614,Bakkerij Pater B.V.,2016,RSM,1071,
63069636,Habets-van de Kreeke Holding B.V.,2016,RSM,6420,
12038854,Allers Bedrijfswagens Venlo B.V.,2016,RSM,45192,
32069087,Invue Security Products B.V.,2017,RSM,46695,
37047533,Aannemingsmaatschappij De Geus B.V.,2017,RSM,4120,
33271178,HMO Visverwerkers B.V.,2017,RSM,1020,
33205832,Trust Krediet Beheer B.V.,2017,RSM,8291,
13023167,Bergia Distributiebedrijven B.V.,2017,RSM,1031,
34309374,Ellida B.V.,2017,RSM,6420,
36050568,Worktrans Dienstverlening B.V.,2017,RSM,78201,
33183646,Mascha Beheer B.V.,2016,RSM,6420,
24384982,Cavotec Group Holdings N.V.,2017,RSM,6420,
50098977,ILP Holding B.V.,2016,RSM Nederland,6420,
37036982,Dozy Holding B.V.,2017,RSM,6420,
52893731,Stepan Specialty Products B.V.,2016,RSM,1086,
52893731,Stepan Specialty Products B.V.,2015,RSM,1086,
33254924,Nice to Meat B.V.,2017,RSM,4632,
30189666,Valori B.V.,2016,RSM Nederland,6202,
10044298,Baho Wijchen B.V.,2016,RSM,4639,
17119799,Griptech B.V.,2016,RSM,33221,
08714020,Houtimport Kuhn B.V.,2015,RSM,46731,
33246742,MMA Holding B.V.,2016,RSM,6420,
37072049,Est-Interest B.V.,2015,RSM,70102,
62249347,Coöperatie Medisch Specialistisch Bedrijf St. Anna Zorggroep U.A.,2017,RSM,86221,
37039918,Burg Groep B.V.,2017,RSM,6420,
63629178,PJL Investments B.V.,2016,RSM,6420,
35028640,Animo Deliberato B.V.,2017,RSM,6612,
17080838,Rogon Products B.V.,2017,RSM,46421,
34035205,Bertus-Dekker Seafood B.V.,2017,RSM Netherlands,46382,
58427260,Asset Control Holdings B.V.,2016,RSM,6420,
37053473,Rodi Rotatiedruk B.V.,2015,RSM,1811,
14016243,Open Line Managed Services B.V.,2017,RSM,70221,
27193898,Sdu Uitgevers B.V.,2017,RSM,5814,
37086168,Telemax B.V.,2016,RSM,6420,
37109671,CLB Holding B.V.,2017,RSM,70102,
51642603,DUPI Group B.V.,2017,RSM,6420,
52859231,ESB European Steel Business Group B.V.,2017,RSM,6420,
37089153,Nebig International B.V.,2017,RSM,46696,
34128041,Linnaeus Investment B.V.,2016,RSM,6420,
17075008,Brutex B.V.,2017,RSM,46412,
34094640,Tom Jongen Beheer B.V.,2017,RSM,64301,
37053473,Rodi Rotatiedruk B.V.,2016,RSM,1811,
24134696,Univar B.V.,2015,RSM,4612,
27169928,Stichting Spieren voor Spieren,2017,RSM,94993,
37125512,InWork B.V.,2016,RSM,7810,
66870232,Hot ITem Groep B.V.,2016,RSM,6420,
57588805,LivePerson Netherlands B.V.,2015,RSM,6201,
23078227,Cavotec Nederland B.V.,2017,RSM,46432,
54124034,HMO O.G. B.V.,2017,RSM,6832,
37079866,Schot Alkmaar Holding B.V.,2015,RSM,6420,
37013220,DailyCool-Warehousing B.V.,2015,RSM,4941,
36046757,Beheer- en Beleggingsmaatschappij Jan de Wit en Zonen B.V.,2015,RSM,70102,
10024266,Goflex Group B.V.,2015,RSM,85592,
33254924,Nice to Meat B.V.,2015,RSM,4632,
17064969,Nunner Logistics B.V.,2015,RSM,4941,
24355568,Windenergy Service B.V.,2015,RSM,6420,
27152259,Leeuwendaal Advies B.V.,2015,RSM,70221,
34385444,Tenson Holding B.V.,2015,RSM,6420,
34076792,Seabourne Express Couriers B.V.,2015,RSM,52291,
35028640,Animo Deliberato B.V.,2015,RSM,6612,
34287353,Riqueti Beheer B.V.,2015,RSM,6420,
13020953,BRB International B.V.,2015,RSM Nederland,46713,
30170177,Gold Finance & Leasing B.V.,2015,RSM,77112,
16040109,Konvektco Nederland B.V.,2015,RSM,46742,
58304746,Hot ITem Holding B.V.,2015,RSM,6420,
61919705,De Geus Bouw B.V.,2015,RSM,4120,
13003129,Beheersmaatschappij Bergia Frites B.V.,2015,RSM,6420,
37057512,Lease Visie B.V.,2015,RSM,77111,
34309374,Ellida B.V.,2015,RSM,6420,
17148802,Giebels Meat Products B.V.,2015,RSM,1013,
02315221,Tenson B.V.,2015,RSM,46496,
56102046,Track Holdings B.V.,2015,RSM,6420,
37065488,Cepeja Beheer B.V.,2015,RSM,6420,
39059406,Rohaka B.V.,2015,RSM,70102,
24158904,Kapsenberg Van Waesberge Holding B.V.,2015,RSM,18125,
33246230,SLB Diensten B.V.,2015,RSM,8560,
34121083,Shakira Holdings B.V.,2015,RSM Nederland,6420,
58970177,Coop Fruit NL Coöperatief U.A.,2015,RSM,6420,
39046501,Schot Verticaal Transport B.V.,2015,RSM,43999,
55990347,Global Food Group B.V.,2016,RSM,46332,
34132905,TransOceanic Holdings B.V.,2016,E & Y/ RSM,52291,
24160592,Archer Daniels Midland Europoort B.V.,2017,RSM,1041,
32079946,Amarant Bakkersholding B.V.,2016,RSM,1071,
37109482,Primex Textiles B.V.,2017,RSM,46429,
17072577,Brandfort B.V.,2016,RSM,6420,
58932089,Baerbergh Holding B.V.,2015,RSM,6420,
17170477,Smits Bedrijven Gemert B.V.,2015,RSM,6420,
34253389,CrisisCare B.V.,2015,RSM,86222,
33205832,Trust Krediet Beheer B.V.,2015,RSM,8291,
37013402,De Waard Beheer B.V.,2015,RSM,6420,
14044287,K2M Holding B.V.,2016,RSM,6420,
08023280,Bikeurope B.V.,2015,RSM,46491,
37086168,Telemax B.V.,2015,RSM Nederland,6420,
24276456,Archer Daniels Midland Nederland B.V.,2015,RSM,6420,
37071642,Searchdog B.V.,2015,RSM,4652,
13004519,Schmitz Holding B.V.,2015,RSM,6420,
57272697,OD75 B.V.,2016,RSM,6832,
37128221,Lightweight Containers B.V.,2017,RSM,2222,
37122536,Rodi Beheer en Management B.V.,2017,RSM,6420,
30209582,Van der Wal B.V.,2016,RSM,4941,
32055487,Senior Publications Nederland B.V.,2017,RSM,5814,
24147391,Cemex Trescon B.V.,2015,RSM,46696,
24355568,Windenergy Service B.V.,2016,RSM,6420,
64762602,Open Line Holding B.V.,2016,RSM,6420,
34134959,Scholte & De Vries Holding B.V.,2016,RSM,6420,
63069636,Habets-van de Kreeke Holding B.V.,2017,RSM,6420,
51622165,BRB Holding B.V.,2015,RSM,6420,
22022618,Vermeer International B.V.,2017,RSM,2830,
30170177,Gold Finance & Leasing B.V.,2016,RSM,77112,
34128726,VAN WIJNGAARDEN ONROEREND GOED B.V.,2017,RSM,6420,
61103772,Janssen Maastricht Holding B.V.,2017,RSM,6420,
24160592,Archer Daniels Midland Europoort B.V.,2016,RSM,1041,
64604926,Microtechniek Groep B.V.,2017,RSM,70101,
50098977,ILP Holding B.V.,2017,RSM,6420,
28066232,Serco Nederland B.V.,2015,RSM,6209,
65593472,Sports Unlimited Retail B.V.,2018,RSM,47643,
33239707,Scholte & de Vries - Estoppey B.V.,2015,RSM,46741,
24257609,'De Zaak' Holding B.V.,2016,RSM,6420,
24346310,PPD (Netherlands) B.V.,2016,RSM Niehe Lancee Kooij,72193,
28053301,DMN Machinefabriek Noordwykerhout B.V.,2015,RSM,2899,
27261461,Goofy-Sam Holding B.V.,2015,RSM,6420,
34126607,De ZorgSpecialist B.V.,2018,RSM,88101,
14050833,Parkstad Limburg Theaters N.V.,2018,RSM,90041,
17167501,Contiweb B.V.,2018,RSM,2899,
55525695,Zalco B.V.,2018,RSM,2442,
14069818,Open Line Consultancy B.V.,2017,RSM,4651,
37013220,DailyCool-Warehousing B.V.,2016,RSM,4941,
36012091,MEO B.V.,2015,RSM,52241,
39046501,Schot Verticaal Transport B.V.,2016,RSM,43999,
33160158,Metroprop B.V.,2015,RSM,6831,
37013402,De Waard Beheer B.V.,2016,RSM,6420,
13003335,DP Acquisitions B.V.,2016,RSM Nederland,6420,
33262190,Telmidas AMS B.V.,2015,E & Y; RSM,6420,
32079946,Amarant Bakkersholding B.V.,2015,RSM,1071,
13020953,BRB International B.V.,2016,RSM,46713,
34071516,Lanser's Trio B.V.,2015,RSM,43999,
59087269,Stichting Zorggroep Zuid-Nederland,2015,RSM,86103,
27198926,Stichting Toekomstbeeld der Techniek,2015,RSM,94997,
12016687,STL Holding B.V.,2015,RSM,6420,
34238067,Toren Productie B.V.,2017,RSM,6420,
13028652,Schmitz Beheer B.V.,2017,RSM,6420,
13023167,Bergia Distributiebedrijven B.V.,2016,RSM,1031,
33260196,Herman Kuijper Beheer B.V.,2017,RSM,70102,
18129941,Zijderlaan Waspik Holding B.V.,2017,RSM,70102,
33181303,De Luwe Hoek B.V.,2017,RSM,6420,
18034797,Haagen Rookgeneratoren B.V.,2017,RSM,4652,
14036032,Loven Beheer Nederland B.V.,2016,RSM Nederland,6420,
27261461,Goofy-Sam Holding B.V.,2016,RSM Nederland,6420,
37053319,Belfin International B.V.,2017,RSM,64303,
30079454,Hofpoort Holding Utrecht B.V.,2016,RSM,70102,
11022447,Dirk Bouman Bakkerijen B.V.,2016,rsm,1071,
30274180,Stichting Learn!,2016,RSM,94919,
32050143,J.J. van der Lans Handels & Beleggingsmaatschappij B.V.,2015,RSM,6420,
37078863,Pluripharm Groep B.V.,2016,RSM,6420,
30071018,Homaco Houdstermaatschappij B.V.,2015,RSM,70102,
37042160,Tija Media Beheer B.V.,2017,RSM,6420,
24358679,Steel-Link B.V.,2016,RSM,46722,
34069047,Abeko Beheer B.V.,2017,RSM,6420,
09079231,Hellmann Worldwide Logistics Transport B.V.,2017,RSM,6420,
24355568,Windenergy Service B.V.,2017,RSM,6420,
34385444,Tenson Holding B.V.,2017,RSM,6420,
17167501,Goss Contiweb B.V.,2015,RSM,2899,
35028640,Animo Deliberato B.V.,2016,RSM,6612,
24147391,Cemex Trescon B.V.,2016,RSM,46696,
58304746,Hot ITem Holding B.V.,2017,RSM,6420,
61801941,Huib Bakker Bouwgroep B.V.,2017,RSM,6420,
14087370,Wiertz Personeelsdiensten B.V.,2017,RSM Netherlands,78201,
17089611,Barco B.V.,2017,RSM,6201,
61919705,De Geus Bouw B.V.,2017,RSM,4120,
34184655,Cars Jeans & Casuals B.V.,2016,RSM,1413,
24134696,Univar B.V.,2016,RSM,4612,
37122536,Rodi Beheer en Management B.V.,2016,RSM,6420,
10044298,Baho Wijchen B.V.,2017,RSM,4639,
51176157,RoMo Investments B.V.,2017,RSM Netherlands,6420,
30127522,OSN Nederland B.V.,2017,RSM,4651,
37125512,InWork B.V.,2017,RSM,7810,
55723284,Login International Group B.V.,2017,RSM,66191,
12023533,Pulse Automation Experts B.V.,2017,RSM,70102,
30078308,Serruijs Beheer B.V.,2016,RSM,6420,
17101092,Cognizant Technology Solutions Benelux B.V.,2017,RSM,6420,
34184655,Cars Jeans & Casuals B.V.,2017,RSM,1413,
02083147,QPS Netherlands B.V.,2015,RSM,72193,
23034672,Van Dam B.V.,2016,RSM,2511,
34307860,Inwork Payroll B.V.,2016,RSM,7830,
51896125,Gemeente Voerendaal,2017,RSM,8411,
08021689,TKB Holding B.V.,2016,RSM Netherlands,6420,
16043966,A. en P. de Graaff Beheer B.V.,2016,RSM Nederland,70102,
27225621,Real Estate Business B.V.,2017,RSM,4110,
18128349,CLB Integrated Solutions B.V.,2017,RSM,4652,
39081718,Loading Systems International B.V.,2016,RSM,46738,
02315221,Tenson B.V.,2017,RSM,46496,
32100016,Redwise Marine Holding N.V.,2017,RSM,6420,
34224746,Levi 9 Global Sourcing Benelux B.V.,2017,RSM Nederland,6201,
30071018,Homaco Houdstermaatschappij B.V.,2017,RSM,70102,
67610315,InWork Holding B.V.,2017,RSM Netherlands,6420,
14046701,Convest B.V.,2015,RSM,6420,
24235624,Flanderijn Beheer B.V.,2017,RSM,6420,
13004519,Schmitz Holding B.V.,2017,RSM,6420,
34157357,Liftinstituut Holding B.V.,2017,RSM,6420,
30111711,Colson Europe B.V.,2016,RSM,70102,
50098977,ILP Holding B.V.,2015,RSM,6420,
14036032,Loven Beheer Nederland B.V.,2017,RSM,6420,
17101092,Cognizant Technology Solutions Benelux B.V.,2016,RSM,6420,
35006854,B.V. Holding Maatschappij 'Verwachting',2017,RSM,6420,
17190777,Banning N.V.,2017,RSM,69101,
37089153,Nebig International B.V.,2016,RSM,46696,
34051730,Huib Bakker Bouw B.V.,2017,RSM,4120,
64762602,Open Line Holding B.V.,2017,RSM,6420,
37079866,Schot Alkmaar Holding B.V.,2017,RSM,6420,
37028334,Hevec Beheer B.V.,2016,RSM,6420,
35018312,Econ Beheer B.V.,2017,RSM,6420,
30163617,Bekir Holding B.V.,2016,RSM,6420,
28036654,LEDVANCE Benelux B.V.,2018,RSM,6201,
27203051,B.V. Nederlandsche Koper-Metaalindustrie,2017,RSM Rotterdam,68204,
24179173,Tronox Pigments (Holland) B.V.,2016,RSM,2012,
20155603,Luxexcel Holding B.V.,2018,RSM,1814,
10024266,Goflex Group B.V.,2016,RSM,85592,
40537540,Nederlandse Orde van Register EDP-Auditors,2017,RSM Netherlands,9411,
17251163,HK Investments B.V.,2016,RSM,6420,
14629395,Frijns Holding II B.V.,2015,RSM,6420,
34235335,Guidion Nederland B.V.,2016,RSM,9511,
34159724,Vercom Holding B.V.,2016,RSM,6420,
50893254,ChemPoint.com EMEA B.V.,2017,RSM,4612,
32055487,Senior Publications Nederland B.V.,2016,RSM,5814,
34291889,TBBT B.V.,2015,RSM,6420,
16044064,KTC Beheer B.V.,2015,RSM,6420,
12038026,VP Group B.V.,2015,RSM,2120,
34229828,Iskes Holding B.V.,2015,RSM,6810,
17119298,Kemie Groep B.V.,2016,RSM,6420,
57294666,Eldorado Gold Treasury B.V.,2015,RSM,64301,
14619476,MaxCar Beheer B.V.,2016,RSM,6420,
27198926,Stichting Toekomstbeeld der Techniek,2016,RSM,94997,
27198926,Stichting Toekomstbeeld der Techniek,2017,RSM,94997,
34224746,Levi 9 Global Sourcing Benelux B.V.,2015,RSM,6201,
32035519,Truvion Holding B.V.,2015,RSM,6420,
66816955,Hygas B.V.,2017,RSM,70221,
24140008,Stadsherstel Historisch Rotterdam N.V.,2015,RSM,68203,
34188220,Consultants on Targeted Security Netherlands B.V.,2015,RSM,8010,
37109671,CLB Holding B.V.,2015,RSM,70102,
17045094,Fralizt B.V.,2016,RSM,6420,
18042072,TCD Consultants B.V.,2015,RSM,70221,
17251166,Indicia Holding B.V.,2016,RSM,6420,
34051730,Huib Bakker Bouw B.V.,2015,RSM,4120,
37109671,CLB Holding B.V.,2016,RSM,70102,
34065643,Intergrafipak Holding B.V.,2015,RSM,6420,
24389295,Mazars Paardekooper Hoffman Holding N.V.,2018,RSM,70102,
33257956,Pasterkamp Beheer B.V.,2016,RSM Nederland,6420,
34225218,President Holding B.V.,2015,RSM,6420,
33246230,SLB Diensten B.V.,2016,RSM,8560,
36042336,'t Schouw Holding B.V.,2017,RSM,46431,
28036654,LEDVANCE Benelux B.V.,2017,RSM,6201,
30079265,INC Research Netherlands B.V.,2016,RSM,72193,
60667249,Driepuntnul B.V.,2016,RSM,6420,
37053473,Rodi Rotatiedruk B.V.,2017,RSM,1811,
37130072,JASA Group B.V.,2017,RSM,6420,
40594126,AWVN (Algemene Werkgeversvereniging Nederland),2015,RSM,70222,
63629178,PJL Investments B.V.,2017,RSM,6420,
36050407,Vercom International B.V.,2015,RSM,46696,
33228050,Ball Horticultural B.V.,2017,RSM,6420,
51464993,Allers Automotive B.V.,2015,RSM,6420,
20083292,SodaStream International B.V.,2015,RSM,64303,
34069047,Abeko Beheer B.V.,2015,RSM,6420,
12066601,BRB Invest B.V.,2015,RSM Nederland,6420,
34224746,Levi 9 Global Sourcing Benelux B.V.,2016,RSM Nederland,6201,
34225218,President Holding B.V.,2016,RSM,6420,
34321995,HBB O & R B.V.,2015,RSM,6420,
37078863,Pluripharm Groep B.V.,2015,RSM,6420,
14036032,Loven Beheer Nederland B.V.,2015,RSM Nederland,6420,
34157357,Liftinstituut Holding B.V.,2015,RSM,6420,
62249347,Coöperatie Medisch Specialistisch Bedrijf St. Anna Zorggroep U.A.,2016,RSM,86221,
34385444,Tenson Holding B.V.,2016,RSM,6420,
33257956,Pasterkamp Beheer B.V.,2015,RSM,6420,
24175265,F.A.S. (INTERNATIONAL) SHIPSUPPLIERS B.V.,2015,RSM,6420,
24355320,Graphite International B.V.,2016,RSM,2013,
24355320,Graphite International B.V.,2017,RSM,2013,
40594126,AWVN (Algemene Werkgeversvereniging Nederland),2016,RSM,70222,
34126607,De ZorgSpecialist B.V.,2016,RSM,88101,
34221951,Levi 9 Global Sourcing B.V.,2016,RSM,64922,
61919705,De Geus Bouw B.V.,2016,RSM,4120,
34216611,Stichting Openbaar Onderwijs Primair,2015,RSM,85201,
30127522,OSN Nederland B.V.,2016,RSM Nederland,4651,
51078031,E & M Holding B.V.,2016,RSM,70102,
33285544,Virtual Affairs Holding B.V.,2015,RSM,70102,
24221400,Tolsa Nederland B.V.,2015,RSM Nederland,1092,
37133488,De Waard Transport B.V.,2016,RSM,4941,
27169928,Stichting Spieren voor Spieren,2015,RSM,94993,
33254924,Nice to Meat B.V.,2016,RSM Nederland,4632,
28076276,International Hotel Supply B.V.,2015,RSM,46699,
18128349,CLB Integrated Solutions B.V.,2015,RSM,4652,
34180424,Mirabeau Holding B.V.,2015,RSM,6420,
17064969,Nunner Logistics B.V.,2016,RSM,4941,
14027574,Leenaerts Holding Born B.V.,2017,RSM,6420,
55945163,East Balt Coöperatief U.A.,2015,RSM,70102,
37126487,Stichting Dolfinn,2016,RSM Netherlands,94997,
75239493,OPH B.V.,2019,RSM Netherlands,64210,
24255575,Kamera Express Rotterdam B.V.,2019,RSM NetherIands,47781,
57588805,LivePerson Netherlands B.V.,2018,RSM,62100,
57588805,LivePerson Netherlands B.V.,2019,RSM,62100,
12023533,Pulse Automation Experts B.V.,2015,RSM,,
08023280,Bikeurope B.V.,2018,RSM,46491,
57585024,LPSN International C.V.,2017,RSM,,
34051730,HBB Groep,2019,RSM Netherlands,41000,
32079946,Amarant Bakkersholding B.V.,2018,RSM,10710,
73712760,Maxcar Holding B.V.,2019,RSM,64210,
14624349,Frijns Steel Construction B.V.,2017,RSM,25110,
14624349,Frijns Steel Construction B.V.,2018,RSM,25110,
30111711,Colson Europe B.V.,2019,RSM Netherlands,,
14063602,Rogama,2017,RSM,64210,
60667249,Driepuntnul B.V.,2019,RSM,64210,
37046448,N.M. Heilig Holding B.V.,2019,RSM Netherlands,64210,
30209582,Van der Wal B.V.,2019,RSM Netherlands,49410,
69836531,Trust Krediet Beheer Holding B.V.,2017,RSM,64210,
69836531,Trust Krediet Beheer Holding B.V.,2019,RSM,64210,
33173529,Mak Aandrijvingen B.V.,2018,RSM,46643,
41213794,Stichting Wereld Kanker Onderzoek Fonds (WCRF NL),2019,RSM,94993,
51464993,TB Truck & Trailer Service Automotive B.V.,2018,RSM,64210,
14061938,PC Data B.V.,2019,RSM Netherlands,62200,
70829551,BCC Holding B.V.,2018,RSM,47404,
70829551,BCC Holding B.V.,2019,RSM Netherlands,47404,
16044140,Intopack B.V.,2019,RSM Netherlands,22220,
30071018,Homaco Houdstermaatschappij B.V.,2019,RSM,70102,
55525695,Zalco B.V.,2017,RSM,24420,
37125512,InWork B.V.,2018,RSM,78100,
52893731,Stepan Specialty Products B.V.,2018,RSM,10860,
41076576,Openbare Bibliotheek Meerssen,2018,RSM,91111,
70899002,Burlingtown International B.V.,2018,RSM,66191,
61103772,Janssen Maastricht Holding B.V.,2019,RSM,64210,
24389296,Forvis Mazars,2018,RSM,69202,
09079231,Hellmann Worldwide Logistics Transport B.V.,2018,RSM,64210,
14024502,Van de Kreeke Beheer B.V.,2018,RSM,64210,
18076069,Hardinge Machine Tools B.V.,2017,RSM Netherlands,46620,
18076069,Hardinge Machine Tools B.V.,2018,RSM,46620,
34221951,Levi 9 Global Sourcing B.V.,2015,RSM,62200,
34221951,Levi 9 Global Sourcing B.V.,2018,RSM,62200,
34221951,Levi 9 Global Sourcing B.V.,2019,RSM Netherlands,62200,
64068633,Convoi Electrical & Automation B.V.,2018,RSM,43212,
14046701,Convest B.V.,2018,RSM,64210,
14046701,Convest B.V.,2019,RSM,64210,
33228050,Ball Horticultural B.V.,2016,RSM,64210,
34082277,REY,2018,RSM,70102,
24369100,Stichting Isai Ma(i)yam,2018,RSM Netherlands,94997,
24369100,Stichting Isai Ma(i)yam,2019,RSM Netherlands,94997,
24355568,Windenergy Service B.V.,2018,RSM,64210,
24355568,Windenergy Service B.V.,2019,RSM,64210,
12022553,Allers Investments B.V.,2018,RSM Nederland,70102,
12022553,Allers Investments B.V.,2019,RSM Netherlands,70102,
24147391,Cemex B.V.,2019,RSM Netherlands,46646,
33257286,Vitrac B.V.,2015,RSM,64210,
33257286,Vitrac B.V.,2018,RSM Netherlands,64210,
33285008,Megro Vision B.V.,2018,RSM,64210,
35028640,Animo Deliberato B.V.,2018,RSM,66120,
69090890,Nordian Acquisition X B.V.,2018,RSM,64210,
34094640,Tom Jongen Beheer B.V.,2019,RSM Netherlands,64310,
24304154,Hygiena International Holding B.V.,2019,RSM Netherlands,75000,
14629395,Frijns Holding II B.V.,2017,RSM,64210,
52732037,Pentaqua B.V.,2016,RSM,64210,
52732037,Pentaqua B.V.,2019,RSM Netherlands,64210,
52732037,Pentaqua B.V.,2017,RSM,64210,
24257609,"""De Zaak"" Holding B.V.",2018,RSM Netherlands,64210,
57319332,Bridge Polymers The Netherlands B.V.,2019,RSM,46869,
50098977,ILP Holding B.V.,2019,RSM Netherlands,64210,
17188107,Anteryon International B.V.,2018,RSM,64210,
13042172,Moonen Beheer B.V.,2018,RSM,64210,
13042172,Moonen Beheer B.V.,2019,RSM Netherlands,64210,
34069047,Abeko Beheer B.V.,2019,RSM,64210,
37109482,Primex Textiles,2018,RSM,46429,
24140008,Stadsherstel Historisch Rotterdam N.V.,2018,RSM,68202,
24140008,Stadsherstel Historisch Rotterdam N.V.,2019,RSM,68202,
14064878,Wiertz Company B.V.,2018,RSM Nederland,64210,
37095641,Exter International Holding B.V.,2019,RSM,64210,
24196306,Koninklijke LV Logistics,2019,RSM Netherlands,64210,
60328061,LYB Recycling NL B.V.,2019,RSM,20160,
32050143,J.J. van der Lans Handels & Beleggingsmaatschappij B.V.,2018,RSM Netherlands,64210,
17167501,Contiweb B.V.,2019,RSM,28990,
14049422,H.S.O.F. Beheer B.V.,2017,RSM,70202,
14049422,H.S.O.F. Beheer B.V.,2019,RSM,70202,
14049422,H.S.O.F. Beheer B.V.,2018,RSM,70202,
17101092,Cognizant Technology Solutions Benelux B.V.,2019,RSM Netherlands,64210,
17069193,Lotec B.V.,2019,RSM,43221,
65996011,Propharma Group Europe B.V.,2018,RSM,64210,
24160592,ADM Europoort,2019,RSM,10410,
05072417,ENERCON Services Netherlands B.V.,2018,RSM,28110,
33166606,Martillo Beheer B.V.,2017,RSM,68203,
30190531,Cerios | Valori B.V.,2019,RSM,62200,
01060543,Asset Control International B.V.,2016,RSM,62100,
17251166,Indicia Holding B.V.,2017,RSM,64210,
14036032,Loven Beheer Nederland B.V.,2019,RSM,64210,
66870232,Hot ITem Groep B.V.,2019,RSM,64210,
30233838,Vereniging Mantelzorg H.P. Pijpers-Visscher,2019,RSM,94997,
41076439,Stichting Bonnefanten Museum,2018,RSM,91219,
41076439,Stichting Bonnefanten Museum,2017,RSM,91219,
20083292,SodaStream International B.V.,2019,RSM Netherlands,11070,
20083292,SodaStream International B.V.,2019,RSM,11070,
37122536,Rodi Beheer en Management B.V.,2018,RSM,64210,
51642603,DUPI Group B.V.,2015,RSM,64210,
24235624,Flanderijn Beheer B.V.,2018,RSM Netherlands,64210,
24235624,Flanderijn Beheer B.V.,2018,RSM,64210,
24235624,Flanderijn Beheer B.V.,2019,RSM,64210,
24257652,ADM WILD Netherlands,2018,RSM,46340,
24257652,ADM WILD Netherlands,2019,RSM,46340,
32082473,Walstaff B.V.,2017,RSM,64210,
71931961,Bridge Polymers Holding B.V.,2018,RSM Netherlands,64210,
34229965,DE RUITER HOLDING B.V.,2019,RSM,64210,
14050833,Parkstad Limburg Theaters N.V.,2019,RSM,90310,
37065488,Cepeja Beheer B.V.,2018,RSM,64210,
37065488,Cepeja Beheer B.V.,2019,RSM,64210,
24248370,Maas-Riva B.V.,2015,RSM,46647,
24248370,Maas-Riva B.V.,2017,RSM Netherlands,46647,
66992443,Actos Groep B.V.,2018,RSM Netherlands,64210,
39058601,Task International B.V.,2018,RSM,,
35028787,Ce-Ren Beheer B.V.,2019,RSM,64210,
18128349,CLB Integrated Solutions B.V.,2018,RSM,46500,
18128349,CLB Integrated Solutions B.V.,2019,RSM,46500,
27225621,Real Estate Business B.V.,2018,RSM,68120,
08021689,TKB Holding B.V.,2015,RSM,64210,
08021689,TKB Holding B.V.,2018,RSM Netherlands,64210,
33260196,Herman Kuijper Beheer B.V.,2018,RSM Netherlands,70102,
32100016,Redwise Marine Holding N.V.,2018,RSM,64210,
30195730,Stichting MVO Nederland,2017,RSM,94996,
30195730,Stichting MVO Nederland,2019,RSM,94996,
66494478,Primex International B.V.,2019,RSM,64210,
36046757,Beheer- en Beleggingsmaatschappij Jan de Wit en Zonen B.V.,2019,RSM Netherlands,70102,
64604926,Microtechniek Groep B.V.,2018,RSM,70101,
64604926,Microtechniek Groep B.V.,2019,RSM Netherlands,70101,
34228094,ACT International B.V.,2019,RSM,64210,
63605821,TP-LINK Enterprises Netherlands B.V.,2018,RSM,46500,
63605821,TP-LINK Enterprises Netherlands B.V.,2017,RSM,46500,
63605821,TP-LINK Enterprises Netherlands B.V.,2019,RSM Netherlands,46500,
63605821,TP-LINK Enterprises Netherlands B.V.,2019,RSM,46500,
27261461,Pluripharm Holding B.V.,2018,RSM,64210,
33285473,Europe Interchange B.V.,2019,RSM Netherlands,64210,
33246742,MMA Holding B.V.,2017,RSM,64210,
34128041,Linnaeus Investment B.V.,2019,RSM,64210,
36038715,Jomarpa Holding B.V.,2015,RSM,64210,
13027536,Molenaar Management B.V.,2018,RSM Nederland,64210,
33293820,Subway International B.V.,2018,RSM,77400,
41201887,Stichting voor de Jaarverslaggeving,2018,RSM Netherlands,58130,
41201887,Stichting voor de Jaarverslaggeving,2019,RSM Netherlands,58130,
60316292,LYB CLCS Sales NL B.V.,2018,RSM,46851,
35021680,Econ Holding B.V.,2018,RSM,70102,
35021680,Econ Holding B.V.,2019,RSM,70102,
41131553,Stichting het Rotterdamse Zeilschip,2017,RSM Rotterdam,91220,
24358679,Steel-Link B.V.,2015,RSM,46822,
24358679,Steel-Link B.V.,2019,RSM,46822,
24358679,Steel-Link B.V.,2019,RSM Netherlands,46822,
58173757,Hillfresh Holding B.V.,2018,RSM,64210,
58173757,Hillfresh Holding B.V.,2019,RSM,64210,
10024266,Goflex Group B.V.,2019,RSM,85591,
35018312,Econ Beheer B.V.,2018,RSM,64210,
67610315,Into Impact Holding B.V.,2018,RSM,64210,
72023155,SEW Holding B.V.,2018,RSM,64210,
69328811,Coöperatie AB Werkt Zuid-Nederland U.A.,2019,RSM,74990,
37053473,Rodi Rotatiedruk B.V.,2018,RSM Netherlands,18110,
37053473,Rodi Rotatiedruk B.V.,2019,RSM Netherlands,18110,
34202378,Breens Investments B.V.,2019,RSM,64210,
02083147,QPS Netherlands B.V.,2018,RSM,72100,
34166216,Rovilia Holding B.V.,2018,RSM,64210,
27284558,Johnson Health Tech. Netherlands B.V.,2019,RSM Netherlands,32300,
34044970,Royal Burgers B.V.,2019,RSM,29202,
37086443,De Winter Food Production B.V.,2017,RSM,,
22035641,Hillfresh International B.V.,2018,RSM,46311,
11021815,AGC Nederland Holding B.V.,2018,RSM,70102,
37142046,M.S.J. Holding B.V.,2015,RSM,,
20148119,Lion Protects Holding B.V.,2019,RSM,,
27149795,Plusval B.V.,2018,RSM,,
13042254,SYMERES,2019,RSM,,
13042254,SYMERES,2018,RSM,,
18042072,TCD Consultants B.V.,2017,RSM,,
34224746,Levi 9 Global Sourcing Benelux B.V.,2019,RSM,62100,
34159724,Vercom Holding B.V.,2018,RSM,64210,
34159724,Vercom Holding B.V.,2019,RSM,64210,
12038854,TB Truck & Trailer Service Venlo B.V.,2019,RSM,,
73474487,Indicia B.V.,2019,RSM,64210,
34385444,Tenson Holding B.V.,2018,RSM Netherlands,64210,
10044298,Baho Wijchen B.V.,2019,RSM,46390,
13023167,Bergia Distributiebedrijven B.V.,2018,RSM,10310,
35026373,Huig Haverlag Printing & Digitale Producties B.V.,2018,RSM,18129,
14618182,Beheersmaatschappij J.P.H.Th. Prickartz Vaals B.V.,2019,RSM,64210,
32069087,Invue Security Products B.V.,2018,RSM,46645,
14069818,Open Line Consultancy B.V.,2018,RSM Netherlands,46500,
14069818,Open Line Consultancy B.V.,2019,RSM,46500,
37071175,Heilig,2019,RSM,25530,
24279313,Enerflex Holding Company NL B.V.,2017,RSM,28130,
24279313,Enerflex Holding Company NL B.V.,2018,RSM,28130,
33137981,Unico Beheer B.V.,2015,RSM,64210,
33137981,Unico Beheer B.V.,2018,RSM,64210,
33137981,Unico Beheer B.V.,2019,RSM,64210,
58875506,Mobiquity Coöperatief U.A. in liquidatie,2018,RSM,64922,
24311532,Justrite Safety Group EMEA B.V.,2019,RSM Netherlands,46472,
33297973,Hot ITem B.V.,2018,RSM,70201,
33297973,Hot ITem B.V.,2019,RSM,70201,
63907577,ECMS Express (NL) B.V.,2019,RSM,52250,
37088925,Pijo Beheer B.V.,2018,RSM,64210,
24335736,Laudame Financials B.V.,2019,RSM,70201,
41222330,Stichting Nota 70,2018,RSM,88999,
41222330,Stichting Nota 70,2017,RSM,88999,
14064357,Guus Limpens Holding B.V.,2017,RSM,70102,
17278337,Soda Ash Holding B.V.,2017,RSM,6420,
24149451,Archer Daniels Midland Europe B.V.,2016,RSM,70221,
33297973,Hot ITem B.V.,2017,RSM,70221,
01060543,Asset Control International B.V.,2017,RSM,6201,
24369100,Stichting Isai Ma(i)yam,2016,RSM Netherlands,94997,
37089153,Nebig International B.V.,2015,RSM,46696,
35026373,Huig Haverlag Printing & Digitale Producties B.V.,2015,RSM,18129,
24248370,Maas Shipstores B.V.,2016,RSM,46697,
23044232,Itron Nederland B.V.,2015,RSM,46695,
34159724,Vercom Holding B.V.,2017,RSM,6420,
27261461,Goofy-Sam Holding B.V.,2017,RSM,6420,
55901964,FairPhone B.V.,2017,RSM,6209,
24369100,Stichting Isai Ma(i)yam,2015,RSM Netherlands,94997,
34065643,Intergrafipak Holding B.V.,2016,RSM,6420,
12022553,Allers Investments B.V.,2015,RSM Nederland,70102,
30071018,Homaco Houdstermaatschappij B.V.,2016,RSM,70102,
24243383,Pecas Holding B.V.,2016,RSM,6420,
58212116,GA-Finance B.V.,2015,RSM,6420,
34307860,Inwork Payroll B.V.,2015,RSM,7830,
13042172,Moonen Beheer B.V.,2015,RSM,6420,
24257609,'De Zaak' Holding B.V.,2015,RSM,6420,
24140008,Stadsherstel Historisch Rotterdam N.V.,2017,RSM,68203,
23007175,Univar Zwijndrecht N.V.,2016,RSM,46751,
17170477,Smits Bedrijven Gemert B.V.,2016,RSM Nederland,6420,
30079454,Hofpoort Holding Utrecht B.V.,2015,RSM,70102,
30195304,Weex B.V.,2017,RSM,70102,
34235335,Guidion Nederland B.V.,2017,RSM,9511,
28070955,Blokland Holding B.V.,2019,RSM,,
34051730,HBB Groep,2018,RSM,41000,
50397931,Atlantic Aurum Investments B.V.,2019,RSM,64210,
61968358,B.V. Actis IDH S.à.r.l.,2018,RSM,,
51078031,E & M Holding B.V.,2018,RSM Netherlands,70102,
09034552,JCL Logistics Benelux B.V.,2018,RSM,49410,
09034552,JCL Logistics Benelux B.V.,2019,RSM Netherlands,49410,
50416065,XDD Acquisition B.V.,2017,RSM,64210,
17072577,Brandfort B.V.,2018,RSM,64210,
17072577,Brandfort B.V.,2019,RSM,64210,
66025532,NINE & Co B.V.,2018,RSM Netherlands,,
33076760,W. Fris Beheer B.V.,2018,RSM Netherlands,70102,
33076760,W. Fris Beheer B.V.,2017,RSM,70102,
34082277,REY,2019,RSM Netherlands,70102,
58290893,MECC Maastricht B.V.,2019,RSM,82300,
51464993,TB Truck & Trailer Service Automotive B.V.,2017,RSM,64210,
51464993,TB Truck & Trailer Service Automotive B.V.,2019,RSM,64210,
17190777,Banning N.V.,2016,RSM,69101,
27261461,Pluripharm Holding B.V.,2019,RSM,64210,
34176957,Stichting Global Reporting Initiative,2019,RSM Netherlands,72200,
14625181,Janssen Beatrixhaven Maastricht B.V.,2018,RSM,70101,
14625181,Janssen Beatrixhaven Maastricht B.V.,2019,RSM,70101,
67610315,Into Impact Holding B.V.,2019,RSM,64210,
14087832,Koobra Invest B.V.,2019,RSM Netherlands,70102,
60343311,Stichting Cultuur & School Utrecht,2018,RSM Netherlands,88992,
33183646,Mascha Beheer B.V.,2019,RSM,64210,
36051246,De Veken B.V.,2019,RSM,64210,
08035546,Sylnic Holding B.V.,2019,RSM,66120,
08035546,Sylnic Holding B.V.,2017,RSM Nederland,66120,
61801941,Huib Bakker Bouwgroep B.V.,2019,RSM,64210,
37028334,Hevec Beheer B.V.,2018,RSM,64210,
37028334,Hevec Beheer B.V.,2019,RSM,64210,
34287079,PAS Technologies B.V.,2016,RSM,64210,
37047533,Aannemingsmaatschappij De Geus B.V.,2018,RSM,41000,
67501435,Orchidaceae B.V.,2019,RSM Netherlands,64210,
36031164,Norkem B.V.,2019,RSM,46120,
37042605,ACS Holding B.V.,2018,RSM Netherlands,64210,
37042605,ACS Holding B.V.,2019,RSM,64210,
27106359,Quinta Bliss B.V.,2018,RSM Netherlands,70102,
36046956,J.W. Equipment Works B.V.,2019,RSM,70201,
24358679,Steel-Link B.V.,2018,RSM,46822,
36012614,Bakkerij Pater B.V.,2015,RSM,10710,
41131553,Stichting het Rotterdamse Zeilschip,2018,RSM Nederlands,91220,
24355320,Graphite International B.V.,2018,RSM,20130,
35006854,"B.V. Holding Maatschappij ""Verwachting""",2018,RSM,64210,
34202378,Breens Investments B.V.,2018,RSM,64210,
37067693,Elske Doets Holding B.V.,2015,RSM,64210,
23071521,Veth Propulsion,2019,RSM,33121,
33293820,Subway International B.V.,2016,RSM,77400,
14031620,Leco Europe B.V.,2018,RSM,52109,
51896125,Gemeente Voerendaal,2019,RSM,84110,
51896125,Gemeente Voerendaal,2018,RSM,84110,
33246742,MMA Holding B.V.,2018,RSM,64210,
33246742,MMA Holding B.V.,2019,RSM,64210,
34083586,Folat B.V.,2018,RSM,46499,
22054131,CLdN Cargo B.V.,2019,RSM,52241,
34297750,Paper Excellence B.V.,2015,RSM,64210,
34297750,Paper Excellence B.V.,2016,RSM Netherlands,64210,
70347875,Folat Group Holding B.V.,2018,RSM,64210,
55560180,Imdex Global B.V.,2018,RSM,28920,
55560180,Imdex Global B.V.,2019,RSM,28920,
37072049,Est-Interest B.V.,2019,RSM Netherlands,70102,
28076276,International Hotel Supply Company,2017,RSM Netherlands,46450,
28076276,International Hotel Supply Company,2018,RSM Netherlands,46450,
27152259,Leeuwendaal Advies B.V.,2019,RSM,70201,
33205832,Trust Krediet Beheer (TKB),2019,RSM,82910,
14069815,Open Line B.V.,2019,RSM,70202,
37024811,Coöperatieve Handelsvereniging SALO U.A.,2019,RSM,46842,
67297293,Orascom Egypt Wind B.V.,2019,RSM,64210,
18034797,LION protects B.V.,2018,RSM,46649,
18034797,LION protects B.V.,2019,RSM,46649,
56140142,Viridissimos B.V.,2019,RSM,,
13042254,SYMERES,2018,RSM Netherlands,,
35003660,Van Wijngaarden B.V.,2017,RSM,10840,
34069047,Abeko Beheer B.V.,2019,RSM Netherlands,64210,
40594126,AWVN,2019,RSM Netherlands,70202,
33260196,Herman Kuijper Beheer B.V.,2019,RSM,70102,
27159450,NetEconomy,2018,RSM Netherlands,46500,
27159450,NetEconomy,2018,RSM,46500,
73338400,Actos Holding B.V.,2019,RSM Netherlands,64210,
27319801,Leonis Investments B.V.,2019,RSM,64923,
36031511,Nijdra Beheer B.V.,2019,RSM Netherlands,64210,
61801801,HBB Ontwikkelgroep B.V.,2018,RSM,64210,
34160296,CTSN Group B.V.,2019,RSM Netherlands,64310,
24243383,Pecas Holding B.V.,2018,RSM,64210,
08115754,Pluto Sport Europe B.V.,2018,RSM,47633,
32119821,Fintramed Holding B.V.,2016,RSM Netherlands,64210,
60410884,Ortho-Clinical Diagnostics Netherlands B.V.,2018,RSM Netherlands,46461,
34270669,Mobiquity B.V.,2018,RSM,62200,
24288673,BYD Europe B.V.,2018,RSM Netherlands,46710,
63895250,Meatstreet Group B.V.,2019,RSM,64210,
33204327,Burlington International B.V.,2019,RSM,64210,
27203051,B.V. Nederlandsche Koper-Metaalindustrie,2015,RSM,68204,
30158407,Gotcha B.V.,2015,RSM,16101,
14628370,Autobedrijf Keram Maastricht B.V.,2015,RSM,4730,
60667249,Driepuntnul B.V.,2015,RSM Niehe Lancee Kooij,6420,
58997881,Virtual Affairs Group B.V.,2015,RSM,6420,
17045094,Fralizt B.V.,2015,RSM,6420,
17190777,Banning N.V.,2015,RSM,69101,
34131907,Shipitsmarter.Com B.V.,2015,RSM,6110,
32072801,Medicom Healthcare Holding B.V.,2015,RSM,6420,
34232975,Kuijtmans Investments B.V.,2015,RSM,64923,
32119821,Fintramed Holding B.V.,2015,RSM,6420,
14044287,K2M Holding B.V.,2015,RSM,6420,
30166969,STICHTING KATHOLIEK PRIMAIR ONDERWIJS SINT ANTONIUS,2015,RSM,85201,
34206964,General Asset-Finance Capital Holdings B.V.,2015,RSM,6420,
12038854,Allers Bedrijfswagens Venlo B.V.,2015,RSM,45192,
14024502,Van de Kreeke Beheer B.V.,2015,RSM,6420,
17119298,Kemie Groep B.V.,2015,RSM,6420,
27096790,International Bike Group B.V.,2015,RSM,47641,
10023153,Vleeswarenfabriek Henri van de Bilt B.V.,2017,RSM,1013,
30078308,Serruijs Beheer B.V.,2015,RSM,6420,
13027536,Molenaar Management B.V.,2016,RSM,6420,
61103772,Janssen Maastricht Holding B.V.,2016,RSM,6420,
37085293,Pilkes Verlichting B.V.,2016,RSM,2790,
50416065,XDD Acquisition B.V.,2016,RSM,6420,
34180943,ADM Specialty Ingredients (Europe) B.V.,2016,RSM,4611,
20155603,Luxexcel Holding B.V.,2017,RSM,1814,
33257286,Vitrac B.V.,2016,RSM,6420,
09034552,JCL Logistics Benelux B.V.,2017,RSM,4941,
24429800,Keen Europe Outdoor B.V.,2016,RSM,46423,
33297973,Hot ITem B.V.,2016,RSM,70221,
37079866,Schot Alkmaar Holding B.V.,2016,RSM,6420,
18034797,Haagen Rookgeneratoren B.V.,2015,RSM,4652,
37042160,Tija Media Beheer B.V.,2015,RSM,6420,
56140142,Viridissimos B.V.,2017,RSM,6420,
24235624,Flanderijn Beheer B.V.,2016,RSM,6420,
34107096,Molber Beheer B.V.,2017,RSM,6420,
41213794,Stichting Wereld Kanker Onderzoek Fonds (WCRF NL),2017,RSM,94993,
34287700,Netafim Coöperatie U.A.,2015,RSM,64301,
34055646,Waterdrinker Aalsmeer B.V.,2017,RSM,4622,
30202238,N.B.C. Exploitatie B.V.,2016,RSM,93119,
24311532,Justrite Safety Group EMEA B.V.,2017,RSM,46472,
58173757,Hillfresh Holding B.V.,2017,RSM,6420,
14044287,K2M Holding B.V.,2017,RSM,6420,
14063602,Rogama B.V.,2016,RSM,6420,
27096790,International Bike Group B.V.,2017,RSM,47641,
34069047,Abeko Beheer B.V.,2016,RSM,6420,
34198754,Vondel Capital B.V.,2015,RSM,6420,
10023226,Protempo B.V.,2017,RSM,46694,
02315221,Tenson B.V.,2016,RSM,46496,
32072801,Medicom Healthcare Holding B.V.,2016,RSM,6420,
33205832,Trust Krediet Beheer B.V.,2016,RSM,8291,
52893731,Stepan Specialty Products B.V.,2017,RSM Netherlands,1086,
30224127,ASUS Europe B.V.,2017,RSM,66191,
33137981,Unico Beheer B.V.,2016,RSM,6420,
37088925,Pijo Beheer B.V.,2017,RSM,6420,
24149451,Archer Daniels Midland Europe B.V.,2017,RSM,70221,
27106359,Quinta Bliss B.V.,2017,RSM,70102,
41150933,Trombosestichting Nederland,2017,RSM,72193,
34287700,Netafim Coöperatie U.A.,2017,RSM,64301,
37078863,Pluripharm Groep B.V.,2017,RSM,6420,
39034113,Van Wijk Nederland B.V.,2017,RSM,2822,
17064969,Nunner Logistics B.V.,2017,RSM,4941,
24221400,Tolsa Nederland B.V.,2016,RSM,1092,
34094640,Tom Jongen Beheer B.V.,2016,RSM,64301,
34340740,Iskestugs (IJmuiden) B.V.,2016,RSM Nederland,6420,
59093730,Subway International Holdings B.V.,2015,RSM,6420,
28076276,International Hotel Supply B.V.,2016,RSM Nederland,46699,
32079946,Amarant Bakkersholding B.V.,2017,RSM,1071,
13003129,Beheersmaatschappij Bergia Frites B.V.,2017,RSM,6420,
18076069,Hardinge Machine Tools B.V.,2016,RSM,4662,
64068633,Convoi Electrical & Automation B.V.,2017,RSM,4942,
16043966,A. en P. de Graaff Beheer B.V.,2015,RSM,70102,
14625181,Janssen Beatrixhaven Maastricht B.V.,2015,RSM,70101,
33224552,Karioka B.V.,2015,RSM,6810,
27096790,International Bike Group B.V.,2016,RSM,47641,
57319332,Bridge Polymers B.V.,2016,RSM,46769,
14037970,GeoMon Holding B.V.,2016,RSM,6420,
65022084,Dies Invest B.V.,2017,RSM,6420,
34229828,Iskes Holding B.V.,2016,RSM,6810,
32035519,Tramedico Holding B.V.,2016,RSM,6420,
37093639,Plane Beheer B.V.,2016,RSM,70102,
34157357,Liftinstituut Holding B.V.,2016,RSM Nederland,6420,
64382184,Stichting Foundation for Auditing Research,2016,RSM,85599,
34071516,Lanser's Trio B.V.,2017,RSM,43999,
64604926,Microtechniek Groep B.V.,2016,RSM,70101,
35031291,Stichting Islamitisch Onderwijs Zaanstad,2016,RSM,85201,
37057512,Lease Visie B.V.,2016,RSM,77111,
24035701,Kapsenberg van Waesberge B.V.,2015,RSM,1820,
34309374,Ellida B.V.,2016,RSM,6420,
17072577,Brandfort B.V.,2015,RSM,6420,
28114570,MYbusinessmedia Holding B.V.,2015,RSM,70102,
38024749,MYbusinessmedia B.V.,2015,RSM,5814,
62101552,Dutch ID B.V.,2015,RSM,6420,
24221400,Tolsa Nederland B.V.,2016,RSM Nederland,1092,
34090996,K+K Hotels B.V.,2016,RSM,68204,
24494411,DUPI Underwriting Agencies B.V.,2015,RSM,6622,
63069636,Habets-van de Kreeke Holding B.V.,2015,RSM,6420,
30189666,Valori B.V.,2015,RSM,6202,
33297973,Hot ITem B.V.,2015,RSM,70221,
34035205,Bertus-Dekker Seafood B.V.,2016,RSM,46382,
32055487,Senior Publications Nederland B.V.,2015,RSM,5814,
14069818,Open Line Consultancy B.V.,2015,RSM,4651,
14018706,Convoi B.V.,2016,RSM,4942,
39034113,Van Wijk Nederland B.V.,2016,RSM,2822,
28053301,DMN Machinefabriek Noordwykerhout B.V.,2016,RSM,2899,
30158407,Gotcha B.V.,2016,RSM,16101,
34184655,Cars Jeans & Casuals B.V.,2015,RSM,1413,
50397931,Atlantic Aurum Investments B.V.,2017,RSM,6420,
30189666,Valori B.V.,2017,RSM,6202,
35018312,Econ Beheer B.V.,2016,RSM Nederlands,6420,
22035641,Hillfresh International B.V.,2017,RSM,46311,
34157357,Liftinstituut Holding B.V.,2016,RSM,6420,
66816955,Hygas B.V.,2018,RSM Netherlands,70221,
14069818,Open Line Consultancy B.V.,2016,RSM,4651,
09079231,Hellmann Worldwide Logistics Transport B.V.,2016,RSM,6420,
20148119,Haagen Coöperatief U.A.,2016,RSM,6612,
37050667,JASA Packaging Solutions B.V.,2017,RSM,2829,
35006854,B.V. Holding Maatschappij 'Verwachting',2016,RSM,6420,
27203051,B.V. Nederlandsche Koper-Metaalindustrie,2016,RSM,68204,
24257652,ADM WILD Netherlands B.V.,2016,RSM,4634,
39059406,Rohaka B.V.,2016,RSM Nederland,70102,
33183646,Mascha Beheer B.V.,2015,RSM Nederland,6420,
08023280,Bikeurope B.V.,2016,RSM,46491,
33272219,Pepe Jeans Europe B.V.,2017,RSM,46421,
37043177,Baliken Holding B.V.,2016,RSM,64922,
09034552,JCL Logistics Benelux B.V.,2018,RSM NetherIands,4941,
33173529,Mak Aandrijvingen B.V.,2016,RSM,46693,
37042160,Tija Media Beheer B.V.,2016,RSM,6420,
10023226,Protempo B.V.,2015,RSM,46694,
37028334,Hevec Beheer B.V.,2017,RSM,6420,
55990347,Global Food Group B.V.,2017,RSM,46332,
37133488,De Waard Transport B.V.,2017,RSM,4941,
14628370,Autobedrijf Keram Maastricht B.V.,2017,RSM,4730,
61380253,Cycas Hotel Partners B.V.,2017,RSM,70221,
34126607,De ZorgSpecialist B.V.,2017,RSM,88101,
34253389,CrisisCare B.V.,2017,RSM,86222,
20059416,Kyocera Aerfast Europe B.V.,2017,RSM,6420,
14619476,GeoMon Holding B.V.,2017,RSM Netherlands,6420,
17280777,Gemeente Loon op Zand,2017,RSM,8412,
30170177,Gold Finance & Leasing B.V.,2017,RSM,77112,
23034672,Van Dam B.V.,2017,RSM,2511,
32069087,Invue Security Products B.V.,2016,RSM,46695,
61992860,Apotheek Lunetten B.V.,2015,RSM,4773,
34071516,Lanser's Trio B.V.,2016,RSM,43999,
08021689,TKB Holding B.V.,2017,RSM Netherlands,6420,
24429800,Keen Europe Outdoor B.V.,2015,RSM,46423,
24303662,Laudame Holding B.V.,2017,RSM,70221,
34321995,HBB O & R B.V.,2016,RSM,6420,
28077272,Lichtweer B.V.,2015,RSM,6420,
24400318,Exterran Services B.V.,2017,RSM,2812,
37065488,Cepeja Beheer B.V.,2017,RSM,6420,
32072801,Medicom Healthcare Holding B.V.,2017,RSM,6420,
30189666,Valori B.V.,2017,RSM Netherlands,6202,
36046757,Beheer- en Beleggingsmaatschappij Jan de Wit en Zonen B.V.,2017,RSM,70102,
39059406,Rohaka B.V.,2017,RSM,70102,
14624349,Frijns Steel Construction B.V.,2016,rsm,2511,
34049825,Intergrafipak B.V.,2017,RSM,18129,
37138210,Rodemajo B.V.,2017,RSM,6420,
27261461,Goofy-Sam Holding B.V.,2016,RSM,6420,
50397931,Atlantic Aurum Investments B.V.,2016,RSM,6420,
51642603,DUPI Group B.V.,2016,RSM,6420,
28088493,Mirabeau B.V.,2015,RSM,6201,
50098977,ILP Holding B.V.,2018,RSM Nederland,6420,
17072577,Brandfort B.V.,2017,RSM Netherlands,6420,
50933914,EduCo International Group B.V.,2016,RSM,6420,
27244992,EPAM Digital Netherlands B.V.,2015,RSM,6420,
22022618,Vermeer International B.V.,2016,RSM,2830,
09034552,JCL Logistics Benelux B.V.,2016,RSM,4941,
18034797,LION protects B.V.,2016,RSM Nederland,46699,
20083292,SodaStream International B.V.,2016,RSM,64303,
32119821,Fintramed Holding B.V.,2016,RSM,6420,
34054788,Will-Pharma B.V.,2017,RSM,46461,
66870232,Hot ITem Groep B.V.,2017,RSM,6420,
34209436,First Polish Real Estate B.V.,2015,RSM,4110,
30111711,Colson Europe B.V.,2017,RSM,70102,
24293939,Stichting Worm,2017,RSM Rotterdam,9002,
60947020,ARI Europe Coöperatief U.A.,2017,RSM,6420,
14069815,Open Line B.V.,2017,RSM,70221,
33239707,Scholte & de Vries - Estoppey B.V.,2016,RSM,46741,
17251166,Indicia Holding B.V.,2015,RSM Nederland,6420,
17251163,HK Investments B.V.,2015,RSM,6420,
36027178,Bloembollenbedrijf Jan de Wit en Zonen B.V.,2017,RSM,4622,
34261615,Aruba Networks Netherlands B.V.,2016,RSM,7320,
34229965,DE RUITER HOLDING B.V.,2017,RSM,6420,
60323167,R&R Mechatronics International B.V.,2018,RSM Netherlands,2651,
24293939,Stichting Worm,2018,RSM Rotterdam,9002,
13042172,Moonen Beheer B.V.,2017,RSM,6420,
30195304,Weex B.V.,2018,RSM,70102,
34258919,Global Invest Holding B.V.,2016,RSM,6420,
59093730,Subway International Holdings B.V.,2017,RSM,6420,
24134696,Univar B.V.,2017,RSM Nederland,4612,
13023167,Bergia Distributiebedrijven B.V.,2015,RSM,1031,
56189060,Aannemingsbedrijf Dozy B.V.,2017,RSM,4120,
24147391,Cemex Trescon B.V.,2017,RSM,46696,
37122536,Rodi Beheer en Management B.V.,2015,RSM,6420,
61103772,Janssen Maastricht Holding B.V.,2015,RSM,6420,
57319332,Bridge Polymers The Netherlands B.V.,2017,RSM,46769,
12060560,Pulse Business Solutions B.V.,2015,RSM,6202,
34051730,Huib Bakker Bouw B.V.,2016,RSM,4120,
56102046,Track Holdings B.V.,2016,RSM,6420,
34118212,Stichting de hond kan de was doen,2017,RSM Rotterdam,94992,
17167501,Contiweb B.V.,2017,RSM,2899,
33066661,BCC Holding Amstelveen B.V.,2017,RSM,6420,
24358679,Steel-Link B.V.,2017,RSM,46722,
30158407,Gotcha B.V.,2017,RSM,16101,
24179173,Tronox Pigments (Holland) B.V.,2015,RSM,2012,
34064029,Terra Beheer B.V.,2015,RSM,47783,
62985523,Goflex young professionals B.V.,2016,RSM,85592,
27193898,Sdu Uitgevers B.V.,2016,RSM,5814,
12023533,Pulse Automation Experts B.V.,2016,RSM,70102,
24243383,Pecas Holding B.V.,2017,RSM,6420,
37126487,Stichting Dolfinn,2017,RSM Netherlands,94997,
64382184,Stichting Foundation for Auditing Research,2019,RSM,85599,
30158407,Gotcha B.V.,2018,RSM,70102,
30158407,Gotcha B.V.,2019,RSM,70102,
66146216,Coöperatie Jeugd Veilig Verder U.A.,2018,RSM,,
24255575,Kamera Express Rotterdam B.V.,2018,RSM Netherlands,47781,
57588805,LivePerson Netherlands B.V.,2017,RSM,62100,
41216606,Stichting Human Rights Watch Nederland,2019,RSM Netherlands,94996,
41216606,Stichting Human Rights Watch Nederland,2018,RSM Netherlands,94996,
41216606,Stichting Human Rights Watch Nederland,2017,RSM Netherlands,94996,
08023280,Bikeurope B.V.,2018,RSM Netherlands,46491,
59093730,Subway International Holdings B.V.,2019,RSM,64210,
51176157,Group One B.V.,2019,RSM Netherlands,64210,
51176157,Group One B.V.,2018,RSM Netherlands,64210,
59663863,Textkernel B.V.,2018,RSM,72100,
37086168,Telemax B.V.,2015,RSM,64210,
64762602,Open Line Holding B.V.,2018,RSM,,
69652201,HL Revelations B.V.,2019,RSM Netherlands,64210,
56874987,Nederlandse beroepsorganisatie van accountants,2018,RSM,94120,
56874987,Nederlandse beroepsorganisatie van accountants,2016,RSM,94120,
56874987,Nederlandse beroepsorganisatie van accountants,2019,RSM,94120,
63664534,Dutch Finco B.V.,2019,RSM,64210,
14016243,Open Line Managed Services B.V.,2018,RSM Netherlands,70201,
37013402,De Waard Beheer B.V.,2018,RSM Netherlands,64210,
37013402,De Waard Beheer B.V.,2018,RSM Netherland,64210,
37013402,De Waard Beheer B.V.,2019,RSM,64210,
34201725,Optima Mobility Holding B.V.,2019,RSM,64210,
33257286,Vitrac B.V.,2017,RSM,64210,
13025715,P.J. Mussers Beheer B.V.,2018,RSM Nederland,68203,
51448963,KMG5 B.V.,2018,RSM,64210,
08021689,TKB Holding B.V.,2019,RSM,64210,
37109671,CLB Holding B.V.,2019,RSM,70102,
20083292,SodaStream International B.V.,2017,RSM,11070,
66738598,Sabaneta Holding B.V.,2019,RSM,64210,
70857369,Lensflare B.V.,2019,RSM,64210,
62249347,Coöperatie Medisch Specialistisch Bedrijf St. Anna Zorggroep U.A.,2018,RSM,86221,
34055646,Waterdrinker Aalsmeer B.V.,2019,RSM Netherlands,46220,
34055646,Waterdrinker Aalsmeer B.V.,2018,RSM,46220,
34055646,Waterdrinker Aalsmeer B.V.,2019,RSM,46220,
24179173,Tronox Pigments (Holland) B.V.,2017,RSM,20120,
14619476,GeoMon Holding B.V.,2018,RSM,64210,
35021979,SCM Group Nederland B.V.,2019,RSM,46620,
32072801,Medicom Healthcare Holding B.V.,2019,RSM,64210,
05072417,ENERCON Services Netherlands B.V.,2016,RSM,28110,
05072417,ENERCON Services Netherlands B.V.,2019,RSM,28110,
32055487,Roularta Media Nederland,2018,RSM,58130,
32055487,Roularta Media Nederland,2019,RSM,58130,
36030163,Dekker Chrysanten B.V.,2018,RSM,01192,
24248370,Maas-Riva B.V.,2019,RSM,46647,
34319565,Subway Franchisee Advertising Fund Trust B.V.,2019,RSM Netherlands,73110,
56706987,"JAMF Software Atlantic, B.V.",2018,RSM,62100,
14629395,Frijns Holding II B.V.,2018,RSM,64210,
54055350,Mettom Holding B.V.,2018,RSM,66300,
54055350,Mettom Holding B.V.,2019,RSM,66300,
66992443,Actos Groep B.V.,2019,RSM Netherlands,64210,
64822974,Drive Holding B.V.,2018,RSM,64210,
64822974,Drive Holding B.V.,2019,RSM,64210,
24085584,Hellmann Worldwide Logistics B.V.,2018,RSM,52260,
34235335,Guidion Nederland B.V.,2015,RSM,95100,
54121213,GINAF Trucks Nederland B.V.,2018,RSM Netherlands,,
54121213,GINAF Trucks Nederland B.V.,2017,RSM Netherlands,,
18076069,Hardinge Machine Tools B.V.,2017,RSM,46620,
14024502,Van de Kreeke Beheer B.V.,2019,RSM,64210,
30162108,Syneos Health Netherlands B.V.,2018,RSM,72100,
32050143,J.J. van der Lans Handels & Beleggingsmaatschappij B.V.,2019,RSM,64210,
58304746,Hot ITem Holding B.V.,2018,RSM Netherlands,64210,
34287700,Netafim Coöperatie U.A.,2018,RSM,64310,
24257609,"""De Zaak"" Holding B.V.",2019,RSM,64210,
53950275,TMA Holding B.V.,2015,RSM,64210,
34157357,Liftinstituut Holding B.V.,2018,RSM,64210,
62394134,Twelve,2019,RSM,64210,
57319332,Bridge Polymers The Netherlands B.V.,2018,RSM Nederland,46869,
34232975,Kuijtmans Investments B.V.,2018,RSM,64923,
34232975,Kuijtmans Investments B.V.,2019,RSM,64923,
56021372,Slava Beheer B.V.,2018,RSM,64210,
76677109,Breens Network B.V.,2019,RSM Netherlands,64210,
53131576,RB Holding B.V.,2019,RSM,49410,
67171966,Vermeer International Holdings B.V,2018,RSM,64210,
52893731,Stepan Specialty Products B.V.,2019,RSM,10860,
34054788,Will-Pharma B.V.,2019,RSM,46461,
51642603,DUPI Group B.V.,2018,RSM,64210,
51642603,DUPI Group B.V.,2019,RSM Netherlands,64210,
63663732,Future Facts B.V.,2018,RSM Netherlands,70201,
55901964,FairPhone B.V.,2018,RSM,62900,
14627531,Hilton Beheer B.V.,2019,RSM,64210,
52732037,Pentaqua B.V.,2018,RSM,64210,
33045750,Houthandel Goedkoop B.V.,2015,RSM,46831,
30079454,Hofpoort Holding Utrecht B.V.,2018,RSM Netherlands,70102,
17137217,Anteryon B.V.,2018,RSM Nederland,26700,
27220155,Thermon Europe B.V.,2018,RSM,71120,
60328061,LYB Recycling NL B.V.,2018,RSM,20160,
13041415,AB Werkt Holding B.V.,2019,RSM,64210,
24196306,Koninklijke LV Logistics,2018,RSM,64210,
39059406,Rohaka B.V.,2018,RSM,70102,
39059406,Rohaka B.V.,2019,RSM,70102,
14036032,Loven Beheer Nederland B.V.,2018,RSM,64210,
37138210,Rodemajo B.V.,2015,RSM,64210,
34204804,MRC Holland B.V.,2017,RSM,20590,
37128221,Lightweight Containers B.V.,2018,RSM Netherlands,22220,
37128221,Lightweight Containers B.V.,2019,RSM,22220,
34210148,Het Nieuwe Land B.V.,2015,RSM Nederland,66300,
34210148,Het Nieuwe Land B.V.,2019,RSM,66300,
34224746,Levi 9 Global Sourcing Benelux B.V.,2018,RSM,62100,
24389295,Forvis Mazars Holding N.V.,2019,RSM,70102,
18042072,TCD Consultants B.V.,2019,RSM,,
14072662,Lybrae Nederland B.V.,2019,RSM,71120,
63629178,AWWG Investments B.V.,2019,RSM,64210,
30093466,&Samhoud Fun Factory,2019,RSM,64210,
51104873,UBM Hotel Zuidas B.V.,2018,RSM,55101,
70167524,We Are You B.V.,2019,RSM,,
02083147,QPS Netherlands B.V.,2017,RSM,72100,
39034113,Van Wijk Nederland B.V.,2019,RSM,28220,
20059416,Kyocera Aerfast Europe B.V.,2018,RSM Netherlands,,
22035641,Hillfresh International B.V.,2019,RSM,46311,
37117838,Eurokeg B.V.,2019,RSM Netherlands,22220,
37001062,Royal ZAP,2017,RSM,,
24279313,Enerflex Holding Company NL B.V.,2016,RSM,28130,
24400318,Exterran Services B.V.,2018,RSM,28120,
61380253,Cycas Hotel Partners B.V.,2018,RSM Netherlands,70201,
34347389,Midstream Holding B.V.,2018,RSM,64210,
34252037,PWC Logistics Services Holding B.V.,2018,"RSM,E&Y",64210,
13003129,Beheersmaatschappij Bergia Frites B.V.,2018,RSM,64210,
13003129,Beheersmaatschappij Bergia Frites B.V.,2019,RSM Netherlands,64210,
34044970,Royal Burgers B.V.,2018,RSM,29202,
59374160,Olmenstaete Holding B.V.,2018,RSM Netherlands,,
65022084,Dies Invest B.V.,2018,RSM Netherlands,,
69739927,PBT Holding B.V.,2019,RSM,64210,
34035205,Bertus-Dekker Seafood B.V.,2018,RSM,46322,
51112329,One Uitzendbureau B.V.,2018,RSM,78201,
33298434,VPR Energy B.V.,2019,RSM,19200,
32069087,Invue Security Products B.V.,2019,RSM,46645,
34223562,Exter B.V.,2018,RSM,10890,
34223562,Exter B.V.,2019,RSM Netherlands,10890,
12032784,Incopet B.V.,2017,RSM,64210,
12032784,Incopet B.V.,2016,RSM,64210,
36027178,Bloembollenbedrijf Jan de Wit en Zonen B.V.,2019,RSM Netherlands,46220,
34063670,Bloemen- en Plantengroothandel Anton van der Hoorn B.V.,2017,RSM Netherlands,46220,
34063670,Bloemen- en Plantengroothandel Anton van der Hoorn B.V.,2018,RSM,46220,
24346310,PPD (Netherlands) B.V.,2019,RSM,72100,
33220078,Diplomat Properties B.V.,2019,RSM Netherlands,64923,
34134959,Scholte & De Vries Holding B.V.,2015,RSM,6420,
34049825,Intergrafipak B.V.,2015,RSM,18129,
33228050,Ball Horticultural B.V.,2015,RSM,6420,
60667249,Driepuntnul B.V.,2015,RSM,6420,
13027536,Molenaar Management B.V.,2015,RSM,6420,
14046701,Convest B.V.,2017,RSM,6420,
34232975,Kuijtmans Investments B.V.,2017,RSM Netherlands,64923,
61801941,Huib Bakker Bouwgroep B.V.,2016,RSM,6420,
35008994,Sollas Holland B.V.,2017,RSM,2829,
37071642,allservices Distribution B.V.,2017,RSM,4652,
27284558,Johnson Health Tech. Netherlands B.V.,2017,RSM,3230,
24429800,Keen Europe Outdoor B.V.,2017,RSM,46423,
60947020,ARI Europe Coöperatief U.A.,2016,RSM,6420,
24314655,C.RO Ports Nederland B.V.,2017,RSM,52241,
02083147,QPS Netherlands B.V.,2016,RSM,72193,
34253389,CrisisCare B.V.,2016,RSM,86222,
24140008,Stadsherstel Historisch Rotterdam N.V.,2016,RSM,68203,
62888315,Da Vinci Group B.V.,2016,RSM Nederland,6420,
35026373,Huig Haverlag Printing & Digitale Producties B.V.,2017,RSM,18129,
33137981,Unico Beheer B.V.,2017,RSM,6420,
12038026,VP Group B.V.,2017,RSM,2120,
34128041,Linnaeus Investment B.V.,2017,RSM,6420,
33246230,SLB Diensten B.V.,2017,RSM,8560,
34160296,CTSN Group B.V.,2016,RSM,64301,
27106359,Quinta Bliss B.V.,2016,RSM,70102,
64128687,IMV Holding B.V.,2017,RSM,46382,
34321995,HBB O & R B.V.,2017,RSM,6420,
14629395,Frijns Holding II B.V.,2016,RSM,6420,
34210148,Guidion International B.V.,2016,RSM,6630,
34184617,Stichting Zorg Ondersteuning Nederland,2017,RSM Netherlands,88101,
34063603,Abeko B.V.,2016,RSM,43999,
34202378,Kofschip B.V.,2017,RSM,6420,
17119298,Kemie Groep B.V.,2017,RSM,6420,
27319801,Leonis Investments B.V.,2017,RSM,64923,
58932089,Baerbergh Holding B.V.,2017,RSM,6420,
51464993,Allers Automotive B.V.,2016,RSM,6420,
34035205,Bertus-Dekker Seafood B.V.,2015,RSM,46382,
37043177,Baliken Holding B.V.,2015,RSM,64922,
30195304,Weex B.V.,2015,RSM,70102,
27319801,Leonis Investments B.V.,2016,RSM Nederland,64923,
17167501,Goss Contiweb B.V.,2016,RSM Nederland,2899,
17191587,Ricfile Holding B.V.,2016,RSM,6420,
36050407,Vercom International B.V.,2016,RSM,46696,
14028196,Wegenbouw van de Kreeke N.V.,2017,RSM,42111,
13003129,Beheersmaatschappij Bergia Frites B.V.,2016,RSM Nederland,6420,
14050833,Parkstad Limburg Theaters N.V.,2016,RSM,90041,
59935146,ARIX B.V.,2016,RSM,6420,
27152259,Leeuwendaal Advies B.V.,2016,RSM Nederland,70221,
37071642,allservices Distribution B.V.,2016,RSM,4652,
10023226,Protempo B.V.,2016,RSM,46694,
59935146,ARIX B.V.,2015,RSM Nederland,6420,
27169928,Stichting Spieren voor Spieren,2016,RSM,94993,
36038715,Jomarpa Holding B.V.,2016,RSM,6420,
58173757,Hillfresh Holding B.V.,2016,RSM,6420,
27319801,Leonis Investments B.V.,2015,RSM,64923,
58290893,MECC Maastricht B.V.,2018,RSM,8230,
34184617,Stichting Zorg Ondersteuning Nederland,2016,RSM,88101,
14064357,Guus Limpens Holding B.V.,2018,RSM Netherlands,70102,
14064357,Guus Limpens Holding B.V.,2019,RSM,70102,
66252423,Neoma Fertiliser Holdings B.V.,2019,RSM,6420,
34118212,Stichting de hond kan de was doen,2018,RSM Netherlands,94992,
34118212,Stichting de hond kan de was doen,2019,RSM Netherlands,94992,
12058128,Proactief B.V.,2018,RSM,64210,
24315295,Continental Juice B.V.,2019,RSM Netherlands,46340,
32079946,Amarant Bakkersholding B.V.,2019,RSM,10710,
33267293,Lainco Holding N.V.,2018,RSM Netherlands,,
33267293,Lainco Holding N.V.,2019,RSM,,
53883586,AHR International Hotel Supply Company Coöperatief U.A.,2016,RSM Netherlands,,
30111711,Colson Europe B.V.,2018,RSM,,
64762602,Open Line Holding B.V.,2019,RSM,,
61919705,De Geus Bouw B.V.,2018,RSM,41000,
34321995,HBB O & R B.V.,2018,RSM,64210,
34321995,HBB O & R B.V.,2019,RSM,64210,
63069636,Habets-van de Kreeke Holding B.V.,2019,RSM,,
41076576,Openbare Bibliotheek Meerssen,2019,RSM,91111,
66025532,NINE & Co B.V.,2019,RSM Netherlands,,
27198926,Stichting Toekomstbeeld der Techniek,2018,RSM,94997,
27198926,Stichting Toekomstbeeld der Techniek,2019,RSM,94997,
73712760,Maxcar Holding B.V.,2018,RSM,64210,
63668483,Grupo Valle de Paramo B.V.,2015,RSM,64210,
60667249,Driepuntnul B.V.,2018,RSM,64210,
63495937,Stichting de CLiCK tussen mens en hulphond,2019,RSM Netherlands,94997,
65593472,Sports Unlimited Retail B.V.,2019,RSM,47633,
51493640,Pinnacle B.V.,2019,RSM,64210,
34340740,Boluda Offshore B.V.,2019,RSM,64210,
34229828,Iskes Holding B.V.,2018,RSM,68110,
34229828,Iskes Holding B.V.,2019,RSM,68110,
34229828,Iskes Holding B.V.,2019,RSM Netherlands,68110,
34210148,Het Nieuwe Land B.V.,2018,RSM,66300,
18068920,Petrol Industries B.V.,2019,RSM,46421,
37133488,De Waard Transport B.V.,2018,RSM,49410,
61801941,Huib Bakker Bouwgroep B.V.,2018,RSM,64210,
37128221,Lightweight Containers B.V.,2018,RSM,22220,
28076276,International Hotel Supply Company,2019,RSM Netherlands,46450,
37047533,Aannemingsmaatschappij De Geus B.V.,2019,RSM,41000,
41186095,Stichting Bevrijdingsfestival Utrecht,2017,RSM,90392,
64538109,Steunstichting Het Rotterdamse Zeilschip,2018,RSM,91220,
33181303,De Luwe Hoek B.V.,2018,RSM,64210,
61173851,Shutterstock Netherlands B.V.,2018,RSM,64210,
28051741,J Resources Netherland B.V.,2019,RSM,64210,
34083586,Folat B.V.,2019,RSM,46499,
27169928,Stichting Spieren voor Spieren,2018,RSM,94993,
52761525,CGS Global Holdings Cooperatief U.A.,2018,RSM,64210,
30163617,Bekir Holding B.V.,2017,RSM,64210,
12038026,Indicator Systems,2018,RSM,21200,
12038026,Indicator Systems,2019,RSM,21200,
24243383,Pecas Holding B.V.,2019,RSM,64210,
34180943,ADM Specialty Ingredients (Europe) B.V.,2017,RSM,46110,
34160296,CTSN Group B.V.,2019,RSM,64310,
16040110,Inraco Nederland B.V.,2018,RSM,70102,
74259601,inlumi holding B.V.,2019,RSM Netherlands,64210,
66289025,Vitol Finance Ghana B.V.,2019,RSM,,
34166216,Rovilia Holding B.V.,2019,RSM,64210,
33224552,Karioka,2016,RSM,68110,
33183646,Mascha Beheer B.V.,2017,RSM,64210,
22022618,Vermeer International B.V.,2015,RSM,28300,
22022618,Vermeer International B.V.,2018,RSM,28300,
22022618,Vermeer International B.V.,2019,RSM,28300,
33272219,Pepe Jeans Europe B.V.,2019,RSM,46421,
32119821,Fintramed Holding B.V.,2017,RSM,64210,
14069815,Open Line B.V.,2015,RSM,70202,
14069815,Open Line B.V.,2018,RSM,70202,
63895250,Meatstreet Group B.V.,2018,RSM,64210,
57689377,Comfeed Finance B.V.,2015,RSM,,
11021815,AGC Nederland Holding B.V.,2019,RSM Netherlands,70102,
67540813,The Investors B.V.,2018,RSM,64210,
37046406,Jan Doets Budget Tours B.V.,2015,RSM,79110,
37046406,Jan Doets Budget Tours B.V.,2016,RSM,79110,
27193898,Lefebvre Sdu B.V.,2019,RSM,62100,
30127522,OSN Nederland B.V.,2018,RSM,,
30189666,Valori Business Support Services B.V.,2018,RSM,,
10023153,Vleeswarenfabriek Henri van de Bilt B.V.,2018,RSM,10130,
57698104,Comfeed Trading B.V.,2018,RSM,,
34363636,Ennis Paint B.V.,2015,RSM,,
24335736,Laudame Financials B.V.,2017,RSM,78202,
16043966,A. en P. de Graaff Beheer B.V.,2017,RSM Nederland,70102,
34253389,CrisisCare B.V.,2018,RSM,86222,
34229828,Iskes Holding B.V.,2017,RSM Netherlands,6810,
13042172,Moonen Beheer B.V.,2016,RSM,6420,
34063603,Abeko B.V.,2015,RSM,43999,
14099348,Stichting Cultura Nova,2018,RSM Nederland,9002,
14099348,Stichting Cultura Nova,2017,RSM Nederland .,9002,
36046956,J.W. Equipment Works B.V.,2018,RSM Netherlands,70221,
22035641,Hillfresh International B.V.,2016,RSM,46311,
13004519,Schmitz Holding B.V.,2018,RSM Netherlands,6420,
66870232,Hot ITem Groep B.V.,2018,RSM,6420,
41222330,Stichting Nota 70,2016,RSM,88999,
41222330,Stichting Nota 70,2019,RSM,88999,
64382184,Stichting Foundation for Auditing Research,2017,RSM,85599,
64382184,Stichting Foundation for Auditing Research,2018,RSM,85599,
12023533,Pulse Automation Experts B.V.,2018,RSM,,
30131087,JCS Investments B.V.,2018,RSM,64210,
63664534,Dutch Finco B.V.,2018,RSM,64210,
17278337,Soda Ash Holding B.V.,2018,RSM Netherlands,64210,
52893731,Stepan Specialty Products B.V.,2017,RSM,10860,
34054788,Will-Pharma B.V.,2018,RSM,46461,
33173529,Mak Aandrijvingen B.V.,2015,RSM,46643,
17170477,Smits Bedrijven Gemert B.V.,2018,RSM,64210,
34157357,Liftinstituut Holding B.V.,2019,RSM,64210,
69090890,Nordian Acquisition X B.V.,2019,RSM,64210,
30162108,Syneos Health Netherlands B.V.,2017,RSM Netherlands,72100,
30162108,Syneos Health Netherlands B.V.,2019,RSM Netherlands,72100,
35028640,Animo Deliberato B.V.,2019,RSM,66120,
20083292,SodaStream International B.V.,2018,RSM Netherlands,11070,
37050667,JASA Packaging Solutions B.V.,2018,RSM,28290,
05072417,ENERCON Services Netherlands B.V.,2017,RSM,28110,
32072801,Medicom Healthcare Holding B.V.,2018,RSM,64210,
36030163,Dekker Chrysanten B.V.,2018,RSM Netherlands,01192,
71669256,Bersama Holding B.V.,2018,RSM,64210,
71669256,Bersama Holding B.V.,2019,RSM,64210,
34069047,Abeko Beheer B.V.,2018,RSM,64210,
17069193,Lotec B.V.,2018,RSM,43221,
17119298,Kemie Groep B.V.,2018,RSM Netherlands,64210,
17119298,Kemie Groep B.V.,2019,RSM,64210,
55901964,FairPhone B.V.,2019,RSM,62900,
17137217,Anteryon B.V.,2019,RSM,26700,
14049422,H.S.O.F. Beheer B.V.,2018,RSM Nederland,70202,
65996011,Propharma Group Europe B.V.,2019,RSM,64210,
34204804,MRC Holland B.V.,2018,RSM,20590,
34204804,MRC Holland B.V.,2019,RSM,20590,
17064969,Nunner Logistics B.V.,2018,RSM,49410,
24149451,Archer Daniels Midland Europe B.V.,2018,RSM,70201,
24149451,Archer Daniels Midland Europe B.V.,2019,RSM Netherlands,70201,
17101092,Cognizant Technology Solutions Benelux B.V.,2018,RSM Netherlands,64210,
33076760,W. Fris Beheer B.V.,2019,RSM Nederland,70102,
33076760,W. Fris Beheer B.V.,2019,RSM Netherlands,70102,
24369100,Stichting Isai Ma(i)yam,2017,RSM Netherlands,94997,
24389296,Forvis Mazars,2018,RSM Netherlands,69202,
24389296,Forvis Mazars,2019,RSM,69202,
17167501,Contiweb B.V.,2019,RSM Netherlands,28990,
37130072,JASA Group B.V.,2018,RSM,64210,
37130072,JASA Group B.V.,2019,RSM,64210,
24147391,Cemex B.V.,2018,RSM Netherlands,46646,
36009671,P. Dekker en Zn. Holding B.V.,2019,RSM Netherlands,64210,
13025715,P.J. Mussers Beheer B.V.,2017,RSM,68203,
13025715,P.J. Mussers Beheer B.V.,2019,RSM Netherlands,68203,
34235335,Guidion Nederland B.V.,2018,RSM,95100,
34235335,Guidion Nederland B.V.,2019,RSM,95100,
64068633,Convoi Electrical & Automation B.V.,2019,RSM,43212,
09079231,Hellmann Worldwide Logistics Transport B.V.,2019,RSM Netherlands,64210,
61103772,Janssen Maastricht Holding B.V.,2018,RSM,64210,
33228050,Ball Horticultural B.V.,2019,RSM,64210,
37125781,SEW Energy B.V.,2018,RSM,25530,
70857369,Lensflare B.V.,2018,RSM,64210,
50933914,EduCo International Group B.V.,2017,RSM Netherlands,64210,
50933914,EduCo International Group B.V.,2018,RSM Netherlands,64210,
34033650,Woodward Nederland B.V.,2019,RSM Netherlands,70201,
51448963,KMG5 B.V.,2019,RSM,64210,
37109671,CLB Holding B.V.,2018,RSM,70102,
71931961,Bridge Polymers Holding B.V.,2019,RSM Netherlands,64210,
55525695,Zalco B.V.,2019,RSM,24420,
34253389,CrisisCare B.V.,2019,RSM,86222,
17188107,Anteryon International B.V.,2019,RSM,64210,
56706987,"JAMF Software Atlantic, B.V.",2019,RSM,62100,
24235624,Flanderijn Beheer B.V.,2015,RSM,64210,
27159450,NetEconomy,2019,RSM Netherlands,46500,
34238039,Mechanical Power Supply B.V.,2019,RSM,64923,
41201887,Stichting voor de Jaarverslaggeving,2017,RSM Netherlands,58130,
41150933,Trombosestichting Nederland,2018,RSM,72100,
41150933,Trombosestichting Nederland,2019,RSM,72100,
41076439,Stichting Bonnefanten Museum,2019,RSM,91219,
28036654,LEDVANCE Benelux B.V.,2019,RSM,46473,
32035519,Truvion Holding B.V.,2017,RSM,64210,
60316292,LYB CLCS Sales NL B.V.,2019,RSM,46851,
33293820,Subway International B.V.,2019,RSM,77400,
13027536,Molenaar Management B.V.,2019,RSM Netherlands,64210,
72421258,allservices Holdings B.V.,2018,RSM,64210,
34111949,Wegenbouwbedrijf J. Rutte B.V.,2018,RSM Netherlands,42110,
34111949,Wegenbouwbedrijf J. Rutte B.V.,2019,RSM Netherlands,42110,
34238067,Toren Productie B.V.,2019,RSM,64210,
35006854,"B.V. Holding Maatschappij ""Verwachting""",2019,RSM Netherlands,64210,
14099348,Stichting Cultura Nova,2019,RSM Netherlands,90392,
36046757,Beheer- en Beleggingsmaatschappij Jan de Wit en Zonen B.V.,2018,RSM,70102,
56171048,Konekta Services B.V.,2018,RSM Netherlands,78201,
34128041,Linnaeus Investment B.V.,2018,RSM,64210,
72023155,SEW Holding B.V.,2019,RSM,64210,
17280777,Gemeente Loon op Zand,2018,RSM,84121,
33285473,Europe Interchange B.V.,2017,RSM Netherlands,64210,
41131553,Stichting het Rotterdamse Zeilschip,2016,RSM Rotterdam,91220,
10024266,Goflex Group B.V.,2018,RSM Netherlands,85591,
29011347,Kiela Beheer,2018,RSM Netherlands,64210,
16076151,Delco Beheer B.V.,2019,RSM,64210,
33221355,Ipsen Farmaceutica B.V.,2019,RSM,72100,
73474487,Indicia B.V.,2018,RSM,64210,
12032784,Incopet B.V.,2019,RSM,64210,
12032784,Incopet B.V.,2018,RSM,64210,
58932089,Baerbergh Holding B.V.,2018,RSM,64210,
34228091,ACT Business Solutions B.V. in liquidatie,2018,RSM,70201,
14044287,Rajomi B.V.,2018,RSM Nederland,,
56189060,Aannemingsbedrijf Dozy B.V.,2018,RSM,41000,
51104873,UBM Hotel Zuidas B.V.,2019,RSM,55101,
30093466,&Samhoud Fun Factory,2018,RSM,64210,
27149795,Plusval B.V.,2019,RSM,,
56140142,Viridissimos B.V.,2019,RSM Netherlands,,
14072662,Lybrae Nederland B.V.,2018,RSM,71120,
61380253,Cycas Hotel Partners B.V.,2019,RSM Netherlands,70201,
10044298,Baho Wijchen B.V.,2018,RSM,46390,
13023167,Bergia Distributiebedrijven B.V.,2019,RSM,10310,
37117838,Eurokeg B.V.,2019,RSM,22220,
20155603,Luxexcel Holding B.V.,2019,RSM,18140,
14618182,Beheersmaatschappij J.P.H.Th. Prickartz Vaals B.V.,2018,RSM,64210,
33060401,Anamet Europe B.V.,2019,RSM,25990,
20169223,Pretium Packaging,2019,RSM Netherlands,22220,
34311486,Mercury Engineering B.V.,2018,RSM,71120,
34311486,Mercury Engineering B.V.,2019,RSM,71120,
24279313,Enerflex Holding Company NL B.V.,2019,RSM,28130,
13004519,Schmitz Holding B.V.,2019,RSM Netherlands,64210,
33254924,Nice to Meat B.V.,2018,RSM,46321,
33254924,Nice to Meat B.V.,2019,RSM,46321,
28102551,Moolenaar B.V.,2019,RSM,46220,
24311532,Justrite Safety Group EMEA B.V.,2018,RSM,46472,
34071516,Lanser's Trio B.V.,2018,RSM,77320,
34114350,Hurco B.V.,2018,RSM,64210,
34341882,FBD International B.V.,2018,RSM Netherlands,64210,
34063670,Bloemen- en Plantengroothandel Anton van der Hoorn B.V.,2019,RSM,46220,
72129832,Dutch Vein Clinic B.V.,2019,RSM,86221,
37091328,He-Ma Holdings B.V.,2018,RSM,70102,
37091328,He-Ma Holdings B.V.,2017,RSM,70102,
36050407,Vercom International B.V.,2018,RSM Netherlands,46646,
24335736,Laudame Financials B.V.,2018,RSM,70201,
24303662,Githoma B.V.,2019,RSM,70201,
41222330,Stichting Nota 70,2020,RSM,88999,
34118212,Stichting de hond kan de was doen,2020,RSM Netherlands,94992,
30158407,Gotcha B.V.,2023,RSM Netherlands,70102,
64382184,Stichting Foundation for Auditing Research,2023,RSM,85599,
75004100,Valori Holding B.V.,2022,RSM Netherlands,6420,
41216606,Stichting Human Rights Watch Nederland,2020,RSM Netherlands,94996,
41216606,Stichting Human Rights Watch Nederland,2021,RSM Netherlands,94996,
41216606,Stichting Human Rights Watch Nederland,2022,RSM Netherlands,94996,
13023167,Bergia Distributiebedrijven B.V.,2023,RSM Netherlands,10310,
41120243,Stichting Wasko,2024,RSM Netherlands,88910,
37035824,J.P. Beemsterboer Food Traders B.V.,2022,RSM Netherlands,46312,
69231796,Incyte Biosciences Distribution B.V.,2023,RSM Netherlands,46461,
37036982,Dozy Holding B.V.,2022,RSM Netherlands,64210,
37036982,Dozy Holding B.V.,2023,RSM Netherlands,64210,
17278337,Soda Ash Holding B.V.,2020,RSM Netherlands,64210,
17278337,Soda Ash Holding B.V.,2022,RSM Netherlands,64210,
61919705,De Geus Bouw B.V.,2021,RSM Netherlands,41000,
34321995,HBB O & R B.V.,2022,RSM Netherlands,64210,
34321995,HBB O & R B.V.,2023,RSM Netherlands,64210,
77093305,People 2.0 Acquisition EMEA B.V.,2021,RSM Netherlands,64310,
59663863,Textkernel B.V.,2020,RSM,72100,
59663863,Textkernel B.V.,2021,RSM Netherlands,72100,
34126607,De ZorgSpecialist B.V.,2020,RSM,86942,
34126607,De ZorgSpecialist B.V.,2022,RSM Netherlands,86942,
34126607,De ZorgSpecialist B.V.,2023,RSM Netherlands,86942,
34126607,De ZorgSpecialist B.V.,2024,RSM Netherlands,86942,
63069636,Habets-van de Kreeke Holding B.V.,2022,RSM Netherlands,,
51112094,One People Services B.V.,2022,RSM Netherlands,78201,
09034552,JCL Logistics Benelux B.V.,2021,RSM Netherlands,49410,
09034552,JCL Logistics Benelux B.V.,2023,RSM Netherlands,49410,
12038026,Indicator Systems,2023,RSM Netherlands,21200,
34070457,W.C.F. Moens Holding B.V.,2023,RSM Netherlands,64210,
73338400,Actos Holding B.V.,2020,RSM,64210,
73338400,Actos Holding B.V.,2023,RSM Netherlands,64210,
37117024,Visie Holding B.V.,2020,RSM,64210,
37117024,Visie Holding B.V.,2022,RSM Netherlands,64210,
34180943,ADM Specialty Ingredients (Europe) B.V.,2020,RSM Netherlands,46110,
84137851,Gebr. Limpens B.V.,2022,RSM,70102,
78483379,SLI Services B.V.,2023,RSM Netherlands,64210,
16076151,Delco Beheer B.V.,2021,RSM Netherlands,64210,
60323167,R&R Mechatronics International B.V.,2022,RSM Netherlands,26510,
60323167,R&R Mechatronics International B.V.,2023,RSM Netherlands,26510,
14096416,Stichting Collectie Bonnefanten Museum,2022,RSM Netherlands,94993,
14043299,Heuschen & Schrouff Foods Group B.V.,2022,RSM Netherlands,70102,
29011347,Kiela Beheer,2020,RSM Netherlands,64210,
29011347,Kiela Beheer,2023,RSM Netherlands,64210,
23042294,Gebotex B.V.,2023,RSM Netherlands,46879,
76494519,New Packaging Group B.V.,2024,RSM Netherlands,64210,
69328811,Coöperatie AB Werkt Zuid-Nederland U.A.,2023,RSM Netherlands,74990,
14069815,Open Line B.V.,2024,RSM Netherlands,70202,
61801941,Huib Bakker Bouwgroep B.V.,2020,RSM,64210,
61801941,Huib Bakker Bouwgroep B.V.,2023,RSM Netherlands,64210,
18030400,Uitgeverij Zwijsen,2024,RSM,58110,
68805039,Maverick Derivatives B.V.,2022,RSM Netherlands,66300,
68805039,Maverick Derivatives B.V.,2023,RSM Netherlands,66300,
68805039,Maverick Derivatives B.V.,2024,RSM Netherlands,66300,
75293404,Marev B.V.,2022,RSM,64210,
75293404,Marev B.V.,2021,RSM,64210,
75293404,Marev B.V.,2023,RSM Netherlands,64210,
37089153,Nebig International B.V.,2024,RSM Netherlands,46646,
30119255,Fluor Tubing Holding B.V.,2021,RSM Netherlands,70102,
71935568,Mako Derivatives Amsterdam B.V.,2024,RSM Netherlands,64210,
30179673,Sustainalytics B.V.,2022,RSM Netherlands,72200,
17109876,Newland Europe B.V.,2024,RSM Netherlands,46500,
33205832,Trust Krediet Beheer (TKB),2020,RSM,82910,
33205832,Trust Krediet Beheer (TKB),2021,RSM Netherlands,82910,
33205832,Trust Krediet Beheer (TKB),2022,RSM Netherlands,82910,
33205832,Trust Krediet Beheer (TKB),2023,RSM Netherlands,82910,
24355320,Graphite International B.V.,2023,RSM,20130,
23047335,IG Design Group Europe B.V.,2023,RSM Netherlands,64210,
34210148,Het Nieuwe Land B.V.,2020,RSM Netherlands,66300,
34210148,Het Nieuwe Land B.V.,2021,RSM Netherlands,66300,
33045750,Houthandel Goedkoop B.V.,2023,RSM Netherlands,46831,
55762522,Meemaken B.V.,2024,RSM Netherlands,64210,
66289025,Vitol Finance Ghana B.V.,2020,RSM,,
75206595,5CA Holding B.V.,2024,RSM Netherlands,70102,
34083586,Folat B.V.,2020,RSM Netherlands,46499,
34083586,Folat B.V.,2024,RSM Netherlands,46499,
69917558,Forsyth Infrastructure Euro Holdings B.V.,2020,RSM,64210,
69917558,Forsyth Infrastructure Euro Holdings B.V.,2023,RSM Netherlands,64210,
10145305,HempFlax Group B.V.,2020,RSM,64310,
10145305,HempFlax Group B.V.,2022,RSM Netherlands,64310,
52859231,ESB European Steel Business Group B.V.,2022,RSM Netherlands,64210,
24288673,BYD Europe B.V.,2021,RSM Netherlands,46710,
32079946,Amarant Bakkersholding B.V.,2024,RSM Netherlands,10710,
24322870,Total Safety B.V.,2023,RSM,46630,
10023226,Protempo B.V.,2020,RSM,46644,
10023226,Protempo B.V.,2022,RSM Netherlands,46644,
10023226,Protempo B.V.,2024,RSM Netherlands,46644,
36051246,De Veken B.V.,2022,RSM,64210,
36051246,De Veken B.V.,2024,RSM Netherlands,64210,
33181303,De Luwe Hoek B.V.,2020,RSM,64210,
33181303,De Luwe Hoek B.V.,2022,RSM Netherlands,64210,
14031620,Leco Europe B.V.,2020,RSM Netherlands,52109,
34238067,Toren Productie B.V.,2022,RSM,64210,
37087436,De Bock Maritiem B.V.,2023,RSM Netherlands,64210,
34278679,Beverwijk Microtechniek B.V.,2024,RSM Netherlands,64923,
62865498,Stichting Méér Muziek in de Klas,2024,RSM Netherlands,94995,
55560180,Imdex Global B.V.,2022,RSM Netherlands,28920,
85189014,Vialto Partners Netherlands B.V.,2024,RSM Netherlands,69204,
22054131,CLdN Cargo B.V.,2022,RSM Netherlands,52241,
22054131,CLdN Cargo B.V.,2023,RSM Netherlands,52241,
70126313,Eversheds Sutherland (Netherlands) B.V.,2023,RSM Netherlands,69101,
75728389,Nieto Holding B.V.,2020,RSM,64210,
75728389,Nieto Holding B.V.,2021,RSM Netherlands,64210,
39054351,MRC Global (Netherlands) B.V.,2024,RSM Netherlands,46644,
84105259,Sphinx Holdco B.V.,2023,RSM Netherlands,64210,
34112048,Smith & Associates Europe B.V.,2020,RSM Netherlands,46500,
27345062,B&K Holding B.V.,2022,RSM Netherlands,70101,
27345062,B&K Holding B.V.,2024,RSM Netherlands,70101,
18068920,Petrol Industries B.V.,2021,RSM Netherlands,46421,
18068920,Petrol Industries B.V.,2024,RSM Netherlands,46421,
34189319,Power Integrations Netherlands B.V.,2023,RSM Netherlands,82990,
34054477,Harsco Europa B.V.,2021,RSM Netherlands,64210,
75318458,VZM Holding B.V.,2024,RSM Netherlands,64210,
20028666,BG Retail B.V.,2024,RSM ; Lucien Zouary & Associes ; Paper Audit & Conseil,70102,
08115754,Pluto Sport Europe B.V.,2020,RSM,47633,
08115754,Pluto Sport Europe B.V.,2021,RSM,47633,
08115754,Pluto Sport Europe B.V.,2022,RSM Netherlands,47633,
08115754,Pluto Sport Europe B.V.,2023,RSM Netherlands,47633,
68805039,Maverick Derivatives B.V.,2025,RSM Netherlands,66300,
70347875,Folat Group Holding B.V.,2022,RSM Netherlands,64210,
70347875,Folat Group Holding B.V.,2023,RSM Netherlands,64210,
70347875,Folat Group Holding B.V.,2024,RSM Netherlands,64210,
27110990,PA Consulting Services B.V.,2020,RSM Netherlands,70202,
27106359,Quinta Bliss B.V.,2023,RSM Netherlands,70102,
51486075,Gemeente Simpelveld,2022,RSM Netherlands,84110,
36031511,Nijdra Beheer B.V.,2022,RSM Netherlands,64210,
36031511,Nijdra Beheer B.V.,2023,RSM Netherlands,64210,
41197444,Stichting SEO Economisch Onderzoek,2023,RSM Netherlands,72200,
72316403,Showdown Displays Europe Holding B.V.,2023,RSM Netherlands,64210,
87249669,Tesla NL Holdings B.V.,2023,RSM Netherlands,64210,
27366517,Mapiq B.V.,2022,RSM Netherlands,62100,
24412411,Dossche Mills B.V.,2023,RSM,10610,
32094029,Alpine Nederland B.V.,2023,RSM Netherlands,46462,
32094029,Alpine Nederland B.V.,2024,RSM Netherlands,46462,
17025337,Valmont Nederland B.V.,2024,RSM Netherlands,25110,
27319801,Leonis Investments B.V.,2020,RSM,64923,
27319801,Leonis Investments B.V.,2021,RSM Netherlands,64923,
69060355,Getronics Group B.V.,2024,RSM Netherlands,70101,
33080986,Eagleville Group B.V.,2024,RSM Netherlands,64210,
34160296,CTSN Group B.V.,2022,RSM; Aca Nexia,64310,
84322179,Armonia Benelux B.V.,2023,KPMG ; RSM,64210,
37055831,N.M. Heilig Vastgoed B.V.,2024,RSM Netherlands,68203,
37133488,De Waard Transport B.V.,2023,RSM Netherlands,49410,
41222233,SAHZ Apotheek SZ Hoofddorp,2022,RSM Netherlands,,
75178079,Van Dam International Holding B.V.,2023,RSM,64923,
83886893,Superflower Topholding B.V.,2024,RSM Netherlands,64210,
12022013,Velmans B.V.,2022,RSM Netherlands,70102,
34139006,Morningstar Holland,2024,RSM Netherlands,63920,
89988663,Gebhardt Special Parts B.V.,2024,RSM,64210,
16040110,Inraco Nederland B.V.,2020,RSM,70102,
54875625,Corsearch B.V.,2024,RSM,73200,
76628248,Meatstreet OG B.V.,2023,RSM Netherlands,46321,
58427260,Asset Control Holdings B.V.,2022,RSM UK,,
56189060,Aannemingsbedrijf Dozy B.V.,2022,RSM Netherlands,41000,
63895250,Meatstreet Group B.V.,2022,RSM Netherlands,64210,
63895250,Meatstreet Group B.V.,2023,RSM Netherlands,64210,
63895250,Meatstreet Group B.V.,2024,RSM Netherlands,64210,
39059406,Rohaka B.V.,2024,RSM Netherlands,70102,
60605731,Oil India International B.V.,2021,RSM,64210,
24187923,EnerSys Netherlands B.V.,2020,RSM,46649,
72284404,Sensorfact B.V.,2024,RSM Netherlands,46500,
12026588,Velmans Industries Holding B.V.,2022,RSM Netherlands,,
65770013,DGN-Oudorp B.V.,2021,RSM Netherlands,7500,
81725345,K2M Holding B.V.,2020,RSM Netherlands,,
67981674,PG Dutch Holding I B.V.,2022,RSM Netherlands,64210,
77384776,Veburg B.V.,2021,RSM,,
77384776,Veburg B.V.,2020,RSM,,
57588805,LivePerson Netherlands B.V.,2021,RSM Netherlands,62100,
57588805,LivePerson Netherlands B.V.,2020,RSM Netherlands,62100,
57625867,OEP Holdings 10 Coöperatief U.A.,2020,RSM,64210,
57625867,OEP Holdings 10 Coöperatief U.A.,2021,RSM NetherIands,64210,
51176157,Group One B.V.,2020,RSM Netherlands,64210,
66462657,Kenz FG Holding B.V.,2022,RSM Netherlands,64210,
68290055,Mathir B.V.,2022,RSM Netherlands,64210,
68290055,Mathir B.V.,2023,RSM Netherlands,64210,
37055914,Parts & Accessories Traders (Pat) Europe B.V.,2022,RSM Netherlands,46720,
84541512,HBB-BG Holding B.V.,2023,RSM Netherlands,64210,
34263805,VH Holding B.V.,2022,RSM Netherlands,64210,
34263805,VH Holding B.V.,2023,RSM Netherlands,64210,
09042789,Vink Kunststoffen B.V.,2022,RSM Netherlands,22240,
09042789,Vink Kunststoffen B.V.,2023,RSM Netherlands,22240,
64679594,Thermo Finland Holdings MT2 B.V.,2021,RSM Netherlands,,
41225896,Stichting Timpaan,2023,RSM Netherlands,68120,
32079946,Amarant Bakkersholding B.V.,2020,RSM Netherlands,10710,
32079946,Amarant Bakkersholding B.V.,2020,RSM,10710,
32079946,Amarant Bakkersholding B.V.,2020,RSM NetherIands,10710,
32079946,Amarant Bakkersholding B.V.,2021,RSM Netherlands,10710,
32079946,Amarant Bakkersholding B.V.,2023,RSM Netherlands,10710,
28070955,Blokland Holding B.V.,2021,RSM Netherlands,,
33080986,Eagleville Group B.V.,2023,RSM Netherlands,64210,
50416065,XDD Acquisition B.V.,2023,RSM Netherlands,64210,
17089287,AAE Holding B.V.,2023,RSM Netherlands,64210,
24255575,Kamera Express Rotterdam B.V.,2024,RSM Netherlands,47781,
73712760,Maxcar Holding B.V.,2024,RSM Netherlands,64210,
34051730,HBB Groep,2024,RSM Netherlands,41000,
34321995,HBB O & R B.V.,2024,RSM Netherlands,64210,
14016243,Open Line Managed Services B.V.,2024,RSM Netherlands,70201,
17089287,AAE Holding B.V.,2024,RSM Netherlands,64210,
14016243,Open Line Managed Services B.V.,2023,RSM Netherlands,70201,
87089564,Alda Seafood Holding B.V.,2022,RSM Netherlands,64210,
30158407,Gotcha B.V.,2024,RSM Netherlands,70102,
27198926,Stichting Toekomstbeeld der Techniek,2021,RSM Netherlands,94997,
37046448,N.M. Heilig Holding B.V.,2021,RSM Netherlands,64210,
37046448,N.M. Heilig Holding B.V.,2022,RSM Netherlands,64210,
37046448,N.M. Heilig Holding B.V.,2024,RSM Netherlands,64210,
32077312,Media Park Enterprise B.V.,2020,RSM,68120,
32077312,Media Park Enterprise B.V.,2023,RSM Netherlands,68120,
30209582,Van der Wal B.V.,2020,RSM,49410,
09029050,Hadley Custom Rollform NL B.V.,2022,RSM Netherlands,24330,
37130072,JASA Group B.V.,2020,RSM,64210,
69836531,Trust Krediet Beheer Holding B.V.,2021,RSM Netherlands,64210,
69836531,Trust Krediet Beheer Holding B.V.,2024,RSM Netherlands,64210,
24293939,Stichting Worm,2020,RSM Rotterdam,90391,
51464993,TB Truck & Trailer Service Automotive B.V.,2020,RSM,64210,
51464993,TB Truck & Trailer Service Automotive B.V.,2022,RSM Netherlands,64210,
14061938,PC Data B.V.,2021,RSM Netherlands,62200,
17170477,Smits Bedrijven Gemert B.V.,2021,RSM Netherlands,64210,
70829551,BCC Holding B.V.,2021,RSM,47404,
34270853,Meyn Holding B.V.,2022,RSM,64210,
55525695,Zalco B.V.,2023,RSM Netherlands,24420,
18128266,Van Dam International B.V.,2023,RSM Netherlands,70102,
37125512,InWork B.V.,2020,RSM,78100,
34253389,CrisisCare B.V.,2021,RSM Netherlands,86222,
34253389,CrisisCare B.V.,2024,RSM Netherlands,86222,
52280438,Veiligheidsregio Zuid-Limburg,2023,RSM Netherlands,84250,
34235335,Guidion Nederland B.V.,2021,RSM Netherlands,95100,
34235335,Guidion Nederland B.V.,2022,RSM Netherlands,95100,
86301853,Circular IT Holding B.V.,2022,RSM Netherlands,64210,
34201725,Optima Mobility Holding B.V.,2020,RSM Netherlands,64210,
34201725,Optima Mobility Holding B.V.,2022,RSM Netherlands,64210,
24054467,Hallmark Cards Continental Europe B.V.,2021,RSM Netherlands,64210,
24054467,Hallmark Cards Continental Europe B.V.,2024,RSM Netherlands,64210,
66025532,NINE & Co B.V.,2020,RSM,,
65593472,Sports Unlimited Retail B.V.,2022,RSM Netherlands,47633,
52925811,Gemeente Maasgouw,2023,RSM Netherlands,84110,
75197766,Perpetual Next B.V.,2020,RSM Netherlands,38210,
58290893,MECC Maastricht B.V.,2022,RSM Netherlands,82300,
58290893,MECC Maastricht B.V.,2023,RSM Netherlands,82300,
08078214,De Weerd Houtbewerking B.V.,2023,RSM Netherlands,47523,
14050802,Steris Netherlands B.V.,2022,RSM Netherlands,46462,
51493640,Pinnacle B.V.,2021,RSM Netherlands,64210,
17075008,Brutex B.V.,2020,RSM Netherlands,46412,
34093608,Selmers Holding B.V.,2022,RSM Netherlands,64210,
14024502,Van de Kreeke Beheer B.V.,2022,RSM Netherlands,64210,
14024502,Van de Kreeke Beheer B.V.,2023,RSM Netherlands,64210,
34221951,Levi 9 Global Sourcing B.V.,2022,RSM Netherlands,62200,
34221951,Levi 9 Global Sourcing B.V.,2023,RSM Netherlands,62200,
76494519,New Packaging Group B.V.,2022,RSM Netherlands,64210,
80319963,Textkernel Group Holding B.V.,2020,RSM Netherlands,64210,
72284404,Sensorfact B.V.,2023,RSM Netherlands,46500,
14046701,Convest B.V.,2020,RSM,64210,
31020246,Norit Nederland B.V.,2024,RSM Netherlands,20590,
33228050,Ball Horticultural B.V.,2023,RSM Netherlands,64210,
34082277,REY,2021,RSM Netherlands,70102,
38023630,Eukairos Holding B.V.,2021,RSM,64210,
38023630,Eukairos Holding B.V.,2022,RSM Netherlands,64210,
38023630,Eukairos Holding B.V.,2023,RSM Netherlands,64210,
33076760,W. Fris Beheer B.V.,2023,RSM Netherlands,70102,
17072577,Brandfort B.V.,2023,RSM Netherlands,64210,
24369100,Stichting Isai Ma(i)yam,2021,RSM Netherlands,94997,
24369100,Stichting Isai Ma(i)yam,2022,RSM Netherlands,94997,
24369100,Stichting Isai Ma(i)yam,2024,RSM Netherlands,94997,
36009671,P. Dekker en Zn. Holding B.V.,2022,RSM Netherlands,64210,
24149451,Archer Daniels Midland Europe B.V.,2020,RSM Netherlands,70201,
24149451,Archer Daniels Midland Europe B.V.,2024,RSM Netherlands,70201,
24355568,Windenergy Service B.V.,2020,RSM,64210,
12022553,Allers Investments B.V.,2021,RSM Netherlands,70102,
37013402,De Waard Beheer B.V.,2023,RSM Netherlands,64210,
13025715,P.J. Mussers Beheer B.V.,2020,RSM Netherlands,68203,
13025715,P.J. Mussers Beheer B.V.,2022,RSM,68203,
35028640,Animo Deliberato B.V.,2022,RSM,66120,
35028640,Animo Deliberato B.V.,2023,RSM Netherlands,66120,
70213372,CCL Solar B.V.,2023,RSM Netherlands,71120,
77158105,Open Line Holding II B.V.,2024,RSM Netherlands,64210,
52732037,Pentaqua B.V.,2023,RSM,64210,
20052972,Solid Semecs B.V.,2023,RSM,26400,
77090780,Corsearch Netherlands Holding B.V.,2023,RSM UK,64210,
30228378,Stichting IT-donations,2022,RSM Netherlands,94993,
50098977,ILP Holding B.V.,2020,RSM,64210,
34239748,J&D Beheer B.V.,2023,RSM Netherlands,64210,
14044185,Frissland B.V.,2022,RSM Netherlands,70102,
37070494,K_Dekker bouw & infra b.v.,2020,RSM Netherlands,42110,
13042172,Moonen Beheer B.V.,2020,RSM,64210,
37138550,Coen Bakker Deco B.V.,2023,RSM Netherlands,46499,
35021979,SCM Group Nederland B.V.,2020,RSM,46620,
20073363,Amcor Specialty Cartons Brabant B.V.,2022,RSM Netherlands,17211,
20073363,Amcor Specialty Cartons Brabant B.V.,2023,RSM Netherlands,17211,
61925543,Orion Complex Fleets B.V.,2023,RSM Netherlands,95311,
72562269,Abcam (Netherlands) B.V.,2023,RSM Netherlands,64210,
35013634,Jansens & Dieperink B.V.,2023,RSM Netherlands,25220,
36002890,Stago B.V.,2022,RSM Netherlands,25110,
51651866,Gemeente Echt-Susteren,2024,RSM Netherlands,84110,
14093873,Mexma Food B.V.,2022,RSM Netherlands,10710,
14093873,Mexma Food B.V.,2023,RSM Netherlands,10710,
24140008,Stadsherstel Historisch Rotterdam N.V.,2022,RSM Netherlands,68202,
34263673,Poki B.V.,2022,RSM Netherlands,63910,
34263673,Poki B.V.,2023,RSM Netherlands,63910,
71669256,Bersama Holding B.V.,2020,RSM,64210,
17018530,Grasbeemd B.V.,2023,RSM Netherlands,64210,
33226753,Dell Benelux Call Centre,2024,RSM,70201,
87052261,Protempo Beheer B.V.,2023,RSM Netherlands,64210,
87052261,Protempo Beheer B.V.,2024,RSM Netherlands,64210,
37093651,Hartog-Pilkes B.V.,2020,RSM Netherlands,43212,
37093651,Hartog-Pilkes B.V.,2022,RSM Netherlands,43212,
37093651,Hartog-Pilkes B.V.,2023,RSM Netherlands,43212,
24196306,Koninklijke LV Logistics,2024,RSM Netherlands,64210,
60328061,LYB Recycling NL B.V.,2022,RSM Netherlands,20160,
71859950,Twin Disc NL Holding B.V.,2022,RSM,64310,
71859950,Twin Disc NL Holding B.V.,2023,RSM,64310,
41150933,Trombosestichting Nederland,2020,RSM Netherlands,72100,
41150933,Trombosestichting Nederland,2023,RSM Netherlands,72100,
41150933,Trombosestichting Nederland,2024,RSM Netherlands,72100,
13041415,AB Werkt Holding B.V.,2020,RSM Netherlands,64210,
13041415,AB Werkt Holding B.V.,2024,RSM Netherlands,64210,
30079454,Hofpoort Holding Utrecht B.V.,2022,RSM Netherlands,70102,
34204804,MRC Holland B.V.,2021,RSM,20590,
32050143,J.J. van der Lans Handels & Beleggingsmaatschappij B.V.,2020,RSM,64210,
59498803,Orange Capital Partners Holding B.V.,2024,RSM Netherlands,68120,
62394134,Twelve,2020,RSM Netherlands,64210,
62394134,Twelve,2021,RSM,64210,
62394134,Twelve,2023,RSM Netherlands,64210,
56191138,Elevate Services International B.V.,2021,RSM,64210,
54055350,Mettom Holding B.V.,2023,RSM Netherlands,66300,
58137440,ABBT Netherlands B.V.,2020,RSM,77400,
68154461,Q-bital Healthcare Solutions (Netherlands) B.V.,2022,RSM Netherlands,,
86294881,Circular IT Topholding B.V.,2022,RSM Netherlands,64210,
86294881,Circular IT Topholding B.V.,2023,RSM Netherlands,64210,
14049422,H.S.O.F. Beheer B.V.,2020,RSM Netherlands,70202,
14049422,H.S.O.F. Beheer B.V.,2023,RSM Netherlands,70202,
14049422,H.S.O.F. Beheer B.V.,2024,RSM Netherlands,70202,
28036654,LEDVANCE Benelux B.V.,2020,RSM Netherlands,46473,
28036654,LEDVANCE Benelux B.V.,2022,RSM Netherlands,46473,
34032086,Moens Mouldings B.V.,2021,RSM Netherlands,22220,
17119298,Kemie Groep B.V.,2020,RSM,64210,
17119298,Kemie Groep B.V.,2021,RSM,64210,
39059406,Rohaka B.V.,2023,RSM Netherlands,70102,
55901964,FairPhone B.V.,2020,RSM Netherlands,62900,
24160592,ADM Europoort,2021,RSM Netherlands,10410,
24160592,ADM Europoort,2022,RSM Netherlands,10410,
05072417,ENERCON Services Netherlands B.V.,2020,RSM Netherlands,28110,
05072417,ENERCON Services Netherlands B.V.,2023,RSM,28110,
73205451,Qnl B.V.,2024,RSM Netherlands,64210,
24314655,CLdN Ports Netherlands B.V.,2024,RSM Netherlands,52241,
66808006,Bunge Netherlands B.V.,2022,RSM Amsterdam,10410,
24227769,Danfoss B.V.,2020,RSM,43222,
24227769,Danfoss B.V.,2023,RSM Nether1ands,43222,
66870232,Hot ITem Groep B.V.,2020,RSM Netherlands,64210,
66870232,Hot ITem Groep B.V.,2021,RSM Netherlands,64210,
30233838,Vereniging Mantelzorg H.P. Pijpers-Visscher,2020,RSM,94997,
27220155,Thermon Europe B.V.,2020,RSM Netherlands,71120,
41076439,Stichting Bonnefanten Museum,2022,RSM Netherlands,91219,
41076439,Stichting Bonnefanten Museum,2023,RSM Netherlands,91219,
58446052,Waterjet Holdings Netherlands B.V.,2022,RSM,64210,
33221355,Ipsen Farmaceutica B.V.,2022,RSM Netherlands,72100,
34139006,Morningstar Holland,2022,RSM Netherlands,63920,
37122536,Rodi Beheer en Management B.V.,2021,RSM Netherlands,64210,
37122536,Rodi Beheer en Management B.V.,2023,RSM Netherlands,64210,
51642603,DUPI Group B.V.,2021,RSM,64210,
29024687,E.J. Blokland Beheer B.V.,2022,RSM Netherlands,64210,
32072801,Medicom Healthcare Holding B.V.,2022,RSM Netherlands,64210,
24235624,Flanderijn Beheer B.V.,2022,RSM Netherlands,64210,
24235624,Flanderijn Beheer B.V.,2024,RSM Netherlands,64210,
71270124,Lead Healthcare Groep B.V.,2024,RSM Netherlands,70102,
30168847,Asgard B.V.,2020,RSM,74990,
71931961,Bridge Polymers Holding B.V.,2023,RSM Netherlands,64210,
35008994,Sollas Holland B.V.,2022,RSM Netherlands,28290,
34229965,DE RUITER HOLDING B.V.,2020,RSM Netherlands,64210,
34229965,DE RUITER HOLDING B.V.,2023,RSM Netherlands,64210,
14050833,Parkstad Limburg Theaters N.V.,2020,RSM,90310,
37125781,SEW Energy B.V.,2021,RSM,25530,
71291377,Maven Derivatives Amsterdam B.V.,2023,RSM Netherlands,64310,
24248370,Maas-Riva B.V.,2020,RSM Netherlands,46647,
24248370,Maas-Riva B.V.,2022,RSM Netherlands,46647,
24248370,Maas-Riva B.V.,2024,RSM Netherlands,46647,
27106213,Dossche Mills Nederland B.V.,2022,RSM,46218,
33251597,UBA Holding B.V.,2020,RSM Netherlands,64210,
33251597,UBA Holding B.V.,2021,RSM Netherlands,64210,
33251597,UBA Holding B.V.,2022,RSM Netherlands,64210,
33251597,UBA Holding B.V.,2023,RSM Netherlands,64210,
33251597,UBA Holding B.V.,2024,RSM Netherlands,64210,
50933914,EduCo International Group B.V.,2021,RSM Netherlands,64210,
37050667,JASA Packaging Solutions B.V.,2022,RSM,28290,
64822974,Drive Holding B.V.,2021,RSM Netherlands,64210,
64822974,Drive Holding B.V.,2022,RSM Netherlands,64210,
64822974,Drive Holding B.V.,2023,RSM Netherlands,64210,
33245373,Amstelone Beheer B.V.,2020,RSM Netherlands,64210,
33245373,Amstelone Beheer B.V.,2024,RSM Netherlands,64210,
33126976,Anamet Holland B.V.,2023,RSM Netherlands,64210,
66992443,Actos Groep B.V.,2020,RSM Netherlands,64210,
66992443,Actos Groep B.V.,2021,RSM Netherlands,64210,
56021372,Slava Beheer B.V.,2022,RSM Netherlands,64210,
14006292,Habenu-van de Kreeke Vastgoedservice B.V.,2020,RSM Netherlands,41000,
14006292,Habenu-van de Kreeke Vastgoedservice B.V.,2023,RSM Netherlands,41000,
34253386,Minnesota B.V.,2021,RSM Netherlands,64210,
35028787,Ce-Ren Beheer B.V.,2022,RSM Netherlands,64210,
94254427,Leonis Investments II B.V.,2024,RSM Netherlands,64210,
18128349,CLB Integrated Solutions B.V.,2022,RSM Netherlands,46500,
24179173,Tronox Pigments (Holland) B.V.,2022,RSM Netherlands,20120,
34080334,Timpaan Hoofddorp B.V.,2022,RSM Netherlands,68120,
51448963,KMG5 B.V.,2020,RSM,64210,
51448963,KMG5 B.V.,2024,RSM Netherlands,64210,
27225621,Real Estate Business B.V.,2020,RSM,68120,
08021689,TKB Holding B.V.,2024,RSM Netherlands,64210,
17071306,"A.C.E. Ingenieurs en Adviesbureau, Werktuigbouw en Electrotechniek B.V.",2023,RSM Netherlands,71120,
14043670,Heuschen & Schrouff Oriental Foods Trading B.V.,2024,RSM Netherlands,46382,
67501435,Orchidaceae B.V.,2021,RSM Netherlands,64210,
32100016,Redwise Marine Holding N.V.,2022,RSM Netherlands,64210,
32100016,Redwise Marine Holding N.V.,2023,RSM Netherlands,64210,
30195730,Stichting MVO Nederland,2022,RSM Netherlands,94996,
66494478,Primex International B.V.,2022,RSM Netherlands,64210,
66494478,Primex International B.V.,2023,RSM Netherlands,64210,
14099348,Stichting Cultura Nova,2022,RSM,90392,
14099348,Stichting Cultura Nova,2023,RSM Netherlands,90392,
36046757,Beheer- en Beleggingsmaatschappij Jan de Wit en Zonen B.V.,2024,RSM Netherlands,70102,
64604926,Microtechniek Groep B.V.,2020,RSM Netherlands,70101,
64604926,Microtechniek Groep B.V.,2024,RSM Netherlands,70101,
34170535,Pearl Music Europe,2020,RSM Netherlands,46499,
34170535,Pearl Music Europe,2021,RSM,46499,
34170535,Pearl Music Europe,2022,RSM,46499,
35006854,"B.V. Holding Maatschappij ""Verwachting""",2023,RSM Netherlands,64210,
37090815,Futura Composites B.V.,2021,RSM Netherlands,22260,
34128041,Linnaeus Investment B.V.,2022,RSM Netherlands,64210,
14087832,Koobra Invest B.V.,2021,RSM,70102,
13027536,Molenaar Management B.V.,2020,RSM Netherlands,64210,
13027536,Molenaar Management B.V.,2021,RSM Netherlands,64210,
13027536,Molenaar Management B.V.,2023,RSM Netherlands,64210,
24404049,EDmuntend Beheer B.V.,2024,RSM Netherlands,64210,
69238928,Dutch Packaging Group B.V.,2020,RSM Netherlands,70102,
34238039,Mechanical Power Supply B.V.,2021,RSM,64923,
14131922,Gemeentehuis Vaals,2024,RSM Netherlands,84121,
24358679,Steel-Link B.V.,2020,RSM Netherlands,46822,
58173757,Hillfresh Holding B.V.,2020,RSM,64210,
58173757,Hillfresh Holding B.V.,2022,RSM Netherlands,64210,
24427928,Fabo Beheer B.V.,2023,RSM Netherlands,64210,
24427928,Fabo Beheer B.V.,2022,RSM Netherlands,64210,
10024266,Goflex Group B.V.,2021,RSM Netherlands,85591,
10024266,Goflex Group B.V.,2020,RSM Netherlands,85591,
35018312,Econ Beheer B.V.,2022,RSM Netherlands,64210,
35018312,Econ Beheer B.V.,2023,RSM Netherlands,64210,
23071521,Veth Propulsion,2021,RSM Netherlands,33121,
57319332,Bridge Polymers The Netherlands B.V.,2023,RSM Nederland,46869,
37064428,E.P. Vastgoed B.V.,2022,RSM Netherlands,64210,
37064428,E.P. Vastgoed B.V.,2023,RSM Netherlands,64210,
72023155,SEW Holding B.V.,2020,RSM Netherlands,64210,
37053473,Rodi Rotatiedruk B.V.,2021,RSM Netherlands,18110,
24242191,CA Software Holding B.V.,2024,RSM Netherlands,64210,
39034113,Van Wijk Nederland B.V.,2022,RSM Netherlands,28220,
50142224,Xsens Technologies B.V.,2020,RSM Netherlands,46500,
50142224,Xsens Technologies B.V.,2021,RSM Netherlands,46500,
37065488,Cepeja Beheer B.V.,2024,RSM Netherlands,64210,
02083147,QPS Netherlands B.V.,2022,RSM Netherlands,72100,
02083147,QPS Netherlands B.V.,2023,RSM Netherlands,72100,
30222113,Van der Wal Company B.V.,2024,RSM Netherlands,68110,
69739927,PBT Holding B.V.,2022,RSM Netherlands,64210,
24389295,Forvis Mazars Holding N.V.,2025,RSM Netherlands,70102,
73032816,Stichting MantelzorgNL,2023,RSM Netherlands,94996,
34232975,Kuijtmans Investments B.V.,2024,RSM Netherlands,64923,
84105259,Sphinx Holdco B.V.,2024,RSM Netherlands,64210,
34044970,Royal Burgers B.V.,2020,RSM,29202,
34044970,Royal Burgers B.V.,2022,RSM Netherlands,29202,
24181890,Centric Netherlands B.V.,2023,RSM Netherlands,62200,
17171741,Autocentrum Zuid-Nederland B.V.,2023,RSM Netherlands,47810,
36030163,Dekker Chrysanten B.V.,2024,RSM Netherlands,01192,
51176157,Group One B.V.,2024,RSM Netherlands,64210,
22035641,Hillfresh International B.V.,2021,RSM,46311,
22035641,Hillfresh International B.V.,2022,RSM Netherlands,46311,
05072417,ENERCON Services Netherlands B.V.,2024,RSM Netherlands,28110,
37079728,Demaco Holland B.V.,2020,RSM Netherlands,25110,
37079728,Demaco Holland B.V.,2022,RSM Netherlands,25110,
37079728,Demaco Holland B.V.,2024,RSM Netherlands,25110,
11021815,AGC Nederland Holding B.V.,2020,RSM,70102,
27193898,Lefebvre Sdu B.V.,2021,RSM Netherlands,62100,
27193898,Lefebvre Sdu B.V.,2024,RSM Netherlands,62100,
71586334,GIGA Storage B.V.,2021,RSM Netherlands,35130,
14072662,Lybrae Nederland B.V.,2023,RSM Netherlands,71120,
14072662,Lybrae Nederland B.V.,2024,RSM Netherlands,71120,
34150521,Nmbrs B.V.,2022,RSM Netherlands,69209,
63629178,AWWG Investments B.V.,2022,RSM Netherlands,64210,
63629178,AWWG Investments B.V.,2023,RSM Netherlands,64210,
30043642,Pokon Evergreen B.V.,2022,RSM,46852,
30093466,&Samhoud Fun Factory,2021,RSM Netherlands,64210,
30093466,&Samhoud Fun Factory,2020,RSM Netherlands,64210,
30093466,&Samhoud Fun Factory,2023,RSM Netherlands,64210,
37041327,Dekker Beheermaatschappij Krabbendam B.V.,2020,RSM,64210,
37041327,Dekker Beheermaatschappij Krabbendam B.V.,2023,RSM Netherlands,64210,
71179569,Tower Research Capital Europe B.V.,2022,RSM Netherlands,64310,
24389295,Forvis Mazars Holding N.V.,2020,RSM Netherlands,70102,
24389295,Forvis Mazars Holding N.V.,2021,RSM Netherlands,70102,
24389295,Forvis Mazars Holding N.V.,2022,RSM,70102,
24389295,Forvis Mazars Holding N.V.,2023,RSM Netherlands,70102,
72627069,Tristar Terminals B.V.,2024,E & Y; RSM,64210,
77644301,YQT Health Care B.V.,2020,RSM Netherlands,46461,
05035096,Cyklop Nederland B.V.,2023,RSM,46646,
34159724,Vercom Holding B.V.,2021,RSM Netherlands,64210,
61380253,Cycas Hotel Partners B.V.,2020,RSM,70201,
61380253,Cycas Hotel Partners B.V.,2023,RSM Netherlands,70201,
61380253,Cycas Hotel Partners B.V.,2024,RSM Netherlands,70201,
73032816,Stichting MantelzorgNL,2024,RSM Netherlands,94996,
83131566,Personal Care Holding B.V.,2024,RSM Netherlands,64210,
83071482,Pluto Sport Holding B.V.,2023,RSM Netherlands,64210,
56880227,Ahead Group,2024,RSM Netherlands,,
12038854,TB Truck & Trailer Service Venlo B.V.,2021,RSM,,
12038854,TB Truck & Trailer Service Venlo B.V.,2020,RSM,,
12032784,Incopet B.V.,2021,RSM,64210,
17065244,Gühring Nederland B.V.,2025,RSM Netherlands,46620,
73474487,Indicia B.V.,2022,RSM Netherlands,64210,
73474487,Indicia B.V.,2024,RSM Netherlands,64210,
33298434,VPR Energy B.V.,2020,RSM,19200,
08064339,B & C International B.V.,2022,RSM Netherlands,64210,
75219506,Ranzijn Holding B.V.,2024,RSM Netherlands,64210,
30269670,Vako B.V.,2022,RSM Netherlands,13920,
30269670,Vako B.V.,2023,RSM Netherlands,13920,
73182435,Dutch Electrical Solutions B.V.,2022,RSM Netherlands,64210,
73182435,Dutch Electrical Solutions B.V.,2024,RSM Netherlands,64210,
56602685,Vanmac Vastgoed B.V.,2024,RSM Netherlands,68110,
36009972,G&B Home Living,2020,RSM,46833,
36009972,G&B Home Living,2023,RSM Netherlands,46833,
36009972,G&B Home Living,2024,RSM Netherlands,46833,
37035824,J.P. Beemsterboer Food Traders B.V.,2023,RSM Netherlands,46312,
34247904,Brady B.V.,2025,RSM Netherlands,46499,
93358857,NewCo Stelt B.V.,2024,RSM Netherlands,70102,
14099461,Gezondheidscentrum Heerlen-Zuid B.V.,2025,RSM,86210,
13027536,Molenaar Management B.V.,2024,RSM Netherlands,64210,
27193898,Lefebvre Sdu B.V.,2025,RSM Netherlands,62100,
65763254,Lease 2.0 B.V.,2023,RSM Netherlands,64210,
10044931,Stichting Compassion in World Farming Nederland,2023,RSM Netherlands,94996,
14103147,J.W. Limpens en Zonen B.V.,2025,RSM Netherlands,49410,
65996011,Propharma Group Europe B.V.,2024,RSM Netherlands,64210,
11021815,AGC Nederland Holding B.V.,2024,RSM Netherlands,70102,
34274699,Twinspark B.V.,2025,RSM Netherlands,64210,
34253389,CrisisCare B.V.,2025,RSM Netherlands,86222,
91380200,M2M B.V.,2024,RSM Netherlands,64210,
34093616,Selmers Industrial B.V.,2024,RSM Netherlands,71120,
20155603,Luxexcel Holding B.V.,2020,RSM,18140,
14036099,Langen Holding B.V.,2020,rsm,64210,
14618182,Beheersmaatschappij J.P.H.Th. Prickartz Vaals B.V.,2020,RSM Netherlands,64210,
14618182,Beheersmaatschappij J.P.H.Th. Prickartz Vaals B.V.,2021,RSM,64210,
14618182,Beheersmaatschappij J.P.H.Th. Prickartz Vaals B.V.,2022,RSM,64210,
14618182,Beheersmaatschappij J.P.H.Th. Prickartz Vaals B.V.,2023,RSM Netherlands,64210,
59436433,CHEFS CULINAR,2023,RSM Netherlands,46382,
30109705,Technetix B.V.,2024,RSM Netherlands,46500,
28089096,Max Bögl Nederland B.V.,2022,RSM Netherlands,41000,
34223562,Exter B.V.,2020,RSM Netherlands,10890,
34223562,Exter B.V.,2021,RSM Netherlands,10890,
34223562,Exter B.V.,2024,RSM Netherlands,10890,
33254924,Nice to Meat B.V.,2023,RSM Netherlands,46321,
74561111,ACV Holdings B.V.,2023,RSM Netherlands,64210,
30224998,Balchem B.V.,2024,RSM,64210,
85012122,PMSG Holding B.V.,2024,RSM Netherlands,64210,
14069818,Open Line Consultancy B.V.,2020,RSM Netherlands,46500,
17089287,AAE Holding B.V.,2025,RSM Netherlands,64210,
17178672,Vision Car Lease B.V.,2025,RSM Netherlands,77112,
59475609,Oudezijds B.V.,2024,RSM Netherlands,64923,
02318097,Plixxent B.V.,2024,RSM Netherlands,20160,
33060401,Anamet Europe B.V.,2021,RSM Netherlands,25990,
17059631,Gebr. van de Ven Management B.V.,2023,RSM Netherlands,64210,
34387133,SuperGroup Netherlands Retail B.V.,2020,RSM,47713,
34387133,SuperGroup Netherlands Retail B.V.,2021,RSM Netherlands,47713,
69720010,Lapal Holding B.V.,2025,RSM Netherlands,77111,
37071175,Heilig,2020,RSM Netherlands,25530,
37071175,Heilig,2021,RSM Netherlands,25530,
24279313,Enerflex Holding Company NL B.V.,2022,RSM Netherlands,28130,
30139437,Eurailscout Inspection & Analysis B.V.,2023,RSM Netherlands,42110,
30139437,Eurailscout Inspection & Analysis B.V.,2024,RSM Netherlands,42110,
30206953,Gold Finance & Leasing B.V.,2020,RSM Netherlands,64910,
77223837,Sinoboom B.V.,2023,RSM Netherlands,43990,
63629178,AWWG Investments B.V.,2025,RSM Netherlands,64210,
59498803,Orange Capital Partners Holding B.V.,2025,RSM Netherlands,68120,
69231796,Incyte Biosciences Distribution B.V.,2024,RSM Netherlands,46461,
67171966,Vermeer International Holdings B.V,2025,RSM Netherlands,64210,
28036654,LEDVANCE Benelux B.V.,2025,RSM Netherlands,46473,
24259712,Flanderijn B.V.,2025,RSM Netherlands,69104,
32069087,Invue Security Products B.V.,2024,RSM Netherlands,46645,
69328811,Coöperatie AB Werkt Zuid-Nederland U.A.,2025,RSM Netherlands,74990,
30182723,Stichting Kind & Co Ludens,2024,RSM Netherlands,88910,
54595495,Messem International B.V.,2024,RSM Netherlands,46311,
37041327,Dekker Beheermaatschappij Krabbendam B.V.,2025,RSM Netherlands,64210,
34235335,Guidion Nederland B.V.,2025,RSM Netherlands,95100,
24346310,PPD (Netherlands) B.V.,2024,RSM Netherlands,72100,
33254924,Nice to Meat B.V.,2024,RSM Netherlands,46321,
34189319,Power Integrations Netherlands B.V.,2024,RSM Netherlands,82990,
34063670,Bloemen- en Plantengroothandel Anton van der Hoorn B.V.,2020,RSM Netherlands,46220,
34063670,Bloemen- en Plantengroothandel Anton van der Hoorn B.V.,2024,RSM Netherlands,46220,
24340519,WSI Solutions Europe B.V.,2023,RSM,74990,
14028196,Wegenbouw van de Kreeke N.V.,2021,RSM Netherlands,42110,
24259712,Flanderijn B.V.,2021,RSM Netherlands,69104,
24259712,Flanderijn B.V.,2022,RSM Netherlands,69104,
24259712,Flanderijn B.V.,2024,RSM Netherlands,69104,
24259712,Flanderijn B.V.,2023,RSM Netherlands,69104,
75597926,Huisartsenpraktijk Donk,2025,RSM Netherlands,86210,
24311532,Justrite Safety Group EMEA B.V.,2022,RSM Netherlands,46472,
14016243,Open Line Managed Services B.V.,2025,RSM Netherlands,70201,
34221951,Levi 9 Global Sourcing B.V.,2025,RSM Netherlands,62200,
33297973,Hot ITem B.V.,2020,RSM,70201,
54079241,François Nicolle Hoortoestellen Amsterdam B.V.,2025,RSM Netherlands,47742,
24315295,Continental Juice B.V.,2024,RSM Netherlands,46340,
24464211,Spomed Maatschap,2024,RSM Netherlands,86950,
63907577,ECMS Express (NL) B.V.,2021,RSM Netherlands,52250,
30267018,Praktijkcentrum de Greev,2024,RSM,86210,
29024687,E.J. Blokland Beheer B.V.,2024,RSM Netherlands,64210,
37064428,E.P. Vastgoed B.V.,2024,RSM Netherlands,64210,
28102551,Moolenaar B.V.,2020,RSM,46220,
28102551,Moolenaar B.V.,2022,RSM Netherlands,46220,
28102551,Moolenaar B.V.,2023,RSM Netherlands,46220,
30019658,Terberg Totaal Installaties Utrecht B.V.,2023,RSM Netherlands,43212,
30217273,Goodpack Europe B.V.,2022,RSM,52250,
85189014,Vialto Partners Netherlands B.V.,2025,RSM Netherlands,69204,
69042594,SDI Property (Europe) B.V.,2023,RSM UK,64210,
83931848,Carwash Holding B.V.,2024,RSM Netherlands,70101,
83931848,Carwash Holding B.V.,2025,RSM Netherlands,70101,
14131474,Geneeskundige Gezondheidsdienst Zuid-Limburg,2023,RSM Netherlands,84121,
76628248,Meatstreet OG B.V.,2021,RSM Netherlands,68203,
76628248,Meatstreet OG B.V.,2022,RSM Netherlands,68203,
77594142,Decowraps Europe Holdings B.V.,2020,RSM,64210,
34060333,Zeevishandel Mercuur IJmuiden,2024,RSM Netherlands,46322,
51642603,DUPI Group B.V.,2025,RSM Netherlands,64210,
61203785,Logiqs B.V.,2024,RSM Netherlands,28220,
13003129,Beheersmaatschappij Bergia Frites B.V.,2024,RSM Netherlands,64210,
94254427,Leonis Investments II B.V.,2025,RSM Netherlands,64210,
71648011,React B.V.,2020,RSM,80010,
71648011,React B.V.,2021,RSM Netherlands,80010,
56171048,Konekta Services B.V.,2025,RSM Netherlands,78201,
30224127,Asus Technology Holland,2020,RSM,66191,
24335736,Laudame Financials B.V.,2020,RSM,70201,
67662013,Laudame Participatie B.V.,2023,RSM Netherlands,64210,
24303662,Githoma B.V.,2020,RSM,70201,
24303662,Githoma B.V.,2022,RSM Netherlands,70201,
02318097,Plixxent B.V.,2025,RSM Netherlands,20160,
84348151,Vaanster Invest B.V.,2024,RSM Netherlands,64210,
75178079,Van Dam International Holding B.V.,2025,RSM Netherlands,64923,
66252423,Neoma Fertiliser Holdings B.V.,2020,RSM,6420,
14064357,Guus Limpens Holding B.V.,2020,RSM Netherlands,70102,
24383966,Museum Rotterdam,2022,RSM,91211,
24383966,Museum Rotterdam,2023,RSM,91211,
09034552,JCL Logistics Benelux B.V.,2024,RSM Netherlands,49410,
28070955,Blokland Holding B.V.,2020,RSM,,
34051730,HBB Groep,2020,RSM Netherlands,41000,
50397931,Atlantic Aurum Investments B.V.,2024,RSM Netherlands,64210,
87089564,Alda Seafood Holding B.V.,2023,RSM Netherlands,64210,
27198926,Stichting Toekomstbeeld der Techniek,2020,RSM,94997,
41208515,Stichting voor Bijzondere Tandheelkunde,2022,RSM,86230,
32079946,Amarant Bakkersholding B.V.,2022,RSM Netherlands,10710,
33080986,Eagleville Group B.V.,2021,RSM Netherlands,64210,
52802701,Ryan NL Coöperatie U.A.,2024,RSM,64210,
24315295,Continental Juice B.V.,2022,RSM Netherlands,46340,
63069636,Habets-van de Kreeke Holding B.V.,2020,RSM Netherlands,,
50397931,Atlantic Aurum Investments B.V.,2021,RSM Netherlands,64210,
36011968,De Vuurdoop B.V.,2022,RSM Netherlands,46390,
75376687,ChampionX Europe B.V.,2021,RSM Netherlands,46851,
75338394,Sonic Group Holding B.V.,2021,RSM Netherlands,,
30111711,Colson Europe B.V.,2020,RSM Netherlands,,
14054585,Amilah Food B.V.,2022,RSM Netherlands,46390,
08033804,Van Zelst Metaalwaren B.V.,2023,RSM Netherlands,25400,
34188220,Consultants on Targeted Security Netherlands B.V.,2020,RSM,80010,
09034552,JCL Logistics Benelux B.V.,2022,RSM,49410,
50416065,XDD Acquisition B.V.,2020,RSM Netherlands,64210,
37046448,N.M. Heilig Holding B.V.,2020,RSM Netherlands,64210,
17072577,Brandfort B.V.,2020,RSM,64210,
17072577,Brandfort B.V.,2021,RSM Netherlands,64210,
30139437,Eurailscout Inspection & Analysis B.V.,2022,RSM Netherlands,42110,
41076576,Openbare Bibliotheek Meerssen,2020,RSM,91111,
33076760,W. Fris Beheer B.V.,2020,RSM,70102,
70899002,Burlingtown International B.V.,2020,RSM Netherlands,66191,
24369100,Stichting Isai Ma(i)yam,2023,RSM Netherlands,94997,
34060333,Zeevishandel Mercuur IJmuiden,2020,RSM Netherlands,46322,
34060333,Zeevishandel Mercuur IJmuiden,2023,RSM Netherlands,46322,
24054467,Hallmark Cards Continental Europe B.V.,2022,RSM Netherlands,64210,
58290893,MECC Maastricht B.V.,2024,RSM Netherlands,82300,
20028666,BG Retail B.V.,2023,RSM ; Lucien Zouary & Associes ; Paper Audit & Conseil,70102,
51464993,TB Truck & Trailer Service Automotive B.V.,2021,RSM,64210,
17170477,Smits Bedrijven Gemert B.V.,2020,RSM Netherlands,64210,
51493640,Pinnacle B.V.,2024,RSM Netherlands,64210,
30222048,Aegir Marine B.V.,2022,RSM Netherlands,82990,
35000783,Huig Exploitatie B.V.,2022,RSM Netherlands,64310,
24389296,Forvis Mazars,2020,RSM,69202,
24389296,Forvis Mazars,2023,RSM Netherlands,69202,
65593472,Sports Unlimited Retail B.V.,2020,RSM,47633,
65593472,Sports Unlimited Retail B.V.,2021,RSM Netherlands,47633,
39085937,LX Pantos Netherlands B.V.,2021,RSM Netherlands,52250,
39085937,LX Pantos Netherlands B.V.,2023,RSM Netherlands,52250,
36046757,Beheer- en Beleggingsmaatschappij Jan de Wit en Zonen B.V.,2020,RSM Netherlands,70102,
34228094,ACT International B.V.,2020,RSM,64210,
34128041,Linnaeus Investment B.V.,2020,RSM Netherlands,64210,
67610315,Into Impact Holding B.V.,2022,RSM Netherlands,64210,
14087832,Koobra Invest B.V.,2020,RSM,70102,
02318097,Plixxent B.V.,2023,RSM Netherlands,20160,
24169365,Dell Global Holdings III B.V.,2024,RSM Netherlands,64210,
31050398,Medicom Healthcare B.V.,2020,RSM Netherlands,46462,
37087436,De Bock Maritiem B.V.,2024,RSM Netherlands,64210,
36051246,De Veken B.V.,2021,RSM,64210,
36051246,De Veken B.V.,2023,RSM Netherlands,64210,
17025337,Valmont Nederland B.V.,2023,RSM Netherlands,25110,
37055831,N.M. Heilig Vastgoed B.V.,2023,RSM,68203,
37133488,De Waard Transport B.V.,2024,RSM Netherlands,49410,
17062605,Cyklop International Holding B.V.,2023,RSM Netherlands,64210,
17062605,Cyklop International Holding B.V.,2024,RSM Netherlands,64210,
22022618,Vermeer International B.V.,2020,RSM,28300,
30119255,Fluor Tubing Holding B.V.,2022,RSM Netherlands,70102,
34241603,J&D B.V.,2024,RSM Netherlands,28290,
37047533,Aannemingsmaatschappij De Geus B.V.,2021,RSM Netherlands,41000,
37047533,Aannemingsmaatschappij De Geus B.V.,2022,RSM,41000,
14043670,Heuschen & Schrouff Oriental Foods Trading B.V.,2022,RSM Netherlands,46382,
66494478,Primex International B.V.,2020,RSM Netherlands,64210,
66494478,Primex International B.V.,2021,RSM Netherlands,64210,
67501435,Orchidaceae B.V.,2020,RSM Netherlands,64210,
70602972,Kela Consultancy B.V.,2020,RSM,64210,
70602972,Kela Consultancy B.V.,2021,RSM Netherlands,64210,
34180943,ADM Specialty Ingredients (Europe) B.V.,2024,RSM Netherlands,46110,
12038335,Aliaxis Nederland B.V.,2020,RSM,22210,
12038335,Aliaxis Nederland B.V.,2021,RSM Netherlands,22210,
12038335,Aliaxis Nederland B.V.,2024,RSM Netherlands,22210,
84137851,Gebr. Limpens B.V.,2023,RSM Netherlands,70102,
84137851,Gebr. Limpens B.V.,2024,RSM Netherlands,70102,
78483379,SLI Services B.V.,2022,RSM Netherlands,64210,
27106359,Quinta Bliss B.V.,2020,RSM Netherlands,70102,
27106359,Quinta Bliss B.V.,2022,RSM Netherlands,70102,
14069756,Stichting Huisartsenspoedpost Maastricht en Heuvelland,2024,RSM Netherlands,86210,
34229828,Iskes Holding B.V.,2020,RSM,68110,
10023226,Protempo B.V.,2021,RSM,46644,
10023226,Protempo B.V.,2023,RSM Netherlands,46644,
30161122,AMP Logistics B.V.,2022,RSM Netherlands,82100,
34114350,Hurco B.V.,2022,RSM,64210,
84604522,Norit B.V.,2023,RSM,64210,
18030400,Uitgeverij Zwijsen,2023,RSM,58110,
33272219,Pepe Jeans Europe B.V.,2020,RSM,46421,
33272219,Pepe Jeans Europe B.V.,2021,RSM Netherlands,46421,
33272219,Pepe Jeans Europe B.V.,2023,RSM Netherlands,46421,
12022013,Velmans B.V.,2023,RSM Netherlands,70102,
34171523,Orangebizz B.V.,2020,RSM Netherlands,64210,
24427928,Fabo Beheer B.V.,2024,RSM Netherlands,64210,
51493306,Terberg Totaal Installaties Rotterdam B.V.,2023,RSM,43212,
54595495,Messem International B.V.,2021,RSM Netherlands,46311,
35018312,Econ Beheer B.V.,2021,RSM Netherlands,64210,
17178672,Vision Car Lease B.V.,2022,RSM Netherlands,77112,
17178672,Vision Car Lease B.V.,2023,RSM Netherlands,77112,
24355320,Graphite International B.V.,2020,RSM,20130,
23047335,IG Design Group Europe B.V.,2021,RSM Netherlands,64210,
23047335,IG Design Group Europe B.V.,2022,RSM Netherlands,64210,
83444920,JASA Holding B.V.,2024,RSM Netherlands,64210,
72023155,SEW Holding B.V.,2021,RSM Netherlands,64210,
72023155,SEW Holding B.V.,2022,RSM Netherlands,64210,
72023155,SEW Holding B.V.,2023,RSM Netherlands,64210,
56171048,Konekta Services B.V.,2020,RSM Netherlands,78201,
56171048,Konekta Services B.V.,2021,RSM Netherlands,78201,
56171048,Konekta Services B.V.,2023,RSM Netherlands,78201,
35006854,"B.V. Holding Maatschappij ""Verwachting""",2020,RSM,64210,
35006854,"B.V. Holding Maatschappij ""Verwachting""",2022,RSM Netherlands,64210,
14099348,Stichting Cultura Nova,2020,RSM Netherlands,90392,
14099348,Stichting Cultura Nova,2021,RSM,90392,
34202378,Breens Investments B.V.,2020,RSM,64210,
23042294,Gebotex B.V.,2021,RSM Netherlands,46879,
23042294,Gebotex B.V.,2022,RSM Netherlands,46879,
59475609,Oudezijds B.V.,2022,RSM Netherlands,64923,
16076151,Delco Beheer B.V.,2023,RSM Netherlands,64210,
24347033,Dahlman Industrial Group B.V.,2021,RSM,64210,
74779214,Sandark B.V.,2022,RSM Netherlands,70102,
34170535,Pearl Music Europe,2024,RSM Netherlands,46499,
23071521,Veth Propulsion,2020,RSM,33121,
23071521,Veth Propulsion,2020,RSM Netherlands,33121,
23071521,Veth Propulsion,2022,RSM Netherlands,33121,
14118757,Nextview,2023,RSM Netherlands,62200,
14031620,Leco Europe B.V.,2023,RSM Netherlands,52109,
14031620,Leco Europe B.V.,2024,RSM Netherlands,52109,
24161817,Eblo Handelsmaatschappij B.V.,2022,RSM Netherlands,46471,
41222191,Stichting J.C. Ruigrok Fonds,2020,RSM,88999,
33285473,Europe Interchange B.V.,2020,RSM Netherlands,64210,
33285473,Europe Interchange B.V.,2021,RSM Netherlands,64210,
60323167,R&R Mechatronics International B.V.,2020,RSM Netherlands,26510,
60323167,R&R Mechatronics International B.V.,2021,RSM Netherlands,26510,
27169928,Stichting Spieren voor Spieren,2020,RSM Netherlands,94993,
34083586,Folat B.V.,2022,RSM Netherlands,46499,
34083586,Folat B.V.,2023,RSM Netherlands,46499,
30211415,MantelzorgNL,2022,RSM Netherlands,94997,
62865498,Stichting Méér Muziek in de Klas,2020,RSM Netherlands,94995,
70126313,Eversheds Sutherland (Netherlands) B.V.,2024,RSM Netherlands,69101,
85189014,Vialto Partners Netherlands B.V.,2023,RSM Netherlands,69204,
14107502,Lydall Netherlands B.V.,2022,RSM Netherlands,71120,
14107502,Lydall Netherlands B.V.,2023,RSM Netherlands,71120,
33288675,Marubeni LP Holding B.V.,2020,RSM,64210,
33288675,Marubeni LP Holding B.V.,2023,RSM Netherlands,64210,
33288675,Marubeni LP Holding B.V.,2024,RSM Netherlands,64210,
70347875,Folat Group Holding B.V.,2021,RSM Netherlands,64210,
64679489,Thermo Finland Holdings MT1 B.V.,2023,RSM,64210,
30277579,5CA B.V.,2024,RSM Netherlands,82200,
69615667,Dutch Dental Group B.V.,2022,RSM Netherlands,64210,
50349244,Nieto Trading B.V.,2021,RSM Netherlands,46812,
75206595,5CA Holding B.V.,2020,RSM Netherlands,70102,
74259601,inlumi holding B.V.,2020,RSM Netherlands,64210,
74259601,inlumi holding B.V.,2021,RSM Netherlands,64210,
34166216,Rovilia Holding B.V.,2020,RSM,64210,
34166216,Rovilia Holding B.V.,2022,RSM,64210,
30179673,Sustainalytics B.V.,2023,RSM Netherlands,72200,
27152259,Leeuwendaal Advies B.V.,2020,RSM,70201,
27152259,Leeuwendaal Advies B.V.,2024,RSM Netherlands,70201,
14069815,Open Line B.V.,2020,RSM,70202,
14069815,Open Line B.V.,2022,RSM Netherlands,70202,
10023153,Vleeswarenfabriek Henri van de Bilt B.V.,2024,RSM Netherlands,10130,
36009671,P. Dekker en Zn. Holding B.V.,2024,RSM Netherlands,64210,
11021815,AGC Nederland Holding B.V.,2021,RSM Netherlands,70102,
67297293,Orascom Egypt Wind B.V.,2022,RSM Netherlands,64210,
27193898,Lefebvre Sdu B.V.,2020,RSM Netherlands,62100,
37079728,Demaco Holland B.V.,2023,RSM Netherlands,25110,
17069193,Lotec B.V.,2023,RSM Netherlands,43221,
33205941,Herman Kuijper B.V.,2020,RSM Netherlands,46170,
33205941,Herman Kuijper B.V.,2021,RSM Netherlands,46170,
34032086,Moens Mouldings B.V.,2022,RSM,22220,
66870232,Hot ITem Groep B.V.,2020,RSM,64210,
40594126,AWVN,2022,RSM Netherlands,70202,
40594126,AWVN,2021,RSM Netherlands,70202,
80952259,Eurokeg Holding B.V.,2023,RSM Netherlands,64210,
17069193,Lotec B.V.,2020,RSM Netherlands,43221,
58173757,Hillfresh Holding B.V.,2023,RSM Netherlands,64210,
34087921,Optima Cycles B.V.,2023,RSM Netherlands,30920,
34087921,Optima Cycles B.V.,2024,RSM,30920,
17168389,Showdown Displays Europe B.V.,2022,RSM Netherlands,46901,
30276981,Pekuva Beheer B.V.,2021,RSM,64320,
37089153,Nebig International B.V.,2020,RSM,46646,
32100016,Redwise Marine Holding N.V.,2021,RSM Netherlands,64210,
32100016,Redwise Marine Holding N.V.,2024,RSM Netherlands,64210,
33260196,Herman Kuijper Beheer B.V.,2021,RSM Netherlands,70102,
33260196,Herman Kuijper Beheer B.V.,2022,RSM Netherlands,70102,
33260196,Herman Kuijper Beheer B.V.,2020,RSM Netherlands,70102,
33181303,De Luwe Hoek B.V.,2023,RSM Netherlands,64210,
72316403,Showdown Displays Europe Holding B.V.,2022,RSM,64210,
27319801,Leonis Investments B.V.,2022,RSM Netherlands,64923,
27319801,Leonis Investments B.V.,2023,RSM Netherlands,64923,
36031511,Nijdra Beheer B.V.,2020,RSM Netherlands,64210,
36031511,Nijdra Beheer B.V.,2024,RSM Netherlands,64210,
61801801,HBB Ontwikkelgroep B.V.,2022,RSM Netherlands,64210,
30088416,Esselte B.V.,2022,RSM Netherlands,46499,
30088416,Esselte B.V.,2023,RSM Netherlands,46499,
30161767,Medibos Beheer II B.V.,2023,RSM Netherlands,64210,
17037842,"""AAE"" Advanced Automated Equipment B.V.",2024,RSM Netherlands,28990,
34112048,Smith & Associates Europe B.V.,2022,RSM Netherlands,46500,
34112048,Smith & Associates Europe B.V.,2023,RSM Netherlands,46500,
24389296,Forvis Mazars,2024,RSM Netherlands,69202,
27345062,B&K Holding B.V.,2021,RSM,70101,
18068920,Petrol Industries B.V.,2020,RSM Netherlands,46421,
34270669,Mobiquity B.V.,2022,RSM Netherlands,62200,
14042829,Biozym Holding B.V.,2022,RSM Netherlands,32502,
24288673,BYD Europe B.V.,2020,RSM Netherlands,46710,
63895250,Meatstreet Group B.V.,2021,RSM,64210,
10145305,HempFlax Group B.V.,2021,RSM,64310,
33242531,Lutron H2A B.V.,2020,RSM Netherlands,64210,
27284558,Johnson Health Tech. Netherlands B.V.,2022,RSM Netherlands,32300,
37080413,Koks Industrie B.V.,2024,RSM Netherlands,33200,
64382184,Stichting Foundation for Auditing Research,2022,RSM,85599,
64382184,Stichting Foundation for Auditing Research,2021,RSM,85599,
24447560,VanDeMark Chemical B.V. in liquidatie,2022,RSM,,
34118212,Stichting de hond kan de was doen,2023,RSM Netherlands,94992,
24255575,Kamera Express Rotterdam B.V.,2023,RSM Netherlands,47781,
70465827,Blokland Beheer B.V.,2023,RSM Netherlands,64210,
70465827,Blokland Beheer B.V.,2024,RSM,64210,
75239493,OPH B.V.,2021,RSM Netherlands,64210,
67981674,PG Dutch Holding I B.V.,2021,RSM Netherlands,64210,
67981674,PG Dutch Holding I B.V.,2023,RSM Netherlands,64210,
67981674,PG Dutch Holding I B.V.,2024,RSM Netherlands,64210,
57588805,LivePerson Netherlands B.V.,2020,RSM,62100,
59093730,Subway International Holdings B.V.,2021,RSM Netherlands,64210,
51176157,Group One B.V.,2022,RSM Netherlands,64210,
71327010,TUPUTOA B.V.,2022,RSM Netherlands,64210,
71327010,TUPUTOA B.V.,2023,RSM Netherlands,64210,
37036982,Dozy Holding B.V.,2021,RSM Netherlands,64210,
37055914,Parts & Accessories Traders (Pat) Europe B.V.,2023,RSM Netherlands,46720,
77203151,Flowpro B.V.,2023,RSM Netherlands,64210,
54136288,Kenz Figee Group B.V.,2022,RSM Netherlands,64210,
51112094,One People Services B.V.,2020,RSM Netherlands,78201,
30144076,Korn Ferry Management B.V.,2022,RSM Netherlands,70201,
61919705,De Geus Bouw B.V.,2020,RSM,41000,
61919705,De Geus Bouw B.V.,2022,RSM Netherlands,41000,
61919705,De Geus Bouw B.V.,2023,RSM Netherlands,41000,
72582162,ECSH B.V.,2023,RSM Netherlands,64210,
77594142,Decowraps Europe Holdings B.V.,2023,RSM Netherlands,64210,
65763254,Lease 2.0 B.V.,2022,RSM Netherlands,64210,
09042789,Vink Kunststoffen B.V.,2024,RSM Netherlands,22240,
34201725,Optima Mobility Holding B.V.,2024,RSM Netherlands,64210,
14103147,J.W. Limpens en Zonen B.V.,2023,RSM Netherlands,49410,
14103147,J.W. Limpens en Zonen B.V.,2024,RSM Netherlands,49410,
13025715,P.J. Mussers Beheer B.V.,2022,RSM Netherlands,68203,
36009671,P. Dekker en Zn. Holding B.V.,2020,RSM,64210,
36009671,P. Dekker en Zn. Holding B.V.,2023,RSM Netherlands,64210,
30209582,Van der Wal B.V.,2021,RSM Netherlands,49410,
30209582,Van der Wal B.V.,2022,RSM Netherlands,49410,
30212578,DARE B.V.,2023,RSM Netherlands,52101,
67267777,PB Fashion B.V.,2020,RSM Netherlands,46429,
34267644,Vetus B.V.,2021,RSM Netherlands,46647,
34267644,Vetus B.V.,2022,RSM Netherlands,46647,
34267644,Vetus B.V.,2023,RSM Netherlands,46647,
34267644,Vetus B.V.,2025,RSM Netherlands,46647,
51448963,KMG5 B.V.,2022,RSM Netherlands,64210,
51448963,KMG5 B.V.,2023,RSM Netherlands,64210,
18128349,CLB Integrated Solutions B.V.,2024,RSM Netherlands,46500,
08021689,TKB Holding B.V.,2021,RSM Netherlands,64210,
34253386,Minnesota B.V.,2020,RSM Netherlands,64210,
35028787,Ce-Ren Beheer B.V.,2021,RSM Netherlands,64210,
90767330,PTP TopCo B.V.,2023,RSM Netherlands,64210,
30168847,Asgard B.V.,2023,RSM Netherlands,74990,
24314655,CLdN Ports Netherlands B.V.,2022,RSM,52241,
37050667,JASA Packaging Solutions B.V.,2020,RSM Netherlands,28290,
37050667,JASA Packaging Solutions B.V.,2020,RSM,28290,
37050667,JASA Packaging Solutions B.V.,2023,RSM Netherlands,28290,
71669256,Bersama Holding B.V.,2022,RSM Netherlands,64210,
73205451,Qnl B.V.,2023,RSM Netherlands,64210,
30190531,Cerios | Valori B.V.,2020,RSM Netherlands,62200,
30190531,Cerios | Valori B.V.,2022,RSM,62200,
24227769,Danfoss B.V.,2022,RSM Netherlands,43222,
24227769,Danfoss B.V.,2024,RSM Netherlands,43222,
70857369,Lensflare B.V.,2020,RSM,64210,
70857369,Lensflare B.V.,2023,RSM Netherlands,64210,
70857369,Lensflare B.V.,2024,RSM Netherlands,64210,
69720010,Lapal Holding B.V.,2023,RSM Netherlands,77111,
67984576,Radix Trading Europe B.V.,2023,RSM Netherlands,64210,
67264417,PB International B.V.,2020,RSM Netherlands,64210,
14046701,Convest B.V.,2021,RSM Netherlands,64210,
14046701,Convest B.V.,2022,RSM Netherlands,64210,
14046701,Convest B.V.,2023,RSM Netherlands,64210,
24494411,DUPI Underwriting Agencies B.V.,2022,RSM Netherlands,66220,
24494411,DUPI Underwriting Agencies B.V.,2023,RSM Netherlands,66220,
24179173,Tronox Pigments (Holland) B.V.,2020,RSM,20120,
24179173,Tronox Pigments (Holland) B.V.,2023,RSM Netherlands,20120,
35021979,SCM Group Nederland B.V.,2023,RSM Netherlands,46620,
87052261,Protempo Beheer B.V.,2022,RSM Netherlands,64210,
05072417,ENERCON Services Netherlands B.V.,2020,RSM,28110,
05072417,ENERCON Services Netherlands B.V.,2021,RSM Netherlands,28110,
05072417,ENERCON Services Netherlands B.V.,2022,RSM,28110,
51386747,Coöperatie Boer en Zorg,2023,RSM Netherlands,88103,
51386747,Coöperatie Boer en Zorg,2024,RSM Netherlands,88103,
32055487,Roularta Media Nederland,2020,RSM Netherlands,58130,
32055487,Roularta Media Nederland,2023,RSM Nether1ands,58130,
36030163,Dekker Chrysanten B.V.,2020,RSM Netherlands,01192,
36030163,Dekker Chrysanten B.V.,2023,RSM Netherlands,01192,
56191138,Elevate Services International B.V.,2023,RSM,64210,
24248370,Maas-Riva B.V.,2021,RSM Netherlands,46647,
56706987,"JAMF Software Atlantic, B.V.",2021,RSM Netherlands,62100,
56706987,"JAMF Software Atlantic, B.V.",2022,RSM Netherlands,62100,
77158105,Open Line Holding II B.V.,2022,RSM Netherlands,64210,
54055350,Mettom Holding B.V.,2022,RSM Netherlands,66300,
63724200,New Flora B.V.,2020,RSM Netherlands,52210,
34229965,DE RUITER HOLDING B.V.,2021,RSM Netherlands,64210,
14006292,Habenu-van de Kreeke Vastgoedservice B.V.,2022,RSM Netherlands,41000,
33245373,Amstelone Beheer B.V.,2021,RSM,64210,
39058601,Task International B.V.,2020,RSM,,
12022553,Allers Investments B.V.,2020,RSM Netherlands,70102,
12022553,Allers Investments B.V.,2022,RSM Netherlands,70102,
66992443,Actos Groep B.V.,2022,RSM Netherlands,64210,
64822974,Drive Holding B.V.,2024,RSM Netherlands,64210,
54595169,Septem Domos B.V.,2022,RSM Netherlands,70102,
55525695,Zalco B.V.,2021,RSM Netherlands,24420,
55525695,Zalco B.V.,2024,RSM Netherlands,24420,
16044140,Intopack B.V.,2020,RSM,22220,
16044140,Intopack B.V.,2021,RSM Netherlands,22220,
16044140,Intopack B.V.,2022,RSM Netherlands,22220,
16044140,Intopack B.V.,2023,RSM Netherlands,22220,
24085584,Hellmann Worldwide Logistics B.V.,2020,RSM Netherlands,52260,
34235335,Guidion Nederland B.V.,2020,RSM,95100,
34235335,Guidion Nederland B.V.,2023,RSM Netherlands,95100,
14024502,Van de Kreeke Beheer B.V.,2020,RSM Netherlands,64210,
57766053,InWork Techniek B.V.,2022,RSM Netherlands,78100,
65203119,Elegia Participations B.V.,2023,RSM,64210,
34320702,Emta Holding B.V.,2023,RSM Netherlands,64210,
35008994,Sollas Holland B.V.,2020,RSM,28290,
35008994,Sollas Holland B.V.,2021,RSM Netherlands,28290,
24235624,Flanderijn Beheer B.V.,2020,RSM,64210,
24257652,ADM WILD Netherlands,2020,RSM Netherlands,46340,
69090890,Nordian Acquisition X B.V.,2021,RSM Netherlands,64210,
69090890,Nordian Acquisition X B.V.,2022,RSM Netherlands,64210,
32077312,Media Park Enterprise B.V.,2024,RSM Netherlands,68120,
69836531,Trust Krediet Beheer Holding B.V.,2022,RSM Netherlands,64210,
37130072,JASA Group B.V.,2020,RSM Netherlands,64210,
37130072,JASA Group B.V.,2022,RSM,64210,
64068633,Convoi Electrical & Automation B.V.,2021,RSM NetherIands,43212,
34184655,Cars Jeans & Casuals B.V.,2022,RSM,14210,
76494519,New Packaging Group B.V.,2023,RSM Netherlands,64210,
37125512,InWork B.V.,2020,RSM Netherlands,78100,
37125512,InWork B.V.,2021,RSM Netherlands,78100,
37125512,InWork B.V.,2022,RSM Netherlands,78100,
56021372,Slava Beheer B.V.,2020,RSM,64210,
33126976,Anamet Holland B.V.,2020,RSM Netherlands,64210,
34221951,Levi 9 Global Sourcing B.V.,2020,RSM,62200,
34221951,Levi 9 Global Sourcing B.V.,2021,RSM Netherlands,62200,
34221951,Levi 9 Global Sourcing B.V.,2024,RSM Netherlands,62200,
33228050,Ball Horticultural B.V.,2020,RSM,64210,
38023630,Eukairos Holding B.V.,2020,RSM,64210,
38023630,Eukairos Holding B.V.,2020,RSM Netherlands,64210,
53131576,RB Holding B.V.,2020,RSM,49410,
53131576,RB Holding B.V.,2022,RSM Netherlands,49410,
70829551,BCC Holding B.V.,2022,RSM Netherlands,47404,
67171966,Vermeer International Holdings B.V,2024,RSM Netherlands,64210,
34054788,Will-Pharma B.V.,2020,RSM Netherlands,46461,
34054788,Will-Pharma B.V.,2022,RSM Netherlands,46461,
60316292,LYB CLCS Sales NL B.V.,2022,RSM Netherlands,46851,
35021680,Econ Holding B.V.,2020,RSM,70102,
35021680,Econ Holding B.V.,2022,RSM Netherlands,70102,
35021680,Econ Holding B.V.,2023,RSM Netherlands,70102,
51642603,DUPI Group B.V.,2020,RSM,64210,
51642603,DUPI Group B.V.,2022,RSM,64210,
51642603,DUPI Group B.V.,2023,RSM Netherlands,64210,
34139006,Morningstar Holland,2023,RSM Netherlands,63920,
24140008,Stadsherstel Historisch Rotterdam N.V.,2021,RSM Netherlands,68202,
20026547,Wilhelm Reuss B.V.,2024,RSM Netherlands,10822,
73541532,Gemeente Beekdaelen,2021,RSM Netherlands,84110,
55901964,FairPhone B.V.,2021,RSM Netherlands,62900,
55901964,FairPhone B.V.,2022,RSM,62900,
55901964,FairPhone B.V.,2023,RSM Netherlands,62900,
28047074,Blokland B.V.,2022,RSM Netherlands,01610,
28047074,Blokland B.V.,2024,RSM Netherlands,01610,
65996011,Propharma Group Europe B.V.,2020,RSM,64210,
17119298,Kemie Groep B.V.,2022,RSM Netherlands,64210,
17119298,Kemie Groep B.V.,2023,RSM Netherlands,64210,
17119298,Kemie Groep B.V.,2024,RSM Netherlands,64210,
36002890,Stago B.V.,2023,RSM Netherlands,25110,
36002890,Stago B.V.,2024,RSM Netherlands,25110,
34239748,J&D Beheer B.V.,2024,RSM Netherlands,64210,
14627531,Hilton Beheer B.V.,2020,RSM Netherlands,64210,
14627531,Hilton Beheer B.V.,2021,RSM Netherlands,64210,
52732037,Pentaqua B.V.,2021,RSM,64210,
37070494,K_Dekker bouw & infra b.v.,2021,RSM Netherlands,42110,
37070494,K_Dekker bouw & infra b.v.,2022,RSM Netherlands,42110,
37070494,K_Dekker bouw & infra b.v.,2024,RSM Netherlands,42110,
13042172,Moonen Beheer B.V.,2022,RSM Netherlands,64210,
37065488,Cepeja Beheer B.V.,2021,RSM Netherlands,64210,
37065488,Cepeja Beheer B.V.,2022,RSM Netherlands,64210,
08161025,PLS Holding B.V.,2020,RSM Netherlands,64210,
50933914,EduCo International Group B.V.,2022,RSM Netherlands,64210,
50933914,EduCo International Group B.V.,2023,RSM Netherlands,64210,
37125781,SEW Energy B.V.,2022,RSM Netherlands,25530,
37125781,SEW Energy B.V.,2024,RSM Netherlands,25530,
54630193,CBT Zuid-Holland Locatie Leiderdorp,2023,RSM,86230,
72562269,Abcam (Netherlands) B.V.,2021,RSM Netherlands,64210,
30079454,Hofpoort Holding Utrecht B.V.,2020,RSM Netherlands,70102,
41076439,Stichting Bonnefanten Museum,2020,RSM Netherlands,91219,
41076439,Stichting Bonnefanten Museum,2021,RSM Netherlands,91219,
37109482,Primex Textiles,2023,RSM,46429,
27220155,Thermon Europe B.V.,2024,RSM Netherlands,71120,
30233838,Vereniging Mantelzorg H.P. Pijpers-Visscher,2021,RSM,94997,
52876144,Naskor B.V.,2020,RSM Netherlands,46180,
13041415,AB Werkt Holding B.V.,2021,RSM Netherlands,64210,
13041415,AB Werkt Holding B.V.,2022,RSM Netherlands,64210,
13041415,AB Werkt Holding B.V.,2023,RSM Netherlands,64210,
24196306,Koninklijke LV Logistics,2021,RSM Netherlands,64210,
24196306,Koninklijke LV Logistics,2022,RSM Netherlands,64210,
24160592,ADM Europoort,2023,RSM Netherlands,10410,
33302932,Saica International,2022,RSM Netherlands,64210,
17101092,Cognizant Technology Solutions Benelux B.V.,2020,RSM,64210,
17101092,Cognizant Technology Solutions Benelux B.V.,2023,RSM Netherlands,64210,
28036654,LEDVANCE Benelux B.V.,2021,RSM,46473,
14036032,Loven Beheer Nederland B.V.,2020,RSM,64210,
14036032,Loven Beheer Nederland B.V.,2020,RSM Netherlands,64210,
34204804,MRC Holland B.V.,2022,RSM Netherlands,20590,
41150933,Trombosestichting Nederland,2022,RSM Netherlands,72100,
37128221,Lightweight Containers B.V.,2020,RSM,22220,
37128221,Lightweight Containers B.V.,2021,RSM Netherlands,22220,
77090780,Corsearch Netherlands Holding B.V.,2024,RSM UK,64210,
17101092,Cognizant Technology Solutions Benelux B.V.,2024,RSM Netherlands,64210,
84604522,Norit B.V.,2024,RSM Netherlands,64210,
20052972,Solid Semecs B.V.,2024,RSM,26400,
17072577,Brandfort B.V.,2024,RSM Netherlands,64210,
35015369,Jansens & Dieperink Beleggingen B.V.,2024,RSM,64310,
37125289,Elektropartners B.V.,2022,RSM Netherlands,43212,
24389295,Forvis Mazars Holding N.V.,2024,RSM Netherlands,70102,
34150521,Nmbrs B.V.,2023,RSM Netherlands,69209,
14072662,Lybrae Nederland B.V.,2022,RSM Netherlands,71120,
14072662,Lybrae Nederland B.V.,2023,RSM Nederland,71120,
30088416,Esselte B.V.,2024,RSM Netherlands,46499,
63629178,AWWG Investments B.V.,2021,RSM,64210,
63629178,AWWG Investments B.V.,2024,RSM Netherlands,64210,
13038831,Trustteam Nederland B.V.,2023,RSM Netherlands,46500,
39034113,Van Wijk Nederland B.V.,2024,RSM Netherlands,28220,
02083147,QPS Netherlands B.V.,2020,RSM,72100,
24181890,Centric Netherlands B.V.,2020,RSM,62200,
24181890,Centric Netherlands B.V.,2022,RSM Netherlands,62200,
24181890,Centric Netherlands B.V.,2024,RSM Netherlands,62200,
17171741,Autocentrum Zuid-Nederland B.V.,2024,RSM Netherlands,47810,
61919705,De Geus Bouw B.V.,2024,RSM Netherlands,41000,
69238928,Dutch Packaging Group B.V.,2024,RSM Netherlands,70102,
41213794,Stichting Wereld Kanker Onderzoek Fonds (WCRF NL),2024,RSM Netherlands,94993,
37041327,Dekker Beheermaatschappij Krabbendam B.V.,2021,RSM Netherlands,64210,
37041327,Dekker Beheermaatschappij Krabbendam B.V.,2024,RSM Netherlands,64210,
22035641,Hillfresh International B.V.,2023,RSM Netherlands,46311,
37117838,Eurokeg B.V.,2022,RSM Netherlands,22220,
34263673,Poki B.V.,2024,RSM Netherlands,63910,
62985523,Goflex young professionals B.V.,2021,RSM Netherlands,85591,
34235335,Guidion Nederland B.V.,2024,RSM Netherlands,95100,
72023155,SEW Holding B.V.,2024,RSM Netherlands,64210,
67896731,Frutos Tropicales Europe B.V.,2025,RSM Netherlands,46311,
83071482,Pluto Sport Holding B.V.,2024,RSM Netherlands,64210,
30209211,Labcorp International Holdings B.V.,2021,RSM Netherlands,72100,
30209211,Labcorp International Holdings B.V.,2023,RSM Netherlands,72100,
20026547,Wilhelm Reuss B.V.,2025,RSM Netherlands,10822,
09054346,Baader Food Systems Netherlands B.V.,2025,RSM Netherlands,28930,
33137981,Unico Beheer B.V.,2020,RSM,64210,
17018530,Grasbeemd B.V.,2024,RSM Netherlands,64210,
24429800,Keen Europe Outdoor B.V.,2023,RSM Netherlands,46423,
14069818,Open Line Consultancy B.V.,2024,RSM Netherlands,46500,
30043642,Pokon Evergreen B.V.,2024,RSM,46852,
65763254,Lease 2.0 B.V.,2024,RSM Netherlands,64210,
77644301,YQT Health Care B.V.,2021,RSM Netherlands,46461,
09029050,Hadley Custom Rollform NL B.V.,2023,RSM Netherlands,24330,
61380253,Cycas Hotel Partners B.V.,2022,RSM Netherlands,70201,
05035096,Cyklop Nederland B.V.,2023,RSM Netherlands,46646,
05035096,Cyklop Nederland B.V.,2024,RSM,46646,
72627069,Tristar Terminals B.V.,2020,E & Y; RSM,64210,
10044298,Baho Wijchen B.V.,2022,RSM Netherlands,46390,
13003129,Beheersmaatschappij Bergia Frites B.V.,2022,RSM Netherlands,64210,
13003129,Beheersmaatschappij Bergia Frites B.V.,2023,RSM Netherlands,64210,
13023167,Bergia Distributiebedrijven B.V.,2022,RSM Netherlands,10310,
89030451,Aiko Energy Netherlands B.V.,2024,RSM,26110,
89030451,Aiko Energy Netherlands B.V.,2023,RSM,26110,
78257948,Everest Fresh B.V.,2023,RSM Netherlands,46110,
69739927,PBT Holding B.V.,2020,RSM Netherlands,64210,
69739927,PBT Holding B.V.,2021,RSM Netherlands,64210,
24161817,Eblo Handelsmaatschappij B.V.,2023,RSM Netherlands,46471,
84137851,Gebr. Limpens B.V.,2025,RSM Netherlands,70102,
13041415,AB Werkt Holding B.V.,2025,RSM Netherlands,64210,
24161817,Eblo Handelsmaatschappij B.V.,2024,RSM Netherlands,46471,
33137981,Unico Beheer B.V.,2024,RSM Netherlands,64210,
34387133,SuperGroup Netherlands Retail B.V.,2023,RSM Netherlands,47713,
67984576,Radix Trading Europe B.V.,2024,RSM Netherlands,64210,
37093651,Hartog-Pilkes B.V.,2024,RSM Netherlands,43212,
33298434,VPR Energy B.V.,2023,RSM Netherlands,19200,
13004519,Schmitz Holding B.V.,2020,RSM,64210,
37035824,J.P. Beemsterboer Food Traders B.V.,2020,RSM Netherlands,46312,
37035824,J.P. Beemsterboer Food Traders B.V.,2024,RSM Netherlands,46312,
33254924,Nice to Meat B.V.,2020,RSM,46321,
34159724,Vercom Holding B.V.,2024,RSM Netherlands,64210,
71291377,Maven Derivatives Amsterdam B.V.,2025,RSM Netherlands,64310,
32069087,Invue Security Products B.V.,2022,RSM Netherlands,46645,
34223562,Exter B.V.,2022,RSM Netherlands,10890,
33206308,PAREXEL Nederland B.V.,2022,RSM,72100,
68290055,Mathir B.V.,2024,RSM Netherlands,64210,
73474487,Indicia B.V.,2020,RSM,64210,
52679039,Optima Cycles Trading B.V.,2023,RSM Netherlands,46491,
14069756,Stichting Huisartsenspoedpost Maastricht en Heuvelland,2025,RSM Netherlands,86210,
24246626,Assoufid B.V.,2024,RSM,93119,
28089096,Max Bögl Nederland B.V.,2023,RSM Netherlands,41000,
55901964,FairPhone B.V.,2025,RSM Netherlands,62900,
33060401,Anamet Europe B.V.,2025,RSM Netherlands,25990,
30196531,Fluor Tubing B.V.,2024,RSM Netherlands,22210,
33060401,Anamet Europe B.V.,2022,RSM Netherlands,25990,
60328061,LYB Recycling NL B.V.,2024,RSM Netherlands,20160,
27106359,Quinta Bliss B.V.,2024,RSM Netherlands,70102,
50416065,XDD Acquisition B.V.,2024,RSM Netherlands,64210,
55525695,Zalco B.V.,2025,RSM Netherlands,24420,
24346310,PPD (Netherlands) B.V.,2023,RSM Netherlands,72100,
30104171,Reisinformatiegroep B.V.,2022,RSM Netherlands,79900,
89988663,Gebhardt Special Parts B.V.,2023,RSM,64210,
34180943,ADM Specialty Ingredients (Europe) B.V.,2025,RSM Netherlands,46110,
57067139,Tandarts aan de singel,2025,RSM Netherlands,86230,
34320035,Speciaalzaken B.V.,2020,RSM Netherlands,64210,
34320035,Speciaalzaken B.V.,2021,RSM,64210,
34320035,Speciaalzaken B.V.,2022,RSM,64210,
33267823,Digital Revolution B.V.,2024,RSM Netherlands,46500,
24384982,Cavotec Group Holdings N.V.,2020,RSM,64210,
30159397,Acist Europe B.V.,2025,RSM Netherlands,46462,
14131474,Geneeskundige Gezondheidsdienst Zuid-Limburg,2022,RSM,84121,
14131474,Geneeskundige Gezondheidsdienst Zuid-Limburg,2024,RSM Netherlands,84121,
14131474,Geneeskundige Gezondheidsdienst Zuid-Limburg,2025,RSM Netherlands,84121,
71179569,Tower Research Capital Europe B.V.,2023,RSM NetherIands,64310,
34035205,Bertus-Dekker Seafood B.V.,2024,RSM Netherlands,46322,
69469768,Bullhorn International B.V.,2024,RSM,64210,
24235624,Flanderijn Beheer B.V.,2025,RSM Netherlands Accountants,64210,
24404049,EDmuntend Beheer B.V.,2023,RSM Netherlands,64210,
08122064,M. de Weerd Holding B.V.,2024,RSM Netherlands,64210,
37071175,Heilig,2022,RSM Netherlands,25530,
30206953,Gold Finance & Leasing B.V.,2024,RSM Netherlands,64910,
17119298,Kemie Groep B.V.,2025,RSM Netherlands,64210,
33181303,De Luwe Hoek B.V.,2024,RSM Netherlands,64210,
61278629,Dahua Europe B.V.,2024,RSM Netherlands,62100,
75239493,OPH B.V.,2024,RSM Netherlands,64210,
41120243,Stichting Wasko,2025,RSM Netherlands,88910,
30161122,AMP Logistics B.V.,2024,RSM Netherlands,82100,
37059808,Koks Group Holding B.V.,2024,RSM Netherlands,64210,
32100016,Redwise Marine Holding N.V.,2025,RSM Netherlands,64210,
34311486,Mercury Engineering B.V.,2020,RSM,71120,
34311486,Mercury Engineering B.V.,2022,RSM Netherlands,71120,
22022618,Vermeer International B.V.,2025,RSM Netherlands,28300,
37071175,Heilig,2024,RSM Netherlands,25530,
31050398,Medicom Healthcare B.V.,2022,RSM Netherlands,46462,
63907577,ECMS Express (NL) B.V.,2020,RSM,52250,
63907577,ECMS Express (NL) B.V.,2023,RSM Netherlands,52250,
54055350,Mettom Holding B.V.,2025,RSM Netherlands,66300,
35013634,Jansens & Dieperink B.V.,2024,RSM Netherlands,25220,
24355320,Graphite International B.V.,2022,RSM Netherlands,20130,
34166216,Rovilia Holding B.V.,2024,RSM,64210,
36027178,Bloembollenbedrijf Jan de Wit en Zonen B.V.,2024,RSM Netherlands,46220,
28083158,PBT Brand- en Beveiligingstechniek B.V.,2021,RSM Netherlands,43212,
30217273,Goodpack Europe B.V.,2022,RSM Netherlands,52250,
09034552,JCL Logistics Benelux B.V.,2025,RSM Netherlands,49410,
24160592,ADM Europoort,2024,RSM Netherlands,10410,
67251919,PharMerit Coöperatief U.A.,2024,RSM UK,70201,
02064384,Krebeco Beheer B.V.,2024,RSM Netherlands,64210,
30217273,Goodpack Europe B.V.,2024,RSM Netherlands,52250,
58290893,MECC Maastricht B.V.,2025,RSM Netherlands,82300,
61801801,HBB Ontwikkelgroep B.V.,2024,RSM Netherlands,64210,
34078682,Stelt. Transport B.V.,2024,RSM Netherlands,01110,
54595169,Septem Domos B.V.,2024,RSM Netherlands,70102,
37088925,Pijo Beheer B.V.,2020,RSM,64210,
34159724,Vercom Holding B.V.,2022,RSM Netherlands,64210,
78483379,SLI Services B.V.,2024,RSM Netherlands,64210,
33220078,Diplomat Properties B.V.,2024,RSM Netherlands,64923,
24494411,DUPI Underwriting Agencies B.V.,2025,RSM Netherlands,66220,
60323167,R&R Mechatronics International B.V.,2025,RSM Netherlands,26510,
24335736,Laudame Financials B.V.,2021,RSM,70201,
24335736,Laudame Financials B.V.,2023,RSM Netherlands,70201,
67662013,Laudame Participatie B.V.,2024,RSM Netherlands,64210,
24303662,Githoma B.V.,2021,RSM Netherlands,70201,
73712760,Maxcar Holding B.V.,2025,RSM Netherlands,64210,
70126313,Eversheds Sutherland (Netherlands) B.V.,2026,RSM Netherlands,69101,
36050407,Vercom International B.V.,2020,RSM Netherlands,46646,
36050407,Vercom International B.V.,2022,RSM Netherlands,46646,
34269841,DecoWraps Europe B.V.,2022,RSM Netherlands,46646,
34269841,DecoWraps Europe B.V.,2023,RSM Netherlands,46646,
30224127,Asus Technology Holland,2024,RSM Netherlands,66191,
71648011,React B.V.,2023,RSM Netherlands,80010,
74667645,AH Water Investments B.V.,2021,RSM Netherlands,64303,
14064357,Guus Limpens Holding B.V.,2021,RSM Netherlands,70102,
34118212,Stichting de hond kan de was doen,2022,RSM Netherlands,94992,
34118212,Stichting de hond kan de was doen,2021,RSM Netherlands,94992,
37035824,J.P. Beemsterboer Food Traders B.V.,2021,RSM Netherlands,46312,
67896731,Frutos Tropicales Europe B.V.,2022,RSM Netherlands,46311,
72582162,ECSH B.V.,2022,RSM,64210,
72582162,ECSH B.V.,2021,RSM,64210,
34307860,Inwork Payroll B.V.,2020,RSM Netherlands,,
50416065,XDD Acquisition B.V.,2021,RSM Netherlands,64210,
50416065,XDD Acquisition B.V.,2022,RSM Netherlands,64210,
24315295,Continental Juice B.V.,2020,RSM,46340,
75338394,Sonic Group Holding B.V.,2020,RSM Netherlands,,
75338394,Sonic Group Holding B.V.,2022,RSM Netherlands,,
84541512,HBB-BG Holding B.V.,2024,RSM Netherlands,64210,
34051730,HBB Groep,2022,RSM Netherlands,41000,
34257585,Sleep International (Netherlands) Coöperatief U.A.,2020,RSM Netherlands,,
24383966,Museum Rotterdam,2021,RSM,91211,
41225896,Stichting Timpaan,2022,RSM Netherlands,68120,
34321995,HBB O & R B.V.,2020,RSM,64210,
09034552,JCL Logistics Benelux B.V.,2020,RSM,49410,
50397931,Atlantic Aurum Investments B.V.,2022,RSM Netherlands,64210,
50397931,Atlantic Aurum Investments B.V.,2020,RSM Netherlands,64210,
50397931,Atlantic Aurum Investments B.V.,2023,RSM Netherlands,64210,
41076576,Openbare Bibliotheek Meerssen,2022,RSM Netherlands,91111,
66025532,NINE & Co B.V.,2021,RSM Netherlands,,
17215057,VWS-Investment B.V.,2020,RSM Netherlands,64210,
64679594,Thermo Finland Holdings MT2 B.V.,2020,RSM,,
27198926,Stichting Toekomstbeeld der Techniek,2022,RSM Netherlands,94997,
73712760,Maxcar Holding B.V.,2022,RSM Netherlands,64210,
73712760,Maxcar Holding B.V.,2023,RSM Netherlands,64210,
34093608,Selmers Holding B.V.,2023,RSM Netherlands,64210,
30222048,Aegir Marine B.V.,2020,RSM,82990,
30222048,Aegir Marine B.V.,2023,RSM Netherlands,82990,
51493640,Pinnacle B.V.,2020,RSM Netherlands,64210,
51493640,Pinnacle B.V.,2022,RSM Netherlands,64210,
51493640,Pinnacle B.V.,2023,RSM Netherlands,64210,
37042605,ACS Holding B.V.,2020,RSM,64210,
84137851,Gebr. Limpens B.V.,2021,RSM Netherlands,70102,
27366517,Mapiq B.V.,2023,RSM Netherlands,62100,
34113831,CTSN Investigations B.V.,2022,RSM,80010,
24412411,Dossche Mills B.V.,2022,RSM,10610,
24412411,Dossche Mills B.V.,2024,RSM,10610,
14046701,Convest B.V.,2024,RSM Netherlands,64210,
34210148,Het Nieuwe Land B.V.,2022,RSM Netherlands,66300,
34210148,Het Nieuwe Land B.V.,2023,RSM Netherlands,66300,
57319332,Bridge Polymers The Netherlands B.V.,2022,RSM Nederland,46869,
34270669,Mobiquity B.V.,2024,RSM Netherlands,62200,
27345062,B&K Holding B.V.,2023,RSM Netherlands,70101,
18068920,Petrol Industries B.V.,2020,RSM,46421,
18068920,Petrol Industries B.V.,2022,RSM Netherlands,46421,
18068920,Petrol Industries B.V.,2023,RSM Netherlands,46421,
61801941,Huib Bakker Bouwgroep B.V.,2022,RSM Netherlands,64210,
37128221,Lightweight Containers B.V.,2022,RSM Netherlands,22220,
24160973,Rotterdam Car Center B.V.,2020,RSM Netherlands,52109,
33205832,Trust Krediet Beheer (TKB),2024,RSM Netherlands,82910,
37050667,JASA Packaging Solutions B.V.,2024,RSM Netherlands,28290,
28076276,International Hotel Supply Company,2020,RSM,46450,
37047533,Aannemingsmaatschappij De Geus B.V.,2020,RSM Netherlands,41000,
66356652,Bright Cape Holding,2023,RSM Netherlands,64210,
64604926,Microtechniek Groep B.V.,2022,RSM,70101,
64604926,Microtechniek Groep B.V.,2023,RSM Netherlands,70101,
69328811,Coöperatie AB Werkt Zuid-Nederland U.A.,2020,RSM Netherlands,74990,
69328811,Coöperatie AB Werkt Zuid-Nederland U.A.,2024,RSM Netherlands,74990,
36013897,Salco B.V.,2024,RSM Netherlands,25120,
37055831,N.M. Heilig Vastgoed B.V.,2022,RSM Netherlands,68203,
70126313,Eversheds Sutherland (Netherlands) B.V.,2022,RSM Netherlands,69101,
70126313,Eversheds Sutherland (Netherlands) B.V.,2025,RSM Netherlands,69101,
34083586,Folat B.V.,2021,RSM Netherlands,46499,
12038026,Indicator Systems,2020,RSM,21200,
12038026,Indicator Systems,2022,RSM Netherlands,21200,
12038026,Indicator Systems,2024,RSM Netherlands,21200,
30196472,Ter Horst Holding B.V.,2023,RSM Netherlands,66191,
30161122,AMP Logistics B.V.,2023,RSM Netherlands,82100,
94370745,Centric Group B.V.,2024,RSM,64210,
41197444,Stichting SEO Economisch Onderzoek,2022,RSM Netherlands,72200,
34322007,HBB Groep,2023,RSM Netherlands,68120,
33260196,Herman Kuijper Beheer B.V.,2023,RSM Netherlands,70102,
14044868,Leenaerts Subholding Born B.V.,2020,RSM,64210,
14044868,Leenaerts Subholding Born B.V.,2021,RSM Netherlands,64210,
24243383,Pecas Holding B.V.,2022,RSM Netherlands,64210,
12038335,Aliaxis Nederland B.V.,2022,RSM Netherlands,22210,
69596905,JS Cocoa Holding B.V.,2024,RSM Netherlands,38210,
36031164,Norkem B.V.,2020,RSM Netherlands,46120,
36031164,Norkem B.V.,2022,RSM Netherlands,46120,
36031164,Norkem B.V.,2024,RSM Netherlands,46120,
90767330,PTP TopCo B.V.,2024,RSM Netherlands,64210,
61801801,HBB Ontwikkelgroep B.V.,2020,RSM,64210,
61801801,HBB Ontwikkelgroep B.V.,2023,RSM Netherlands,64210,
24187923,EnerSys Netherlands B.V.,2021,RSM,46649,
24187923,EnerSys Netherlands B.V.,2023,RSM Netherlands,46649,
37013402,De Waard Beheer B.V.,2024,RSM Netherlands,64210,
34213702,Sucden Coffee Netherlands B.V.,2021,RSM Netherlands,46370,
34213702,Sucden Coffee Netherlands B.V.,2023,RSM Netherlands,46370,
34213702,Sucden Coffee Netherlands B.V.,2024,RSM Netherlands,46370,
30211415,MantelzorgNL,2023,RSM Netherlands,94997,
50349244,Nieto Trading B.V.,2020,RSM,46812,
33298111,PAREXEL International Holding B.V.,2024,RSM,64210,
77162854,CreditAccess SEA B.V.,2022,RSM Netherlands,70102,
77162854,CreditAccess SEA B.V.,2023,RSM Netherlands,70102,
75728389,Nieto Holding B.V.,2023,RSM,64210,
55762522,Meemaken B.V.,2022,RSM Netherlands,64210,
73032816,Stichting MantelzorgNL,2022,RSM Netherlands,94996,
22054131,CLdN Cargo B.V.,2024,RSM Netherlands,52241,
34166216,Rovilia Holding B.V.,2021,RSM,64210,
70347875,Folat Group Holding B.V.,2020,RSM,64210,
34189319,Power Integrations Netherlands B.V.,2020,RSM,82990,
34189319,Power Integrations Netherlands B.V.,2022,RSM Netherlands,82990,
34054477,Harsco Europa B.V.,2020,RSM Netherlands,64210,
17025337,Valmont Nederland B.V.,2022,RSM Netherlands,25110,
73338400,Actos Holding B.V.,2022,RSM Netherlands,64210,
51486075,Gemeente Simpelveld,2023,RSM Netherlands,84110,
36046029,Veldboer Eenhoorn Holding B.V.,2024,RSM Netherlands,64210,
14069756,Stichting Huisartsenspoedpost Maastricht en Heuvelland,2022,RSM,86210,
16076152,Aldus Holdings NL B.V.,2023,RSM Netherlands,73110,
36031511,Nijdra Beheer B.V.,2020,RSM,64210,
36051246,De Veken B.V.,2020,RSM,64210,
34278679,Beverwijk Microtechniek B.V.,2023,RSM Netherlands,64923,
24179173,Tronox Pigments (Holland) B.V.,2024,RSM Netherlands,20120,
71669256,Bersama Holding B.V.,2024,RSM Netherlands,64210,
22022618,Vermeer International B.V.,2024,RSM Netherlands,28300,
33260196,Herman Kuijper Beheer B.V.,2024,RSM Netherlands,70102,
33272219,Pepe Jeans Europe B.V.,2024,RSM Netherlands,46421,
14069815,Open Line B.V.,2023,RSM Netherlands,70202,
27152259,Leeuwendaal Advies B.V.,2022,RSM Netherlands,70201,
70167524,We Are You B.V.,2020,RSM,,
33205941,Herman Kuijper B.V.,2022,RSM Netherlands,46170,
33205941,Herman Kuijper B.V.,2023,RSM Netherlands,46170,
33076760,W. Fris Beheer B.V.,2024,RSM Netherlands,70102,
18034797,LION protects B.V.,2020,RSM Netherlands,46649,
24389295,Forvis Mazars Holding N.V.,2022,RSM Netherlands,70102,
37125289,Elektropartners B.V.,2024,RSM Netherlands,43212,
11021815,AGC Nederland Holding B.V.,2023,RSM Nether1ands,70102,
86294881,Circular IT Topholding B.V.,2024,RSM Netherlands,64210,
27284558,Johnson Health Tech. Netherlands B.V.,2020,RSM Netherlands,32300,
27284558,Johnson Health Tech. Netherlands B.V.,2021,RSM Netherlands,32300,
27284558,Johnson Health Tech. Netherlands B.V.,2023,RSM Netherlands,32300,
27193898,Lefebvre Sdu B.V.,2023,RSM Netherlands,62100,
37079728,Demaco Holland B.V.,2021,RSM,25110,
34224746,Levi 9 Global Sourcing Benelux B.V.,2020,RSM Netherlands,62100,
34224746,Levi 9 Global Sourcing Benelux B.V.,2023,RSM Netherlands,62100,
59424591,People 2.0 Holding Netherlands B.V.,2024,RSM Netherlands,64210,
12026588,Velmans Industries Holding B.V.,2023,RSM Netherlands,,
75004100,Valori Holding B.V.,2020,RSM,6420,
75004100,Valori Holding B.V.,2021,RSM Netherlands,6420,
30158407,Gotcha B.V.,2020,RSM,70102,
30158407,Gotcha B.V.,2022,RSM Netherlands,70102,
30195304,Weex B.V.,2021,RSM Netherlands,70102,
67896731,Frutos Tropicales Europe B.V.,2023,RSM Netherlands,46311,
41216606,Stichting Human Rights Watch Nederland,2023,RSM Netherlands,94996,
75239493,OPH B.V.,2020,RSM,64210,
41120243,Stichting Wasko,2023,RSM Netherlands,88910,
59693827,DiagNose Netherlands B.V.,2022,RSM,80010,
77203151,Flowpro B.V.,2024,RSM Netherlands,64210,
68290055,Mathir B.V.,2021,RSM Netherlands,64210,
54136288,Kenz Figee Group B.V.,2023,RSM Netherlands,64210,
66462657,Kenz FG Holding B.V.,2022,RSM,64210,
66462657,Kenz FG Holding B.V.,2023,RSM Netherlands,64210,
24255575,Kamera Express Rotterdam B.V.,2020,RSM Netherlands,47781,
37036982,Dozy Holding B.V.,2020,RSM Netherlands,64210,
34126607,De ZorgSpecialist B.V.,2021,RSM,86942,
17278337,Soda Ash Holding B.V.,2023,RSM Netherlands,64210,
64822974,Drive Holding B.V.,2020,RSM Netherlands,64210,
17134230,GEZE Benelux B.V.,2024,RSM Netherlands,46838,
14061938,PC Data B.V.,2020,RSM,62200,
14061938,PC Data B.V.,2022,RSM Netherlands,62200,
14061938,PC Data B.V.,2023,RSM Netherlands,62200,
33245373,Amstelone Beheer B.V.,2022,RSM,64210,
33245373,Amstelone Beheer B.V.,2022,RSM Netherlands,64210,
33245373,Amstelone Beheer B.V.,2023,RSM Netherlands,64210,
69090890,Nordian Acquisition X B.V.,2020,RSM,64210,
69090890,Nordian Acquisition X B.V.,2022,RSM,64210,
69090890,Nordian Acquisition X B.V.,2023,RSM Netherlands,64210,
69090890,Nordian Acquisition X B.V.,2024,RSM Netherlands,64210,
58048375,EPAM Systems Netherlands B.V.,2021,RSM Netherlands,62100,
30162108,Syneos Health Netherlands B.V.,2020,RSM Netherlands,72100,
30162108,Syneos Health Netherlands B.V.,2022,RSM Netherlands,72100,
76677109,Breens Network B.V.,2020,RSM,64210,
24246626,Assoufid B.V.,2022,RSM,93119,
50098977,ILP Holding B.V.,2021,RSM Netherlands,64210,
32055487,Roularta Media Nederland,2022,RSM Netherlands,58130,
24314655,CLdN Ports Netherlands B.V.,2020,RSM,52241,
30190531,Cerios | Valori B.V.,2021,RSM,62200,
35021979,SCM Group Nederland B.V.,2021,RSM,46620,
34263673,Poki B.V.,2021,RSM Netherlands,63910,
24227769,Danfoss B.V.,2021,RSM Netherlands,43222,
17018530,Grasbeemd B.V.,2025,RSM Netherlands,64210,
37050667,JASA Packaging Solutions B.V.,2021,RSM,28290,
37122536,Rodi Beheer en Management B.V.,2020,RSM Netherlands,64210,
51642603,DUPI Group B.V.,2024,RSM Netherlands,64210,
29024687,E.J. Blokland Beheer B.V.,2023,RSM Netherlands,64210,
61925543,Orion Complex Fleets B.V.,2022,RSM Netherlands,95311,
17069193,Lotec B.V.,2022,RSM Netherlands,43221,
17069193,Lotec B.V.,2021,RSM Netherlands,43221,
14118756,Nextview,2021,RSM,64210,
14118756,Nextview,2022,RSM,64210,
14118756,Nextview,2024,RSM,64210,
55901964,FairPhone B.V.,2024,RSM Netherlands,62900,
14049422,H.S.O.F. Beheer B.V.,2022,RSM Netherlands,70202,
65996011,Propharma Group Europe B.V.,2022,RSM Netherlands,64210,
80952259,Eurokeg Holding B.V.,2022,RSM Netherlands,64210,
37109482,Primex Textiles,2020,RSM,46429,
37109482,Primex Textiles,2022,RSM,46429,
54630193,CBT Zuid-Holland Locatie Leiderdorp,2024,RSM,86230,
71935568,Mako Derivatives Amsterdam B.V.,2023,RSM Netherlands,64210,
34204804,MRC Holland B.V.,2020,RSM,20590,
34204804,MRC Holland B.V.,2023,RSM Netherlands,20590,
20073363,Amcor Specialty Cartons Brabant B.V.,2024,RSM Netherlands,17211,
37095641,Exter International Holding B.V.,2024,RSM Netherlands,64210,
37095641,Exter International Holding B.V.,2023,RSM Netherlands,64210,
37095641,Exter International Holding B.V.,2020,RSM Netherlands,64210,
37095641,Exter International Holding B.V.,2021,RSM,64210,
37095641,Exter International Holding B.V.,2022,RSM Netherlands,64210,
30233838,Vereniging Mantelzorg H.P. Pijpers-Visscher,2022,RSM,94997,
60328061,LYB Recycling NL B.V.,2020,RSM Netherlands,20160,
60328061,LYB Recycling NL B.V.,2021,RSM Netherlands,20160,
24196306,Koninklijke LV Logistics,2020,RSM Netherlands,64210,
24196306,Koninklijke LV Logistics,2023,RSM Netherlands,64210,
14093873,Mexma Food B.V.,2024,RSM Netherlands,10710,
24140008,Stadsherstel Historisch Rotterdam N.V.,2020,RSM,68202,
24140008,Stadsherstel Historisch Rotterdam N.V.,2024,RSM Netherlands,68202,
24149451,Archer Daniels Midland Europe B.V.,2022,RSM Netherlands,70201,
77223837,Sinoboom B.V.,2022,RSM Netherlands,43990,
39059406,Rohaka B.V.,2020,RSM,70102,
39059406,Rohaka B.V.,2022,RSM,70102,
28047074,Blokland B.V.,2023,RSM Netherlands,01610,
17101092,Cognizant Technology Solutions Benelux B.V.,2020,RSM Netherlands,64210,
17101092,Cognizant Technology Solutions Benelux B.V.,2022,RSM Netherlands,64210,
33302932,Saica International,2023,RSM Netherlands,64210,
77974441,Holland Communication Group Company B.V.,2021,RSM Netherlands,64923,
35000783,Huig Exploitatie B.V.,2024,RSM Netherlands,64310,
33076760,W. Fris Beheer B.V.,2021,RSM Netherlands,70102,
33076760,W. Fris Beheer B.V.,2022,RSM Netherlands,70102,
38023630,Eukairos Holding B.V.,2024,RSM Netherlands,64210,
24369100,Stichting Isai Ma(i)yam,2020,RSM Netherlands,94997,
24054467,Hallmark Cards Continental Europe B.V.,2023,RSM Netherlands,64210,
34060333,Zeevishandel Mercuur IJmuiden,2022,RSM Netherlands,46322,
24389296,Forvis Mazars,2022,RSM,69202,
24389296,Forvis Mazars,2021,RSM Netherlands,69202,
58290893,MECC Maastricht B.V.,2020,RSM,82300,
71270124,Lead Healthcare Groep B.V.,2022,RSM Netherlands,70102,
71270124,Lead Healthcare Groep B.V.,2023,RSM Netherlands,70102,
80319963,Textkernel Group Holding B.V.,2021,RSM Netherlands,64210,
18128349,CLB Integrated Solutions B.V.,2020,RSM,46500,
88439291,EHE Dutch Holding B.V.,2024,RSM,64210,
30192275,Worldwide TechServices Netherlands B.V.,2022,RSM,62200,
32050143,J.J. van der Lans Handels & Beleggingsmaatschappij B.V.,2021,RSM Netherlands,64210,
62394134,Twelve,2022,RSM Netherlands,64210,
62394134,Twelve,2024,RSM Netherlands,64210,
56191138,Elevate Services International B.V.,2024,RSM,64210,
68154461,Q-bital Healthcare Solutions (Netherlands) B.V.,2023,RSM Netherlands,,
58137440,ABBT Netherlands B.V.,2024,RSM Netherlands,77400,
32069087,Invue Security Products B.V.,2023,RSM,46645,
69836531,Trust Krediet Beheer Holding B.V.,2020,RSM,64210,
69836531,Trust Krediet Beheer Holding B.V.,2023,RSM Netherlands,64210,
36009671,P. Dekker en Zn. Holding B.V.,2021,RSM Netherlands,64210,
13025715,P.J. Mussers Beheer B.V.,2021,RSM Netherlands,68203,
30071018,Homaco Houdstermaatschappij B.V.,2020,RSM Netherlands,70102,
30071018,Homaco Houdstermaatschappij B.V.,2022,RSM Netherlands,70102,
30071018,Homaco Houdstermaatschappij B.V.,2023,RSM Netherlands,70102,
08122064,M. de Weerd Holding B.V.,2023,RSM Netherlands,64210,
62575090,Quin B.V.,2024,RSM Netherlands,72100,
37013402,De Waard Beheer B.V.,2022,RSM Netherlands,64210,
30212578,DARE B.V.,2021,RSM,52101,
34184655,Cars Jeans & Casuals B.V.,2023,RSM,14210,
41213794,Stichting Wereld Kanker Onderzoek Fonds (WCRF NL),2020,RSM,94993,
41213794,Stichting Wereld Kanker Onderzoek Fonds (WCRF NL),2022,RSM Netherlands,94993,
41213794,Stichting Wereld Kanker Onderzoek Fonds (WCRF NL),2023,RSM Netherlands,94993,
64068633,Convoi Electrical & Automation B.V.,2023,RSM NetherIands,43212,
64068633,Convoi Electrical & Automation B.V.,2024,RSM Netherlands,43212,
37070494,K_Dekker bouw & infra b.v.,2023,RSM Netherlands,42110,
70857369,Lensflare B.V.,2022,RSM Netherlands,64210,
27106213,Dossche Mills Nederland B.V.,2022,RSM Netherlands,46218,
34043620,W.C.F. Moens Beheer B.V.,2021,RSM Netherlands,64210,
34043620,W.C.F. Moens Beheer B.V.,2022,RSM Netherlands,64210,
34043620,W.C.F. Moens Beheer B.V.,2023,RSM Netherlands,64210,
37065488,Cepeja Beheer B.V.,2020,RSM,64210,
37065488,Cepeja Beheer B.V.,2023,RSM Netherlands,64210,
24494411,DUPI Underwriting Agencies B.V.,2021,RSM Netherlands,66220,
77158105,Open Line Holding II B.V.,2020,RSM Netherlands,64210,
77158105,Open Line Holding II B.V.,2023,RSM Netherlands,64210,
54055350,Mettom Holding B.V.,2021,RSM Netherlands,66300,
34080334,Timpaan Hoofddorp B.V.,2023,RSM Netherlands,68120,
37109671,CLB Holding B.V.,2020,RSM,70102,
37109671,CLB Holding B.V.,2021,RSM Netherlands,70102,
37109671,CLB Holding B.V.,2022,RSM Netherlands,70102,
37109671,CLB Holding B.V.,2023,RSM Netherlands,70102,
35028787,Ce-Ren Beheer B.V.,2020,RSM,64210,
35028787,Ce-Ren Beheer B.V.,2023,RSM Netherlands,64210,
68644485,Stichting CareCodex,2021,RSM Netherlands,94997,
52280438,Veiligheidsregio Zuid-Limburg,2022,RSM Netherlands,84250,
54595169,Septem Domos B.V.,2021,RSM Netherlands,70102,
54595169,Septem Domos B.V.,2023,RSM Netherlands,70102,
55525695,Zalco B.V.,2020,RSM Netherlands,24420,
55525695,Zalco B.V.,2022,RSM Netherlands,24420,
34253389,CrisisCare B.V.,2020,RSM,86222,
34253389,CrisisCare B.V.,2022,RSM Netherlands,86222,
34253389,CrisisCare B.V.,2023,RSM Netherlands,86222,
17101188,Lavans B.V.,2023,RSM,96100,
50539728,Gemeente Beek,2024,RSM Netherlands,84121,
34246213,HZK Spoedzorg B.V.,2024,RSM,86210,
34270853,Meyn Holding B.V.,2021,RSM,64210,
17065352,Diesel BeNeLux B.V.,2022,RSM Netherlands,46421,
14099461,Gezondheidscentrum Heerlen-Zuid B.V.,2024,RSM,86210,
86301853,Circular IT Holding B.V.,2024,RSM Netherlands,64210,
37125512,InWork B.V.,2023,RSM Netherlands,78100,
37125512,InWork B.V.,2022,RSM NetherIands,78100,
32077312,Media Park Enterprise B.V.,2021,RSM Netherlands,68120,
32077312,Media Park Enterprise B.V.,2022,RSM Netherlands,68120,
24248370,Maas-Riva B.V.,2023,RSM Netherlands,46647,
34093616,Selmers Industrial B.V.,2023,RSM Netherlands,71120,
69720010,Lapal Holding B.V.,2022,RSM Netherlands,77111,
71004327,D. Guit Vastgoed B.V.,2022,RSM,68320,
67984576,Radix Trading Europe B.V.,2021,RSM Netherlands,64210,
52732037,Pentaqua B.V.,2020,RSM,64210,
52732037,Pentaqua B.V.,2022,RSM,64210,
13042172,Moonen Beheer B.V.,2021,RSM Netherlands,64210,
30168847,Asgard B.V.,2021,RSM Netherlands,74990,
30168847,Asgard B.V.,2022,RSM Netherlands,74990,
30168847,Asgard B.V.,2024,RSM Netherlands,74990,
24235624,Flanderijn Beheer B.V.,2021,RSM Netherlands,64210,
24235624,Flanderijn Beheer B.V.,2023,RSM Netherlands,64210,
24257652,ADM WILD Netherlands,2022,RSM Netherlands,46340,
77768922,H.A. Utilities Holding B.V.,2021,RSM Netherlands,64210,
27159450,NetEconomy,2021,RSM Netherlands,46500,
34238039,Mechanical Power Supply B.V.,2022,RSM,64923,
58173757,Hillfresh Holding B.V.,2021,RSM Netherlands,64210,
41150933,Trombosestichting Nederland,2021,RSM Netherlands,72100,
34241603,J&D B.V.,2023,RSM Netherlands,28290,
34032086,Moens Mouldings B.V.,2023,RSM Netherlands,22220,
28036654,LEDVANCE Benelux B.V.,2023,RSM Netherlands,46473,
60316292,LYB CLCS Sales NL B.V.,2020,RSM Netherlands,46851,
60316292,LYB CLCS Sales NL B.V.,2021,RSM Netherlands,46851,
60316292,LYB CLCS Sales NL B.V.,2023,RSM Netherlands,46851,
39085937,LX Pantos Netherlands B.V.,2022,RSM Netherlands,52250,
30195730,Stichting MVO Nederland,2020,RSM Netherlands,94996,
30195730,Stichting MVO Nederland,2021,RSM Netherlands,94996,
30195730,Stichting MVO Nederland,2023,RSM Netherlands,94996,
30195730,Stichting MVO Nederland,2024,RSM Netherlands,94996,
67501435,Orchidaceae B.V.,2022,RSM Netherlands,64210,
67501435,Orchidaceae B.V.,2023,RSM Netherlands,64210,
70602972,Kela Consultancy B.V.,2022,RSM Netherlands,64210,
37053473,Rodi Rotatiedruk B.V.,2022,RSM Netherlands,18110,
37053473,Rodi Rotatiedruk B.V.,2023,RSM Netherlands,18110,
61278629,Dahua Europe B.V.,2022,RSM Netherlands,62100,
61278629,Dahua Europe B.V.,2023,RSM Netherlands,62100,
23071521,Veth Propulsion,2022,RSM,33121,
14031620,Leco Europe B.V.,2022,RSM Netherlands,52109,
34238067,Toren Productie B.V.,2021,RSM,64210,
24347033,Dahlman Industrial Group B.V.,2020,RSM,64210,
70473110,Logiqs Beheer B.V.,2024,RSM Netherlands,66300,
51896125,Gemeente Voerendaal,2022,RSM Netherlands,84110,
14045154,Heuschen & Schrouff Fresh Foods B.V.,2022,RSM Netherlands,10890,
35006854,"B.V. Holding Maatschappij ""Verwachting""",2021,RSM Netherlands,64210,
41047578,"Stichting SBI, Samenwerking, Bezinning en Inspiratie",2023,RSM Netherlands,94997,
56171048,Konekta Services B.V.,2022,RSM Netherlands,78201,
93826818,SCOD B.V.,2024,RSM Netherlands,64210,
87587602,Project Verhuizingen B.V.,2023,RSM,70202,
67610315,Into Impact Holding B.V.,2020,RSM Netherlands,64210,
14087832,Koobra Invest B.V.,2022,RSM Netherlands,70102,
14087832,Koobra Invest B.V.,2023,RSM Netherlands,70102,
14087832,Koobra Invest B.V.,2024,RSM Netherlands,70102,
33297343,Epicor Software Netherlands B.V.,2021,RSM Netherlands,64210,
37089153,Nebig International B.V.,2022,RSM Netherlands,46646,
37089153,Nebig International B.V.,2023,RSM Netherlands,46646,
24427928,Fabo Beheer B.V.,2021,RSM Netherlands,64210,
34171523,Orangebizz B.V.,2021,RSM,64210,
34171523,Orangebizz B.V.,2023,RSM Netherlands,64210,
23047335,IG Design Group Europe B.V.,2024,RSM,64210,
83444920,JASA Holding B.V.,2023,RSM Netherlands,64210,
69238928,Dutch Packaging Group B.V.,2023,RSM Netherlands,70102,
29011347,Kiela Beheer,2021,RSM Netherlands,64210,
29011347,Kiela Beheer,2022,RSM Netherlands,64210,
53884892,Messem Holding B.V.,2022,RSM Netherlands,64210,
59752548,ID Europe Coöperatie U.A.,2021,RSM,64210,
60323167,R&R Mechatronics International B.V.,2024,RSM Netherlands,26510,
14096416,Stichting Collectie Bonnefanten Museum,2020,RSM Netherlands,94993,
16076151,Delco Beheer B.V.,2020,RSM,64210,
16076151,Delco Beheer B.V.,2022,RSM Netherlands,64210,
31050398,Medicom Healthcare B.V.,2021,RSM Netherlands,46462,
17178672,Vision Car Lease B.V.,2024,RSM Netherlands,77112,
33221355,Ipsen Farmaceutica B.V.,2024,RSM Netherlands,72100,
73474487,Indicia B.V.,2021,RSM Netherlands,64210,
73474487,Indicia B.V.,2023,RSM Netherlands,64210,
74300296,GIGA Buffalo B.V.,2021,RSM Netherlands,70102,
63629178,AWWG Investments B.V.,2020,RSM,64210,
30043642,Pokon Evergreen B.V.,2025,RSM Netherlands,46852,
75389797,The Rental Group B.V.,2023,RSM Netherlands,64210,
74300784,GIGA Rhino B.V.,2021,RSM Netherlands,71120,
08088230,Xsens Holdings B.V.,2020,RSM Netherlands,64210,
08088230,Xsens Holdings B.V.,2020,RSM,64210,
08088230,Xsens Holdings B.V.,2022,RSM Netherlands,64210,
67501435,Orchidaceae B.V.,2024,RSM Netherlands,64210,
34044970,Royal Burgers B.V.,2021,RSM,29202,
35028787,Ce-Ren Beheer B.V.,2024,RSM Netherlands,64210,
34063670,Bloemen- en Plantengroothandel Anton van der Hoorn B.V.,2021,RSM Netherlands,46220,
34063670,Bloemen- en Plantengroothandel Anton van der Hoorn B.V.,2022,RSM Netherlands,46220,
22035641,Hillfresh International B.V.,2025,RSM Netherlands,46311,
12038854,TB Truck & Trailer Service Venlo B.V.,2022,RSM Netherlands,,
83071482,Pluto Sport Holding B.V.,2021,RSM Netherlands,64210,
83071482,Pluto Sport Holding B.V.,2022,RSM Netherlands,64210,
30211415,MantelzorgNL,2024,RSM Netherlands,94997,
27284558,Johnson Health Tech. Netherlands B.V.,2024,RSM Netherlands,32300,
30212578,DARE B.V.,2024,RSM Netherlands,52101,
37054954,Ranzijn tuin & dier B.V.,2024,RSM Netherlands,47761,
34171875,Coöperatie SNB-REACT U.A.,2020,RSM,69102,
34171875,Coöperatie SNB-REACT U.A.,2023,RSM Netherlands,69102,
22035641,Hillfresh International B.V.,2020,RSM,46311,
40594126,AWVN,2024,RSM Netherlands.,70202,
36050407,Vercom International B.V.,2023,RSM Netherlands,46646,
14044287,Rajomi B.V.,2020,RSM,,
34269697,United International Management B.V.,2020,RSM,69209,
52859231,ESB European Steel Business Group B.V.,2023,RSM Netherlands,64210,
56189060,Aannemingsbedrijf Dozy B.V.,2020,RSM,41000,
69917558,Forsyth Infrastructure Euro Holdings B.V.,2022,RSM Netherlands,64210,
67297293,Orascom Egypt Wind B.V.,2020,RSM,64210,
67297293,Orascom Egypt Wind B.V.,2024,RSM Netherlands,64210,
37047533,Aannemingsmaatschappij De Geus B.V.,2023,RSM Netherlands,41000,
75389797,The Rental Group B.V.,2024,RSM Netherlands,64210,
30093466,&Samhoud Fun Factory,2022,RSM Netherlands,64210,
30093466,&Samhoud Fun Factory,2024,RSM Netherlands,64210,
02083147,QPS Netherlands B.V.,2021,RSM Netherlands,72100,
30277579,5CA B.V.,2020,RSM Netherlands,82200,
30277579,5CA B.V.,2021,RSM Netherlands,82200,
69615667,Dutch Dental Group B.V.,2021,RSM Netherlands,64210,
69615667,Dutch Dental Group B.V.,2023,RSM Netherlands,64210,
69615667,Dutch Dental Group B.V.,2024,RSM Netherlands,64210,
14072662,Lybrae Nederland B.V.,2020,RSM,71120,
14072662,Lybrae Nederland B.V.,2020,RSM Netherlands,71120,
24293939,Stichting Worm,2024,RSM Netherlands,90391,
17037842,"""AAE"" Advanced Automated Equipment B.V.",2021,RSM Netherlands,28990,
10044298,Baho Wijchen B.V.,2020,RSM Netherlands,46390,
13003129,Beheersmaatschappij Bergia Frites B.V.,2020,RSM,64210,
33298434,VPR Energy B.V.,2022,RSM Netherlands,19200,
13023167,Bergia Distributiebedrijven B.V.,2020,RSM Netherlands,10310,
12022013,Velmans B.V.,2024,RSM Netherlands,70102,
32069087,Invue Security Products B.V.,2020,RSM,46645,
30109705,Technetix B.V.,2023,RSM Netherlands,46500,
59374160,Olmenstaete Holding B.V.,2020,RSM Netherlands,,
17059631,Gebr. van de Ven Management B.V.,2022,RSM Netherlands,64210,
30209211,Labcorp International Holdings B.V.,2022,RSM Netherlands,72100,
63058324,One PB B.V.,2024,RSM Netherlands,78201,
54055350,Mettom Holding B.V.,2024,RSM Netherlands,66300,
20155603,Luxexcel Holding B.V.,2022,RSM Netherlands,18140,
58173757,Hillfresh Holding B.V.,2025,RSM Netherlands,64210,
33060401,Anamet Europe B.V.,2020,RSM,25990,
33060401,Anamet Europe B.V.,2020,RSM Netherlands,25990,
33060401,Anamet Europe B.V.,2021,RSM,25990,
24235624,Flanderijn Beheer B.V.,2025,RSM Netherlands,64210,
12038026,Indicator Systems,2025,RSM Netherlands,21200,
86301853,Circular IT Holding B.V.,2025,RSM Netherlands,64210,
35028640,Animo Deliberato B.V.,2024,RSM Netherlands,66120,
63907577,ECMS Express (NL) B.V.,2022,RSM Netherlands,52250,
34126607,De ZorgSpecialist B.V.,2025,RSM Netherlands,86942,
72023155,SEW Holding B.V.,2025,RSM Netherlands,64210,
34229965,DE RUITER HOLDING B.V.,2024,RSM Netherlands,64210,
30206953,Gold Finance & Leasing B.V.,2021,RSM Netherlands,64910,
41213794,Stichting Wereld Kanker Onderzoek Fonds (WCRF NL),2025,RSM Netherlands,94993,
37070494,K_Dekker bouw & infra b.v.,2025,RSM Netherlands,42110,
51386747,Coöperatie Boer en Zorg,2025,RSM Netherlands,88103,
30144076,Korn Ferry Management B.V.,2023,RSM Netherlands,70201,
30269670,Vako B.V.,2024,RSM Netherlands,13920,
67922139,Vako Textiles B.V.,2023,RSM Netherlands,46472,
36009972,G&B Home Living,2021,RSM Netherlands,46833,
36009972,G&B Home Living,2022,RSM Netherlands,46833,
29011347,Kiela Beheer,2024,RSM Netherlands,64210,
59436433,CHEFS CULINAR,2024,RSM Netherlands,46382,
28089096,Max Bögl Nederland B.V.,2024,RSM Netherlands,41000,
34107096,Molber Beheer B.V.,2021,RSM Netherlands,64210,
33137981,Unico Beheer B.V.,2022,RSM Netherlands,64210,
61801941,Huib Bakker Bouwgroep B.V.,2024,RSM Netherlands,64210,
37125289,Elektropartners B.V.,2023,RSM Netherlands,43212,
30043642,Pokon Evergreen B.V.,2024,RSM Netherlands,46852,
10044931,Stichting Compassion in World Farming Nederland,2021,RSM Netherlands,94996,
10044931,Stichting Compassion in World Farming Nederland,2022,RSM Netherlands,94996,
14061938,PC Data B.V.,2024,RSM Netherlands,62200,
71179569,Tower Research Capital Europe B.V.,2024,RSM Netherlands,64310,
30209582,Van der Wal B.V.,2024,RSM Netherlands,49410,
78257948,Everest Fresh B.V.,2024,RSM Netherlands,46110,
16044140,Intopack B.V.,2024,RSM Netherlands,22220,
24181890,Centric Netherlands B.V.,2020,RSM Netherlands,62200,
24181890,Centric Netherlands B.V.,2021,RSM,62200,
37041327,Dekker Beheermaatschappij Krabbendam B.V.,2022,RSM Netherlands,64210,
35002428,Schoemaker Beheer B.V.,2024,RSM,64210,
69596905,JS Cocoa Holding B.V.,2024,RSM,38210,
35015483,JS Cocoa,2024,RSM Netherlands,10821,
67938116,DIB B.V.,2025,RSM Netherlands,64210,
13004519,Schmitz Holding B.V.,2021,RSM Netherlands,64210,
37035824,J.P. Beemsterboer Food Traders B.V.,2020,RSM,46312,
17037842,"""AAE"" Advanced Automated Equipment B.V.",2025,RSM Netherlands,28990,
17059631,Gebr. van de Ven Management B.V.,2024,RSM Netherlands,64210,
34210148,Het Nieuwe Land B.V.,2024,RSM Netherlands,66300,
30139437,Eurailscout Inspection & Analysis B.V.,2021,RSM Netherlands,42110,
54233275,Fundamentum,2025,RSM,87202,
36050568,Worktrans Uitzendbureau,2020,RSM Netherlands,78201,
24429800,Keen Europe Outdoor B.V.,2021,RSM Netherlands,46423,
24429800,Keen Europe Outdoor B.V.,2022,RSM Netherlands,46423,
51448963,KMG5 B.V.,2025,RSM Netherlands,64210,
20073363,Amcor Specialty Cartons Brabant B.V.,2025,RSM Netherlands,17211,
69090890,Nordian Acquisition X B.V.,2025,RSM Netherlands,64210,
37109671,CLB Holding B.V.,2024,RSM Netherlands,70102,
34239748,J&D Beheer B.V.,2025,RSM Netherlands,64210,
34320035,Speciaalzaken B.V.,2023,RSM Netherlands,64210,
34241603,J&D B.V.,2025,RSM Netherlands,28290,
80425577,Nimlumi Holding B.V.,2021,RSM Netherlands,64210,
24311532,Justrite Safety Group EMEA B.V.,2020,RSM Netherlands,46472,
24311532,Justrite Safety Group EMEA B.V.,2021,RSM Netherlands,46472,
63930544,Interdesign Holland Holdings C.V.,2022,RSM,64210,
30182723,Stichting Kind & Co Ludens,2023,RSM Netherlands,88910,
09069148,Night Star Express Hellmann B.V.,2024,RSM Netherlands,49410,
77158105,Open Line Holding II B.V.,2025,RSM Netherlands,64210,
14069818,Open Line Consultancy B.V.,2023,RSM Netherlands,46500,
37103802,Calle Teide Holding B.V.,2024,RSM Netherlands,64210,
30019658,Terberg Totaal Installaties Utrecht B.V.,2024,RSM Netherlands,43212,
28102551,Moolenaar B.V.,2020,RSM Netherlands,46220,
28102551,Moolenaar B.V.,2021,RSM,46220,
28102551,Moolenaar B.V.,2024,RSM Netherlands,46220,
24085584,Hellmann Worldwide Logistics B.V.,2024,RSM Netherlands,52260,
24312508,AMSE,2023,RSM Netherlands,28950,
17080838,Rogon Products B.V.,2020,RSM,46412,
34114350,Hurco B.V.,2020,RSM,64210,
34063670,Bloemen- en Plantengroothandel Anton van der Hoorn B.V.,2023,RSM Netherlands,46220,
14049422,H.S.O.F. Beheer B.V.,2025,RSM Netherlands,70202,
94194254,Hofstede Bidco B.V.,2024,RSM Netherlands,64210,
24346310,PPD (Netherlands) B.V.,2020,RSM,72100,
24346310,PPD (Netherlands) B.V.,2022,RSM Netherlands,72100,
12065735,MPloyee B.V.,2024,RSM,62100,
72129832,Dutch Vein Clinic B.V.,2020,RSM,86221,
83931848,Carwash Holding B.V.,2023,RSM Netherlands,70101,
34112048,Smith & Associates Europe B.V.,2024,RSM Netherlands,46500,
34087921,Optima Cycles B.V.,2025,RSM Netherlands,30920,
34188220,Consultants on Targeted Security Netherlands B.V.,2022,RSM,80010,
30224127,Asus Technology Holland,2023,RSM Netherlands,66191,
77594142,Decowraps Europe Holdings B.V.,2022,RSM Netherlands,64210,
77594142,Decowraps Europe Holdings B.V.,2024,RSM Netherlands,64210,
66356652,Bright Cape Holding,2024,RSM Netherlands,64210,
33264818,Goedkoop Vastgoed B.V.,2023,RSM Netherlands,64210,
34135255,CEE BEHEER B.V.,2023,RSM Netherlands,64210,
18129941,Zijderlaan Group B.V.,2022,RSM Netherlands,70102,
18129941,Zijderlaan Group B.V.,2023,RSM Netherlands,70102,
36050407,Vercom International B.V.,2024,RSM Netherlands,46646,
24427928,Fabo Beheer B.V.,2025,RSM Netherlands,64210,
13038831,Trustteam Nederland B.V.,2024,RSM Netherlands,46500,
71648011,React B.V.,2022,RSM Netherlands,80010,
71648011,React B.V.,2024,RSM Netherlands,80010,
56021372,Slava Beheer B.V.,2025,RSM Netherlands,64210,
