kvk,naam,boekjaar,accountant
22051386,2O Holding B.V.,2021,Baker Tilly Netherlands
22051386,2O Holding B.V.,2022,Baker Tilly Netherlands
78155622,360 Experience Group B.V.,2020,Baker Tilly (Netherlands)
78155622,360 Experience Group B.V.,2021,Baker Tilly Netherlands
78155622,360 Experience Group B.V.,2021,Baker Tilly
78155622,360 Experience Group B.V.,2022,Baker Tilly Netherlands
78155622,360 Experience Group B.V.,2023,Baker Tilly Netherlands
78155622,360 Experience Group B.V.,2024,Baker Tilly Netherlands
30268615,3B Holding B.V.,2021,Baker Tilly Netherlands
30268615,3B Holding B.V.,2022,Baker Tilly Netherlands
30268615,3B Holding B.V.,2023,Baker Tilly Netherlands
27212938,3B-Wonen,2022,Baker Tilly Netherlands
27212938,3B-Wonen,2023,Baker Tilly Netherlands
27212938,3B-Wonen,2024,Baker Tilly Netherlands
34351166,3W Power Holdings B.V.,2022,Baker Tilly
34351166,3W Power Holdings B.V.,2023,Baker Tilly
31009627,Aako B.V.,2020,Baker Tilly
31009627,Aako B.V.,2021,Baker Tilly (Netherlands)
31009627,Aako B.V.,2022,Baker Tilly Netherlands
31009627,Aako B.V.,2023,Baker Tilly Netherlands
31009627,Aako B.V.,2024,Baker Tilly Netherlands
20051827,Aan de Stegge Roosendaal B.V.,2023,Baker Tilly Netherlands
20051827,Aan de Stegge Roosendaal B.V.,2024,Baker Tilly Netherlands
38021054,Aan de Stegge Verenigde Bedrijven B.V.,2020,Baker Tilly (Netherlands)
38021054,Aan de Stegge Verenigde Bedrijven B.V.,2020,Baker Tilly
38021054,Aan de Stegge Verenigde Bedrijven B.V.,2021,Baker Tilly
38021054,Aan de Stegge Verenigde Bedrijven B.V.,2022,Baker Tilly (Netherlands)
38021054,Aan de Stegge Verenigde Bedrijven B.V.,2023,Baker Tilly (Netherlands)
38021054,Aan de Stegge Verenigde Bedrijven B.V.,2024,Baker Tilly Netherlands
18032137,Aannemersbedrijf J.A. van Gisbergen B.V.,2020,Baker Tilly Netherland
18032137,Aannemersbedrijf J.A. van Gisbergen B.V.,2021,Baker Tilly Netherlands
18032137,Aannemersbedrijf J.A. van Gisbergen B.V.,2024,Baker Tilly (Netherlands)
22025581,Aannemingsbedrijf Fraanje B.V.,2020,Baker Tilly (Netherlands)
22025581,Aannemingsbedrijf Fraanje B.V.,2022,Baker Tilly Netherlands
22025581,Aannemingsbedrijf Fraanje B.V.,2023,Baker Tilly (Netherlands)
22025581,Aannemingsbedrijf Fraanje B.V.,2024,Baker Tilly Netherlands
76076946,Aarts Packaging Beheer B.V.,2020,Baker Tilly (Netherlands)
76076946,Aarts Packaging Beheer B.V.,2022,Baker Tilly Netherlands
68636628,AC Media Connect B.V.,2021,Baker Tilly
68636628,AC Media Connect B.V.,2023,Baker Tilly
73376388,ACE Compounding B.V.,2024,Baker Tilly Netherlands
81138253,ACE Pharma Group B.V.,2021,Baker Tilly
81138253,ACE Pharma Group B.V.,2022,Baker Tilly Netherlands
81138253,ACE Pharma Group B.V.,2023,Baker Tilly Netherlands
81138253,ACE Pharma Group B.V.,2024,Baker Tilly Netherlands
81138253,ACE Pharma Group B.V.,2025,Baker Tilly Netherlands
39061666,ACE Pharmaceuticals B.V.,2022,Baker Tilly (Netherlands)
39061666,ACE Pharmaceuticals B.V.,2023,Baker Tilly Netherlands
39061666,ACE Pharmaceuticals B.V.,2024,Baker Tilly Netherlands
61382744,Achter de blauwe deur,2022,Baker Tilly
67477801,Acunmedya Holding B.V.,2022,Baker Tilly Netherlands
67477801,Acunmedya Holding B.V.,2023,Baker Tilly Gureli
73749079,Acunmedya Netherlands TV & Production B.V.,2023,Baker Tilly
61368512,Ad Hulst B.V.,2021,Baker Tilly Netherlands
61368512,Ad Hulst B.V.,2023,Baker Tilly Netherlands
17207313,Adamas Vught B.V.,2024,Baker Tilly Netherlands
02035754,adapa the Netherlands Leek B.V.,2022,Baker Tilly Netherlands
02035754,adapa the Netherlands Leek B.V.,2023,Baker Tilly Netherlands
02035754,adapa the Netherlands Leek B.V.,2024,Baker Tilly Netherlands
24026956,adapa the Netherlands Rotterdam B.V.,2022,Baker Tilly Netherlands
24026956,adapa the Netherlands Rotterdam B.V.,2024,Baker Tilly Netherlands
08115565,ADS Groep,2020,Baker Tilly
08115565,ADS Groep,2021,Baker Tilly (Netherlands)
08115565,ADS Groep,2022,Baker Tilly Netherlands
08115565,ADS Groep,2023,Baker Tilly Netherlands
08115565,ADS Groep,2024,Baker Tilly Netherlands
27270545,AEG Power Solutions B.V.,2021,Baker Tilly Netherlands
27270545,AEG Power Solutions B.V.,2024,Baker Tilly
67811477,AES International B.V.,2021,Baker Tilly
67811477,AES International B.V.,2022,Baker Tilly Netherlands
67811477,AES International B.V.,2023,Baker Tilly Netherlands
67811477,AES International B.V.,2024,Baker Tilly Netherlands
27010967,Agfa HealthCare Netherlands B.V.,2020,Baker Tilly
84180986,Alcon Finance B.V.,2022,Baker Tilly Netherlands
84180986,Alcon Finance B.V.,2024,Baker Tilly Netherlands
23072440,Alcon Nederland B.V.,2020,Baker Tilly
23072440,Alcon Nederland B.V.,2021,Baker Tilly Netherlands
23072440,Alcon Nederland B.V.,2022,Baker Tilly Netherlands
23072440,Alcon Nederland B.V.,2024,Baker Tilly Netherlands
18037548,Alfo Groep B.V.,2020,Baker Tilly
18037548,Alfo Groep B.V.,2021,Baker Tilly Netherlands
18037548,Alfo Groep B.V.,2022,Baker Tilly Netherlands
18037548,Alfo Groep B.V.,2024,Baker Tilly Netherlands
06062343,Alkondor Beheer B.V.,2020,Baker Tilly
06062343,Alkondor Beheer B.V.,2022,Baker Tilly Berk
08198382,Alkondor Holding B.V.,2020,Baker Tilly
08198382,Alkondor Holding B.V.,2021,Baker Tilly Netherlands
08198382,Alkondor Holding B.V.,2022,Baker Tilly Netherlands
08198382,Alkondor Holding B.V.,2023,Baker Tilly Netherlands
08198382,Alkondor Holding B.V.,2024,Baker Tilly Netherlands
38023622,Altebra Sprinklertechniek B.V.,2020,Baker Tilly (Netherlands)
56211775,AMC Vlissingen B.V.,2020,Baker Tilly
56211775,AMC Vlissingen B.V.,2023,Baker Tilly Netherlands
56211775,AMC Vlissingen B.V.,2025,Baker Tilly Netherlands
64552926,Ampleon Coöperatief U.A.,2020,Baker Tilly
64552926,Ampleon Coöperatief U.A.,2021,Baker Tilly (Netherlands)
64552926,Ampleon Coöperatief U.A.,2021,Baker Tilly Netherlands
64552926,Ampleon Coöperatief U.A.,2022,Baker Tilly Netherlands
64552926,Ampleon Coöperatief U.A.,2023,Baker Tilly (Netherlands)
64552926,Ampleon Coöperatief U.A.,2024,Baker Tilly Netherlands
64552926,Ampleon Coöperatief U.A.,2025,Baker Tilly Netherlands
68883447,Analytics Holding B.V.,2020,Baker Tilly (Netherlands)
09144748,Andros Clinics,2025,Baker Tilly Netherlands
95489533,Andros Clinics Zorg B.V.,2025,Baker Tilly Netherlands
17086351,Apex Anilox B.V.,2020,Baker Tilly
17086351,Apex Anilox B.V.,2022,Baker Tilly Netherlands
17086351,Apex Anilox B.V.,2023,Baker Tilly Netherlands
17039194,Apex Beheer B.V.,2020,Baker Tilly
17039194,Apex Beheer B.V.,2022,Baker Tilly Netherlands
18127877,ARAS Security B.V.,2020,Baker Tilly
18127877,ARAS Security B.V.,2023,Baker Tilly Netherlands
18127877,ARAS Security B.V.,2025,Baker Tilly Netherlands
06076200,Ashworth Europe B.V.,2020,Baker Tilly
06076200,Ashworth Europe B.V.,2021,Baker Tilly
06076200,Ashworth Europe B.V.,2022,Baker Tilly Netherlands
06076200,Ashworth Europe B.V.,2025,Baker Tilly Netherlands
61142263,Aushi B.V.,2025,Baker Tilly Netherlands
16034074,"Auto Verschrotings Industrie ""A.V.I."" Den Bosch B.V.",2021,Baker Tilly Netherlands
80775500,Autogroep Ursem Barten B.V.,2024,Baker Tilly Netherlands
28029253,AV Flexologic B.V.,2024,Baker Tilly Netherlands
08061324,Avantes B.V.,2020,Baker Tilly
08061324,Avantes B.V.,2022,Baker Tilly Netherlands
08061324,Avantes B.V.,2023,Baker Tilly Netherlands
64789047,AVEM Kinderopvang B.V.,2023,Baker Tilly Netherlands
64789047,AVEM Kinderopvang B.V.,2024,Baker Tilly Netherlands
64789047,AVEM Kinderopvang B.V.,2025,Baker Tilly Netherlands
68913389,Aweta Beheer III B.V.,2021,Baker Tilly (Netherlands)
84721561,Aweta Beheer IV B.V.,2022,Baker Tilly Netherlands
84721561,Aweta Beheer IV B.V.,2023,Baker Tilly (Netherlands)
84721561,Aweta Beheer IV B.V.,2023,Baker Tilly Netherlands
84721561,Aweta Beheer IV B.V.,2024,Baker Tilly (Netherlands)
84721561,Aweta Beheer IV B.V.,2025,Baker Tilly (Netherlands)
27073114,Aweta G&P B.V.,2022,Baker Tilly (Netherlands)
27073114,Aweta G&P B.V.,2023,Baker Tilly Netherlands
27073114,Aweta G&P B.V.,2024,Baker Tilly (Netherlands)
27073114,Aweta G&P B.V.,2025,Baker Tilly (Netherlands)
08065983,AWL-Techniek B.V.,2020,Baker Tilly (Netherlands)
08065983,AWL-Techniek B.V.,2020,Baker Tilly
08065983,AWL-Techniek B.V.,2022,Baker Tilly Netherlands
08065983,AWL-Techniek B.V.,2023,Baker Tilly Netherlands
08065983,AWL-Techniek B.V.,2025,Baker Tilly Netherlands
08058711,AWL-Techniek Holding,2020,Baker Tilly
08058711,AWL-Techniek Holding,2022,Baker Tilly Netherlands
08058711,AWL-Techniek Holding,2023,Baker Tilly Netherlands
08058711,AWL-Techniek Holding,2024,Baker Tilly Netherlands
08058711,AWL-Techniek Holding,2024,Baker Tilly (Netherlands)
08058711,AWL-Techniek Holding,2025,Baker Tilly (Netherlands)
31022872,AWS Holding B.V.,2020,Baker Tilly
31022872,AWS Holding B.V.,2021,Baker Tilly (Netherlands)
31022872,AWS Holding B.V.,2022,Baker Tilly Netherlands
31022872,AWS Holding B.V.,2023,Baker Tilly Netherlands
31022872,AWS Holding B.V.,2024,Baker Tilly Netherlands
34211632,AZEN Oil Company B.V.,2020,Baker Tilly Berk
60633239,B&F Palace Amsterdam B.V.,2022,Baker Tilly Netherlands
05028197,B.V. Leeuwbouw,2021,Baker Tilly Netherlands
17113318,B.V. Ontwikkelingsmaatschappij Paleiskwartier,2020,Baker Tilly
17113318,B.V. Ontwikkelingsmaatschappij Paleiskwartier,2023,Baker Tilly Netherlands
53743792,Baas B.V.,2021,Baker Tilly Netherlands
53743792,Baas B.V.,2022,Baker Tilly Netherlands
53743792,Baas B.V.,2023,Baker Tilly Netherlands
53743490,Baas Groep B.V.,2020,Baker Tilly
53743490,Baas Groep B.V.,2021,Baker TiIIy
53743490,Baas Groep B.V.,2022,Baker Tilly Netherlands
53743490,Baas Groep B.V.,2023,Baker Tilly Netherlands
17120393,BAS Group B.V.,2022,Baker Tilly Netherlands
16077239,BAS Lease B.V.,2021,Baker Tilly (Netherlands)
16077239,BAS Lease B.V.,2022,Baker Tilly Netherlands
16021586,BAS Truck Center,2020,Baker TiIly
16021586,BAS Truck Center,2021,Baker TiIly
16021586,BAS Truck Center,2022,Baker Tilly Netherlands
16021586,BAS Truck Center,2024,Baker Tilly Netherlands
17103220,BAS World B.V.,2020,Baker Tilly Netherlands
17103220,BAS World B.V.,2020,Baker Tilly
17103220,BAS World B.V.,2021,Baker Tilly
17103220,BAS World B.V.,2022,Baker Tilly
17103220,BAS World B.V.,2022,Baker Tilly Netherlands
17103220,BAS World B.V.,2023,Baker Tilly (Netherlands)
17103220,BAS World B.V.,2024,Baker Tilly
18114807,Bazalt Wonen,2020,Baker Tilly Netherlands
18114807,Bazalt Wonen,2021,Baker Tilly (Netherlands)
17129358,BDO Holding B.V.,2024,Baker Tilly Netherlands
17129358,BDO Holding B.V.,2025,Baker Tilly Netherlands
65282973,Beacon Terminals B.V.,2023,Baker Tilly Netherlands
38009608,Beaphar Beheer B.V.,2024,Baker Tilly Netherlands
17183907,Beccus B.V.,2020,Baker Tilly (Netherlands)
17183907,Beccus B.V.,2021,Baker Tilly Netherlands
05054243,Bege Beheer B.V.,2022,Baker Tilly (Netherlands)
05054243,Bege Beheer B.V.,2024,Baker Tilly (Netherlands)
32012259,Beheer- en Beleggingsmaatschappij Honing B.V.,2023,Baker Tilly Netherlands
96006331,Beheer- en Beleggingsmaatschappij Honing B.V.,2024,Baker Tilly Netherlands
51019582,Beheermaatschappij van Gisbergen B.V.,2020,Baker Tilly (Netherlands)
51019582,Beheermaatschappij van Gisbergen B.V.,2021,Baker Tilly Netherlands
51019582,Beheermaatschappij van Gisbergen B.V.,2022,Baker Tilly Netherlands
51019582,Beheermaatschappij van Gisbergen B.V.,2023,Baker Tilly Netherlands
51019582,Beheermaatschappij van Gisbergen B.V.,2024,Baker Tilly (Netherlands)
16043622,Bek,2020,Baker Tilly
16043622,Bek,2021,Baker Tilly (Netherlands)
22008775,Bel Crevettes Holding B.V.,2020,Baker Tilly Netherlands
22008775,Bel Crevettes Holding B.V.,2021,Baker Tilly Netherlands
22008775,Bel Crevettes Holding B.V.,2022,Baker Tilly Netherlands
22008775,Bel Crevettes Holding B.V.,2023,Baker Tilly Netherlands
22008775,Bel Crevettes Holding B.V.,2024,Baker Tilly Netherlands
22008775,Bel Crevettes Holding B.V.,2025,Baker Tilly Netherlands
05074033,Bemog Holding B.V.,2020,Baker Tilly
05074033,Bemog Holding B.V.,2020,Baker Tilly Netherlands
05074033,Bemog Holding B.V.,2021,Baker Tilly (Netherlands)
05074033,Bemog Holding B.V.,2022,Baker Tilly Netherlands
05074033,Bemog Holding B.V.,2023,Baker Tilly Netherlands
05074033,Bemog Holding B.V.,2024,Baker Tilly (Netherlands)
05032062,Bemog Projektontwikkeling B.V.,2021,Baker Tilly Netherlands
05032062,Bemog Projektontwikkeling B.V.,2022,Baker Tilly Netherlands
05032062,Bemog Projektontwikkeling B.V.,2023,Baker Tilly Netherlands
05032062,Bemog Projektontwikkeling B.V.,2024,Baker Tilly Netherlands
39056660,Bemog Projektontwikkeling West B.V.,2020,Baker Tilly
39056660,Bemog Projektontwikkeling West B.V.,2022,Baker Tilly
20150560,Benelux Groepering voor Territoriale Samenwerking aan-z,2025,Baker Tilly Netherlands
30046663,Berenschot B.V.,2020,Baker TilIy
30046663,Berenschot B.V.,2020,Baker Tilly
30046663,Berenschot B.V.,2021,Baker Tilly Netherlands
30046663,Berenschot B.V.,2022,Baker Tilly Netherlands
30046663,Berenschot B.V.,2023,Baker Tilly Netherlands
30046663,Berenschot B.V.,2024,Baker Tilly Netherlands
30046663,Berenschot B.V.,2025,Baker Tilly
30155100,Berenschot Groep B.V.,2020,Baker Tilly
30155100,Berenschot Groep B.V.,2021,Baker Tilly Netherlands
30155100,Berenschot Groep B.V.,2021,Baker Tilly (Netherlands)
30155100,Berenschot Groep B.V.,2022,Baker Tilly Netherlands
30155100,Berenschot Groep B.V.,2023,Baker Tilly Netherlands
30155100,Berenschot Groep B.V.,2024,Baker Tilly Netherlands
30155100,Berenschot Groep B.V.,2025,Baker Tilly Netherlands
30155100,Berenschot Groep B.V.,2025,Baker Tilly
74734660,Berghege Heerkens Bouwgroep B.V.,2020,Baker Tilly
74734660,Berghege Heerkens Bouwgroep B.V.,2021,Baker Tilly Netherlands
74734660,Berghege Heerkens Bouwgroep B.V.,2022,Baker Tilly Netherlands
74734660,Berghege Heerkens Bouwgroep B.V.,2023,Baker Tilly Netherlands
74734660,Berghege Heerkens Bouwgroep B.V.,2024,Baker Tilly Netherlands
74734660,Berghege Heerkens Bouwgroep B.V.,2025,Baker Tilly (Netherlands)
16033150,Bert Plantagie B.V.,2022,Baker Tilly Netherlands
16033150,Bert Plantagie B.V.,2023,Baker Tilly Netherlands
05059988,Betap Holding B.V.,2022,Baker Tilly Netherlands
66390362,Betap Operations B.V.,2022,Baker Tilly Netherlands
66390362,Betap Operations B.V.,2023,Baker Tilly Netherlands
64337049,BIC International Holding B.V.,2020,Baker Tilly
56483074,BIC Protein B.V.,2020,Baker Tilly (Netherlands)
68958773,Big Holding Velddriel B.V.,2021,Baker Tilly
68958773,Big Holding Velddriel B.V.,2022,Baker Tilly Netherlands
11057540,Big Machinery B.V.,2023,Baker Tilly Netherlands
11057540,Big Machinery B.V.,2024,Baker Tilly Netherlands
75262126,BIG Rental and Services Holding B.V.,2021,Baker Tilly Netherlands
75262126,BIG Rental and Services Holding B.V.,2022,Baker Tilly (Netherlands)
75262126,BIG Rental and Services Holding B.V.,2023,Baker Tilly Netherlands
17180803,BioConnection,2022,Baker Tilly Netherlands
17180803,BioConnection,2023,Baker Tilly Netherlands
17180803,BioConnection,2024,Baker Tilly Netherlands
85610658,BioConnection Investments B.V.,2022,Baker Tilly Netherlands
85610658,BioConnection Investments B.V.,2023,Baker Tilly Netherlands
85610658,BioConnection Investments B.V.,2024,Baker Tilly Netherlands
62670522,BlinkLane Holding B.V.,2020,Baker Tilly
62670522,BlinkLane Holding B.V.,2022,Baker Tilly Netherlands
24171065,BML groep B.V.,2020,Baker Tilly
24171065,BML groep B.V.,2022,Baker Tilly Netherlands
24171065,BML groep B.V.,2023,Baker Tilly
24148307,Boels Industrial Netherlands B.V.,2020,Baker Tilly
60885602,Boels Topholding B.V.,2020,Baker Tilly
34249656,Bonarius Holding B.V.,2020,Baker TiIIy
34249656,Bonarius Holding B.V.,2021,Baker Tilly Netherlands
34249656,Bonarius Holding B.V.,2022,Baker Tilly Netherlands
34249656,Bonarius Holding B.V.,2023,Baker Tilly Netherlands
34249656,Bonarius Holding B.V.,2024,Baker Tilly Netherlands
34249656,Bonarius Holding B.V.,2025,Baker Tilly (Netherlands)
34057780,Bonarius Service B.V.,2021,Baker Tilly Netherlands
34057780,Bonarius Service B.V.,2024,Baker Tilly Netherlands
34001052,Bonarius Techniek B.V.,2020,Baker Tilly
34001052,Bonarius Techniek B.V.,2022,Baker Tilly Netherlands
34001052,Bonarius Techniek B.V.,2023,Baker Tilly Netherlands
34001052,Bonarius Techniek B.V.,2024,Baker Tilly Netherlands
34222673,Bonarius Vastgoed B.V.,2020,Baker Tilly
34222673,Bonarius Vastgoed B.V.,2021,Baker Tilly
34222673,Bonarius Vastgoed B.V.,2022,Baker Tilly Netherlands
34222673,Bonarius Vastgoed B.V.,2023,Baker Tilly Netherlands
34222673,Bonarius Vastgoed B.V.,2024,Baker Tilly Netherlands
34222673,Bonarius Vastgoed B.V.,2025,Baker Tilly Netherlands
66755026,Boot & Dart Boomkwekerijen B.V.,2020,Baker Tilly
66755026,Boot & Dart Boomkwekerijen B.V.,2022,Baker Tilly Netherlands
66755026,Boot & Dart Boomkwekerijen B.V.,2023,Baker Tilly Netherlands
66755026,Boot & Dart Boomkwekerijen B.V.,2024,Baker Tilly Netherlands
34040078,Bouw- en Aannemingsbedrijf Lokhorst B.V.,2020,Baker Tilly
08030049,Bouwbedrijf aan de Stegge Twello B.V.,2020,Baker Tilly
08030049,Bouwbedrijf aan de Stegge Twello B.V.,2021,Baker Tilly (Netherlands)
08030049,Bouwbedrijf aan de Stegge Twello B.V.,2021,Baker Tilly
08030049,Bouwbedrijf aan de Stegge Twello B.V.,2022,Baker Tilly Netherlands
08030049,Bouwbedrijf aan de Stegge Twello B.V.,2023,Baker Tilly Netherlands
08030049,Bouwbedrijf aan de Stegge Twello B.V.,2024,Baker Tilly Netherlands
08030049,Bouwbedrijf aan de Stegge Twello B.V.,2025,Baker Tilly Netherlands
16052802,Bouwbedrijf Berghege B.V.,2020,Baker Tilly
16052802,Bouwbedrijf Berghege B.V.,2022,Baker Tilly Netherlands
16052802,Bouwbedrijf Berghege B.V.,2023,Baker Tilly Netherlands
16052802,Bouwbedrijf Berghege B.V.,2024,Baker Tilly Netherlands
22030800,Bouwbedrijf J. van de Linde Kloetinge B.V.,2020,Baker Tilly (Netherlands)
22030800,Bouwbedrijf J. van de Linde Kloetinge B.V.,2022,Baker Tilly Netherlands
22030800,Bouwbedrijf J. van de Linde Kloetinge B.V.,2023,Baker Tilly Netherlands
22030800,Bouwbedrijf J. van de Linde Kloetinge B.V.,2024,Baker Tilly Netherlands
18028515,Bouwbedrijf Remmers B.V.,2020,Baker Tilly
18028515,Bouwbedrijf Remmers B.V.,2021,Baker Tilly Netherlands
18028515,Bouwbedrijf Remmers B.V.,2022,Baker Tilly
17198544,BouwGenius,2021,Baker Tilly Netherlands
22015319,Bouwgroep Peters B.V.,2020,Baker Tilly (Netherlands)
22015319,Bouwgroep Peters B.V.,2022,Baker Tilly Netherlands
22015319,Bouwgroep Peters B.V.,2023,Baker Tilly Netherlands
22015319,Bouwgroep Peters B.V.,2024,Baker Tilly Netherlands
22015319,Bouwgroep Peters B.V.,2025,Baker Tilly Netherlands
31038476,Bouwmaat Nederland B.V.,2020,Baker Tilly
31038476,Bouwmaat Nederland B.V.,2021,Baker Tilly
31038476,Bouwmaat Nederland B.V.,2022,Baker TiIIy Netherlands
31038476,Bouwmaat Nederland B.V.,2022,Baker Tilly Netherlands
31038476,Bouwmaat Nederland B.V.,2023,Baker Tilly (Netherlands)
31038476,Bouwmaat Nederland B.V.,2023,Baker Tilly Netherlands
31038476,Bouwmaat Nederland B.V.,2024,Baker Tilly Netherlands
31038476,Bouwmaat Nederland B.V.,2024,Baker Tilly (Netherlands)
31038476,Bouwmaat Nederland B.V.,2025,Baker Tilly Netherlands
14103022,Bouwmij Janssen B.V.,2020,Baker Tilly
14103022,Bouwmij Janssen B.V.,2021,Baker Tilly
14103022,Bouwmij Janssen B.V.,2022,Baker Tilly
14103022,Bouwmij Janssen B.V.,2023,Baker Tilly Netherlands
14103022,Bouwmij Janssen B.V.,2024,Baker Tilly Netherlands
14103022,Bouwmij Janssen B.V.,2025,Baker Tilly Netherlands
20033439,BOZ Group B.V.,2020,Baker Tilly Netherlands
20033439,BOZ Group B.V.,2021,Baker Tilly
20033439,BOZ Group B.V.,2022,Baker Tilly Netherlands
20033439,BOZ Group B.V.,2023,Baker Tilly Netherlands
20033439,BOZ Group B.V.,2024,Baker Tilly Netherlands
34123000,Brink Climate Systems B.V.,2020,Baker Tilly
34123000,Brink Climate Systems B.V.,2021,Baker Tilly (Netherlands)
34123000,Brink Climate Systems B.V.,2022,Baker Tilly Netherlands
05025862,Broekhuis Zwolle,2020,Baker Tilly
68732384,BROEVER B.V.,2021,Baker Tilly Netherlands
68732384,BROEVER B.V.,2022,Baker Tilly
68732384,BROEVER B.V.,2023,Baker Tilly Netherlands
68732384,BROEVER B.V.,2024,Baker Tilly Netherlands
30171398,Brugakker B.V.,2022,Baker Tilly
30171398,Brugakker B.V.,2024,Baker Tilly Netherlands
28009292,Burgy Bouwbedrijf B.V.,2020,Baker Tilly
28009292,Burgy Bouwbedrijf B.V.,2022,Baker Tilly Netherlands
28009292,Burgy Bouwbedrijf B.V.,2023,Baker Tilly Netherlands
28009292,Burgy Bouwbedrijf B.V.,2024,Baker Tilly Netherlands
27364710,Burgy Holding B.V.,2020,Baker Tilly
27364710,Burgy Holding B.V.,2021,Baker Tilly Netherlands
27364710,Burgy Holding B.V.,2022,Baker Tilly Netherlands
27364710,Burgy Holding B.V.,2023,Baker Tilly Netherlands
27364710,Burgy Holding B.V.,2024,Baker Tilly Netherlands
32090739,Bühler Almere B.V.,2020,Baker Tilly Netherlands
22024805,C. Meijer B.V.,2023,Baker Tilly Netherlands
22024805,C. Meijer B.V.,2024,Baker Tilly Netherlands
10143205,C.A.M. Willems Holding B.V.,2022,Baker Tilly Netherlands
10143205,C.A.M. Willems Holding B.V.,2023,Baker Tilly Netherlands
09104609,Cadesch B.V.,2022,Baker Tilly Netherlands
60814241,Cargill Andean Agribusiness B.V.,2023,Baker Tilly Netherlands
86653784,Cargill Ferrous Trading Netherlands B.V.,2025,Baker Tilly Netherlands
16047090,Caterpillar Work Tools B.V.,2023,Baker Tilly Netherlands
16047090,Caterpillar Work Tools B.V.,2024,Baker Tilly Netherlands
24319534,Catharina Gasthuis,2020,Baker Tilly (Netherlands)
74211811,CC Holding Laren B.V.,2020,Baker Tilly (Netherlands)
74211811,CC Holding Laren B.V.,2021,Baker Tilly
74211811,CC Holding Laren B.V.,2022,Baker Tilly (Netherlands)
74211811,CC Holding Laren B.V.,2023,Baker Tilly Netherlands
74211811,CC Holding Laren B.V.,2024,Baker Tilly Netherlands
20118518,CCT Beheer B.V.,2020,Baker Tilly
20118518,CCT Beheer B.V.,2021,Baker Tilly
20118518,CCT Beheer B.V.,2022,Baker Tilly Netherlands
20118518,CCT Beheer B.V.,2024,Baker Tilly Netherlands
77122879,Censo Energy Solutions B.V.,2022,Baker Tilly Netherlands
41198566,Centraal Bureau Fondsenwerving,2020,Baker Tilly (Netherlands)
41198566,Centraal Bureau Fondsenwerving,2021,Baker Tilly Netherlands
08031543,CEWE Nederland,2020,Baker Tilly
08031543,CEWE Nederland,2021,Baker Tilly
08031543,CEWE Nederland,2022,Baker Tilly
08031543,CEWE Nederland,2023,Baker Tilly Netherlands
71504273,Chargeco Topholding B.V.,2021,Baker Tilly (Netherlands)
71504273,Chargeco Topholding B.V.,2021,Baker Tilly Netherlands
71504273,Chargeco Topholding B.V.,2022,Baker Tilly Netherlands
71504273,Chargeco Topholding B.V.,2023,Baker Tilly Netherlands
24176325,Chimbusco Europe B.V.,2020,Baker Tilly
24176325,Chimbusco Europe B.V.,2021,Baker Tilly Netherlands
24176325,Chimbusco Europe B.V.,2023,Baker Tilly Netherlands
24176325,Chimbusco Europe B.V.,2024,Baker Tilly Netherlands
24274516,CityTec B.V.,2020,Baker TiIly
24274516,CityTec B.V.,2022,Baker Tilly Netherlands
24274516,CityTec B.V.,2023,Baker Tilly Netherlands
30201194,CMS Derks Star Busmann - Amsterdam,2020,Baker Tilly (Netherlands)
30201194,CMS Derks Star Busmann - Amsterdam,2021,Baker Tilly
30201194,CMS Derks Star Busmann - Amsterdam,2022,Baker Tilly Netherlands
30201194,CMS Derks Star Busmann - Amsterdam,2024,Baker Tilly Netherlands
30201194,CMS Derks Star Busmann - Amsterdam,2025,Baker Tilly Netherlands
55815057,CNODC Dutch Coöperatief U.A.,2023,Baker Tilly
58744479,CNSTRCT Projects B.V.,2023,Baker Tilly Netherlands
58744479,CNSTRCT Projects B.V.,2024,Baker Tilly (Netherlands)
58744479,CNSTRCT Projects B.V.,2025,Baker Tilly (Netherlands)
24251461,Codema Nederland B.V.,2020,Baker Tilly
37138550,Coen Bakker Deco B.V.,2022,Baker Tilly Netherlands
82212368,Cold Care Group B.V.,2022,Baker Tilly Netherlands
82212368,Cold Care Group B.V.,2023,Baker Tilly Netherlands
85280771,Cold Care Group MidCo B.V.,2024,Baker Tilly Netherlands
69740178,Coldenhove Global Holdings B.V.,2024,Baker Tilly Netherlands
08003231,Coldenhove Paper B.V.,2020,Baker Tilly
08003231,Coldenhove Paper B.V.,2021,Baker Tilly Netherlands
08003231,Coldenhove Paper B.V.,2022,Baker Tilly (Netherlands)
08003231,Coldenhove Paper B.V.,2022,Baker Tilly Netherlands
08003231,Coldenhove Paper B.V.,2023,Baker Tilly Netherlands
08003231,Coldenhove Paper B.V.,2023,Baker Tilly (Netherlands)
08003231,Coldenhove Paper B.V.,2024,Baker Tilly Netherlands
08021541,Coldenhove Paper Holding B.V.,2020,Baker Tilly
08021541,Coldenhove Paper Holding B.V.,2022,Baker Tilly Netherlands
08021541,Coldenhove Paper Holding B.V.,2023,Baker Tilly Netherlands
20114630,Combined Cargo Terminals B.V.,2020,Baker Tilly
20114630,Combined Cargo Terminals B.V.,2021,Baker Tilly
28111311,Computacenter,2020,Baker Tilly
28111311,Computacenter,2021,Baker Tilly Netherlands
82049866,Conair Coöperatief U.A.,2023,Baker Tilly (Netherlands)
82049866,Conair Coöperatief U.A.,2024,Baker Tilly Netherlands
56571291,Corendon Hotels & Resorts B.V.,2024,Baker Tilly Netherlands
72771313,Corendon Hotels Holding Nederland B.V.,2024,Baker Tilly Netherlands
91819164,Corendon Leisure Group B.V.,2024,Baker Tilly Netherlands
60899913,Coöperatie Lumirad U.A.,2025,Baker Tilly Netherlands
62250213,Coöperatie Medisch Specialisten Gelre U.A.,2020,Baker Tilly
62250213,Coöperatie Medisch Specialisten Gelre U.A.,2023,Baker Tilly
62250213,Coöperatie Medisch Specialisten Gelre U.A.,2024,Baker Tilly Netherlands
76484327,Coöperatie Spoor030 U.A.,2022,Baker Tilly
76484327,Coöperatie Spoor030 U.A.,2023,Baker Tilly (Netherlands)
76484327,Coöperatie Spoor030 U.A.,2024,Baker Tilly (Netherlands)
76484327,Coöperatie Spoor030 U.A.,2025,Baker Tilly (Netherlands)
01031762,Coöperatief Rekreatie-Oord Klein Vaarwater B.A.,2022,Baker Tilly Netherlands
34375188,Coöperatieve Van Doorne U.A.,2022,Baker Tilly
34375188,Coöperatieve Van Doorne U.A.,2023,Baker Tilly Netherlands
34375188,Coöperatieve Van Doorne U.A.,2024,Baker Tilly Netherlands
50209248,Crane Services Oss B.V.,2020,Baker Tilly (Netherlands)
50209248,Crane Services Oss B.V.,2022,Baker Tilly Netherlands
74214055,Creamy Creation B.V.,2020,Baker Tilly (Netherlands)
74214055,Creamy Creation B.V.,2020,Baker Tilly
74214055,Creamy Creation B.V.,2021,Baker Tilly Netherlands
74214055,Creamy Creation B.V.,2022,Baker Tilly Netherlands
74214055,Creamy Creation B.V.,2023,Baker Tilly Netherlands
74214055,Creamy Creation B.V.,2024,Baker Tilly Netherlands
24358151,CSB Energy Technology (EMEA) B.V.,2023,Baker Tilly Netherlands
92909191,CSM Ingredients B.V.,2024,Baker Tilly Netherlands
59026804,CWC International B.V.,2020,Baker TiIIy
59026804,CWC International B.V.,2022,Baker Tilly Netherlands
34370612,CWT Europe B.V.,2024,Baker Tilly
34370612,CWT Europe B.V.,2025,Baker Tilly Netherlands
28034356,Dana SAC Benelux B.V.,2021,Baker Tilly (Netherlands)
28034356,Dana SAC Benelux B.V.,2022,Baker Tilly Netherlands
28034356,Dana SAC Benelux B.V.,2023,Baker Tilly Netherlands
28034356,Dana SAC Benelux B.V.,2024,Baker Tilly Netherlands
28034356,Dana SAC Benelux B.V.,2025,Baker Tilly Netherlands
56259107,DAXXA Professionals B.V.,2022,Baker Tilly Netherlands
34143412,DC Outsourcing Holding B.V.,2020,Baker Tilly
34143412,DC Outsourcing Holding B.V.,2022,Baker Tilly Netherlands
34143412,DC Outsourcing Holding B.V.,2023,Baker Tilly Netherlands
32094780,DCC Energy Nederland B.V.,2020,Baker Tilly Netherlands
32094780,DCC Energy Nederland B.V.,2021,Baker Tilly Netherlands
32094780,DCC Energy Nederland B.V.,2022,Baker Tilly Netherlands
27372296,De Dryaden Holding B.V.,2020,Baker Tilly
27372296,De Dryaden Holding B.V.,2021,Baker Tilly
27372296,De Dryaden Holding B.V.,2022,Baker Tilly Netherlands
27372296,De Dryaden Holding B.V.,2022,Baker Tilly (Netherlands)
27372296,De Dryaden Holding B.V.,2023,Baker Tilly Netherlands
27372296,De Dryaden Holding B.V.,2024,Baker Tilly Netherlands
27372296,De Dryaden Holding B.V.,2025,Baker Tilly Netherlands
64782972,De Dryaden Vastgoed B.V.,2023,Baker Tilly Netherlands
64782972,De Dryaden Vastgoed B.V.,2024,Baker Tilly Netherlands
64782972,De Dryaden Vastgoed B.V.,2025,Baker Tilly Netherlands
38023183,De Parabool,2020,Baker Tilly
38023183,De Parabool,2021,Baker Tilly Netherlands
38023183,De Parabool,2022,Baker Tilly Netherlands
38023183,De Parabool,2023,Baker Tilly Netherlands
38023183,De Parabool,2024,Baker Tilly (Netherlands)
21006768,De Pooter,2021,Baker Tilly Netherlands
22061189,De Pooter Groep,2020,Baker Tilly
22061189,De Pooter Groep,2021,Baker Tilly
92427758,De Rots II B.V.,2024,Baker Tilly Netherlands
41048366,"De Rozelaar, locatie Barneveld",2020,Baker Tilly Netherlands
41048366,"De Rozelaar, locatie Barneveld",2021,Baker Tilly (Netherlands)
41048366,"De Rozelaar, locatie Barneveld",2022,Baker Tilly Netherlands
41048366,"De Rozelaar, locatie Barneveld",2023,Baker Tilly Netherlands
41048366,"De Rozelaar, locatie Barneveld",2024,Baker Tilly (Netherlands)
17140637,De Twee Snoeken Holding B.V.,2022,Baker Tilly Netherlands
11015451,De Vree en Sliepen B.V.,2024,Baker Tilly Netherlands
11015451,De Vree en Sliepen B.V.,2025,Baker Tilly Netherlands
40617195,De Zaansche Molen Molenmuseum,2020,Baker Tilly
40617195,De Zaansche Molen Molenmuseum,2021,Baker Tilly
40617195,De Zaansche Molen Molenmuseum,2022,Baker Tilly
30065773,DeBuut Horeca B.V.,2024,Baker Tilly (Netherlands)
27152866,Deerns Groep B.V.,2020,Baker Tilly (Netherlands)
27152866,Deerns Groep B.V.,2020,Baker Tilly Netherlands
27152866,Deerns Groep B.V.,2021,Baker Tilly Netherlands
27152866,Deerns Groep B.V.,2022,Baker Tilly Netherlands
27152866,Deerns Groep B.V.,2023,Baker Tilly Netherlands
27152866,Deerns Groep B.V.,2024,Baker Tilly Netherlands
27047671,Deerns Nederland B.V.,2021,Baker Tilly (Netherlands)
27047671,Deerns Nederland B.V.,2022,Baker Tilly Netherlands
27047671,Deerns Nederland B.V.,2024,Baker Tilly Netherlands
67544576,Dehaya III B.V.,2020,Baker Tilly (Netherlands)
67544576,Dehaya III B.V.,2022,Baker Tilly Netherlands
67544576,Dehaya III B.V.,2023,Baker Tilly Netherlands
67544576,Dehaya III B.V.,2025,Baker Tilly (Netherlands)
67544509,Dehaya IV B.V.,2020,Baker Tilly
67544509,Dehaya IV B.V.,2021,Baker Tilly (Netherlands)
67544509,Dehaya IV B.V.,2022,Baker Tilly (Netherlands)
67544509,Dehaya IV B.V.,2023,Baker Tilly (Netherlands)
02321186,Delamine B.V.,2020,Baker TiIIy
02321186,Delamine B.V.,2021,Baker Tilly Netherlands
02321186,Delamine B.V.,2022,Baker Tilly Netherlands
02321186,Delamine B.V.,2024,Baker Tilly Netherlands
30185278,Delft Imaging Systems B.V.,2023,Baker Tilly Netherlands
30185278,Delft Imaging Systems B.V.,2025,Baker Tilly Netherlands
06039901,DeliBarn Borculo B.V.,2024,Baker Tilly Netherlands
12032497,DeliBarn Nederland B.V.,2024,Baker Tilly Netherlands
12036519,DeliBarn Wijchen B.V.,2024,Baker Tilly Netherlands
27156763,Desiderius Holding B.V.,2020,Baker Tilly Netherlands
27156763,Desiderius Holding B.V.,2021,Baker Tilly Netherlands
27156763,Desiderius Holding B.V.,2024,Baker Tilly Netherlands
22048340,DFInternational B.V.,2020,Baker Tilly (Netherlands)
57156417,Diagnovum,2021,Baker Tilly (Netherlands)
57156417,Diagnovum,2022,Baker Tilly (Netherlands)
57156417,Diagnovum,2023,Baker Tilly (Netherlands)
57156417,Diagnovum,2024,Baker Tilly (Netherlands)
57156417,Diagnovum,2025,Baker Tilly (Netherlands)
77622103,disapo.de Apotheke B.V.,2024,Baker Tilly Netherlands
21000536,Doens Holding B.V.,2020,Baker Tilly (Netherlands)
74415158,Dokteres B.V.,2024,Baker Tilly
74415158,Dokteres B.V.,2025,Baker Tilly (Netherlands)
05027189,Doomijn,2020,Baker Tilly
05027189,Doomijn,2022,Baker Tilly Netherlands
05027189,Doomijn,2023,Baker Tilly Netherlands
05027189,Doomijn,2024,Baker Tilly Netherlands
05027189,Doomijn,2025,Baker Tilly Netherlands
63855852,Dovida Amsterdam,2020,Baker Tilly (Netherlands)
63855852,Dovida Amsterdam,2021,Baker Tilly (Netherlands)
34062952,Dredging and Contracting Rotterdam B.V.,2023,Baker Tilly Netherlands
34062952,Dredging and Contracting Rotterdam B.V.,2024,Baker Tilly Netherlands
34107839,Drees & Sommer Netherlands B.V.,2023,Baker Tilly Netherlands
34107839,Drees & Sommer Netherlands B.V.,2023,Baker Tilly (Netherlands)
09213602,Dru Verwarming B.V.,2020,Baker Tilly
09213602,Dru Verwarming B.V.,2021,Baker Tilly (Netherlands)
09213602,Dru Verwarming B.V.,2021,Baker Tilly Netherlands
09213602,Dru Verwarming B.V.,2022,Baker Tilly Netherlands
09213602,Dru Verwarming B.V.,2024,Baker Tilly Netherlands
77733622,DuBois Chemicals Europe B.V.,2022,Baker Tilly Netherlands
77733622,DuBois Chemicals Europe B.V.,2023,Baker Tilly Netherlands
77733622,DuBois Chemicals Europe B.V.,2024,Baker Tilly Netherlands
27220515,Duiker Combustion Engineers B.V.,2020,Baker Tilly
27220515,Duiker Combustion Engineers B.V.,2023,Baker Tilly (Netherlands)
27220515,Duiker Combustion Engineers B.V.,2023,Baker Tilly Netherlands
27220515,Duiker Combustion Engineers B.V.,2024,Baker Tilly (Netherlands)
76648974,Dutch Creative Brands Holding B.V.,2023,Baker Tilly Netherlands
76648974,Dutch Creative Brands Holding B.V.,2024,Baker Tilly (Netherlands)
30219914,Dyckerhoff Basal B.V.,2024,Baker Tilly Netherlands
30221266,Dyckerhoff Basal Nederland B.V.,2023,Baker Tilly Netherlands
88973700,E&E Holding B.V.,2025,Baker Tilly Netherlands
89361636,E-Vogue Group B.V.,2023,Baker Tilly Netherlands
89361636,E-Vogue Group B.V.,2024,Baker Tilly Netherlands
21016250,E. van 't Westeinde Beheer B.V.,2022,Baker Tilly Netherlands
21016250,E. van 't Westeinde Beheer B.V.,2023,Baker Tilly Netherlands
30122370,EAGE Holding B.V.,2021,Baker Tilly Netherlands
30122370,EAGE Holding B.V.,2022,Baker Tilly Netherlands
37086898,East-West International B.V.,2020,Baker Tilly
37086898,East-West International B.V.,2020,Baker Tilly (Netherlands)
37086898,East-West International B.V.,2021,Baker Tilly (Netherlands)
37086898,East-West International B.V.,2021,Baker Tilly Netherlands
37086898,East-West International B.V.,2022,Baker Tilly Netherlands
37086898,East-West International B.V.,2023,Baker Tilly Netherlands
37086898,East-West International B.V.,2024,Baker Tilly Netherlands
33286958,Eastman Chemical Advanced Materials B.V.,2021,Baker Tilly Netherlands
33286958,Eastman Chemical Advanced Materials B.V.,2024,Baker Tilly Netherlands
08211275,edding Benelux group B.V.,2025,Baker Tilly
56384440,EE Accommodations B.V.,2020,Baker Tilly
70742618,EG Dutch Finco B.V.,2024,Baker Tilly Netherlands
24031986,EG Retail (Netherlands) B.V.,2021,Baker Tilly Netherlands
24031986,EG Retail (Netherlands) B.V.,2023,Baker Tilly Netherlands
24031986,EG Retail (Netherlands) B.V.,2024,Baker Tilly Netherlands
24172079,Ellesco Holding B.V.,2024,Baker Tilly Netherlands
27137343,Elvebe Beheer B.V.,2020,Baker TiIIy NetherIands
27137343,Elvebe Beheer B.V.,2021,Baker Tilly (Netherlands)
27137343,Elvebe Beheer B.V.,2022,Baker Tilly Netherlands
27137343,Elvebe Beheer B.V.,2023,Baker Tilly Netherlands
27137343,Elvebe Beheer B.V.,2024,Baker Tilly Netherlands
10039488,Emex Holding B.V.,2020,Baker Tilly
10039488,Emex Holding B.V.,2022,Baker Tilly (Netherlands)
10039488,Emex Holding B.V.,2023,Baker Tilly Netherlands
86349872,Empire Holding B.V.,2024,Baker Tilly (Netherlands)
65657055,Energy in Motion Holding B.V.,2023,Baker Tilly Netherlands
65657055,Energy in Motion Holding B.V.,2024,Baker Tilly Netherlands
64772292,EP NL Rijnmond 1 B.V.,2021,Baker Tilly Netherlands
64772292,EP NL Rijnmond 1 B.V.,2022,Baker Tilly Netherlands
17194003,Epic Den Bosch B.V.,2020,Baker Tilly
17194003,Epic Den Bosch B.V.,2022,Baker Tilly Netherlands
17194003,Epic Den Bosch B.V.,2023,Baker Tilly Netherlands
17194003,Epic Den Bosch B.V.,2025,Baker Tilly Netherlands
73898422,ESG Holding B.V.,2024,Baker Tilly Netherlands
17103215,Eshabe B.V.,2020,Baker Tilly (Netherlands)
17103215,Eshabe B.V.,2021,Baker Tilly Netherlands
02037748,Eska B.V.,2024,Baker Tilly Netherlands
24372523,Esri Nederland,2020,Baker Tilly (Netherlands)
24372523,Esri Nederland,2021,Baker Tilly Netherlands
24372523,Esri Nederland,2023,Baker Tilly Netherlands
24372523,Esri Nederland,2024,Baker Tilly Netherlands
24284338,Esri Nederland Groep,2020,Baker Tilly
24284338,Esri Nederland Groep,2021,Baker Tilly
24284338,Esri Nederland Groep,2022,Baker Tilly (Netherlands)
24284338,Esri Nederland Groep,2023,Baker Tilly (Netherlands)
24284338,Esri Nederland Groep,2025,Baker Tilly Netherlands
74873326,ETC Holding B.V.,2022,Baker Tilly Netherlands
74873326,ETC Holding B.V.,2023,Baker Tilly Netherlands
53579283,Eternal Sun,2024,Baker Tilly Netherlands
05054312,Euro Mouldings B.V.,2020,Baker Tilly
05054312,Euro Mouldings B.V.,2022,Baker Tilly Netherlands
64137791,Euro Mouldings Beheer B.V.,2020,Baker Tilly
64137791,Euro Mouldings Beheer B.V.,2021,Baker Tilly Netherlands
64137791,Euro Mouldings Beheer B.V.,2022,Baker Tilly Netherlands
64137791,Euro Mouldings Beheer B.V.,2024,Baker Tilly Netherlands
34284416,Europe Cycle Company B.V.,2020,Baker Tilly Netherlands
34284416,Europe Cycle Company B.V.,2021,Baker Tilly Netherlands
34284416,Europe Cycle Company B.V.,2022,Baker Tilly Netherlands
34284416,Europe Cycle Company B.V.,2023,Baker Tilly
34284416,Europe Cycle Company B.V.,2023,Baker Tilly Netherlands
34284416,Europe Cycle Company B.V.,2024,Baker Tilly Netherlands
80856802,Europe Tribe B.V.,2023,Baker Tilly Netherlands
20154828,European Hotel Source,2024,Baker Tilly Netherlands
64965430,Evelien van Duijn Holding B.V.,2023,Baker Tilly (Netherlands)
64965430,Evelien van Duijn Holding B.V.,2024,Baker Tilly (Netherlands)
14027868,Everris International B.V.,2022,Baker Tilly Netherlands
14027868,Everris International B.V.,2024,Baker Tilly Netherlands
66789559,EW Facility Group,2020,Baker Tilly
66789559,EW Facility Group,2020,Baker TiIIy
66789559,EW Facility Group,2022,Baker Tilly
66789559,EW Facility Group,2023,Baker Tilly Netherlands
66789559,EW Facility Group,2024,Baker Tilly Netherlands
17103212,EXA Holding B.V.,2020,Baker Tilly
17103212,EXA Holding B.V.,2021,Baker Tilly Netherlands
17103212,EXA Holding B.V.,2022,Baker Tilly Netherlands
17103212,EXA Holding B.V.,2023,Baker Tilly Netherlands
17103212,EXA Holding B.V.,2024,Baker Tilly Netherlands
17103212,EXA Holding B.V.,2024,Baker Tilly
17103212,EXA Holding B.V.,2025,Baker Tilly Netherlands
01152556,EXOSENS Netherlands B.V.,2023,PwC; Baker TiIly Strego
01152556,EXOSENS Netherlands B.V.,2024,PwC; Baker TiIly
67209637,Experience Group B.V.,2024,Baker Tilly Netherlands
80214711,Exxen Digital B.V.,2022,Baker Tilly Netherlands
76667286,Eye Control B.V.,2024,Baker Tilly Netherlands
76667286,Eye Control B.V.,2025,Baker Tilly Netherlands
71797165,Eye-Catcher B.V.,2020,Baker Tilly (Netherlands)
71797165,Eye-Catcher B.V.,2020,Baker Tilly Netherlands
71797165,Eye-Catcher B.V.,2021,Baker Tilly Netherlands
71797165,Eye-Catcher B.V.,2021,Baker Tilly
71797165,Eye-Catcher B.V.,2022,Baker Tilly Netherlands
71797165,Eye-Catcher B.V.,2024,Baker Tilly Netherlands
71797165,Eye-Catcher B.V.,2025,Baker Tilly Netherlands
21011060,Feyter Forklift Services B.V.,2022,Baker Tilly Netherlands
21011060,Feyter Forklift Services B.V.,2023,Baker Tilly (Netherlands)
21011060,Feyter Forklift Services B.V.,2024,Baker Tilly Netherlands
94324115,Feyter Group B.V.,2024,Baker Tilly Netherlands
67037828,Filippo Beheer B.V.,2020,Baker TiIIy
81511108,Filippo Beheer B.V.,2022,Baker Tilly Netherlands
81511108,Filippo Beheer B.V.,2023,Baker Tilly Netherlands
81511108,Filippo Beheer B.V.,2024,Baker Tilly Netherlands
20139375,Fin BGP Holding B.V.,2020,Baker Tilly
20139375,Fin BGP Holding B.V.,2022,Baker Tilly Netherlands
20139375,Fin BGP Holding B.V.,2023,Baker Tilly Netherlands
20139375,Fin BGP Holding B.V.,2024,Baker Tilly Netherlands
86435175,FleetGO Group Holding B.V.,2024,Baker Tilly Netherlands
86435175,FleetGO Group Holding B.V.,2025,Baker Tilly (Netherlands)
34100511,Flower Direct B.V.,2020,Baker Tilly
34100511,Flower Direct B.V.,2022,Baker Tilly (Netherlands)
34100511,Flower Direct B.V.,2022,Baker Tilly Netherlands
34100511,Flower Direct B.V.,2024,Baker Tilly Netherlands
34121263,Flower Direct Holding B.V.,2020,Baker Tilly
34121263,Flower Direct Holding B.V.,2022,Baker Tilly Netherlands
34121263,Flower Direct Holding B.V.,2023,Baker Tilly Netherlands
34121263,Flower Direct Holding B.V.,2024,Baker Tilly Netherlands
34121263,Flower Direct Holding B.V.,2025,Baker Tilly Netherlands
62268589,FlowMax B.V.,2021,Baker Tilly
67246877,Fomats B.V.,2024,Baker Tilly Netherlands
08214012,Forescout Technologies B.V.,2021,Baker Tilly Netherlands
08214012,Forescout Technologies B.V.,2022,Baker Tilly Netherlands
22022455,Fraanje Beheer B.V.,2020,Baker Tilly
22022455,Fraanje Beheer B.V.,2022,Baker Tilly Netherlands
22022455,Fraanje Beheer B.V.,2023,Baker Tilly (Netherlands)
22022455,Fraanje Beheer B.V.,2024,Baker Tilly (Netherlands)
16054002,Fresenius Medical Care Nederland B.V.,2021,Baker Tilly (Netherlands)
16054002,Fresenius Medical Care Nederland B.V.,2022,Baker Tilly Netherlands
24313551,Fresh 'n Rebel B.V.,2020,Baker Tilly (Netherlands)
24313551,Fresh 'n Rebel B.V.,2022,Baker Tilly Netherlands
24313551,Fresh 'n Rebel B.V.,2023,Baker Tilly Netherlands
24313551,Fresh 'n Rebel B.V.,2024,Baker Tilly Netherlands
70182612,Fresh Pack Logistics B.V.,2021,Baker Tilly Netherlands
22029715,Fundex Equipment B.V.,2020,Baker Tilly
22029715,Fundex Equipment B.V.,2021,Baker Tilly Netherlands
22029715,Fundex Equipment B.V.,2022,Baker Tilly Netherlands
57353204,Fysiotherapie Bergen op Zoom,2024,Baker Tilly Netherlands
55334849,Gant B.V.,2021,Baker Tilly Netherlands
34069563,Gebr. Griekspoor B.V.,2022,Baker Tilly Netherlands
55523544,Gemeenschappelijke Regeling Omgevingsdienst Regio Utrecht,2020,Baker Tilly Netherlands
51448122,Gemeenschappelijke Regeling Regio West-Brabant,2020,Baker Tilly Netherlands
51448122,Gemeenschappelijke Regeling Regio West-Brabant,2021,Baker Tilly Netherlands
01183237,Gemeenschappelijke Regeling Samenwerkingsverband Noord-Nederland,2024,Baker Tilly Netherlands
01183237,Gemeenschappelijke Regeling Samenwerkingsverband Noord-Nederland,2025,Baker Tilly Netherlands
51425165,Gemeenschappelijke Regeling Veiligheidsregio Brabant-Noord,2020,Baker Tilly Netherlands
51425165,Gemeenschappelijke Regeling Veiligheidsregio Brabant-Noord,2021,Baker Tilly Netherlands
51425165,Gemeenschappelijke Regeling Veiligheidsregio Brabant-Noord,2022,Baker Tilly Netherlands
51425165,Gemeenschappelijke Regeling Veiligheidsregio Brabant-Noord,2023,Baker Tilly (Netherlands)
27364205,"Gemeenschappelijke regeling werkbedrijven Kust-, Duin- en Bollenstreek (GR KDB)",2023,Baker Tilly (Netherlands)
27364205,"Gemeenschappelijke regeling werkbedrijven Kust-, Duin- en Bollenstreek (GR KDB)",2024,Baker Tilly (Netherlands)
09215631,Gemeente Aalten,2021,Baker Tilly Netherlands
09215631,Gemeente Aalten,2024,Baker Tilly (Netherlands)
50313851,Gemeente Barneveld,2020,Baker Tilly Netherlands
50313851,Gemeente Barneveld,2023,Baker Tilly Netherlands
51487659,Gemeente Beuningen,2023,Baker Tilly Netherlands
34359304,"Gemeente Bloemendaal, Gemeentehuis Bloemendaal",2021,Baker Tilly Netherlands
34359304,"Gemeente Bloemendaal, Gemeentehuis Bloemendaal",2022,Baker Tilly Netherlands
08214418,Gemeente Deventer,2022,Baker Tilly Netherlands
08214418,Gemeente Deventer,2023,Baker Tilly Netherlands
08214418,Gemeente Deventer,2024,Baker Tilly (Netherlands)
85028827,"Gemeente Dijk en Waard, Parelhof",2024,Baker Tilly (Netherlands)
09215668,Gemeente Doetinchem,2021,Baker Tilly Netherlands
09215668,Gemeente Doetinchem,2022,Baker Tilly Netherlands
08218414,Gemeente Elburg,2022,Baker Tilly Netherlands
01181973,Gemeente Emmen,2022,Baker Tilly Netherlands
20164585,Gemeente Goes,2021,Baker Tilly Netherlands
20164585,Gemeente Goes,2023,Baker Tilly Netherlands
17272690,Gemeente Goirle,2023,Baker Tilly Netherlands
08217553,Gemeente Hattem,2023,Baker Tilly Netherlands
30279619,Gemeente Houten,2020,Baker Tilly Netherlands
30279619,Gemeente Houten,2021,Baker Tilly Netherlands
30279619,Gemeente Houten,2022,Baker Tilly Netherlands
30272405,gemeente Maasdriel,2020,Baker Tilly Netherlands
30276311,Gemeente Neder-Betuwe,2021,Baker Tilly Netherlands
50616641,Gemeente Oss,2021,Baker Tilly Netherlands
50616641,Gemeente Oss,2022,Baker Tilly Netherlands
50616641,Gemeente Oss,2023,Baker Tilly Netherlands
50616641,Gemeente Oss,2024,Baker Tilly Netherlands
51178567,Gemeente Overbetuwe,2024,Baker Tilly Netherlands
08215191,Gemeente Raalte,2022,Baker Tilly Netherlands
08215191,Gemeente Raalte,2023,Baker Tilly (Netherlands)
52066169,"Gemeente Rheden, gemeentehuis",2021,Baker Tilly Netherlands
52066169,"Gemeente Rheden, gemeentehuis",2022,Baker Tilly Netherlands
52066169,"Gemeente Rheden, gemeentehuis",2023,Baker Tilly (Netherlands)
51791811,Gemeente Súdwest-Fryslân,2024,Baker Tilly Netherlands
20164929,Gemeente Terneuzen,2020,Baker Tilly Netherlands
20164929,Gemeente Terneuzen,2023,Baker Tilly (Netherlands)
20166109,Gemeente Tholen; gemeentehuis,2020,Baker Tilly Netherlands
20166109,Gemeente Tholen; gemeentehuis,2022,Baker Tilly Netherlands
20166109,Gemeente Tholen; gemeentehuis,2023,Baker Tilly (Netherlands)
08218153,Gemeente Voorst,2020,Baker Tilly Netherlands
08218153,Gemeente Voorst,2021,Baker Tilly Netherlands
08218153,Gemeente Voorst,2022,Baker Tilly Netherlands
08218153,Gemeente Voorst,2023,Baker Tilly (Netherlands)
08218153,Gemeente Voorst,2024,Baker Tilly (Netherlands)
20164797,Gemeente Woensdrecht,2021,Baker Tilly Netherlands
20164797,Gemeente Woensdrecht,2022,Baker Tilly Netherlands
20164797,Gemeente Woensdrecht,2023,Baker Tilly (Netherlands)
20164797,Gemeente Woensdrecht,2024,Baker Tilly (Netherlands)
51853876,Gemeente Zundert,2022,Baker Tilly Netherlands
51853876,Gemeente Zundert,2023,Baker Tilly (Netherlands)
34362237,gemeentehuis Aalsmeer,2020,Baker Tilly
34362237,gemeentehuis Aalsmeer,2021,Baker Tilly
34362237,gemeentehuis Aalsmeer,2022,Baker Tilly
34362237,gemeentehuis Aalsmeer,2023,Baker Tilly
20164138,Gemeentehuis Borsele,2020,Baker Tilly Netherlands
20164138,Gemeentehuis Borsele,2021,Baker Tilly Netherlands
20164138,Gemeentehuis Borsele,2022,Baker Tilly Netherlands
20164138,Gemeentehuis Borsele,2024,Baker Tilly (Netherlands)
32170205,Gemeentehuis gemeente Noordoostpolder,2020,Baker Tilly Netherlands
32170205,Gemeentehuis gemeente Noordoostpolder,2021,Baker Tilly Netherlands
32170205,Gemeentehuis gemeente Noordoostpolder,2022,Baker Tilly Netherlands
32170205,Gemeentehuis gemeente Noordoostpolder,2023,Baker Tilly (Netherlands)
32170205,Gemeentehuis gemeente Noordoostpolder,2024,Baker Tilly (Netherlands)
73538469,Gemeentehuis Noordwijk,2021,Baker Tilly Netherlands
73538469,Gemeentehuis Noordwijk,2022,Baker Tilly Netherlands
52584372,Gemeentehuis Nunspeet,2020,Baker Tilly
52584372,Gemeentehuis Nunspeet,2021,Baker Tilly
52584372,Gemeentehuis Nunspeet,2023,Baker Tilly (Netherlands)
52584372,Gemeentehuis Nunspeet,2024,Baker Tilly (Netherlands)
20165025,Gemeentehuis Steenbergen,2024,Baker Tilly Netherlands
27381083,Gemeentehuis Voorschoten,2020,Baker Tilly Netherlands
27363529,Gemeentehuis Zoeterwoude,2022,Baker Tilly Netherlands
27365912,Gemeentekantoor Pijnacker,2022,Baker Tilly Netherlands
30276781,Gemeentekantoor Zaltbommel,2020,Baker Tilly Netherlands
30276781,Gemeentekantoor Zaltbommel,2021,Baker Tilly Netherlands
68863861,Gerrits Recycling Holding B.V.,2021,Baker Tilly Netherlands
09165408,GeWin Holding B.V.,2020,Baker Tilly (Netherlands)
09165408,GeWin Holding B.V.,2021,Baker Tilly Netherlands
09165408,GeWin Holding B.V.,2023,Baker Tilly Netherlands
09165408,GeWin Holding B.V.,2024,Baker Tilly Netherlands
34105840,Gezondheidscentra Amsterdam-Zuidoost en Diemen,2022,Baker Tilly (Netherlands)
34105840,Gezondheidscentra Amsterdam-Zuidoost en Diemen,2023,Baker Tilly (Netherlands)
50594761,GGD IJsselland,2022,Baker Tilly Netherlands
10036232,GITP B.V.,2020,Baker Tilly
10036232,GITP B.V.,2021,Baker Tilly (Netherlands)
10036232,GITP B.V.,2022,Baker Tilly Netherlands
10036232,GITP B.V.,2023,Baker Tilly Netherlands
10036232,GITP B.V.,2024,Baker Tilly Netherlands
78501512,GITP Holding B.V.,2020,Baker Tilly
78501512,GITP Holding B.V.,2022,Baker Tilly Netherlands
78501512,GITP Holding B.V.,2023,Baker Tilly Netherlands
78501512,GITP Holding B.V.,2024,Baker Tilly Netherlands
74670247,Gladventure B.V.,2022,Baker Tilly Netherlands
28117769,GLI Europe B.V.,2020,Baker Tilly
28117769,GLI Europe B.V.,2021,Baker Tilly Netherlands
28117769,GLI Europe B.V.,2022,Baker Tilly (Netherlands)
28117769,GLI Europe B.V.,2024,Baker Tilly Netherlands
68618085,GLI UK B.V.,2020,Baker Tilly
55990347,Global Food Group B.V.,2025,Baker Tilly Netherlands
11013072,Go-Tan B.V.,2020,Baker Tilly
11056337,Go-Tan Beheer B.V.,2020,Baker Tilly
08052676,Goliath B.V.,2020,Baker Tilly Berk
08052676,Goliath B.V.,2021,Baker Tilly
08052676,Goliath B.V.,2022,Baker Tilly Netherlands
08052676,Goliath B.V.,2024,Baker Tilly (Netherlands)
08052676,Goliath B.V.,2024,Baker Tilly
08052676,Goliath B.V.,2025,Baker Tilly Netherlands
08036315,Goliath Holding B.V.,2020,Baker Tilly
08036315,Goliath Holding B.V.,2021,Baker Tilly
08036315,Goliath Holding B.V.,2022,Baker Tilly Netherlands
08036315,Goliath Holding B.V.,2023,Baker Tilly Netherlands
08036315,Goliath Holding B.V.,2024,Baker Tilly Netherlands
08036315,Goliath Holding B.V.,2025,Baker Tilly Netherlands
50138707,Goliath International Holding B.V.,2020,Baker Tilly (Netherlands)
50138707,Goliath International Holding B.V.,2021,Baker Tilly
50138707,Goliath International Holding B.V.,2024,Baker Tilly
30224505,Green Development B.V.,2022,Baker Tilly Netherlands
30224505,Green Development B.V.,2023,Baker Tilly Netherlands
30224505,Green Development B.V.,2024,Baker Tilly Netherlands
28030802,Green Retail House B.V.,2020,Baker Tilly
28030802,Green Retail House B.V.,2021,Baker Tilly
28030802,Green Retail House B.V.,2022,Baker Tilly (Netherlands)
28030802,Green Retail House B.V.,2023,Baker Tilly Netherlands
28030802,Green Retail House B.V.,2024,Baker Tilly Netherlands
27083780,Groen Beheer B.V.,2021,Baker Tilly Netherlands
27083780,Groen Beheer B.V.,2021,Baker Tilly (Netherlands)
27083780,Groen Beheer B.V.,2022,Baker Tilly Netherlands
27083780,Groen Beheer B.V.,2023,Baker Tilly Netherlands
16053437,Gubbels Beheer B.V.,2020,Baker Tilly Berk
16053437,Gubbels Beheer B.V.,2021,Baker Tilly Netherlands
83538577,GumGum B.V.,2022,Baker Tilly Netherlands
83538577,GumGum B.V.,2023,Baker Tilly Netherlands
24472581,GVFI Europe B.V.,2024,Baker Tilly Netherlands
33293385,GXO LOGISTICS SERVICES NETHERLANDS B.V.,2021,Baker Tilly Netherlands
33293385,GXO LOGISTICS SERVICES NETHERLANDS B.V.,2022,Baker Tilly Netherlands
33293385,GXO LOGISTICS SERVICES NETHERLANDS B.V.,2023,Baker Tilly
33293385,GXO LOGISTICS SERVICES NETHERLANDS B.V.,2024,Baker Tilly Netherlands
05075296,H.W. Heutink Holding B.V.,2021,Baker Tilly (Netherlands)
05075296,H.W. Heutink Holding B.V.,2022,Baker Tilly Netherlands
05075296,H.W. Heutink Holding B.V.,2023,Baker Tilly Netherlands
09134379,Haagblok Beheer B.V.,2020,Baker Tilly
09134379,Haagblok Beheer B.V.,2021,Baker Tilly Netherlands
09134379,Haagblok Beheer B.V.,2022,Baker Tilly
83379428,Hagemans Participatie B.V.,2022,Baker Tilly Netherlands
09076488,Hagemans Vastgoedonderhoud B.V.,2021,Baker Tilly (Netherlands)
09076488,Hagemans Vastgoedonderhoud B.V.,2022,Baker Tilly (Netherlands)
01047054,Hal Leonard Europe Group B.V.,2020,Baker Tilly
01047054,Hal Leonard Europe Group B.V.,2023,Baker Tilly Netherlands
33295267,HALO Exploration & Production Netherlands,2021,Baker Tilly Netherlands
33295267,HALO Exploration & Production Netherlands,2022,Baker Tilly Netherlands
33295267,HALO Exploration & Production Netherlands,2023,Baker Tilly Netherlands
22021427,Handelsmaatschappij Mawipex B.V.,2020,Baker Tilly
22021427,Handelsmaatschappij Mawipex B.V.,2021,Baker Tilly
22021427,Handelsmaatschappij Mawipex B.V.,2022,Baker Tilly Netherlands
22021427,Handelsmaatschappij Mawipex B.V.,2023,Baker Tilly Netherlands
51448068,Happy Holding B.V.,2024,Baker Tilly Netherlands
52758249,Hatenboer Neptunus Beheer B.V.,2020,Baker Tilly
52758249,Hatenboer Neptunus Beheer B.V.,2021,Baker Tilly Netherlands
52758249,Hatenboer Neptunus Beheer B.V.,2022,Baker Tilly Netherlands
52758249,Hatenboer Neptunus Beheer B.V.,2023,Baker Tilly Netherlands
52758249,Hatenboer Neptunus Beheer B.V.,2024,Baker Tilly Netherlands
52758249,Hatenboer Neptunus Beheer B.V.,2025,Baker Tilly Netherlands
24278990,Hatenboer Neptunus Holding B.V.,2020,Baker Tilly
24278990,Hatenboer Neptunus Holding B.V.,2021,Baker Tilly
24278990,Hatenboer Neptunus Holding B.V.,2022,Baker Tilly Netherlands
24278990,Hatenboer Neptunus Holding B.V.,2023,Baker Tilly Netherlands
24278990,Hatenboer Neptunus Holding B.V.,2024,Baker Tilly Netherlands
24153774,Hatenboer-Water B.V.,2020,Baker Tilly (Netherlands)
24153774,Hatenboer-Water B.V.,2021,Baker Tilly
24153774,Hatenboer-Water B.V.,2022,Baker Tilly (Netherlands)
24153774,Hatenboer-Water B.V.,2023,Baker Tilly Netherlands
24153774,Hatenboer-Water B.V.,2024,Baker Tilly Netherlands
24153774,Hatenboer-Water B.V.,2025,Baker Tilly Netherlands
18021203,Heerkens van Bavel Bouw B.V.,2020,Baker Tilly (Netherlands)
18021203,Heerkens van Bavel Bouw B.V.,2021,Baker Tilly (Netherlands)
18021203,Heerkens van Bavel Bouw B.V.,2022,Baker Tilly Netherlands
18021203,Heerkens van Bavel Bouw B.V.,2023,Baker Tilly Netherlands
18021203,Heerkens van Bavel Bouw B.V.,2024,Baker Tilly Netherlands
66388902,Hekkelman Advocaten Holding B.V.,2022,Baker Tilly Netherlands
66388902,Hekkelman Advocaten Holding B.V.,2024,Baker Tilly Netherlands
09170462,Hekkelman Advocaten N.V.,2021,Baker Tilly Netherlands
09170462,Hekkelman Advocaten N.V.,2022,Baker Tilly Netherlands
09170462,Hekkelman Advocaten N.V.,2024,Baker Tilly Netherlands
60956224,Heliox,2022,Baker Tilly Netherlands
60956224,Heliox,2023,Baker Tilly Netherlands
17244144,Heliox B.V.,2022,Baker Tilly
17244144,Heliox B.V.,2023,Baker Tilly Netherlands
17118764,Helukabel B.V.,2024,Baker Tilly Netherlands
16073215,Henkelman B.V.,2020,Baker Tilly
16073215,Henkelman B.V.,2021,Baker Tilly
16073215,Henkelman B.V.,2022,Baker Tilly Netherlands
16073215,Henkelman B.V.,2023,Baker Tilly Netherlands
16073215,Henkelman B.V.,2024,Baker Tilly (Netherlands)
16046843,Henkelman Beheer B.V.,2020,Baker Tilly
16046843,Henkelman Beheer B.V.,2023,Baker Tilly Netherlands
16046843,Henkelman Beheer B.V.,2024,Baker Tilly (Netherlands)
08030611,HEOG B.V.,2020,Baker Tilly
08030611,HEOG B.V.,2021,Baker Tilly (Netherlands)
08030611,HEOG B.V.,2022,Baker Tilly Netherlands
08030611,HEOG B.V.,2023,Baker Tilly Netherlands
08030611,HEOG B.V.,2025,Baker Tilly Netherlands
34128729,Herman van Heusden Beheer B.V.,2020,Baker TiIly
34128729,Herman van Heusden Beheer B.V.,2021,Baker Tilly
34128729,Herman van Heusden Beheer B.V.,2022,Baker Tilly Netherlands
34128729,Herman van Heusden Beheer B.V.,2023,Baker Tilly (Netherlands)
34128729,Herman van Heusden Beheer B.V.,2024,Baker Tilly (Netherlands)
67231977,Heston B.V.,2021,Baker Tilly (Netherlands)
41244469,Het Burgerweeshuis,2022,Baker Tilly Netherlands
06042440,Heutink B.V.,2024,Baker Tilly Netherlands
05075297,Heutink Groep B.V.,2020,Baker TiIIy
05075297,Heutink Groep B.V.,2022,Baker Tilly Netherlands
05075297,Heutink Groep B.V.,2023,Baker Tilly (Netherlands)
08158608,Heutink Investments B.V.,2020,Baker Tilly
08158608,Heutink Investments B.V.,2022,Baker Tilly Netherlands
08158608,Heutink Investments B.V.,2023,Baker Tilly Netherlands
05021093,Heuver Den Ham B.V.,2020,Baker Tilly (Netherlands)
05021093,Heuver Den Ham B.V.,2020,Baker Tilly
08119265,Heuver Group B.V.,2020,Baker Tilly
08119265,Heuver Group B.V.,2021,Baker Tilly Netherlands
08119265,Heuver Group B.V.,2022,Baker Tilly Netherlands
08119265,Heuver Group B.V.,2023,Baker Tilly Netherlands
08119265,Heuver Group B.V.,2024,Baker Tilly Netherlands
08119265,Heuver Group B.V.,2025,Baker Tilly (Netherlands)
06090996,Heuver Onroerend Goed B.V.,2022,Baker Tilly Netherlands
05057268,Heuver Tyres,2020,Baker Tilly
05057268,Heuver Tyres,2021,Baker Tilly Netherlands
05057268,Heuver Tyres,2022,Baker Tilly Netherlands
05057268,Heuver Tyres,2023,Baker Tilly Netherlands
05057268,Heuver Tyres,2024,Baker Tilly Netherlands
05057268,Heuver Tyres,2025,Baker Tilly Netherlands
41038724,"Hezenberg, Christelijk Centrum voor GGZ, pastoraat en retraite",2020,Baker Tilly
41038724,"Hezenberg, Christelijk Centrum voor GGZ, pastoraat en retraite",2021,Baker Tilly
41038724,"Hezenberg, Christelijk Centrum voor GGZ, pastoraat en retraite",2022,Baker Tilly Netherlands
41038724,"Hezenberg, Christelijk Centrum voor GGZ, pastoraat en retraite",2024,Baker Tilly (Netherlands)
41038724,"Hezenberg, Christelijk Centrum voor GGZ, pastoraat en retraite",2025,Baker Tilly Netherlands
59440198,HFC Group B.V.,2023,Baker Tilly Netherlands
59440198,HFC Group B.V.,2024,Baker Tilly Netherlands
59427736,Hidalgo B.V.,2022,BAKER TILLY CHINA
71994351,Hidalgo Intermediate Holding B.V.,2022,Baker Tilly
78324777,Highberg Group B.V.,2021,Baker Tilly
78324777,Highberg Group B.V.,2022,Baker Tilly
78324777,Highberg Group B.V.,2024,Baker Tilly Netherlands
16036369,Hoedemakers bouw B.V.,2021,Baker Tilly (Netherlands)
16036369,Hoedemakers bouw B.V.,2023,Baker Tilly (Netherlands)
16036369,Hoedemakers bouw B.V.,2024,Baker Tilly (Netherlands)
16073299,Hoedemakers holding B.V.,2020,Baker Tilly
16073299,Hoedemakers holding B.V.,2021,Baker Tilly Netherlands
16073299,Hoedemakers holding B.V.,2023,Baker Tilly Netherlands
16073299,Hoedemakers holding B.V.,2024,Baker Tilly Netherlands
16073299,Hoedemakers holding B.V.,2025,Baker Tilly Netherlands
17162220,Hoedemakers ontwikkeling B.V.,2020,Baker Tilly (Netherlands)
17162220,Hoedemakers ontwikkeling B.V.,2023,Baker Tilly (Netherlands)
17201039,Holding De Schilden B.V.,2020,Baker Tilly
17201039,Holding De Schilden B.V.,2021,Baker Tilly Netherlands
17201039,Holding De Schilden B.V.,2022,Baker Tilly Netherlands
17201039,Holding De Schilden B.V.,2023,Baker Tilly Netherlands
17201039,Holding De Schilden B.V.,2024,Baker Tilly Netherlands
17201039,Holding De Schilden B.V.,2025,Baker Tilly Netherlands
22009116,Holding J. van de Linde Kloetinge B.V.,2020,Baker Tilly (Netherlands)
22009116,Holding J. van de Linde Kloetinge B.V.,2022,Baker Tilly Netherlands
22009116,Holding J. van de Linde Kloetinge B.V.,2023,Baker Tilly Netherlands
22009116,Holding J. van de Linde Kloetinge B.V.,2024,Baker Tilly Netherlands
08112106,Holdingmaatschappij PG Deventer B.V.,2020,Baker Tilly
08112106,Holdingmaatschappij PG Deventer B.V.,2022,Baker Tilly Netherlands
08112106,Holdingmaatschappij PG Deventer B.V.,2023,Baker Tilly Netherlands
08112106,Holdingmaatschappij PG Deventer B.V.,2024,Baker Tilly Netherlands
92169392,Hollander Groep B.V.,2024,Baker Tilly Netherlands
92169392,Hollander Groep B.V.,2025,Baker Tilly Netherlands
08035333,hollander techniek b.v.,2020,Baker Tilly (Netherlands)
08035333,hollander techniek b.v.,2021,Baker Tilly (Netherlands)
08035333,hollander techniek b.v.,2022,Baker Tilly Netherlands
08035333,hollander techniek b.v.,2023,Baker Tilly (Netherlands)
08035333,hollander techniek b.v.,2024,Baker Tilly Netherlands
08035333,hollander techniek b.v.,2025,Baker Tilly Netherlands
59402156,Hollandia Infra B.V.,2020,Baker Tilly (Netherlands)
59402156,Hollandia Infra B.V.,2022,Baker Tilly Netherlands
59402156,Hollandia Infra B.V.,2023,Baker Tilly Netherlands
74841440,Hollandia Orange B.V.,2020,Baker Tilly (Netherlands)
74841440,Hollandia Orange B.V.,2022,Baker Tilly (Netherlands)
74841440,Hollandia Orange B.V.,2023,Baker Tilly Netherlands
74841440,Hollandia Orange B.V.,2024,Baker Tilly Netherlands
74841440,Hollandia Orange B.V.,2025,Baker Tilly Netherlands
59402075,Hollandia Services B.V.,2020,Baker Tilly
59402075,Hollandia Services B.V.,2022,Baker Tilly Netherlands
59402075,Hollandia Services B.V.,2023,Baker Tilly Netherlands
20050717,Hollandia Systems B.V.,2020,Baker Tilly
02048250,Hooghoudt Holding B.V.,2022,Baker Tilly Netherlands
16076199,Hoogland Medical B.V.,2020,Baker Tilly
16076199,Hoogland Medical B.V.,2021,Baker Tilly Netherlands
16076199,Hoogland Medical B.V.,2022,Baker Tilly Netherlands
16076199,Hoogland Medical B.V.,2023,Baker Tilly Netherlands
16076199,Hoogland Medical B.V.,2024,Baker Tilly Netherlands
16046880,Hoogland Medical Holding B.V.,2021,Baker Tilly Netherlands
16046880,Hoogland Medical Holding B.V.,2022,Baker Tilly Netherlands
16046880,Hoogland Medical Holding B.V.,2023,Baker Tilly Netherlands
16046880,Hoogland Medical Holding B.V.,2024,Baker Tilly (Netherlands)
16046880,Hoogland Medical Holding B.V.,2024,Baker Tilly Netherlands
16046880,Hoogland Medical Holding B.V.,2025,Baker Tilly Netherlands
61612782,Horizon Midden Brabant B.V.,2025,Baker Tilly Netherlands
34240305,Hotel Park Handelskade B.V.,2020,Baker Tilly Netherlands
34240305,Hotel Park Handelskade B.V.,2021,Baker Tilly Netherlands
34240305,Hotel Park Handelskade B.V.,2022,Baker Tilly
34240305,Hotel Park Handelskade B.V.,2023,Baker Tilly Netherlands
34240305,Hotel Park Handelskade B.V.,2024,Baker Tilly Netherlands
20122259,HotelPartner Housekeeping & Cleaning B.V.,2024,Baker Tilly Netherlands
02324340,Hoza B.V.,2020,Baker Tilly
02324340,Hoza B.V.,2024,Baker Tilly Netherlands
02324341,Hoza Holding B.V.,2020,Baker Tilly (Netherlands)
02324341,Hoza Holding B.V.,2020,Baker Tilly Netherlands
02324341,Hoza Holding B.V.,2021,Baker Tilly Netherlands
02324341,Hoza Holding B.V.,2022,Baker Tilly Netherlands
02324341,Hoza Holding B.V.,2023,Baker Tilly Netherlands
02324341,Hoza Holding B.V.,2025,Baker Tilly Netherlands
59401451,HS B.V.,2020,Baker Tilly
06047283,Hubregtse Holding B.V.,2020,Baker Tilly
06047283,Hubregtse Holding B.V.,2021,Baker Tilly
75449390,Hugo Bidco B.V.,2023,Baker Tilly Netherlands
75449390,Hugo Bidco B.V.,2024,Baker Tilly Netherlands
75447096,Hugo Holding B.V.,2022,Baker Tilly Netherlands
75447096,Hugo Holding B.V.,2023,Baker Tilly Netherlands
75447096,Hugo Holding B.V.,2024,Baker Tilly Netherlands
76117154,Hugo Midco B.V.,2023,Baker Tilly (Netherlands)
76117154,Hugo Midco B.V.,2024,Baker Tilly (Netherlands)
34248694,Huisartsen Spoedpost Amstelland,2022,Baker Tilly Netherlands
75873680,Huisartsenposten Oost-Brabant B.V.,2020,Baker Tilly (Netherlands)
94474559,Huisman Shipyard Holdco B.V.,2024,Baker Tilly Netherlands
94474559,Huisman Shipyard Holdco B.V.,2025,Baker Tilly Netherlands
61565261,Huisman Shipyard Holding B.V.,2024,Baker Tilly Netherlands
61565261,Huisman Shipyard Holding B.V.,2025,Baker Tilly Netherlands
18116626,Hulo Beheermaatschappij B.V.,2020,Baker Tilly
18116626,Hulo Beheermaatschappij B.V.,2021,Baker Tilly
18116626,Hulo Beheermaatschappij B.V.,2022,Baker Tilly
18116626,Hulo Beheermaatschappij B.V.,2023,Baker Tilly (Netherlands)
22044036,Hydrauvision Beheer B.V.,2022,Baker Tilly Netherlands
16089226,IBN Holding B.V.,2020,Baker Tilly
16089226,IBN Holding B.V.,2021,Baker Tilly Netherlands
16089226,IBN Holding B.V.,2022,Baker Tilly Netherlands
16089226,IBN Holding B.V.,2024,Baker Tilly
83430865,IBV Investment Management B.V.,2023,Baker Tilly
83444254,IBV Solar Parks B.V.,2023,Baker Tilly
56646232,ICC-Nexergy Coöperatief U.A.,2020,Baker Tilly
33235699,ICL Europe B.V.,2022,Baker Tilly Netherlands
33235699,ICL Europe B.V.,2023,Baker Tilly Netherlands
33235699,ICL Europe B.V.,2024,Baker Tilly Netherlands
51376490,ICL Europe Coöperatief U.A.,2020,Baker TiIIy NetherIands
51376490,ICL Europe Coöperatief U.A.,2022,Baker Tilly (Netherlands)
51376490,ICL Europe Coöperatief U.A.,2022,Baker Tilly Netherlands
51376490,ICL Europe Coöperatief U.A.,2023,Baker Tilly Netherlands
33180498,ICL Puriphos B.V.,2020,Baker Tilly (Netherlands)
27076797,ICL-IP Terneuzen B.V.,2020,Baker Tilly
27076797,ICL-IP Terneuzen B.V.,2023,Baker Tilly Netherlands
27076797,ICL-IP Terneuzen B.V.,2024,Baker Tilly Netherlands
63848104,ICT WBW,2023,Baker Tilly (Netherlands)
05051482,IJssel Technologie B.V.,2022,Baker Tilly Netherlands
05051482,IJssel Technologie B.V.,2023,Baker Tilly Netherlands
05076540,IJssel Technologie Groep B.V.,2022,Baker Tilly (Netherlands)
08154562,Imago Beheer B.V.,2020,Baker Tilly
08154562,Imago Beheer B.V.,2021,Baker Tilly (Netherlands)
08154562,Imago Beheer B.V.,2022,Baker Tilly (Netherlands)
08154562,Imago Beheer B.V.,2023,Baker TiIIy Netherlands
08154562,Imago Beheer B.V.,2024,Baker Tilly Netherlands
08154562,Imago Beheer B.V.,2025,Baker Tilly Netherlands
50031228,IMS BENELUX B.V.,2020,Baker Tilly Netherlands
50031228,IMS BENELUX B.V.,2021,Baker Tilly Netherlands
50031228,IMS BENELUX B.V.,2022,Baker Tilly Netherlands
04082192,IMWI Groep B.V.,2020,Baker Tilly
04082192,IMWI Groep B.V.,2021,Baker Tilly Netherlands
04082192,IMWI Groep B.V.,2022,Baker Tilly Netherlands
04082192,IMWI Groep B.V.,2024,Baker Tilly Netherlands
29029319,Installatiebedrijf Kruit B.V.,2020,Baker Tilly
29029319,Installatiebedrijf Kruit B.V.,2022,Baker Tilly Netherlands
29029319,Installatiebedrijf Kruit B.V.,2023,Baker Tilly Netherlands
29029319,Installatiebedrijf Kruit B.V.,2024,Baker Tilly Netherlands
12024422,"Interchemie Werken ""De Adelaar"" B.V.",2023,Baker Tilly (Netherlands)
21017915,Interjute B.V.,2020,Baker Tilly
21017915,Interjute B.V.,2021,Baker Tilly Netherlands
41199478,International School of Amsterdam,2022,Baker Tilly (Netherlands)
21013094,Internationale Jute Maatschappij B.V.,2020,Baker Tilly
21013094,Internationale Jute Maatschappij B.V.,2021,Baker Tilly Netherlands
11018858,Interovo Beheer B.V.,2020,Baker Tilly
11018858,Interovo Beheer B.V.,2021,Baker Tilly (Netherlands)
24158018,Interparking Nederland B.V.,2022,Baker Tilly Netherlands
24158018,Interparking Nederland B.V.,2023,Baker Tilly Netherlands
24158018,Interparking Nederland B.V.,2024,Baker Tilly (Netherlands)
24158018,Interparking Nederland B.V.,2025,Baker Tilly (Netherlands)
06041757,Isolatiebedrijf Pluimers B.V.,2020,Baker Tilly
06041757,Isolatiebedrijf Pluimers B.V.,2022,Baker Tilly Netherlands
06041757,Isolatiebedrijf Pluimers B.V.,2023,Baker Tilly Netherlands
08190834,IT-Ernity Internet Services B.V.,2020,Baker Tilly
80825095,Italcanditi B.V.,2022,Baker Tilly Netherlands
80825095,Italcanditi B.V.,2024,Baker Tilly Netherlands
80825095,Italcanditi B.V.,2025,Baker Tilly Netherlands
81715315,itsme Holding Germany B.V.,2022,Baker Tilly Netherlands
17089629,J. en M. Smits Beheer B.V.,2023,Baker Tilly Netherlands
06035291,J. Pluimers Rijssen B.V.,2022,Baker Tilly Netherlands
06035291,J. Pluimers Rijssen B.V.,2023,Baker Tilly Netherlands
59055782,J.A. van Staveren B.V.,2020,Baker Tilly
59055782,J.A. van Staveren B.V.,2021,Baker Tilly (Netherlands)
06085841,J.D. Staman Beheer B.V.,2022,Baker Tilly Netherlands
06085841,J.D. Staman Beheer B.V.,2023,Baker Tilly Netherlands
06085841,J.D. Staman Beheer B.V.,2025,Baker Tilly Netherlands
32048298,J.F.Th. van der Ree Beheer B.V.,2020,Baker Tilly
32048298,J.F.Th. van der Ree Beheer B.V.,2021,Baker Tilly Netherlands
34150950,J.G.H. Zantingh Holding B.V.,2024,Baker Tilly Netherlands
22031984,J.P. Verwijs Beheer B.V.,2021,Baker Tilly
22031984,J.P. Verwijs Beheer B.V.,2022,Baker Tilly Netherlands
22031984,J.P. Verwijs Beheer B.V.,2023,Baker Tilly Netherlands
22053604,J.P. Verwijs Import-Export B.V.,2020,Baker Tilly
22053604,J.P. Verwijs Import-Export B.V.,2022,Baker Tilly Netherlands
22053604,J.P. Verwijs Import-Export B.V.,2023,Baker Tilly Netherlands
06072296,Jan Haase Holding B.V.,2020,Baker Tilly
06072296,Jan Haase Holding B.V.,2022,Baker Tilly Netherlands
06072296,Jan Haase Holding B.V.,2023,Baker Tilly Netherlands
06072296,Jan Haase Holding B.V.,2024,Baker Tilly Netherlands
10032658,Jansen Bouwontwikkeling B.V.,2020,Baker Tilly Netherlands
10032658,Jansen Bouwontwikkeling B.V.,2021,Baker Tilly (Netherlands)
10032658,Jansen Bouwontwikkeling B.V.,2022,Baker Tilly Netherlands
10032658,Jansen Bouwontwikkeling B.V.,2023,Baker Tilly Netherlands
10032658,Jansen Bouwontwikkeling B.V.,2024,Baker Tilly Netherlands
18085943,Jaron Holding B.V.,2020,Baker Tilly (Netherlands)
18085943,Jaron Holding B.V.,2020,Baker Tilly
18085943,Jaron Holding B.V.,2021,Baker Tilly
18085943,Jaron Holding B.V.,2022,Baker Tilly (Netherlands)
18085943,Jaron Holding B.V.,2023,Baker Tilly (Netherlands)
18085943,Jaron Holding B.V.,2024,Baker Tilly Netherlands
24250882,Jecri Holding B.V.,2023,Baker Tilly Netherlands
24250882,Jecri Holding B.V.,2024,Baker Tilly Netherlands
05067459,Jeugdbescherming Overijssel,2020,Baker Tilly
05067459,Jeugdbescherming Overijssel,2021,Baker Tilly Netherlands
05067459,Jeugdbescherming Overijssel,2024,Baker Tilly Netherlands
05067459,Jeugdbescherming Overijssel,2025,Baker Tilly Netherlands
14045244,Jindal Films Europe Kerkrade B.V.,2020,Baker Tilly
20104886,Johnson Controls Systems & Service B.V.,2023,Baker Tilly (Netherlands)
08145079,Jonge Poerink Conveyors B.V.,2022,Baker Tilly Netherlands
08145079,Jonge Poerink Conveyors B.V.,2023,Baker Tilly Netherlands
01016555,Jongia N.V.,2023,Baker Tilly Netherlands
57025681,JPF Dutch B.V.,2024,Baker Tilly Netherlands
57016291,JPF Netherlands B.V.,2020,Baker Tilly
57016291,JPF Netherlands B.V.,2024,Baker Tilly Netherlands
78185963,JPF Netherlands Investment B.V.,2023,Baker Tilly (Netherlands)
24411060,JTJ Holding B.V.,2023,Baker Tilly Netherlands
24411060,JTJ Holding B.V.,2024,Baker Tilly Netherlands
20081831,Kapimex B.V.,2020,Baker Tilly
20081831,Kapimex B.V.,2021,Baker Tilly
20081831,Kapimex B.V.,2023,Baker Tilly Netherlands
51701022,Katjang Pedis-P.C.I. B.V.,2020,Baker Tilly
51701022,Katjang Pedis-P.C.I. B.V.,2021,Baker Tilly Netherlands
51701022,Katjang Pedis-P.C.I. B.V.,2023,Baker Tilly Netherlands
51701022,Katjang Pedis-P.C.I. B.V.,2024,Baker Tilly (Netherlands)
27363691,Kazerne Loosduinen,2021,Baker Tilly Netherlands
27363691,Kazerne Loosduinen,2022,Baker Tilly (Netherlands)
27363691,Kazerne Loosduinen,2024,Baker Tilly (Netherlands)
31020556,Kemetyl Holding B.V.,2020,Baker Tilly (Netherlands)
31020556,Kemetyl Holding B.V.,2021,Baker Tilly (Netherlands)
31020556,Kemetyl Holding B.V.,2023,Baker Tilly (Netherlands)
54610591,Kemetyl Nederland B.V.,2020,Baker Tilly (Netherlands)
54610591,Kemetyl Nederland B.V.,2022,Baker Tilly (Netherlands)
54610591,Kemetyl Nederland B.V.,2023,Baker Tilly (Netherlands)
54610591,Kemetyl Nederland B.V.,2025,Baker Tilly (Netherlands)
27047100,KesslerPerspektief,2023,Baker Tilly Netherlands
27047100,KesslerPerspektief,2024,Baker Tilly (Netherlands)
27047100,KesslerPerspektief,2025,Baker Tilly (Netherlands)
50154397,Keystone Europe B.V.,2020,Baker Tilly
50154397,Keystone Europe B.V.,2022,Baker Tilly (Netherlands)
24352575,KH Engineering B.V.,2020,Baker Tilly
24352575,KH Engineering B.V.,2021,Baker Tilly Netherlands
24352575,KH Engineering B.V.,2022,Baker Tilly Netherlands
24352575,KH Engineering B.V.,2023,Baker Tilly (Netherlands)
24352575,KH Engineering B.V.,2024,Baker Tilly Netherlands
09151222,Kiemt / GreenTech Week,2020,Baker Tilly (Netherlands)
09151222,Kiemt / GreenTech Week,2021,Baker Tilly Netherlands
09151222,Kiemt / GreenTech Week,2022,Baker Tilly Netherlands
58571868,KiK Textilien und Non-Food B.V.,2020,Baker Tilly
58571868,KiK Textilien und Non-Food B.V.,2021,Baker Tilly (Netherlands)
58571868,KiK Textilien und Non-Food B.V.,2021,Baker Tilly Netherlands
58571868,KiK Textilien und Non-Food B.V.,2023,Baker Tilly
09030704,Kinkelder B.V.,2021,Baker Tilly Netherlands
09030704,Kinkelder B.V.,2022,Baker Tilly Netherlands
30215625,Klaassen Beheer B.V.,2020,Baker Tilly
30215625,Klaassen Beheer B.V.,2021,Baker Tilly NetherIands
30215625,Klaassen Beheer B.V.,2023,Baker Tilly NetherIands
30215625,Klaassen Beheer B.V.,2023,Baker Tilly Netherlands
75976773,KMS & Partners B.V.,2020,Baker Tilly
75976773,KMS & Partners B.V.,2023,Baker Tilly Netherlands
75976773,KMS & Partners B.V.,2025,Baker Tilly Netherlands
17046906,Knaapen Groep B.V.,2020,Baker Tilly (Netherlands)
17046906,Knaapen Groep B.V.,2021,Baker Tilly Netherlands
17046906,Knaapen Groep B.V.,2022,Baker Tilly (Netherlands)
17046906,Knaapen Groep B.V.,2023,Baker Tilly Netherlands
17046906,Knaapen Groep B.V.,2024,Baker Tilly Netherlands
17046906,Knaapen Groep B.V.,2025,Baker Tilly Netherlands
72807180,Knight Acquisition B.V.,2021,Baker TiIly
72807180,Knight Acquisition B.V.,2022,Baker Tilly Netherlands
72807180,Knight Acquisition B.V.,2023,Baker Tilly (Netherlands)
72807180,Knight Acquisition B.V.,2024,Baker Tilly Netherlands
09010772,Koninklijke Burgers' Zoo B.V.,2021,Baker Tilly
09010772,Koninklijke Burgers' Zoo B.V.,2022,Baker Tilly Netherlands
09010772,Koninklijke Burgers' Zoo B.V.,2023,Baker Tilly
09010772,Koninklijke Burgers' Zoo B.V.,2024,Baker Tilly Netherlands
09010772,Koninklijke Burgers' Zoo B.V.,2025,Baker Tilly Netherlands
10023479,Koninklijke MHB B.V.,2020,Baker Tilly (Netherlands)
10023479,Koninklijke MHB B.V.,2020,Baker Tilly
10023479,Koninklijke MHB B.V.,2021,Baker Tilly Netherlands
10023479,Koninklijke MHB B.V.,2022,Baker Tilly
10023479,Koninklijke MHB B.V.,2023,Baker Tilly
10023479,Koninklijke MHB B.V.,2024,Baker Tilly Netherlands
40531815,Koninklijke Nederlandse Roeibond,2020,Baker Tilly Netherlands
40531815,Koninklijke Nederlandse Roeibond,2021,Baker Tilly Netherlands
40531815,Koninklijke Nederlandse Roeibond,2023,Baker Tilly Netherlands
08142313,Koninklijke Oosterberg B.V.,2020,Baker Tilly
08142313,Koninklijke Oosterberg B.V.,2021,Baker Tilly
08142313,Koninklijke Oosterberg B.V.,2022,Baker Tilly Netherlands
08142313,Koninklijke Oosterberg B.V.,2023,Baker Tilly Netherlands
08142313,Koninklijke Oosterberg B.V.,2024,Baker Tilly (Netherlands)
33013517,Koninklijke Saan B.V.,2020,Baker Tilly
02005711,Koninklijke Sjouke Dijkstra,2023,Baker Tilly Netherlands
02005711,Koninklijke Sjouke Dijkstra,2025,Baker Tilly Netherlands
08102561,KonnecteD B.V.,2022,Baker Tilly Netherlands
08102561,KonnecteD B.V.,2024,Baker Tilly Netherlands
81990669,Konnektor Investments B.V.,2021,Baker Tilly (Netherlands)
81990669,Konnektor Investments B.V.,2022,Baker Tilly Netherlands
81990669,Konnektor Investments B.V.,2023,Baker Tilly Netherlands
50095080,Kooijman Vastgoed B.V.,2022,Baker Tilly Netherlands
02044304,Koopman Holding B.V.,2025,Baker Tilly (Netherlands)
02034660,Koopman Logistics Group B.V.,2025,Baker Tilly (Netherlands)
82256624,KPM Group B.V.,2023,Baker Tilly Netherlands
53303458,KPM Holding B.V.,2020,Baker Tilly
53303458,KPM Holding B.V.,2021,Baker TiIIy
04081151,Krijne Holding B.V.,2020,Baker Tilly
04081151,Krijne Holding B.V.,2022,Baker Tilly Netherlands
04081151,Krijne Holding B.V.,2024,Baker Tilly Netherlands
33094636,Kroonenberg Groep B.V.,2020,Baker Tilly (Netherlands)
33094636,Kroonenberg Groep B.V.,2020,Baker Tilly
33094636,Kroonenberg Groep B.V.,2022,Baker Tilly Netherlands
33094636,Kroonenberg Groep B.V.,2023,Baker Tilly Netherlands
33094636,Kroonenberg Groep B.V.,2024,Baker Tilly Netherlands
05085297,Kruitbosch Cycle Universe Holding B.V.,2020,Baker Tilly (Netherlands)
05085297,Kruitbosch Cycle Universe Holding B.V.,2020,Baker Tilly
05085297,Kruitbosch Cycle Universe Holding B.V.,2021,Baker Tilly Netherlands
05085297,Kruitbosch Cycle Universe Holding B.V.,2021,Baker TiIIy NetherIands
05085297,Kruitbosch Cycle Universe Holding B.V.,2022,Baker Tilly Netherlands
05085297,Kruitbosch Cycle Universe Holding B.V.,2023,Baker Tilly Netherlands
05085297,Kruitbosch Cycle Universe Holding B.V.,2024,Baker Tilly Netherlands
05014212,Kruitbosch Zwolle B.V.,2020,Baker Tilly (Netherlands)
05014212,Kruitbosch Zwolle B.V.,2021,Baker Tilly Netherlands
05014212,Kruitbosch Zwolle B.V.,2022,Baker Tilly Netherlands
05014212,Kruitbosch Zwolle B.V.,2022,Baker Tilly (Netherlands)
05014212,Kruitbosch Zwolle B.V.,2023,Baker Tilly (Netherlands)
05014212,Kruitbosch Zwolle B.V.,2024,Baker Tilly Netherlands
23067611,KV Invest B.V.,2022,Baker Tilly Netherlands
05050612,L.H. Reijnen Holding B.V.,2020,Baker Tilly
05050612,L.H. Reijnen Holding B.V.,2020,Baker Tilly (Netherlands)
05050612,L.H. Reijnen Holding B.V.,2021,Baker Tilly Netherlands
41027072,Laboratorium Microbiologie Twente Achterhoek,2025,Baker Tilly (Netherlands)
77070305,Landgoed Rijckholt Zorg B.V.,2021,Baker Tilly Netherlands
77070305,Landgoed Rijckholt Zorg B.V.,2022,Baker Tilly (Netherlands)
77070305,Landgoed Rijckholt Zorg B.V.,2023,Baker Tilly (Netherlands)
77070305,Landgoed Rijckholt Zorg B.V.,2024,Baker Tilly (Netherlands)
77070305,Landgoed Rijckholt Zorg B.V.,2025,Baker Tilly Netherlands
34071516,Lanser's Trio B.V.,2022,Baker Tilly Netherlands
85138789,Lead Intelligent Equipment (Europe) B.V.,2025,Baker TiIIy China
88585212,Leading Brokers United Netherlands B.V.,2024,Baker Tilly
08186619,Lenferink Beheer Lemelerveld Rayon Noord Oost,2021,Baker Tilly Netherlands
08186619,Lenferink Beheer Lemelerveld Rayon Noord Oost,2022,Baker Tilly Netherlands
08186619,Lenferink Beheer Lemelerveld Rayon Noord Oost,2023,Baker Tilly Netherlands
08186619,Lenferink Beheer Lemelerveld Rayon Noord Oost,2024,Baker Tilly
05051404,Lenferink Beheer Zwolle Rayon Midden Nederland B.V.,2020,Baker Tilly
05051404,Lenferink Beheer Zwolle Rayon Midden Nederland B.V.,2021,Baker Tilly Netherlands
05051404,Lenferink Beheer Zwolle Rayon Midden Nederland B.V.,2022,Baker Tilly Netherlands
05051404,Lenferink Beheer Zwolle Rayon Midden Nederland B.V.,2023,Baker Tilly Netherlands
05051404,Lenferink Beheer Zwolle Rayon Midden Nederland B.V.,2024,Baker Tilly Netherlands
39027143,Lenferink Emmeloord Onderhoud & Beheer B.V.,2021,Baker Tilly Netherlands
05022475,Lenferink Holding Lemelerveld B.V.,2020,Baker Tilly
05022475,Lenferink Holding Lemelerveld B.V.,2021,Baker Tilly Netherlands
05022475,Lenferink Holding Lemelerveld B.V.,2022,Baker Tilly Netherlands
05022475,Lenferink Holding Lemelerveld B.V.,2023,Baker Tilly Netherlands
05022475,Lenferink Holding Lemelerveld B.V.,2024,Baker Tilly Netherlands
59275375,Levens - Middleby Worldwide B.V.,2020,Baker Tilly Netherlands
59275375,Levens - Middleby Worldwide B.V.,2022,Baker Tilly Netherlands
18031841,Levens Middleby B.V.,2020,Baker Tilly Netherlands
05051400,LHZ,2020,Baker Tilly
05051400,LHZ,2020,Baker Tilly Netherlands
05051400,LHZ,2022,Baker Tilly Netherlands
05051400,LHZ,2023,Baker Tilly
05051400,LHZ,2023,Baker Tilly Netherlands
05051400,LHZ,2024,Baker Tilly
75500418,Libra International B.V.,2021,Baker Tilly
75500418,Libra International B.V.,2022,Baker Tilly Netherlands
75500418,Libra International B.V.,2023,Baker Tilly Netherlands
75500418,Libra International B.V.,2024,Baker Tilly (Netherlands)
72245417,Libra Invest Nederland B.V.,2020,Baker Tilly Netherlands
72245417,Libra Invest Nederland B.V.,2022,Baker Tilly Netherlands
81757182,Lima B.V.,2024,Baker Tilly Netherlands
73086614,Lindt & Sprüngli (Benelux) B.V.,2022,Baker Tilly Netherlands
73086614,Lindt & Sprüngli (Benelux) B.V.,2023,Baker Tilly Netherlands
73086614,Lindt & Sprüngli (Benelux) B.V.,2024,Baker Tilly Netherlands
73086614,Lindt & Sprüngli (Benelux) B.V.,2025,Baker Tilly Netherlands
64965198,Lione van Duijn Holding B.V.,2022,Baker Tilly Netherlands
64965198,Lione van Duijn Holding B.V.,2023,Baker Tilly Netherlands
64965198,Lione van Duijn Holding B.V.,2024,Baker Tilly Netherlands
64731448,Lithos Bouw B.V.,2020,Baker Tilly (Netherlands)
64731448,Lithos Bouw B.V.,2021,Baker Tilly
64731448,Lithos Bouw B.V.,2022,Baker Tilly Netherlands
64731448,Lithos Bouw B.V.,2023,Baker Tilly Netherlands
64731448,Lithos Bouw B.V.,2024,Baker Tilly Netherlands
81763514,LN Investments B.V.,2023,Baker Tilly Netherlands
81763514,LN Investments B.V.,2024,Baker Tilly Netherlands
24482820,Loffos Invest B.V.,2021,Baker Tilly (Netherlands)
27362617,Lommerse Vastgoed B.V.,2020,Baker Tilly Netherlands
01037791,Lont B.V.,2022,Baker Tilly Netherlands
01037791,Lont B.V.,2024,Baker Tilly (Netherlands)
01124904,LontGroep B.V.,2022,Baker Tilly Netherlands
01124904,LontGroep B.V.,2023,Baker Tilly (Netherlands)
01124904,LontGroep B.V.,2024,Baker Tilly (Netherlands)
34178214,LosanNL,2024,Baker Tilly Netherlands
88222551,Louise River B.V.,2023,Baker Tilly Netherlands
17055203,Loverbosch Beheer B.V.,2020,Baker Tilly
17055203,Loverbosch Beheer B.V.,2021,Baker Tilly
17055203,Loverbosch Beheer B.V.,2023,Baker Tilly Netherlands
24247948,LRQA Nederland B.V.,2023,Baker Tilly Netherlands
33172946,LTP Holding B.V.,2020,Baker Tilly Berk
33172946,LTP Holding B.V.,2021,Baker Tilly
33172946,LTP Holding B.V.,2022,Baker Tilly Netherlands
33241557,Ludancom,2020,Baker Tilly
33241557,Ludancom,2022,Baker Tilly Netherlands
33241557,Ludancom,2024,Baker Tilly Netherlands
17038548,Maas International B.V.,2020,Baker TiIly
17038548,Maas International B.V.,2022,Baker Tilly (Netherlands)
17140971,Maas International Holding B.V.,2020,Baker Tilly
20157898,Maatschap Huisartsenpraktijk Vliethof,2022,Baker Tilly
34200564,Mac-Mahon B.V.,2021,Baker Tilly Netherlands
34200564,Mac-Mahon B.V.,2022,Baker Tilly Netherlands
82763410,Macadamia Topco B.V.,2021,Baker Tilly
82763410,Macadamia Topco B.V.,2023,Baker Tilly Netherlands
82763410,Macadamia Topco B.V.,2025,Baker Tilly Netherlands
38021411,Machinefabriek Geurtsen Deventer B.V.,2020,Baker Tilly (Netherlands)
38021411,Machinefabriek Geurtsen Deventer B.V.,2021,Baker Tilly (Netherlands)
38021411,Machinefabriek Geurtsen Deventer B.V.,2022,Baker Tilly Netherlands
38021411,Machinefabriek Geurtsen Deventer B.V.,2023,Baker Tilly Netherlands
38021411,Machinefabriek Geurtsen Deventer B.V.,2024,Baker Tilly Netherlands
06056576,Machinefabriek Westerhof B.V.,2022,Baker Tilly Netherlands
06056576,Machinefabriek Westerhof B.V.,2023,Baker Tilly Netherlands
12040519,Marron Holding '99 B.V.,2020,Baker Tilly
12040519,Marron Holding '99 B.V.,2022,Baker Tilly Netherlands
12040519,Marron Holding '99 B.V.,2023,Baker Tilly Netherlands
27184718,Martijn Trading Holding B.V.,2020,Baker Tilly
27184718,Martijn Trading Holding B.V.,2021,Baker Tilly Netherlands
27184718,Martijn Trading Holding B.V.,2023,Baker Tilly
27184718,Martijn Trading Holding B.V.,2024,Baker Tilly
20154809,Mattheeussens-Wido B.V.,2022,Baker Tilly Netherlands
20003595,Mattheeussens-Wido Holding B.V.,2021,Baker Tilly (Netherlands)
20003595,Mattheeussens-Wido Holding B.V.,2022,Baker Tilly Netherlands
20003595,Mattheeussens-Wido Holding B.V.,2023,Baker Tilly Netherlands
17077446,Maxfurn B.V.,2020,Baker Tilly Netherlands
17077446,Maxfurn B.V.,2021,Baker Tilly
17077446,Maxfurn B.V.,2022,Baker Tilly Netherlands
17077446,Maxfurn B.V.,2023,Baker Tilly Netherlands
17077446,Maxfurn B.V.,2024,Baker Tilly
17077446,Maxfurn B.V.,2025,Baker Tilly Netherlands
06051466,Maxon Motor Benelux B.V.,2020,Baker Tilly
06051466,Maxon Motor Benelux B.V.,2022,Baker Tilly Netherlands
06051466,Maxon Motor Benelux B.V.,2024,Baker Tilly Netherlands
08061475,Mechdes Engineering B.V.,2023,Baker Tilly (Netherlands)
72697377,Mechdes Holding B.V.,2023,Baker Tilly Netherlands
72697377,Mechdes Holding B.V.,2024,Baker Tilly Netherlands
72697377,Mechdes Holding B.V.,2025,Baker Tilly Netherlands
41165830,Medisch Centrum Kinderwens,2021,Baker Tilly Netherlands
14113088,Meditta Diagnostiek B.V.,2020,Baker Tilly
14113088,Meditta Diagnostiek B.V.,2021,Baker Tilly Netherlands
14113088,Meditta Diagnostiek B.V.,2022,Baker Tilly (Netherlands)
14095669,Meditta Holding B.V.,2022,Baker Tilly Netherlands
14095669,Meditta Holding B.V.,2023,Baker Tilly Netherlands
14069935,Meditta Spoedzorg B.V.,2022,Baker Tilly (Netherlands)
14125840,Meditta Zorg B.V.,2021,Baker Tilly (Netherlands)
14125840,Meditta Zorg B.V.,2022,Baker Tilly (Netherlands)
17217271,Megagroup Investors B.V.,2020,Baker Tilly
17217271,Megagroup Investors B.V.,2021,Baker Tilly Netherlands
17217271,Megagroup Investors B.V.,2022,Baker Tilly Netherlands
17217271,Megagroup Investors B.V.,2023,Baker Tilly Netherlands
17217271,Megagroup Investors B.V.,2024,Baker Tilly Netherlands
22026344,Meijer Beheer B.V.,2021,Baker Tilly
22026344,Meijer Beheer B.V.,2021,Baker Tilly Netherlands
22026344,Meijer Beheer B.V.,2022,Baker Tilly (Netherlands)
22026344,Meijer Beheer B.V.,2023,Baker Tilly
22026344,Meijer Beheer B.V.,2023,Baker Tilly Netherlands
08035003,Meilink Kistenfabriek B.V.,2021,Baker Tilly Netherlands
82178666,Meritum Consulting Group B.V.,2021,Baker Tilly Netherlands
82178666,Meritum Consulting Group B.V.,2022,Baker Tilly Netherlands
82178666,Meritum Consulting Group B.V.,2023,Baker Tilly Netherlands
82178666,Meritum Consulting Group B.V.,2024,Baker Tilly Netherlands
82178666,Meritum Consulting Group B.V.,2025,Baker Tilly Netherlands
24091840,Merkartikel-Verkoopkantoor Swartberg,2024,Baker Tilly (Netherlands)
34302120,Merlake Investments B.V.,2020,Baker Tilly Netherlands
20046498,Metaalwerken Bergen op Zoom B.V.,2020,Baker Tilly Netherlands
20046498,Metaalwerken Bergen op Zoom B.V.,2021,Baker Tilly Netherlands
20046498,Metaalwerken Bergen op Zoom B.V.,2023,Baker Tilly Netherlands
87762889,Mevis Coöperatieve U.A.,2023,Baker Tilly (Netherlands)
87762889,Mevis Coöperatieve U.A.,2024,Baker Tilly (Netherlands)
87762889,Mevis Coöperatieve U.A.,2025,Baker Tilly (Netherlands)
27279042,MICREOS B.V.,2023,Baker Tilly Netherlands
41032244,Mijande Wonen,2020,Baker Tilly Netherlands
41032244,Mijande Wonen,2022,Baker Tilly (Netherlands)
41032244,Mijande Wonen,2024,Baker Tilly (Netherlands)
41032244,Mijande Wonen,2025,Baker Tilly (Netherlands)
34129685,Miltenyi Biotec B.V.,2025,Baker Tilly (Netherlands)
54137241,MKA groep B.V.,2020,Baker Tilly Netherlands
54137241,MKA groep B.V.,2021,Baker Tilly Netherlands
54137241,MKA groep B.V.,2022,Baker Tilly Netherlands
54137241,MKA groep B.V.,2023,Baker Tilly Netherlands
54137241,MKA groep B.V.,2024,Baker Tilly Netherlands
54137241,MKA groep B.V.,2025,Baker Tilly (Netherlands)
24379003,MKB Ondernemers B.V.,2023,Baker Tilly Netherlands
24379003,MKB Ondernemers B.V.,2024,Baker Tilly Netherlands
60944048,MLZ Holding B.V.,2022,Baker Tilly Netherlands
60944048,MLZ Holding B.V.,2023,Baker TilIy (Netherlands)
60944048,MLZ Holding B.V.,2023,Baker Tilly Netherlands
60944048,MLZ Holding B.V.,2024,Baker Tilly Netherlands
20156776,Moerdijk Container Terminals B.V.,2020,Baker Tilly
20156776,Moerdijk Container Terminals B.V.,2020,Baker Tilly Netherlands
20156776,Moerdijk Container Terminals B.V.,2021,Baker Tilly
10028790,Molco Car Parts,2022,Baker Tilly Netherlands
10028790,Molco Car Parts,2023,Baker Tilly Netherlands
10028790,Molco Car Parts,2024,Baker Tilly Netherlands
38016404,Mondial Foods B.V.,2022,Baker Tilly Netherlands
38016404,Mondial Foods B.V.,2023,Baker Tilly Netherlands
38016404,Mondial Foods B.V.,2025,Baker Tilly Netherlands
75026554,Mondzorg Holding Nederland Groep B.V.,2020,Baker Tilly
75026554,Mondzorg Holding Nederland Groep B.V.,2022,Baker Tilly Netherlands
75026554,Mondzorg Holding Nederland Groep B.V.,2023,Baker Tilly Netherlands
75026554,Mondzorg Holding Nederland Groep B.V.,2024,Baker Tilly Netherlands
27331677,Montae & Partners B.V.,2020,Baker Tilly
27331677,Montae & Partners B.V.,2021,Baker Tilly
27331677,Montae & Partners B.V.,2022,Baker Tilly Netherlands
27331677,Montae & Partners B.V.,2023,Baker Tilly (Netherlands)
27331677,Montae & Partners B.V.,2024,Baker Tilly (Netherlands)
27331675,Montae & Partners Groep B.V.,2020,Baker Tilly (Netherlands)
27331675,Montae & Partners Groep B.V.,2021,Baker Tilly Netherlands
27331675,Montae & Partners Groep B.V.,2022,Baker Tilly Netherlands
27331675,Montae & Partners Groep B.V.,2025,Baker Tilly Netherlands
28075621,Moog B.V.,2020,Baker Tilly
28075621,Moog B.V.,2020,Baker Tilly (Netherlands)
28075621,Moog B.V.,2023,Baker Tilly Netherlands
28075621,Moog B.V.,2024,Baker Tilly Netherlands
28070585,Motorhuis B.V.,2020,"DRV, Baker Tilly"
28070585,Motorhuis B.V.,2021,Baker Tilly (Netherlands)
88536556,Movares Holding B.V.,2023,Baker Tilly Netherlands
02060402,Movares Staffing & Facility Services,2020,Baker Tilly
02060402,Movares Staffing & Facility Services,2021,Baker Tilly
02060402,Movares Staffing & Facility Services,2022,Baker Tilly Netherlands
41073773,"Moveoo, hoofdvestiging",2023,Baker Tilly (Netherlands)
41073773,"Moveoo, hoofdvestiging",2024,Baker Tilly (Netherlands)
02040355,MUG Ingenieursbureau,2020,Baker Tilly
02040355,MUG Ingenieursbureau,2021,Baker Tilly Netherlands
02040355,MUG Ingenieursbureau,2022,Baker Tilly Netherlands
02040355,MUG Ingenieursbureau,2023,Baker Tilly Netherlands
23053018,Multi-Post Beheer B.V.,2020,Baker Tilly
23053018,Multi-Post Beheer B.V.,2021,Baker Tilly Netherlands
22017742,N-Sea Group B.V.,2021,Baker Tilly Berk
52683737,N-Sea Holding B.V.,2020,Baker Tilly Berk
52683737,N-Sea Holding B.V.,2021,Baker Tilly Berk
39061230,N. van Staveren B.V.,2020,Baker Tilly Netherlands
27180758,N.V. ADO Den Haag,2020,Baker Tilly Berk
27180758,N.V. ADO Den Haag,2021,Baker Tilly Netherlands
27180758,N.V. ADO Den Haag,2022,Baker Tilly Netherlands
27180758,N.V. ADO Den Haag,2023,Baker Tilly Netherlands
22040203,N.V. Westerscheldetunnel,2020,Baker Tilly Netherlands
22040203,N.V. Westerscheldetunnel,2021,Baker Tilly (Netherlands)
22040203,N.V. Westerscheldetunnel,2022,Baker Tilly Netherlands
66081084,NACH DBMO B.V.,2020,Baker Tilly
53215370,Natuur- en Recreatieschap IJsselmonde,2020,Baker Tilly Netherlands
53215370,Natuur- en Recreatieschap IJsselmonde,2023,Baker Tilly Netherlands
53215370,Natuur- en Recreatieschap IJsselmonde,2024,Baker Tilly Netherlands
56802633,Nederlands Instituut Publieke Veiligheid (NIPV / IFV),2020,Baker Tilly Netherlands
41050671,Nederlands Openluchtmuseum,2020,Baker Tilly Netherlands
41050671,Nederlands Openluchtmuseum,2022,Baker Tilly (Netherlands)
41050671,Nederlands Openluchtmuseum,2023,Baker Tilly Netherlands
32123338,NephroCare Diapriva B.V.,2021,Baker Tilly Netherlands
32123338,NephroCare Diapriva B.V.,2022,Baker Tilly Netherlands
32123338,NephroCare Diapriva B.V.,2023,Baker Tilly (Netherlands)
34318718,NephroCare RKZ B.V.,2021,Baker Tilly Netherlands
34318718,NephroCare RKZ B.V.,2022,Baker Tilly Netherlands
34318718,NephroCare RKZ B.V.,2023,Baker Tilly (Netherlands)
86840045,New Flooring Group Holding B.V.,2022,Baker Tilly (Netherlands)
86840045,New Flooring Group Holding B.V.,2022,Baker Tilly Netherlands
86840045,New Flooring Group Holding B.V.,2023,Baker Tilly Netherlands
86840045,New Flooring Group Holding B.V.,2024,Baker Tilly (Netherlands)
86850962,New Flooring Group Midco B.V.,2022,Baker Tilly Netherlands
80425577,Nimlumi Holding B.V.,2022,Baker Tilly Netherlands
80425577,Nimlumi Holding B.V.,2023,Baker Tilly Netherlands
80425577,Nimlumi Holding B.V.,2024,Baker Tilly Netherlands
53103416,Nobel Future B.V.,2020,Baker Tilly
53103416,Nobel Future B.V.,2021,Baker Tilly (Netherlands)
53103416,Nobel Future B.V.,2021,Baker Tilly Netherlands
53103416,Nobel Future B.V.,2022,Baker Tilly Netherlands
53103416,Nobel Future B.V.,2023,Baker Tilly Netherlands
53103416,Nobel Future B.V.,2024,Baker Tilly (Netherlands)
53103416,Nobel Future B.V.,2025,Baker Tilly (Netherlands)
02032331,NOM,2021,Baker Tilly Netherlands
02032331,NOM,2022,Baker Tilly Netherlands
02032331,NOM,2023,Baker Tilly Netherlands
02032331,NOM,2024,Baker Tilly Netherlands
02032331,NOM,2025,Baker Tilly Netherlands
72124768,Nordian Acquisition 15 B.V.,2020,Baker Tilly
72124768,Nordian Acquisition 15 B.V.,2020,Baker TiIIy
14059594,Nordson B.V.,2021,Baker Tilly Netherlands
14059594,Nordson B.V.,2022,Baker Tilly (Netherlands)
14059594,Nordson B.V.,2024,Baker Tilly Netherlands
14059594,Nordson B.V.,2025,Baker Tilly Netherlands
30043324,Nordson Benelux B.V.,2024,Baker Tilly Netherlands
27122229,Nosa B.V.,2024,Baker Tilly Netherlands
83171827,Novar Holding B.V.,2021,Baker Tilly Netherlands
77998154,Novar IPP B.V.,2022,Baker Tilly (Netherlands)
77998154,Novar IPP B.V.,2023,Baker Tilly Netherlands
67388213,Nucleus Chronische Zorg B.V.,2024,Baker Tilly
70603871,O&M Halyard Netherlands B.V.,2022,Baker Tilly Netherlands
76922340,O. de Leeuw Groep B.V.,2020,Baker TilIy
76922340,O. de Leeuw Groep B.V.,2020,Baker Tilly
76922340,O. de Leeuw Groep B.V.,2021,Baker Tilly (Netherlands)
76922340,O. de Leeuw Groep B.V.,2022,Baker Tilly Netherlands
76922340,O. de Leeuw Groep B.V.,2023,Baker Tilly (Netherlands)
76922340,O. de Leeuw Groep B.V.,2024,Baker Tilly Netherlands
68921810,Ocean Network Express (Netherlands) B.V.,2020,Baker Tilly
68921810,Ocean Network Express (Netherlands) B.V.,2022,Baker Tilly Netherlands
68921810,Ocean Network Express (Netherlands) B.V.,2023,Baker Tilly Netherlands
68921810,Ocean Network Express (Netherlands) B.V.,2024,Baker Tilly Netherlands
68921810,Ocean Network Express (Netherlands) B.V.,2025,Baker Tilly Netherlands
68921810,Ocean Network Express (Netherlands) B.V.,2026,Baker Tilly Netherlands
28115418,OCLC B.V.,2025,Baker Tilly (Netherlands)
02085056,Ofichem B.V.,2023,Baker TiIIy Netherlands
02085056,Ofichem B.V.,2024,Baker Tilly (Netherlands)
02329541,Ofichem Beheer B.V.,2023,Baker Tilly (Netherlands)
02329541,Ofichem Beheer B.V.,2023,Baker Tilly Netherlands
02329541,Ofichem Beheer B.V.,2024,Baker Tilly Netherlands
02329541,Ofichem Beheer B.V.,2025,Baker Tilly Netherlands
39054726,Oliehandel Klaas de Boer B.V.,2023,Baker Tilly Netherlands
39054726,Oliehandel Klaas de Boer B.V.,2024,Baker Tilly (Netherlands)
55641857,Omgevingsdienst Flevoland en Gooi en Vechtstreek,2021,Baker Tilly Netherlands
27365902,Omgevingsdienst West-Holland,2020,Baker Tilly Netherlands
27365902,Omgevingsdienst West-Holland,2022,Baker Tilly Netherlands
27365902,Omgevingsdienst West-Holland,2023,Baker Tilly (Netherlands)
27365902,Omgevingsdienst West-Holland,2024,Baker Tilly (Netherlands)
27365902,Omgevingsdienst West-Holland,2025,Baker Tilly (Netherlands)
33092128,Onkenhout Beheer B.V.,2020,Baker Tilly
33092128,Onkenhout Beheer B.V.,2021,Baker Tilly (Netherlands)
33092128,Onkenhout Beheer B.V.,2022,Baker Tilly Netherlands
33092128,Onkenhout Beheer B.V.,2024,Baker Tilly (Netherlands)
33155508,Onkenhout en Onkenhout B.V.,2020,Baker Tilly
33155508,Onkenhout en Onkenhout B.V.,2022,Baker Tilly Netherlands
33155508,Onkenhout en Onkenhout B.V.,2023,Baker Tilly Netherlands
33155508,Onkenhout en Onkenhout B.V.,2024,Baker Tilly Netherlands
08141746,Oosterberg Holding B.V.,2020,Baker Tilly
08141746,Oosterberg Holding B.V.,2020,Baker TiIIy
08141746,Oosterberg Holding B.V.,2022,Baker Tilly Netherlands
08141746,Oosterberg Holding B.V.,2024,Baker Tilly Netherlands
27267280,Ophir Vietnam Block 12W B.V.,2024,Baker Tilly Netherlands
11045347,Oscar Heijnen Holding B.V.,2020,Baker Tilly Netherlands
11045347,Oscar Heijnen Holding B.V.,2021,Baker Tilly Netherlands
17235973,P.A.C.M. Beheer,2020,Baker Tilly Netherlands
17235973,P.A.C.M. Beheer,2025,Baker Tilly Netherlands
10031220,P.F.A. Jansen Beheer B.V.,2020,Baker Tilly
10031220,P.F.A. Jansen Beheer B.V.,2022,Baker Tilly Netherlands
10031220,P.F.A. Jansen Beheer B.V.,2023,Baker Tilly Netherlands
10031220,P.F.A. Jansen Beheer B.V.,2024,Baker Tilly Netherlands
17126831,P.K. Benelux B.V.,2020,Baker Tilly
17126831,P.K. Benelux B.V.,2023,Baker Tilly Netherlands
17126831,P.K. Benelux B.V.,2024,Baker Tilly Netherlands
17126831,P.K. Benelux B.V.,2025,Baker Tilly Netherlands
16042185,P.K. Holdline B.V.,2020,Baker Tilly
16042185,P.K. Holdline B.V.,2022,Baker Tilly Netherlands
16042185,P.K. Holdline B.V.,2023,Baker Tilly Netherlands
16042185,P.K. Holdline B.V.,2024,Baker Tilly Netherlands
16042185,P.K. Holdline B.V.,2025,Baker Tilly Netherlands
33191492,Palace Hotel operational B.V.,2020,Baker Tilly
30188895,Pally Biscuits B.V.,2020,Baker Tilly
30188895,Pally Biscuits B.V.,2022,Baker Tilly Netherlands
30188895,Pally Biscuits B.V.,2024,Baker Tilly Netherlands
30188895,Pally Biscuits B.V.,2025,Baker Tilly (Netherlands)
56693877,Pally Group B.V.,2020,Baker Tilly
56693877,Pally Group B.V.,2022,Baker Tilly Netherlands
56693877,Pally Group B.V.,2023,Baker Tilly Netherlands
56693877,Pally Group B.V.,2024,Baker Tilly Netherlands
56693877,Pally Group B.V.,2025,Baker Tilly Netherlands
27035538,Palmboomen Cultuur Maatschappij Mopoli (Palmeraies De Mopoli) N.V. in liquidatie,2020,Baker Tilly Netherlands
20054123,Parfibel N.V.,2020,Baker Tilly
20054123,Parfibel N.V.,2022,Baker Tilly Netherlands
18041770,Parking & Protection B.V.,2022,Baker Tilly
18041770,Parking & Protection B.V.,2023,Baker Tilly Netherlands
18041770,Parking & Protection B.V.,2024,Baker Tilly
02056113,Patheon Biologics B.V.,2024,Baker Tilly (Netherlands)
18039732,Patheon Softgels,2023,Baker Tilly (Netherlands)
18039732,Patheon Softgels,2025,Baker Tilly (Netherlands)
24108167,Patrimonium Barendrecht,2020,Baker Tilly Netherlands
24108167,Patrimonium Barendrecht,2021,Baker Tilly Netherlands
24108167,Patrimonium Barendrecht,2022,Baker Tilly Netherlands
24108167,Patrimonium Barendrecht,2023,Baker Tilly Netherlands
34184683,PC Uitvaart B.V.,2020,Baker Tilly
34184683,PC Uitvaart B.V.,2021,Baker Tilly Netherlands
34184683,PC Uitvaart B.V.,2022,Baker Tilly Netherlands
34184683,PC Uitvaart B.V.,2024,Baker Tilly Netherlands
74928481,PDA Financial Holding B.V.,2021,Baker Tilly (Netherlands)
74928481,PDA Financial Holding B.V.,2022,Baker Tilly Netherlands
74928481,PDA Financial Holding B.V.,2023,Baker Tilly Netherlands
74928481,PDA Financial Holding B.V.,2024,Baker Tilly Netherlands
11012240,Peffer Holding B.V.,2020,Baker Tilly
11012240,Peffer Holding B.V.,2022,Baker Tilly Netherlands
11012240,Peffer Holding B.V.,2023,Baker Tilly Netherlands
24169020,Pehamij Rotterdam B.V.,2020,Baker Tilly
24169020,Pehamij Rotterdam B.V.,2021,Baker Tilly Netherlands
24169020,Pehamij Rotterdam B.V.,2022,Baker Tilly (Netherlands)
24169020,Pehamij Rotterdam B.V.,2023,Baker Tilly Netherlands
24169020,Pehamij Rotterdam B.V.,2024,Baker Tilly Netherlands
24169020,Pehamij Rotterdam B.V.,2025,Baker Tilly Netherlands
24378644,Pentrade B.V.,2020,Baker Tilly
24378644,Pentrade B.V.,2021,Baker Tilly
24378644,Pentrade B.V.,2022,Baker Tilly (Netherlands)
24378644,Pentrade B.V.,2023,Baker Tilly Netherlands
24378644,Pentrade B.V.,2024,Baker Tilly Netherlands
30178546,Pesco Supply B.V.,2020,Baker Tilly
30178546,Pesco Supply B.V.,2021,Baker Tilly Netherlands
30178546,Pesco Supply B.V.,2022,Baker Tilly Netherlands
30178546,Pesco Supply B.V.,2024,Baker Tilly Netherlands
30175793,Pessers Utrecht B.V.,2020,Baker Tilly
30175793,Pessers Utrecht B.V.,2021,Baker Tilly
30175793,Pessers Utrecht B.V.,2022,Baker Tilly
30175793,Pessers Utrecht B.V.,2023,Baker Tilly
30175793,Pessers Utrecht B.V.,2024,Baker Tilly Netherlands
72445696,PGCF Holding B.V.,2021,Baker Tilly (Netherlands)
72445696,PGCF Holding B.V.,2022,Baker Tilly Netherlands
38017442,PHB Deventer B.V.,2020,Baker Tilly
38017442,PHB Deventer B.V.,2021,Baker Tilly
38017442,PHB Deventer B.V.,2022,Baker Tilly Netherlands
38017442,PHB Deventer B.V.,2023,Baker Tilly Netherlands
38017442,PHB Deventer B.V.,2024,Baker Tilly Netherlands
60875097,Phoenix Contact B.V.,2020,Baker Tilly
60875097,Phoenix Contact B.V.,2020,Baker Tilly (Netherlands)
60875097,Phoenix Contact B.V.,2021,Baker Tilly
60875097,Phoenix Contact B.V.,2022,Baker Tilly Netherlands
60875097,Phoenix Contact B.V.,2023,Baker Tilly Netherlands
24276707,Pirox Holding B.V.,2020,Baker Tilly
24276707,Pirox Holding B.V.,2022,Baker Tilly Netherlands
24276707,Pirox Holding B.V.,2023,Baker Tilly Netherlands
24276707,Pirox Holding B.V.,2024,Baker Tilly Netherlands
16067208,Plantagie Holding B.V.,2023,Baker Tilly Netherlands
52394832,Plassenschap Loosdrecht e.o.,2020,Baker Tilly (Netherlands)
06080274,Plegt-Vos Bouwgroep B.V.,2020,Baker Tilly (Netherlands)
06080274,Plegt-Vos Bouwgroep B.V.,2021,Baker Tilly (Netherlands)
06080274,Plegt-Vos Bouwgroep B.V.,2022,Baker Tilly Netherlands
06080274,Plegt-Vos Bouwgroep B.V.,2023,Baker Tilly Netherlands
06080274,Plegt-Vos Bouwgroep B.V.,2023,Baker Tilly (Netherlands)
06080274,Plegt-Vos Bouwgroep B.V.,2024,Baker Tilly Netherlands
30185638,Plinten & Profielen Centrale B.V.,2020,Baker Tilly
30185638,Plinten & Profielen Centrale B.V.,2021,Baker Tilly Netherlands
30185638,Plinten & Profielen Centrale B.V.,2022,Baker Tilly Netherlands
30185638,Plinten & Profielen Centrale B.V.,2023,Baker Tilly Netherlands
30185638,Plinten & Profielen Centrale B.V.,2024,Baker Tilly (Netherlands)
30185638,Plinten & Profielen Centrale B.V.,2025,Baker Tilly Netherlands
06083405,Pluiki B.V.,2020,Baker Tilly
06083405,Pluiki B.V.,2021,Baker Tilly
39055818,Polar Electro Sales & Services Europe B.V.,2024,Baker Tilly (Netherlands)
72138025,Prime Dental Alliance B.V.,2021,Baker Tilly Netherlands
72138025,Prime Dental Alliance B.V.,2022,Baker Tilly Netherlands
72138025,Prime Dental Alliance B.V.,2023,Baker Tilly Netherlands
72138025,Prime Dental Alliance B.V.,2024,Baker Tilly Netherlands
35004701,Primus Beheer B.V.,2023,Baker Tilly Berk
35004701,Primus Beheer B.V.,2024,Baker Tilly Netherlands
16054707,Prinsenhof Beheer B.V.,2020,Baker Tilly
16054707,Prinsenhof Beheer B.V.,2022,Baker Tilly Netherlands
16054707,Prinsenhof Beheer B.V.,2023,Baker Tilly Netherlands
16054707,Prinsenhof Beheer B.V.,2024,Baker Tilly Netherlands
81145268,Profyto B.V.,2023,Baker Tilly Netherlands
08114707,Prominent Holding B.V.,2020,Baker Tilly
08114707,Prominent Holding B.V.,2020,Baker Tilly Netherlands
08114707,Prominent Holding B.V.,2021,Baker Tilly Netherlands
08114707,Prominent Holding B.V.,2022,Baker Tilly Netherlands
08114707,Prominent Holding B.V.,2023,Baker Tilly Netherlands
08114707,Prominent Holding B.V.,2024,Baker Tilly Netherlands
08114707,Prominent Holding B.V.,2024,Baker Tilly (Netherlands)
62999338,Prothya Biosolutions Netherlands B.V.,2024,Baker Tilly (Netherlands)
59356782,PSZ Lijsterstraat,2020,Baker Tilly Netherlands
06053935,PV-Holding B.V.,2020,Baker Tilly
06053935,PV-Holding B.V.,2021,Baker Tilly (Netherlands)
06053935,PV-Holding B.V.,2022,Baker Tilly Netherlands
06053935,PV-Holding B.V.,2023,Baker Tilly Netherlands
06053935,PV-Holding B.V.,2024,Baker Tilly Netherlands
34239051,QlikTech Netherlands B.V.,2020,Baker Tilly Netherlands
34239051,QlikTech Netherlands B.V.,2022,Baker Tilly Netherlands
30159497,Qualogy Holding B.V.,2020,Baker Tilly
27380612,Raadhuis de Paauw,2021,Baker Tilly Netherlands
12023134,Raedts,2021,Baker TiIly
12023134,Raedts,2022,Baker TiIly
12023134,Raedts,2023,Baker Tilly (Netherlands)
12023134,Raedts,2024,Baker TiIly Netherlands
06047282,Ranheim Paper & Board B.V.,2020,Baker Tilly
06047282,Ranheim Paper & Board B.V.,2021,Baker Tilly
11065566,Ravas Europe B.V.,2020,Baker Tilly Netherlands
11065566,Ravas Europe B.V.,2021,Baker Tilly Netherlands
11065566,Ravas Europe B.V.,2022,Baker Tilly (Netherlands)
59572132,RCE Groep B.V.,2024,Baker Tilly Netherlands
34207316,RECREATIE NOORD-HOLLAND N.V.,2022,Baker Tilly Netherlands
34207316,RECREATIE NOORD-HOLLAND N.V.,2023,Baker Tilly Netherlands
53216520,Recreatieschap Rottemeren,2021,Baker Tilly Netherlands
53216520,Recreatieschap Rottemeren,2023,Baker Tilly Netherlands
53216520,Recreatieschap Rottemeren,2024,Baker Tilly Netherlands
53216075,Recreatieschap Voorne-Putten,2020,Baker Tilly Netherlands
53216075,Recreatieschap Voorne-Putten,2021,Baker Tilly Netherlands
53216075,Recreatieschap Voorne-Putten,2023,Baker Tilly Netherlands
53216075,Recreatieschap Voorne-Putten,2024,Baker Tilly Netherlands
27139634,Rederij Groen B.V.,2023,Baker Tilly Netherlands
27139634,Rederij Groen B.V.,2024,Baker Tilly (Netherlands)
54817285,Rederij Groen II B.V.,2023,Baker Tilly Netherlands
54817285,Rederij Groen II B.V.,2024,Baker Tilly (Netherlands)
18038724,Reinders Oisterwijk B.V.,2020,Baker TiIIy
18038724,Reinders Oisterwijk B.V.,2021,Baker Tilly
18038724,Reinders Oisterwijk B.V.,2022,Baker Tilly
18038724,Reinders Oisterwijk B.V.,2023,Baker Tilly
18038724,Reinders Oisterwijk B.V.,2024,Baker Tilly Netherlands
10042100,Remko Mark B.V.,2020,Baker Tilly
10042100,Remko Mark B.V.,2022,Baker Tilly Netherlands
10042100,Remko Mark B.V.,2023,Baker Tilly Netherlands
10042100,Remko Mark B.V.,2024,Baker Tilly Netherlands
18020129,Remmers Bouwgroep B.V.,2020,Baker Tilly
18020129,Remmers Bouwgroep B.V.,2021,Baker Tilly Netherlands
18020129,Remmers Bouwgroep B.V.,2022,Baker Tilly Netherlands
18020129,Remmers Bouwgroep B.V.,2024,Baker Tilly Netherlands
83375449,REN5 Group B.V.,2023,Baker Tilly Netherlands
83375449,REN5 Group B.V.,2024,Baker Tilly Netherlands
72231890,Restaurant Group Holding B.V.,2024,Baker Tilly Netherlands
72229489,Restaurant Group Topholding B.V.,2024,Baker Tilly (Netherlands)
72229489,Restaurant Group Topholding B.V.,2025,Baker Tilly (Netherlands)
75251787,ReubeZorg B.V.,2020,Baker Tilly
75251787,ReubeZorg B.V.,2021,Baker Tilly (Netherlands)
75251787,ReubeZorg B.V.,2022,Baker Tilly Netherlands
75251787,ReubeZorg B.V.,2023,Baker Tilly Netherlands
75251787,ReubeZorg B.V.,2024,Baker Tilly Netherlands
23036526,Rhiant,2020,Baker Tilly Netherlands
23036526,Rhiant,2021,Baker Tilly Netherlands
23036526,Rhiant,2022,Baker Tilly Netherlands
27101650,Rijswijk Wonen,2020,Baker Tilly Netherlands
27165397,Ritchie Bros. B.V.,2021,Baker Tilly Netherlands
27165397,Ritchie Bros. B.V.,2022,Baker Tilly Netherlands
20124865,Ritchie Bros. Shared Services B.V.,2020,Baker Tilly (Netherlands)
20124865,Ritchie Bros. Shared Services B.V.,2021,Baker Tilly Netherlands
60875089,RITTAL B.V.,2020,Baker Tilly
60875089,RITTAL B.V.,2020,Baker Tilly (Netherlands)
60875089,RITTAL B.V.,2022,Baker Tilly Netherlands
60875089,RITTAL B.V.,2023,Baker Tilly Netherlands
60875089,RITTAL B.V.,2024,Baker Tilly Netherlands
30108055,RockRose (NL) CS1 B.V.,2020,Baker Tilly (Netherlands)
30108055,RockRose (NL) CS1 B.V.,2021,Baker Tilly (Netherlands)
30108055,RockRose (NL) CS1 B.V.,2022,Baker Tilly (Netherlands)
30108055,RockRose (NL) CS1 B.V.,2023,Baker Tilly (Netherlands)
30108055,RockRose (NL) CS1 B.V.,2024,Baker Tilly Netherlands
30221313,RockRose (NL) Infrastructure B.V.,2022,Baker Tilly Netherlands
30221313,RockRose (NL) Infrastructure B.V.,2023,Baker Tilly Netherlands
30221313,RockRose (NL) Infrastructure B.V.,2024,Baker Tilly Netherlands
34300232,ROHA B.V.,2022,Baker Tilly (Netherlands)
34300232,ROHA B.V.,2024,Baker Tilly (Netherlands)
34300232,ROHA B.V.,2025,Baker Tilly (Netherlands)
02056011,Rome Beheer B.V.,2023,Baker Tilly Netherlands
10144649,Romijnders Service B.V.,2022,Baker Tilly Netherlands
10144649,Romijnders Service B.V.,2023,Baker Tilly Netherlands
10144649,Romijnders Service B.V.,2024,Baker Tilly Netherlands
27212730,Rondom Wonen,2020,Baker Tilly
27212730,Rondom Wonen,2021,Baker Tilly
94396043,Roofyou B.V.,2025,Baker Tilly Netherlands
06078445,Ropeblock B.V.,2022,Baker Tilly Netherlands
06078445,Ropeblock B.V.,2023,Baker Tilly Netherlands
06078445,Ropeblock B.V.,2024,Baker Tilly Netherlands
08096006,Ropeblock Holding B.V.,2021,Baker Tilly (Netherlands)
08096006,Ropeblock Holding B.V.,2022,Baker Tilly Netherlands
08096006,Ropeblock Holding B.V.,2023,Baker Tilly Netherlands
08096006,Ropeblock Holding B.V.,2024,Baker Tilly Netherlands
17193759,Rotom Europe B.V.,2020,Baker Tilly
17193759,Rotom Europe B.V.,2021,Baker Tilly
17193759,Rotom Europe B.V.,2022,Baker Tilly
17193759,Rotom Europe B.V.,2023,Baker Tilly Netherlands
17193759,Rotom Europe B.V.,2024,Baker Tilly Netherlands
83290400,Rotom Holding B.V.,2021,Baker Tilly Netherlands
83290400,Rotom Holding B.V.,2022,Baker Tilly Netherlands
83290400,Rotom Holding B.V.,2023,Baker Tilly Netherlands
83290400,Rotom Holding B.V.,2024,Baker Tilly Netherlands
17059495,Rotom Nederland,2020,Baker Tilly
17059495,Rotom Nederland,2022,Baker Tilly Netherlands
17059495,Rotom Nederland,2023,Baker Tilly Netherlands
17059495,Rotom Nederland,2024,Baker Tilly Netherlands
80581234,Rotom Topholding B.V.,2021,Baker Tilly
80581234,Rotom Topholding B.V.,2022,Baker Tilly Netherlands
80581234,Rotom Topholding B.V.,2023,Baker Tilly Netherlands
80581234,Rotom Topholding B.V.,2024,Baker Tilly Netherlands
08083310,Royal Meilink B.V.,2020,Baker Tilly
08083310,Royal Meilink B.V.,2021,Baker TiIIy
08083310,Royal Meilink B.V.,2021,Baker Tilly Netherlands
08083310,Royal Meilink B.V.,2022,Baker Tilly
08083310,Royal Meilink B.V.,2022,Baker Tilly Netherlands
08083310,Royal Meilink B.V.,2022,Baker Tilly (Netherlands)
08083310,Royal Meilink B.V.,2023,Baker Tilly Netherlands
08083310,Royal Meilink B.V.,2024,Baker Tilly Netherlands
06048273,RVC Beheer B.V.,2020,Baker Tilly (Netherlands)
06048273,RVC Beheer B.V.,2021,Baker Tilly
06048273,RVC Beheer B.V.,2025,Baker Tilly (Netherlands)
06061106,RVC Industriële Verpakkingen B.V.,2021,Baker Tilly Netherlands
06061106,RVC Industriële Verpakkingen B.V.,2022,Baker Tilly (Netherlands)
33201199,Saan Holding B.V.,2020,Baker Tilly Netherlands
33201199,Saan Holding B.V.,2020,Baker Tilly
33201199,Saan Holding B.V.,2022,Baker Tilly Netherlands
08052118,Sakura International Holdings B.V.,2020,Baker Tilly
08052118,Sakura International Holdings B.V.,2021,Baker Tilly Netherlands
08052118,Sakura International Holdings B.V.,2022,Baker Tilly Netherlands
08052118,Sakura International Holdings B.V.,2024,Baker Tilly Netherlands
08052118,Sakura International Holdings B.V.,2025,Baker Tilly Netherlands
34243136,SATPO Group B.V.,2020,Baker Tilly (Netherlands)
34243136,SATPO Group B.V.,2020,Baker Tilly
20092742,Saver N.V.,2020,Baker Tilly
20092742,Saver N.V.,2023,Baker Tilly Netherlands
20092742,Saver N.V.,2024,Baker Tilly Netherlands
69223688,Scalabor B.V.,2020,Baker Tilly
69223688,Scalabor B.V.,2021,Baker Tilly Netherlands
69223688,Scalabor B.V.,2022,Baker Tilly Netherlands
69223688,Scalabor B.V.,2023,Baker Tilly Netherlands
69223688,Scalabor B.V.,2024,Baker Tilly Netherlands
34159038,Scheldezoom Farmacie B.V.,2024,Baker Tilly Netherlands
08040074,Schouten en Visschers Metaalwarenfabriek B.V.,2021,Baker Tilly Netherlands
08040074,Schouten en Visschers Metaalwarenfabriek B.V.,2022,Baker Tilly (Netherlands)
05044160,Schutte Bouwbedrijf,2020,Baker Tilly
05044160,Schutte Bouwbedrijf,2021,Baker TilIy
05044160,Schutte Bouwbedrijf,2023,Baker Tilly Netherlands
05044160,Schutte Bouwbedrijf,2024,Baker Tilly Netherlands
69199485,Screen Acquisition B.V.,2020,Baker Tilly (Netherlands)
69199485,Screen Acquisition B.V.,2021,Baker Tilly (Netherlands)
69199485,Screen Acquisition B.V.,2022,Baker Tilly Netherlands
69199485,Screen Acquisition B.V.,2023,Baker Tilly Netherlands
69199485,Screen Acquisition B.V.,2024,Baker Tilly Netherlands
69199485,Screen Acquisition B.V.,2025,Baker Tilly Netherlands
55476449,Seacat Offshore Vessels B.V.,2020,Baker Tilly
91448409,Seedco B.V.,2024,Baker Tilly Netherlands
27310396,Senior Mobility Investment Group B.V.,2024,Baker Tilly (Netherlands)
27267143,Senser Holding B.V.,2020,Baker Tilly (Netherlands)
27267143,Senser Holding B.V.,2021,Baker Tilly (Netherlands)
27267143,Senser Holding B.V.,2022,Baker Tilly Netherlands
27267143,Senser Holding B.V.,2023,Baker Tilly Netherlands
80245536,Sezzle Holdings III B.V.,2020,Baker Tilly
77755065,SFP Group B.V.,2024,Baker Tilly Netherlands
59589043,SFP Zeeland B.V.,2024,Baker Tilly Netherlands
70046069,Shared Service Centrum ONS,2024,Baker Tilly Netherlands
60854316,SHB Parts B.V.,2021,Baker Tilly
60854316,SHB Parts B.V.,2023,Baker Tilly Netherlands
72058951,Shellinvest Kweek Holding B.V.,2020,Baker Tilly
72058951,Shellinvest Kweek Holding B.V.,2021,Baker Tilly Netherlands
72058951,Shellinvest Kweek Holding B.V.,2021,Baker Tilly (Netherlands)
72058951,Shellinvest Kweek Holding B.V.,2023,Baker Tilly Netherlands
72058951,Shellinvest Kweek Holding B.V.,2024,Baker Tilly Netherlands
05050412,Ship Immobilia B.V.,2022,Baker Tilly Netherlands
10041460,Shots,2020,Baker Tilly Netherlands
10041460,Shots,2021,Baker Tilly Netherlands
17168389,Showdown Displays Europe B.V.,2020,Baker Tilly (Netherlands)
72316403,Showdown Displays Europe Holding B.V.,2020,Baker Tilly
72316403,Showdown Displays Europe Holding B.V.,2021,Baker Tilly Netherlands
08084197,Siboldii Beheer B.V.,2020,Baker Tilly
08084197,Siboldii Beheer B.V.,2021,Baker Tilly (Netherlands)
08084197,Siboldii Beheer B.V.,2021,Baker Tilly
08084197,Siboldii Beheer B.V.,2022,Baker Tilly Netherlands
08084197,Siboldii Beheer B.V.,2023,Baker Tilly Netherlands
08084197,Siboldii Beheer B.V.,2025,Baker Tilly Netherlands
22059801,Silgan International Holdings B.V.,2023,Baker Tilly Netherlands
51499622,SILVIC B.V.,2021,Baker Tilly Netherlands
63380706,Sir Adam B.V.,2020,Baker Tilly Netherlands
63380706,Sir Adam B.V.,2021,Baker Tilly Netherlands
63380706,Sir Adam B.V.,2022,Baker Tilly Netherlands
33296412,Sixt B.V.,2020,Baker TiIIy
33296412,Sixt B.V.,2023,Baker Tilly Netherlands
20074237,Slibverwerking Noord-Brabant,2020,Baker Tilly Netherlands
20074237,Slibverwerking Noord-Brabant,2021,Baker Tilly Netherlands
20074237,Slibverwerking Noord-Brabant,2022,Baker Tilly Netherlands
20074237,Slibverwerking Noord-Brabant,2023,Baker Tilly Netherlands
20074237,Slibverwerking Noord-Brabant,2024,Baker Tilly Netherlands
17065565,Smitma,2023,Baker Tilly Netherlands
27142799,SPI International B.V.,2021,Baker Tilly Netherlands
50688871,SPI International Holding B.V.,2021,Baker Tilly Netherlands
75331403,Spider Invest B.V.,2021,Baker Tilly Netherland
75331403,Spider Invest B.V.,2022,Baker Tilly Netherlands
75331403,Spider Invest B.V.,2023,Baker Tilly
17113835,Spierings Group B.V.,2020,Baker Tilly
17113835,Spierings Group B.V.,2021,Baker Tilly
17113835,Spierings Group B.V.,2022,Baker Tilly (Netherlands)
17113835,Spierings Group B.V.,2023,Baker Tilly Netherlands
17113835,Spierings Group B.V.,2024,Baker Tilly (Netherlands)
17113835,Spierings Group B.V.,2025,Baker Tilly (Netherlands)
59431679,Spierings Manufacturing B.V.,2020,Baker Tilly (Netherlands)
59431679,Spierings Manufacturing B.V.,2022,Baker Tilly (Netherlands)
17109607,Spierings Mobile Cranes B.V.,2022,Baker Tilly Netherlands
27040836,Spuigroep B.V.,2020,Baker Tilly
27040836,Spuigroep B.V.,2021,Baker Tilly (Netherlands)
27040836,Spuigroep B.V.,2022,Baker Tilly Netherlands
27040836,Spuigroep B.V.,2023,Baker Tilly Netherlands
27040836,Spuigroep B.V.,2024,Baker Tilly Netherlands
30282147,Stadhuis,2020,Baker Tilly Netherlands
30282147,Stadhuis,2021,Baker Tilly Netherlands
50099604,Stadhuis Zutphen,2021,Baker Tilly Netherlands
57841594,Stadsherstel Amsterdam N.V.,2023,Baker Tilly (Netherlands)
57841594,Stadsherstel Amsterdam N.V.,2024,Baker Tilly (Netherlands)
57841594,Stadsherstel Amsterdam N.V.,2025,Baker Tilly (Netherlands)
35029714,STAN Partners B.V.,2020,Baker Tilly
35029714,STAN Partners B.V.,2021,Baker Tilly Netherlands
20057835,Star-SHL,2020,Baker Tilly
20057835,Star-SHL,2021,Baker TiIIy (Netherlands)
20057835,Star-SHL,2022,Baker Tilly (Netherlands)
20057835,Star-SHL,2023,Baker Tilly (Netherlands)
20057835,Star-SHL,2024,Baker Tilly (Netherlands)
20057835,Star-SHL,2025,Baker Tilly (Netherlands)
51295245,Starbucks Coffee Netherlands B.V.,2024,Baker Tilly Netherlands
08044581,State of Art,2021,Baker Tilly (Netherlands)
08044581,State of Art,2021,Baker Tilly Netherlands
08044581,State of Art,2022,Baker Tilly Netherlands
09102448,State of Art Holding B.V.,2022,Baker Tilly Netherlands
09102448,State of Art Holding B.V.,2023,Baker Tilly Netherlands
09102448,State of Art Holding B.V.,2024,Baker Tilly (Netherlands)
09102448,State of Art Holding B.V.,2025,Baker Tilly Netherlands
32143383,Stibbe Participaties B.V.,2021,Baker Tilly Netherlands
32143383,Stibbe Participaties B.V.,2022,Baker Tilly Netherlands
41214819,"Stichting Aanvullende Voorzieningen bij Arbeidsongeschiktheid voor de Mode-, Interieur- Tapijt- en Textielindustrie (SAVAMITT)",2022,Baker Tilly
41214819,"Stichting Aanvullende Voorzieningen bij Arbeidsongeschiktheid voor de Mode-, Interieur- Tapijt- en Textielindustrie (SAVAMITT)",2023,Baker Tilly
41214819,"Stichting Aanvullende Voorzieningen bij Arbeidsongeschiktheid voor de Mode-, Interieur- Tapijt- en Textielindustrie (SAVAMITT)",2024,Baker Tilly Netherlands
08114967,Stichting Algemeen Nut van Opijnen,2022,Baker Tilly (Netherlands)
08114967,Stichting Algemeen Nut van Opijnen,2023,Baker Tilly (Netherlands)
08114967,Stichting Algemeen Nut van Opijnen,2024,Baker Tilly (Netherlands)
08114967,Stichting Algemeen Nut van Opijnen,2025,Baker Tilly (Netherlands)
51662000,Stichting Ambiq,2025,Baker Tilly (Netherlands)
60529539,Stichting Anima Mundi,2020,Baker Tilly (Netherlands)
60529539,Stichting Anima Mundi,2021,Baker Tilly (Netherlands)
60529539,Stichting Anima Mundi,2022,Baker Tilly (Netherlands)
60529539,Stichting Anima Mundi,2023,Baker Tilly (Netherlands)
60821779,Stichting Chirurgische Innovatie,2021,Baker Tilly (Netherlands)
60821779,Stichting Chirurgische Innovatie,2024,Baker Tilly Netherlands
30221421,Stichting College voor Huisartsen met Bijzondere Bekwaamheden,2020,Baker Tilly (Netherlands)
59576421,Stichting Combinatie Elker/Poortje,2021,Baker Tilly
59576421,Stichting Combinatie Elker/Poortje,2022,Baker Tilly Netherlands
68685831,Stichting De Pinnenburg Beheer,2023,Baker Tilly (Netherlands)
68685831,Stichting De Pinnenburg Beheer,2024,Baker Tilly Netherlands
68685831,Stichting De Pinnenburg Beheer,2025,Baker Tilly Netherlands
34201427,Stichting DOORZAAM,2020,Baker Tilly Netherlands
34201427,Stichting DOORZAAM,2021,Baker Tilly Netherlands
34201427,Stichting DOORZAAM,2022,Baker Tilly Netherlands
34201427,Stichting DOORZAAM,2023,Baker Tilly Netherlands
34201427,Stichting DOORZAAM,2024,Baker Tilly Netherlands
24437504,STICHTING DUTCH GREEN BUILDING COUNCIL,2023,Baker Tilly
84324449,Stichting ELJA Foundation,2022,Baker Tilly Netherlands
84324449,Stichting ELJA Foundation,2023,Baker Tilly (Netherlands)
84324449,Stichting ELJA Foundation,2024,Baker Tilly (Netherlands)
41013213,Stichting Elker,2022,Baker Tilly (Netherlands)
41013213,Stichting Elker,2023,Baker Tilly (Netherlands)
88696472,Stichting Elker Holding,2023,Baker Tilly Netherlands
88696472,Stichting Elker Holding,2024,Baker Tilly Netherlands
88696472,Stichting Elker Holding,2025,Baker Tilly (Netherlands)
41125908,Stichting Erasmus Sport,2020,Baker Tilly Netherlands
73600776,Stichting Farent,2020,Baker Tilly (Netherlands)
73600776,Stichting Farent,2021,Baker Tilly (Netherlands)
73600776,Stichting Farent,2022,Baker Tilly (Netherlands)
20093733,Stichting Heifer Nederland,2020,Baker Tilly (Netherlands)
20093733,Stichting Heifer Nederland,2021,Baker Tilly
20093733,Stichting Heifer Nederland,2022,Baker Tilly
20093733,Stichting Heifer Nederland,2023,Baker Tilly (Netherlands)
20093733,Stichting Heifer Nederland,2024,Baker Tilly (Netherlands)
41017933,Stichting Herinneringscentrum Kamp Westerbork,2020,Baker Tilly
41017933,Stichting Herinneringscentrum Kamp Westerbork,2022,Baker Tilly Netherlands
41047543,Stichting Het Geldersch Landschap,2022,Baker Tilly (Netherlands)
41047543,Stichting Het Geldersch Landschap,2022,Baker Tilly Netherlands
41047543,Stichting Het Geldersch Landschap,2023,Baker Tilly Netherlands
41047543,Stichting Het Geldersch Landschap,2024,Baker Tilly Netherlands
41009061,Stichting Het Poortje Jeugdinrichtingen,2022,Baker Tilly Netherlands
41009061,Stichting Het Poortje Jeugdinrichtingen,2023,Baker Tilly Netherlands
41025128,Stichting Het Werkt Sociaal,2020,Baker Tilly Netherlands
41025128,Stichting Het Werkt Sociaal,2021,Baker Tilly Netherlands
41025128,Stichting Het Werkt Sociaal,2022,Baker Tilly Netherlands
41025128,Stichting Het Werkt Sociaal,2024,Baker Tilly (Netherlands)
41025128,Stichting Het Werkt Sociaal,2025,Baker Tilly Netherlands
58980040,Stichting Holdingfonds Economische Investeringen Den Haag,2021,Baker Tilly Netherlands
58980040,Stichting Holdingfonds Economische Investeringen Den Haag,2022,Baker Tilly Netherlands
58980040,Stichting Holdingfonds Economische Investeringen Den Haag,2023,Baker Tilly Netherlands
58980040,Stichting Holdingfonds Economische Investeringen Den Haag,2024,Baker Tilly Netherlands
41202793,Stichting Humanitas voor Dienstverlening aan Mensen met een Hulpvraag,2020,Baker Tilly
41202793,Stichting Humanitas voor Dienstverlening aan Mensen met een Hulpvraag,2021,Baker Tilly (Netherlands)
41202793,Stichting Humanitas voor Dienstverlening aan Mensen met een Hulpvraag,2022,Baker Tilly
41202793,Stichting Humanitas voor Dienstverlening aan Mensen met een Hulpvraag,2023,Baker Tilly (Netherlands)
41202793,Stichting Humanitas voor Dienstverlening aan Mensen met een Hulpvraag,2024,Baker Tilly (Netherlands)
41202793,Stichting Humanitas voor Dienstverlening aan Mensen met een Hulpvraag,2025,Baker Tilly (Netherlands)
41197411,Stichting Internationaal Belasting Documentatie Bureau,2020,Baker Tilly
41197411,Stichting Internationaal Belasting Documentatie Bureau,2021,Baker Tilly Netherlands
34236288,Stichting Iplussolutions,2021,Baker Tilly (Netherlands)
34236288,Stichting Iplussolutions,2022,Baker Tilly (Netherlands)
34236288,Stichting Iplussolutions,2023,Baker Tilly (Netherlands)
28081431,Stichting Japanmuseum Sieboldhuis,2020,Baker Tilly Netherlands
78473586,Stichting Jeugdspecialisten Amsterdam,2025,Baker Tilly Netherlands
51457008,Stichting Justdiggit Foundation,2020,Baker Tilly (Netherlands)
51457008,Stichting Justdiggit Foundation,2022,Baker Tilly (Netherlands)
51457008,Stichting Justdiggit Foundation,2023,Baker Tilly (Netherlands)
51457008,Stichting Justdiggit Foundation,2024,Baker Tilly (Netherlands)
51457008,Stichting Justdiggit Foundation,2025,Baker Tilly (Netherlands)
30040468,Stichting Jutphaas Wonen,2020,Baker Tilly
09162333,Stichting Kansarmen Sri Lanka,2020,Baker Tilly (Netherlands)
09162333,Stichting Kansarmen Sri Lanka,2021,Baker Tilly (Netherlands)
05084259,Stichting KASKO – huis voor cross-disciplinair theater,2020,Baker Tilly Berk
58368884,Stichting Kazerne Foundation,2020,Baker Tilly (Netherlands)
58368884,Stichting Kazerne Foundation,2021,Baker Tilly (Netherlands)
22049355,Stichting Kibeo,2020,Baker Tilly (Netherlands)
22049355,Stichting Kibeo,2021,Baker Tilly
22049355,Stichting Kibeo,2021,Baker Tilly Netherlands
22049355,Stichting Kibeo,2022,Baker Tilly
22049355,Stichting Kibeo,2023,Baker Tilly Netherlands
22049355,Stichting Kibeo,2024,Baker Tilly Netherlands
41192818,Stichting Kinderopvang Bussum-Naarden/Muiden- Muiderberg,2020,Baker Tilly
41192818,Stichting Kinderopvang Bussum-Naarden/Muiden- Muiderberg,2022,Baker Tilly Netherlands
41192818,Stichting Kinderopvang Bussum-Naarden/Muiden- Muiderberg,2023,Baker Tilly Netherlands
41192818,Stichting Kinderopvang Bussum-Naarden/Muiden- Muiderberg,2024,Baker Tilly Netherlands
41110279,Stichting Kinderopvang Zeeuwsch Vlaanderen,2022,Baker Tilly Netherlands
41110279,Stichting Kinderopvang Zeeuwsch Vlaanderen,2024,Baker Tilly Netherlands
41110279,Stichting Kinderopvang Zeeuwsch Vlaanderen,2025,Baker Tilly Netherlands
62560727,Stichting LandschappenNL,2023,Baker Tilly Netherlands
62560727,Stichting LandschappenNL,2024,Baker Tilly Netherlands
61370630,Stichting Lokalis,2022,Baker Tilly Netherlands
61370630,Stichting Lokalis,2023,Baker Tilly Netherlands
61370630,Stichting Lokalis,2024,Baker Tilly Netherlands
61370630,Stichting Lokalis,2025,Baker Tilly (Netherlands)
41115235,Stichting Maatschappelijk Werk en Welzijn Oosterschelderegio (SMWO),2025,Baker Tilly (Netherlands)
05032150,Stichting MarketingOost,2021,Baker Tilly Netherlands
55935389,Stichting Moviera,2022,Baker Tilly (Netherlands)
55935389,Stichting Moviera,2023,Baker Tilly Netherlands
30086686,Stichting NabijWonen,2020,Baker Tilly Netherlands
41080756,Stichting Nationaal Fonds Kinderhulp,2023,Baker Tilly Netherlands
41080756,Stichting Nationaal Fonds Kinderhulp,2024,Baker Tilly Netherlands
41080756,Stichting Nationaal Fonds Kinderhulp,2025,Baker Tilly Netherlands
41076356,Stichting Natuur en Milieufederatie Limburg,2020,Baker Tilly (Netherlands)
41076356,Stichting Natuur en Milieufederatie Limburg,2021,Baker Tilly (Netherlands)
41076356,Stichting Natuur en Milieufederatie Limburg,2022,Baker Tilly (Netherlands)
41165849,Stichting NTS,2020,Baker Tilly Berk
80387136,Stichting OIDOS,2022,Baker Tilly
80387136,Stichting OIDOS,2023,Baker Tilly (Netherlands)
80387136,Stichting OIDOS,2024,Baker Tilly
80387136,Stichting OIDOS,2025,Baker Tilly (Netherlands)
56794487,Stichting Omnisscholen,2024,Baker Tilly Netherlands
41114317,Stichting Omroep Zeeland,2023,Baker Tilly Netherlands
41114317,Stichting Omroep Zeeland,2024,Baker Tilly Netherlands
41205702,"Stichting Opleidingsfonds Mode-, Interieur-, Tapijt- en Textielindustrie (SO Mitt)",2022,Baker Tilly
41199255,Stichting PC Uitvaart Deposito,2023,Baker Tilly Netherlands
41199255,Stichting PC Uitvaart Deposito,2024,Baker Tilly Netherlands
41184442,Stichting Pensioenfonds Atos,2020,Baker Tilly
41184442,Stichting Pensioenfonds Atos,2021,Baker Tilly Berk
41184442,Stichting Pensioenfonds Atos,2022,Baker Tilly Netherlands
41184442,Stichting Pensioenfonds Atos,2023,Baker Tilly Netherlands
41184442,Stichting Pensioenfonds Atos,2024,Baker Tilly Netherlands
41184442,Stichting Pensioenfonds Atos,2025,Baker Tilly Netherlands
73397946,Stichting Private Aanvulling WW en WGA Metaal en Techniek,2020,Baker Tilly Netherlands
73397946,Stichting Private Aanvulling WW en WGA Metaal en Techniek,2021,Baker Tilly Netherlands
73397946,Stichting Private Aanvulling WW en WGA Metaal en Techniek,2022,Baker Tilly Netherlands
73397946,Stichting Private Aanvulling WW en WGA Metaal en Techniek,2024,Baker Tilly Netherlands
87904551,Stichting Regeling Vervroegd Uittreden Metaal en Techniek,2024,Baker Tilly Netherlands
34105406,Stichting Reiswerk,2020,Baker Tilly Netherlands
34105406,Stichting Reiswerk,2021,Baker Tilly Netherlands
34105406,Stichting Reiswerk,2022,Baker Tilly Netherlands
34105406,Stichting Reiswerk,2024,Baker Tilly Netherlands
41134174,Stichting ROGplus Nieuwe Waterweg Noord,2020,Baker Tilly Netherlands
41134174,Stichting ROGplus Nieuwe Waterweg Noord,2021,Baker Tilly Netherlands
34201011,Stichting Rural Energy Services,2020,Baker Tilly (Netherlands)
34201011,Stichting Rural Energy Services,2022,Baker Tilly (Netherlands)
34201011,Stichting Rural Energy Services,2023,Baker Tilly (Netherlands)
30285033,Stichting Safi Sana Foundation,2022,Baker Tilly (Netherlands)
30285033,Stichting Safi Sana Foundation,2023,Baker Tilly (Netherlands)
41149694,Stichting Sociaal Fonds Metaal en Techniek,2020,Baker Tilly Netherlands
41149694,Stichting Sociaal Fonds Metaal en Techniek,2021,Baker Tilly Netherlands
41149694,Stichting Sociaal Fonds Metaal en Techniek,2022,Baker Tilly Netherlands
41149694,Stichting Sociaal Fonds Metaal en Techniek,2023,Baker Tilly Netherlands
41149694,Stichting Sociaal Fonds Metaal en Techniek,2024,Baker Tilly Netherlands
41205894,Stichting Sociaal Fonds Mobiliteit,2020,Baker Tilly Netherlands
41205894,Stichting Sociaal Fonds Mobiliteit,2022,Baker Tilly Netherlands
41205894,Stichting Sociaal Fonds Mobiliteit,2023,Baker Tilly Netherlands
41205894,Stichting Sociaal Fonds Mobiliteit,2024,Baker Tilly Netherlands
63702290,Stichting Sociaal Fonds Retail Non-Food,2020,Baker Tilly Netherlands
63702290,Stichting Sociaal Fonds Retail Non-Food,2022,Baker Tilly Netherlands
63702290,Stichting Sociaal Fonds Retail Non-Food,2023,Baker Tilly Netherlands
41199562,"Stichting Sociaal Fonds voor de Mode-, Interieur-, Tapijt- en Textielindustrie",2022,Baker Tilly
41199562,"Stichting Sociaal Fonds voor de Mode-, Interieur-, Tapijt- en Textielindustrie",2023,Baker Tilly
41199562,"Stichting Sociaal Fonds voor de Mode-, Interieur-, Tapijt- en Textielindustrie",2024,Baker Tilly
41180401,Stichting Sociaal Fonds voor Opleiding en Ontwikkeling in het Kappersbedrijf,2020,Baker Tilly Netherlands
41180401,Stichting Sociaal Fonds voor Opleiding en Ontwikkeling in het Kappersbedrijf,2021,Baker Tilly Netherlands
41180401,Stichting Sociaal Fonds voor Opleiding en Ontwikkeling in het Kappersbedrijf,2022,Baker Tilly Netherlands
41180401,Stichting Sociaal Fonds voor Opleiding en Ontwikkeling in het Kappersbedrijf,2023,Baker Tilly Netherlands
41180401,Stichting Sociaal Fonds voor Opleiding en Ontwikkeling in het Kappersbedrijf,2024,Baker Tilly Netherlands
41188061,Stichting Sprank,2020,Baker Tilly
41188061,Stichting Sprank,2021,Baker Tilly Netherlands
41188061,Stichting Sprank,2022,Baker Tilly Netherlands
41188061,Stichting Sprank,2025,Baker Tilly (Netherlands)
05058882,Stichting Stad & Cultuur,2021,Baker Tilly (Netherlands)
05058882,Stichting Stad & Cultuur,2024,Baker Tilly (Netherlands)
05058882,Stichting Stad & Cultuur,2025,Baker Tilly (Netherlands)
20114725,Stichting Star-SHL Praktijkondersteuning,2024,Baker Tilly (Netherlands)
20114725,Stichting Star-SHL Praktijkondersteuning,2025,Baker Tilly Netherlands
41048515,Stichting Steunfonds Geldersch Landschap en Kasteelen,2022,Baker Tilly (Netherlands)
41048515,Stichting Steunfonds Geldersch Landschap en Kasteelen,2023,Baker Tilly (Netherlands)
41048515,Stichting Steunfonds Geldersch Landschap en Kasteelen,2024,Baker Tilly (Netherlands)
57197679,Stichting ter behoud van Klein Paradijs,2020,Baker Tilly (Netherlands)
57197679,Stichting ter behoud van Klein Paradijs,2022,Baker Tilly Netherlands
41180521,Stichting Timon,2022,Baker Tilly Netherlands
41180521,Stichting Timon,2023,Baker Tilly Netherlands
41180521,Stichting Timon,2024,Baker Tilly (Netherlands)
41180521,Stichting Timon,2025,Baker Tilly (Netherlands)
41158851,Stichting tot Beheer van het Museum van het Boek / Museum Meermanno-Westreenianum,2020,Baker Tilly (Netherlands)
41158851,Stichting tot Beheer van het Museum van het Boek / Museum Meermanno-Westreenianum,2022,Baker Tilly (Netherlands)
41158851,Stichting tot Beheer van het Museum van het Boek / Museum Meermanno-Westreenianum,2023,Baker Tilly (Netherlands)
08172075,Stichting Travers Fonds,2022,Baker Tilly (Netherlands)
08172075,Stichting Travers Fonds,2024,Baker Tilly (Netherlands)
08172075,Stichting Travers Fonds,2025,Baker Tilly (Netherlands)
05068689,Stichting Trias Jeugdhulp,2022,Baker Tilly Netherlands
05068689,Stichting Trias Jeugdhulp,2023,Baker Tilly Netherlands
05068689,Stichting Trias Jeugdhulp,2024,Baker Tilly Netherlands
05068689,Stichting Trias Jeugdhulp,2025,Baker Tilly (Netherlands)
41201396,"Stichting Vakraad voor de Mode-, Interieur-, Tapijt- en Textielindustrie",2022,Baker Tilly
34090425,Stichting Velison Wonen,2020,Baker Tilly Netherlands
34090425,Stichting Velison Wonen,2022,Baker Tilly (Netherlands)
34090425,Stichting Velison Wonen,2023,Baker Tilly Netherlands
34090425,Stichting Velison Wonen,2024,Baker Tilly Netherlands
34090425,Stichting Velison Wonen,2025,Baker Tilly Netherlands
65752805,Stichting Volandis,2023,Baker Tilly Netherlands
41265416,Stichting voor Christelijk Voortgezet Onderwijs voor Zuidoost-Utrecht/Christelijk College Zeist,2020,Baker Tilly Berk
41265416,Stichting voor Christelijk Voortgezet Onderwijs voor Zuidoost-Utrecht/Christelijk College Zeist,2021,Baker Tilly Netherlands
41265416,Stichting voor Christelijk Voortgezet Onderwijs voor Zuidoost-Utrecht/Christelijk College Zeist,2022,Baker Tilly Netherlands
41265416,Stichting voor Christelijk Voortgezet Onderwijs voor Zuidoost-Utrecht/Christelijk College Zeist,2023,Baker Tilly Netherlands
41047558,Stichting Vrienden der Geldersche Kasteelen,2022,Baker Tilly (Netherlands)
41047558,Stichting Vrienden der Geldersche Kasteelen,2023,Baker Tilly (Netherlands)
17198322,Stichting Vrienden van de Verkadefabriek,2020,Baker Tilly Berk
41022088,Stichting Vrijwilligerscentrale Zwolle Doet!,2021,Baker Tilly (Netherlands)
41022088,Stichting Vrijwilligerscentrale Zwolle Doet!,2024,Baker Tilly (Netherlands)
41022088,Stichting Vrijwilligerscentrale Zwolle Doet!,2025,Baker Tilly (Netherlands)
51427370,Stichting Weissensee4Kids,2020,Baker Tilly Netherlands
51427370,Stichting Weissensee4Kids,2021,Baker Tilly
51427370,Stichting Weissensee4Kids,2022,Baker Tilly
51427370,Stichting Weissensee4Kids,2023,Baker Tilly
24331545,Stichting Werelderfgoed Kinderdijk,2020,Baker Tilly
24331545,Stichting Werelderfgoed Kinderdijk,2021,Baker Tilly (Netherlands)
24331545,Stichting Werelderfgoed Kinderdijk,2022,Baker Tilly (Netherlands)
24331545,Stichting Werelderfgoed Kinderdijk,2023,Baker Tilly Netherlands
24331545,Stichting Werelderfgoed Kinderdijk,2024,Baker Tilly Netherlands
24331545,Stichting Werelderfgoed Kinderdijk,2025,Baker Tilly Netherlands
05047339,Stichting Wetland Wonen Groep,2020,Baker Tilly Netherlands
05047339,Stichting Wetland Wonen Groep,2021,Baker Tilly Netherlands
05047339,Stichting Wetland Wonen Groep,2022,Baker Tilly Netherlands
05047339,Stichting Wetland Wonen Groep,2023,Baker Tilly Netherlands
05047339,Stichting Wetland Wonen Groep,2024,Baker Tilly Netherlands
68489730,Stichting WIJ Groningen,2025,Baker Tilly (Netherlands)
27212687,Stichting WoonWest,2020,Baker Tilly (Netherlands)
27212687,Stichting WoonWest,2022,Baker Tilly Netherlands
27212687,Stichting WoonWest,2023,Baker Tilly Netherlands
77781244,Stichting Zorg na Werk In Coronazorg (ZWiC),2020,Baker Tilly (Netherlands)
05019303,Stichting Zwolse Theaters,2020,Baker Tilly Netherlands
06041991,Stork Plastics Machinery B.V.,2021,Baker Tilly (Netherlands)
06041991,Stork Plastics Machinery B.V.,2022,Baker Tilly (Netherlands)
06041991,Stork Plastics Machinery B.V.,2023,Baker Tilly
16083426,Strijbosch B.V.,2020,Baker Tilly Netherlands
16083426,Strijbosch B.V.,2022,Baker Tilly Netherlands
16083426,Strijbosch B.V.,2024,Baker Tilly Netherlands
66673399,Strijbosch Beheer B.V.,2020,Baker Tilly Netherlands
51290901,Studytube B.V.,2022,Baker Tilly Netherlands
51290901,Studytube B.V.,2023,Baker Tilly (Netherlands)
51290901,Studytube B.V.,2024,Baker Tilly Netherlands
51290901,Studytube B.V.,2025,Baker Tilly Netherlands
11044236,Superyacht Spares B.V.,2021,Baker Tilly Netherlands
11044236,Superyacht Spares B.V.,2023,Baker Tilly Netherlands
11044236,Superyacht Spares B.V.,2024,Baker Tilly Netherlands
81463855,Sustainable Future Holding B.V.,2021,Baker Tilly Netherlands
81463855,Sustainable Future Holding B.V.,2022,Baker Tilly Netherlands
81463855,Sustainable Future Holding B.V.,2023,Baker Tilly Netherlands
24006562,Swartberg Levensmiddelen Fabrieken B.V.,2024,Baker Tilly (Netherlands)
17165620,Swiss Sense B.V.,2020,Baker Tilly
17165620,Swiss Sense B.V.,2021,Baker Tilly Netherlands
17164003,Swiss Sense Holding B.V.,2020,Baker Tilly
17164003,Swiss Sense Holding B.V.,2021,Baker Tilly Netherlands
17164003,Swiss Sense Holding B.V.,2023,Baker Tilly Netherlands
80086012,Swiss Sense International B.V.,2020,Baker Tilly
80086012,Swiss Sense International B.V.,2021,Baker Tilly
80086012,Swiss Sense International B.V.,2022,Baker Tilly
80086012,Swiss Sense International B.V.,2023,Baker Tilly Netherlands
27257333,Synechron Business Consulting B.V.,2020,Baker Tilly Netherlands
27257333,Synechron Business Consulting B.V.,2021,Baker Tilly Netherlands
30162108,Syneos Health Netherlands B.V.,2024,Baker Tilly Netherlands
74007157,Synexa Life Sciences B.V.,2022,Baker Tilly Netherlands
74007157,Synexa Life Sciences B.V.,2023,Baker Tilly Netherlands
74007157,Synexa Life Sciences B.V.,2024,Baker Tilly Netherlands
08088231,T-Bid Holding B.V.,2022,Baker Tilly Netherlands
08088231,T-Bid Holding B.V.,2023,Baker Tilly Netherlands
81710275,Talentmark Group B.V.,2022,Baker Tilly Netherlands
81710275,Talentmark Group B.V.,2023,Baker Tilly Netherlands
81710275,Talentmark Group B.V.,2024,Baker Tilly Netherlands
52858006,Tandartsenpraktijk Van Giffen-Plat B.V.,2022,Baker Tilly
34220186,Tata Communications (Netherlands) B.V.,2020,Baker Tilly
34220186,Tata Communications (Netherlands) B.V.,2021,Baker TiIIy (Netherlands)
34220186,Tata Communications (Netherlands) B.V.,2022,Baker TiIIy (Netherlands)
34220186,Tata Communications (Netherlands) B.V.,2022,Baker Tilly Netherlands
32130461,Tata Communications MOVE Nederland B.V.,2020,Baker Tilly
32130461,Tata Communications MOVE Nederland B.V.,2021,Baker Tilly
22022445,Team Industrial Services Netherlands B.V.,2020,Baker Tilly
61598445,Team Oranje B.V.,2020,Baker Tilly (Netherlands)
61598445,Team Oranje B.V.,2022,Baker Tilly Netherlands
61598445,Team Oranje B.V.,2023,Baker Tilly (Netherlands)
81245920,TeamCo Holding B.V.,2022,Baker Tilly Netherlands
81245920,TeamCo Holding B.V.,2023,Baker Tilly Netherlands
81245920,TeamCo Holding B.V.,2024,Baker Tilly Netherlands
17183107,TeamCo Shipyard B.V.,2020,Baker Tilly Netherlands
17183107,TeamCo Shipyard B.V.,2023,Baker Tilly Netherlands
34233404,Teamflex personeelsdiensten bv,2020,Baker Tilly (Netherlands)
87082292,Techtronic Industries Benelux B.V.,2023,Baker Tilly Netherlands
87082292,Techtronic Industries Benelux B.V.,2024,Baker Tilly Netherlands
02333810,TecLine,2023,Baker Tilly Netherlands
08166252,Ter Stal Investments B.V.,2020,Baker Tilly
08166252,Ter Stal Investments B.V.,2021,Baker Tilly Netherlands
08166252,Ter Stal Investments B.V.,2022,Baker Tilly Netherlands
08166252,Ter Stal Investments B.V.,2023,Baker Tilly Netherlands
08166252,Ter Stal Investments B.V.,2024,Baker Tilly Netherlands
08166252,Ter Stal Investments B.V.,2025,Baker Tilly (Netherlands)
06061454,Ter Stal Textiel B.V.,2020,Baker Tilly
06061454,Ter Stal Textiel B.V.,2020,Baker Tilly (Netherlands)
06061454,Ter Stal Textiel B.V.,2021,Baker Tilly Netherlands
06061454,Ter Stal Textiel B.V.,2022,Baker Tilly Netherlands
06061454,Ter Stal Textiel B.V.,2023,Baker Tilly Netherlands
06061454,Ter Stal Textiel B.V.,2024,Baker Tilly Netherlands
38023418,Ter Steege Bouw Vastgoed Apeldoorn B.V.,2024,Baker Tilly Netherlands
59122587,Ter Steege Bouw Vastgoed B.V.,2020,Baker Tilly (Netherlands)
59122587,Ter Steege Bouw Vastgoed B.V.,2023,Baker Tilly Netherlands
59122587,Ter Steege Bouw Vastgoed B.V.,2024,Baker Tilly Netherlands
59122587,Ter Steege Bouw Vastgoed B.V.,2025,Baker Tilly (Netherlands)
06042113,Ter Steege Bouw Vastgoed Rijssen B.V.,2022,Baker Tilly Netherlands
06042113,Ter Steege Bouw Vastgoed Rijssen B.V.,2024,Baker Tilly Netherlands
06062338,Ter Steege Handel B.V.,2020,Baker Tilly
06062338,Ter Steege Handel B.V.,2021,Baker Tilly Netherlands
06062338,Ter Steege Handel B.V.,2022,Baker Tilly Netherlands
06062338,Ter Steege Handel B.V.,2023,Baker Tilly Netherlands
06062338,Ter Steege Handel B.V.,2025,Baker Tilly Netherlands
06068295,Ter Steege Holding B.V.,2020,Baker Tilly
06068295,Ter Steege Holding B.V.,2021,Baker Tilly
06068295,Ter Steege Holding B.V.,2022,Baker Tilly Netherlands
06068295,Ter Steege Holding B.V.,2023,Baker Tilly Netherlands
06068295,Ter Steege Holding B.V.,2024,Baker Tilly Netherlands
06068295,Ter Steege Holding B.V.,2025,Baker Tilly Netherlands
08154558,Ter Steege Industrie B.V.,2020,Baker Tilly
08154558,Ter Steege Industrie B.V.,2022,Baker Tilly (Netherlands)
08154558,Ter Steege Industrie B.V.,2023,Baker Tilly (Netherlands)
08154558,Ter Steege Industrie B.V.,2023,Baker Tilly Netherlands
08154558,Ter Steege Industrie B.V.,2024,Baker Tilly (Netherlands)
06049714,Ter Steege Samen Actief B.V.,2020,Baker Tilly (Netherlands)
06049714,Ter Steege Samen Actief B.V.,2020,Baker Tilly
06049714,Ter Steege Samen Actief B.V.,2021,Baker Tilly (Netherlands)
34138277,The Human Specialist,2020,Baker Tilly
34138277,The Human Specialist,2022,Baker Tilly Netherlands
34138277,The Human Specialist,2023,Baker Tilly Netherlands
34138277,The Human Specialist,2025,Baker Tilly Netherlands
64625060,The Kingfish Company N.V.,2022,Baker Tilly Netherlands
64625060,The Kingfish Company N.V.,2023,Baker Tilly Netherlands
64625060,The Kingfish Company N.V.,2024,Baker Tilly Netherlands
18039292,Theeuwes Participatiemaatschappij B.V.,2022,Baker Tilly Netherlands
18039292,Theeuwes Participatiemaatschappij B.V.,2023,Baker Tilly Netherlands
18039292,Theeuwes Participatiemaatschappij B.V.,2024,Baker Tilly Netherlands
18039292,Theeuwes Participatiemaatschappij B.V.,2025,Baker Tilly Netherlands
20130449,Thegra Tracomex Holding B.V.,2020,Baker TiIIy
20130449,Thegra Tracomex Holding B.V.,2022,Baker Tilly Netherlands
20130449,Thegra Tracomex Holding B.V.,2023,Baker Tilly Berk
20130449,Thegra Tracomex Holding B.V.,2024,Baker Tilly Netherlands
20130449,Thegra Tracomex Holding B.V.,2025,Baker Tilly Netherlands
20076722,Thopol B.V.,2020,Baker Tilly
73125741,Thuiszorg De Zorgende Hand,2022,Baker Tilly (Netherlands)
41107082,Thuiszorg West-Brabant,2020,Baker Tilly
41107082,Thuiszorg West-Brabant,2021,Baker Tilly
41107082,Thuiszorg West-Brabant,2022,Baker Tilly
41107082,Thuiszorg West-Brabant,2024,Baker Tilly (Netherlands)
41107082,Thuiszorg West-Brabant,2025,Baker Tilly (Netherlands)
69045356,TI SENTO - Beheer B.V.,2022,Baker Tilly Netherlands
69047715,TI SENTO - Milano B.V.,2022,Baker Tilly Netherlands
08060878,Tidalis B.V.,2022,Baker Tilly (Netherlands)
08060878,Tidalis B.V.,2022,Baker Tilly Netherlands
08060878,Tidalis B.V.,2023,Baker Tilly Netherlands
05057090,Tielbeke Groep B.V.,2020,Baker Tilly
05057090,Tielbeke Groep B.V.,2021,Baker Tilly Netherlands
05057090,Tielbeke Groep B.V.,2021,Baker Tilly (Netherlands)
05057090,Tielbeke Groep B.V.,2022,Baker Tilly Netherlands
05057090,Tielbeke Groep B.V.,2023,Baker Tilly Netherlands
05057090,Tielbeke Groep B.V.,2024,Baker Tilly (Netherlands)
05057090,Tielbeke Groep B.V.,2024,Baker Tilly Netherlands
05057090,Tielbeke Groep B.V.,2025,Baker Tilly (Netherlands)
05031528,Tielbeke Logistiek B.V.,2022,Baker Tilly Netherlands
05031528,Tielbeke Logistiek B.V.,2023,Baker Tilly
05031528,Tielbeke Logistiek B.V.,2024,Baker Tilly Netherlands
22039344,Timesavers International B.V.,2020,Baker Tilly
22039344,Timesavers International B.V.,2021,Baker Tilly
22039344,Timesavers International B.V.,2022,Baker Tilly Netherlands
73371343,Titanium Holding B.V.,2020,Baker Tilly
73371343,Titanium Holding B.V.,2021,Baker Tilly Netherlands
04071913,Tjoapack Netherlands B.V.,2023,Baker Tilly Netherlands
04071913,Tjoapack Netherlands B.V.,2024,Baker Tilly Netherlands
22019079,TMC Holding B.V.,2021,Baker Tilly Netherlands
22019079,TMC Holding B.V.,2022,Baker Tilly Netherlands
22019079,TMC Holding B.V.,2023,Baker Tilly Netherlands
22019079,TMC Holding B.V.,2024,Baker Tilly Netherlands
22019079,TMC Holding B.V.,2025,Baker Tilly Netherlands
22028142,TMC Wonen,2020,Baker Tilly (Netherlands)
22028142,TMC Wonen,2022,Baker Tilly Netherlands
22028142,TMC Wonen,2023,Baker Tilly Netherlands
22028142,TMC Wonen,2025,Baker Tilly (Netherlands)
62425781,TME Pharma N.V.,2020,Baker Tilly
62425781,TME Pharma N.V.,2021,Baker Tilly
62425781,TME Pharma N.V.,2022,Baker Tilly Netherlands
62425781,TME Pharma N.V.,2023,Baker Tilly Netherlands
62425781,TME Pharma N.V.,2024,Baker Tilly Netherlands
62425781,TME Pharma N.V.,2025,Baker Tilly Netherlands
08075576,Tomra Systems B.V.,2023,Baker Tilly Netherlands
08075576,Tomra Systems B.V.,2024,Baker Tilly Netherlands
56381441,TOMS EMEA B.V.,2020,Baker Tilly Netherlands
74379127,Tongriem Kliniek B.V.,2025,Baker Tilly (Netherlands)
88222799,Topco Censo Energy Solutions B.V.,2022,Baker Tilly Netherlands
88222799,Topco Censo Energy Solutions B.V.,2023,Baker Tilly Netherlands
88222799,Topco Censo Energy Solutions B.V.,2024,Baker Tilly Netherlands
20097696,Toscane Holding B.V.,2020,Baker Tilly Netherlands
20097696,Toscane Holding B.V.,2021,Baker Tilly Netherlands
20097696,Toscane Holding B.V.,2022,Baker Tilly (Netherlands)
20097696,Toscane Holding B.V.,2023,Baker Tilly Netherlands
20097696,Toscane Holding B.V.,2024,Baker Tilly Netherlands
33145098,Tosoh Europe B.V.,2020,Baker TiIIy
33145098,Tosoh Europe B.V.,2020,Baker Tilly Netherlands
33145098,Tosoh Europe B.V.,2021,Baker TiIIy
33145098,Tosoh Europe B.V.,2023,Baker Tilly Netherlands
33145098,Tosoh Europe B.V.,2024,Baker Tilly Netherlands
32071693,Totaal Bed B.V.,2020,Baker Tilly
32071693,Totaal Bed B.V.,2022,Baker Tilly (Netherlands)
32071693,Totaal Bed B.V.,2023,Baker Tilly Netherlands
32071693,Totaal Bed B.V.,2024,Baker Tilly Netherlands
66982596,totaalBED Holding B.V.,2020,Baker Tilly Netherlands
66982596,totaalBED Holding B.V.,2021,Baker Tilly Netherlands
10016011,Touringcarbedrijf Betuwe Express B.V.,2020,Baker Tilly
10016011,Touringcarbedrijf Betuwe Express B.V.,2023,Baker Tilly Netherlands
10016011,Touringcarbedrijf Betuwe Express B.V.,2024,Baker Tilly (Netherlands)
64938611,Tribuut Belastingsamenwerking,2021,Baker Tilly (Netherlands)
64938611,Tribuut Belastingsamenwerking,2022,Baker Tilly (Netherlands)
18119483,TriMas Packaging B.V.,2020,Baker Tilly (Netherlands)
18119483,TriMas Packaging B.V.,2021,Baker Tilly (Netherlands)
18119483,TriMas Packaging B.V.,2022,Baker Tilly Netherlands
18119483,TriMas Packaging B.V.,2023,Baker Tilly (Netherlands)
18119483,TriMas Packaging B.V.,2024,Baker Tilly Netherlands
75779749,Tuindeco Topco B.V.,2020,Baker Tilly
75779749,Tuindeco Topco B.V.,2021,Baker Tilly
75779749,Tuindeco Topco B.V.,2023,Baker Tilly Netherlands
75779749,Tuindeco Topco B.V.,2024,Baker Tilly Netherlands
75779749,Tuindeco Topco B.V.,2025,Baker Tilly Netherlands
20033782,Tummers Beheer B.V.,2020,Baker Tilly
20033782,Tummers Beheer B.V.,2020,Baker Tilly Netherlands
20033782,Tummers Beheer B.V.,2021,Baker Tilly Netherlands
20033782,Tummers Beheer B.V.,2022,Baker Tilly Netherlands
20033782,Tummers Beheer B.V.,2023,Baker TiIIy Netherlands
20033782,Tummers Beheer B.V.,2024,Baker Tilly Netherlands
20049703,Tummers Food Processing Solutions B.V.,2020,Baker Tilly (Netherlands)
20049703,Tummers Food Processing Solutions B.V.,2022,Baker Tilly (Netherlands)
20049703,Tummers Food Processing Solutions B.V.,2023,Baker Tilly Netherlands
20049703,Tummers Food Processing Solutions B.V.,2024,Baker Tilly Netherlands
64813649,TWB Thuiszorg B.V.,2020,Baker Tilly Netherlands
59482265,Two Brothers Holding B.V.,2020,Baker Tilly Netherlands
28086632,Two Brothers Hotel Company,2020,Baker Tilly Netherlands
06040292,Tyco Building Services Products B.V.,2023,Baker Tilly (Netherlands)
24147529,Tyco Fire and Security Nederland B.V.,2023,Baker Tilly Netherlands
24147529,Tyco Fire and Security Nederland B.V.,2024,Baker Tilly Netherlands
08125414,U-Boat Worx B.V.,2021,Baker Tilly (Netherlands)
08125414,U-Boat Worx B.V.,2022,Baker Tilly Netherlands
09036422,Ubbink B.V.,2020,Baker Tilly
09036422,Ubbink B.V.,2021,Baker Tilly Netherlands
09036422,Ubbink B.V.,2022,Baker Tilly Netherlands
09036422,Ubbink B.V.,2023,Baker Tilly
20136592,Ukrag Holding B.V.,2020,Baker TilIy
20136592,Ukrag Holding B.V.,2022,Baker Tilly (Netherlands)
20136592,Ukrag Holding B.V.,2024,Baker Tilly Netherlands
59760559,Uniface B.V.,2020,Baker Tilly
70225583,Uniface Holding B.V.,2020,Baker Tilly (Netherlands)
70225583,Uniface Holding B.V.,2021,Baker Tilly (Netherlands)
20132585,UPL Benelux B.V.,2023,Baker Tilly Netherlands
20132585,UPL Benelux B.V.,2024,Baker Tilly
89483014,Urban Care Group B.V.,2024,Baker Tilly Netherlands
89483014,Urban Care Group B.V.,2025,Baker Tilly Netherlands
27199861,Urban Interest Holding B.V.,2020,Baker Tilly
27199861,Urban Interest Holding B.V.,2021,Baker Tilly Netherlands
27199861,Urban Interest Holding B.V.,2022,Baker Tilly Netherlands
27199861,Urban Interest Holding B.V.,2023,Baker Tilly Netherlands
27199861,Urban Interest Holding B.V.,2024,Baker Tilly Netherlands
33138126,Urban Interest Vastgoed B.V.,2020,Baker Tilly
33138126,Urban Interest Vastgoed B.V.,2021,Baker Tilly Netherlands
33138126,Urban Interest Vastgoed B.V.,2022,Baker Tilly Netherlands
33138126,Urban Interest Vastgoed B.V.,2023,Baker Tilly Netherlands
06045293,v.d. Bosch Beton B.V.,2020,Baker Tilly
06045293,v.d. Bosch Beton B.V.,2023,Baker Tilly Netherlands
68881185,Valcon Topholding B.V.,2020,Baker Tilly
22053737,Van Belzen B.V.,2021,Baker Tilly Netherlands
22053737,Van Belzen B.V.,2025,Baker Tilly (Netherlands)
30241317,Van Benthem & Keulen B.V.,2020,Baker Tilly
30241317,Van Benthem & Keulen B.V.,2021,Baker Tilly
30241317,Van Benthem & Keulen B.V.,2022,Baker Tilly Netherlands
30241317,Van Benthem & Keulen B.V.,2023,Baker Tilly Netherlands
30241317,Van Benthem & Keulen B.V.,2024,Baker Tilly Netherlands
30241317,Van Benthem & Keulen B.V.,2025,Baker Tilly Netherlands
60303018,Van Bussel Holding B.V.,2020,Baker Tilly Netherlands
60303018,Van Bussel Holding B.V.,2021,Baker Tilly Netherlands
60303018,Van Bussel Holding B.V.,2022,Baker Tilly Netherlands
60303018,Van Bussel Holding B.V.,2023,Baker Tilly Netherlands
60303018,Van Bussel Holding B.V.,2024,Baker Tilly Netherlands
56874839,Van den Berg Holding B.V.,2020,Baker Tilly
08052926,Van den Burg Eiproducten B.V.,2022,Baker Tilly (Netherlands)
16039823,Van den Heuvel Aannemingsbedrijf B.V.,2020,Baker TiIIy
16039823,Van den Heuvel Aannemingsbedrijf B.V.,2022,Baker Tilly Netherlands
16039823,Van den Heuvel Aannemingsbedrijf B.V.,2023,Baker Tilly Netherlands
16039823,Van den Heuvel Aannemingsbedrijf B.V.,2024,Baker Tilly Netherlands
32086172,Van der Straaten Automotive Beheer B.V.,2020,Baker Tilly (Netherlands)
32086172,Van der Straaten Automotive Beheer B.V.,2021,Baker Tilly Netherlands
34199342,Van Doorne N.V.,2020,Baker Tilly
34199342,Van Doorne N.V.,2021,Baker Tilly
34199342,Van Doorne N.V.,2022,Baker Tilly Netherlands
34199342,Van Doorne N.V.,2023,Baker Tilly Netherlands
34199342,Van Doorne N.V.,2024,Baker Tilly Netherlands
34199342,Van Doorne N.V.,2025,Baker Tilly Netherlands
29050367,Van Leeuwen Beheer B.V.,2020,Baker Tilly
29050367,Van Leeuwen Beheer B.V.,2021,Baker Tilly Netherlands
29050367,Van Leeuwen Beheer B.V.,2024,Baker Tilly Netherlands
05082296,Van Merksteijn Group Holding B.V.,2022,Baker Tilly Netherlands
05082296,Van Merksteijn Group Holding B.V.,2024,Baker Tilly Netherlands
38022713,Van Merksteijn Staalcoating B.V.,2021,Baker Tilly Netherlands
38022713,Van Merksteijn Staalcoating B.V.,2022,Baker Tilly (Netherlands)
38022713,Van Merksteijn Staalcoating B.V.,2023,Baker Tilly Netherlands
38022713,Van Merksteijn Staalcoating B.V.,2023,Baker Tilly (Netherlands)
85898449,Variass Investments B.V.,2024,Baker Tilly Netherlands
38015852,VDR Bouwgroep B.V.,2020,Baker Tilly
38015852,VDR Bouwgroep B.V.,2021,Baker Tilly Netherlands
38015852,VDR Bouwgroep B.V.,2021,Baker TiIIy (Nether1ands)
38015852,VDR Bouwgroep B.V.,2022,Baker Tilly Netherlands
38015852,VDR Bouwgroep B.V.,2022,Baker TiIIy (NetherIands)
38015852,VDR Bouwgroep B.V.,2023,Baker Tilly Netherlands
38010290,VDR Holding N.V.,2020,Baker TiIIy
38010290,VDR Holding N.V.,2021,Baker Tilly (Netherlands)
38010290,VDR Holding N.V.,2021,Baker TiIIy (Netherlands)
38010290,VDR Holding N.V.,2022,Baker Tilly (Netherlands)
38010290,VDR Holding N.V.,2023,Baker Tilly (Netherlands)
38010290,VDR Holding N.V.,2024,Baker Tilly Netherlands
50588109,Veiligheidsregio Flevoland,2020,Baker Tilly (Netherlands)
50588109,Veiligheidsregio Flevoland,2021,Baker Tilly (Netherlands)
50588109,Veiligheidsregio Flevoland,2022,Baker Tilly (Netherlands)
50588109,Veiligheidsregio Flevoland,2024,Baker Tilly (Netherlands)
54089484,Veiligheidsregio IJsselland,2024,Baker Tilly Netherlands
27125991,"Verdonck, Klooster & Associates B.V.",2022,Baker Tilly Netherlands
06082647,Verenigde Heutink Bedrijven B.V.,2020,Baker TiIIy
06082647,Verenigde Heutink Bedrijven B.V.,2022,Baker Tilly Netherlands
06082647,Verenigde Heutink Bedrijven B.V.,2023,Baker Tilly Netherlands
81027494,Veritas Holding Corporation B.V.,2023,Baker Tilly Netherlands
01039871,Verkley B.V.,2022,Baker Tilly (Netherlands)
01039871,Verkley B.V.,2023,Baker Tilly (Netherlands)
53728726,Vesta Terminals B.V.,2024,Baker Tilly Netherlands
37108926,VHH Participaties B.V.,2020,Baker Tilly
37108926,VHH Participaties B.V.,2022,Baker Tilly Netherlands
37108926,VHH Participaties B.V.,2023,Baker Tilly Netherlands
37108926,VHH Participaties B.V.,2024,Baker Tilly Netherlands
28024068,Vinke Amsterdam B.V.,2020,Baker Tilly (Netherlands)
28024068,Vinke Amsterdam B.V.,2021,Baker TiIIy
28024068,Vinke Amsterdam B.V.,2022,Baker Tilly Netherlands
28024068,Vinke Amsterdam B.V.,2023,Baker Tilly Netherlands
28024068,Vinke Amsterdam B.V.,2024,Baker Tilly (Netherlands)
28024068,Vinke Amsterdam B.V.,2024,Baker Tilly Netherlands
97681725,Vinke en Co B.V.,2025,Baker Tilly Netherlands
74335944,VIOS Houttechniek Holding B.V.,2020,Baker Tilly
76886220,Vitae Group B.V.,2022,Baker Tilly Netherlands
76886220,Vitae Group B.V.,2024,Baker Tilly Netherlands
86941380,Vitales Holding B.V.,2024,Baker Tilly Netherlands
95520775,Vitters Group B.V.,2024,Baker Tilly (Netherlands)
88557847,VKP Groep B.V.,2023,Baker Tilly Netherlands
88557847,VKP Groep B.V.,2024,Baker Tilly Netherlands
20151481,VKP Onroerend Goed B.V.,2022,Baker Tilly (Netherlands)
06065438,VM Holding B.V.,2021,Baker Tilly Netherlands
06065438,VM Holding B.V.,2022,Baker Tilly Netherlands
05055059,Vogelzang Dakelementen B.V.,2020,Baker Tilly
72013990,Vogelzang TH B.V.,2020,Baker Tilly
72013990,Vogelzang TH B.V.,2022,Baker Tilly Netherlands
40409353,Volkspartij voor Vrijheid en Democratie,2021,Baker Tilly (Netherlands)
40409353,Volkspartij voor Vrijheid en Democratie,2022,Baker Tilly (Netherlands)
51463970,Voskamp Bouw en Industrie B.V.,2020,Baker Tilly
51463970,Voskamp Bouw en Industrie B.V.,2021,Baker Tilly (Netherlands)
51463970,Voskamp Bouw en Industrie B.V.,2023,Baker Tilly (Netherlands)
51463970,Voskamp Bouw en Industrie B.V.,2024,Baker Tilly Netherlands
06085327,Voskamp Groep B.V.,2020,Baker Tilly
06085327,Voskamp Groep B.V.,2022,Baker Tilly Netherlands
06085327,Voskamp Groep B.V.,2023,Baker Tilly Netherlands
06085327,Voskamp Groep B.V.,2024,Baker Tilly Netherlands
82182612,Voskamp Groep Beheer B.V.,2022,Baker Tilly Netherlands
82182612,Voskamp Groep Beheer B.V.,2023,Baker Tilly Netherlands
82182612,Voskamp Groep Beheer B.V.,2024,Baker Tilly Netherlands
51464322,Voskamp Projecten B.V.,2021,Baker Tilly Netherlands
51464322,Voskamp Projecten B.V.,2023,Baker Tilly Netherlands
24137027,Vuyk Engineering Rotterdam B.V.,2024,Baker Tilly Netherlands
24137027,Vuyk Engineering Rotterdam B.V.,2025,Baker Tilly Netherlands
06015119,W. Wessels Rijssen B.V.,2020,Baker Tilly (Netherlands)
06015119,W. Wessels Rijssen B.V.,2023,Baker Tilly (Netherlands)
24281165,Waalhaven Holding B.V.,2020,Baker Tilly (Netherlands)
24281165,Waalhaven Holding B.V.,2021,Baker Tilly Netherlands
24281165,Waalhaven Holding B.V.,2022,Baker Tilly Netherlands
24281165,Waalhaven Holding B.V.,2023,Baker TiIIy Netherlands
24281165,Waalhaven Holding B.V.,2024,Baker TiIIy Netherlands
09124986,Waalwerf B.V.,2021,Baker Tilly
09124986,Waalwerf B.V.,2024,Baker Tilly Netherlands
27070711,Wassenaarsche Bouwstichting,2022,Baker Tilly
27070711,Wassenaarsche Bouwstichting,2022,Baker Tilly Netherlands
27070711,Wassenaarsche Bouwstichting,2023,Baker Tilly Netherlands
27070711,Wassenaarsche Bouwstichting,2024,Baker Tilly Netherlands
51181584,Waterschap Brabantse Delta,2020,Baker Tilly Netherlands
51181584,Waterschap Brabantse Delta,2023,Baker Tilly Netherlands
51181584,Waterschap Brabantse Delta,2024,Baker Tilly Netherlands
51181584,Waterschap Brabantse Delta,2025,Baker Tilly Netherlands
51640813,Waterschap Scheldestromen,2021,Baker Tilly Netherlands
51640813,Waterschap Scheldestromen,2022,Baker Tilly Netherlands
51640813,Waterschap Scheldestromen,2023,Baker Tilly Netherlands
51640813,Waterschap Scheldestromen,2024,Baker Tilly Netherlands
51640813,Waterschap Scheldestromen,2025,Baker Tilly Netherlands
11018862,Weko Food International B.V.,2020,Baker Tilly Netherlands
53523423,Welch Allyn International Holdings Coöperatief U.A.,2020,Baker Tilly Netherlands
53523423,Welch Allyn International Holdings Coöperatief U.A.,2022,Baker Tilly Netherlands
63247380,Werkzaak Rivierenland,2025,Baker Tilly Netherlands
20171320,West-Brabants Archief,2021,Baker Tilly (Netherlands)
05045698,Wezenberg Transport B.V.,2024,Baker Tilly Netherlands
08031486,Wila B.V.,2025,Baker Tilly Netherlands
65173821,WMC Energy B.V.,2020,Baker Tilly
65173821,WMC Energy B.V.,2021,Baker Tilly Netherlands
65173821,WMC Energy B.V.,2022,Baker Tilly Netherlands
65173821,WMC Energy B.V.,2023,Baker Tilly Netherlands
65173821,WMC Energy B.V.,2024,Baker Tilly Netherlands
65173821,WMC Energy B.V.,2025,Baker Tilly Netherlands
90279921,WMC Group B.V.,2025,Baker Tilly Netherlands
22015083,Woningbouwvereniging Arnemuiden,2020,Baker Tilly Berk
22015083,Woningbouwvereniging Arnemuiden,2021,Baker Tilly Berk
22015083,Woningbouwvereniging Arnemuiden,2022,Baker Tilly Berk
09086671,Woningstichting Barneveld,2022,Baker Tilly Netherlands
09086671,Woningstichting Barneveld,2023,Baker Tilly Netherlands
09086671,Woningstichting Barneveld,2024,Baker Tilly Netherlands
09086671,Woningstichting Barneveld,2025,Baker Tilly Netherlands
40236239,Woningstichting Compaen,2023,Baker Tilly Netherlands
40236239,Woningstichting Compaen,2024,Baker Tilly Netherlands
28023105,Woningstichting Habeko Wonen,2020,Baker Tilly Netherlands
28023105,Woningstichting Habeko Wonen,2021,Baker TiIIy Netherlands
28023105,Woningstichting Habeko Wonen,2022,Baker TiIIy Netherlands
28023105,Woningstichting Habeko Wonen,2023,Baker TiIIy Netherlands
28023105,Woningstichting Habeko Wonen,2023,Baker Tilly Netherlands
28027900,Woningstichting Ons Doel,2020,Baker Tilly Netherlands
28027900,Woningstichting Ons Doel,2022,Baker Tilly Netherlands
28027900,Woningstichting Ons Doel,2023,Baker Tilly Netherlands
08013464,Woningstichting Putten,2020,Baker Tilly (Netherlands)
08013464,Woningstichting Putten,2021,Baker Tilly Netherlands
08013464,Woningstichting Putten,2022,Baker Tilly Netherlands
08013464,Woningstichting Putten,2023,Baker Tilly Netherlands
38009327,Woningstichting Rentree (ook genaamd: Rentree),2020,Baker Tilly
38009327,Woningstichting Rentree (ook genaamd: Rentree),2023,Baker Tilly Netherlands
38009327,Woningstichting Rentree (ook genaamd: Rentree),2024,Baker Tilly Netherlands
24217811,Woningstichting Samenwerking Vlaardingen,2020,Baker Tilly
41041816,Woningstichting Veluwonen,2020,Baker Tilly Netherlands
41041816,Woningstichting Veluwonen,2022,Baker Tilly Netherlands
41041816,Woningstichting Veluwonen,2023,Baker Tilly Netherlands
41041816,Woningstichting Veluwonen,2024,Baker Tilly Netherlands
21014394,Woonstichting Hulst,2020,Baker Tilly Netherlands
21014394,Woonstichting Hulst,2021,Baker Tilly Netherlands
10039364,Woonstichting Valburg,2020,Baker Tilly Netherlands
10039364,Woonstichting Valburg,2021,Baker Tilly Netherlands
33166570,Workrate Services B.V.,2020,Baker Tilly
30192275,Worldwide TechServices Netherlands B.V.,2024,Baker Tilly
73419540,Wortell Group B.V.,2020,Baker Tilly Netherlands
73419540,Wortell Group B.V.,2022,Baker Tilly Netherlands
73419540,Wortell Group B.V.,2024,Baker Tilly Netherlands
35016439,Woud Beheer B.V.,2020,Baker Tilly Netherlands
35016439,Woud Beheer B.V.,2022,Baker Tilly Netherlands
20092734,Wuppermann Staal Nederland B.V.,2025,Baker Tilly Netherlands
28117768,WWL European Holdings B.V.,2020,Baker Tilly
28117768,WWL European Holdings B.V.,2022,Baker Tilly (Netherlands)
28117768,WWL European Holdings B.V.,2024,Baker Tilly (Netherlands)
30232376,Xebia Workplace B.V.,2020,Baker Tilly
30117187,Yellow B. Cycling B.V.,2020,Baker Tilly (Netherlands)
92266800,Yellow B. Cycling Holding B.V.,2024,Baker Tilly Netherlands
61499722,YUSTEK Holding B.V.,2020,Baker Tilly
16011279,Zanten Technical Supply & Service Group B.V.,2020,Baker Tilly
16011279,Zanten Technical Supply & Service Group B.V.,2021,Baker Tilly Netherlands
16087115,Zanten-Eindhoven,2020,Baker Tilly
34041535,Zantingh B.V.,2024,Baker Tilly Netherlands
60238828,Zelfstroom B.V.,2020,Baker Tilly
60238828,Zelfstroom B.V.,2021,Baker Tilly
60238828,Zelfstroom B.V.,2022,Baker Tilly Netherlands
60238828,Zelfstroom B.V.,2023,Baker Tilly Netherlands
60238828,Zelfstroom B.V.,2024,Baker Tilly Netherlands
17095753,ZND Draad B.V.,2020,Baker Tilly (Netherlands)
17095753,ZND Draad B.V.,2022,Baker Tilly Netherlands
17095753,ZND Draad B.V.,2024,Baker Tilly Netherlands
17200931,Zorgcentrum Amaliazorg,2020,Baker Tilly
