kvk,naam,boekjaar,accountant,sbi,plaats
41190632,"""Stichting Corantijn""",2018,Verstegen,94993,
41190632,"""Stichting Corantijn""",2019,Verstegen,94993,
41190632,"""Stichting Corantijn""",2020,Verstegen,94993,
41190632,"""Stichting Corantijn""",2021,Verstegen,94993,
41190632,"""Stichting Corantijn""",2022,Verstegen,94993,
41190632,"""Stichting Corantijn""",2023,Verstegen,94993,
41199892,'t Huis aan de Poel / Thuiszorg Brentano Amstelveen,2019,Verstegen,87100,
41199892,'t Huis aan de Poel / Thuiszorg Brentano Amstelveen,2020,Verstegen,87100,
41199892,'t Huis aan de Poel / Thuiszorg Brentano Amstelveen,2022,Verstegen,87100,
41199892,'t Huis aan de Poel / Thuiszorg Brentano Amstelveen,2023,Verstegen,87100,
41199892,'t Huis aan de Poel / Thuiszorg Brentano Amstelveen,2024,Verstegen,87100,
50024078,'t Huys te Hoecke,2024,Verstegen,87302,
50024078,'t Huys te Hoecke,2025,Verstegen,87302,
24384577,(administratie) Leergeld Drechtsteden,2023,Verstegen,69209,
81059884,A&A Thuiszorg,2022,Verstegen,86942,
81059884,A&A Thuiszorg,2023,Verstegen,86942,
81059884,A&A Thuiszorg,2024,Verstegen,86942,
81059884,A&A Thuiszorg,2025,Verstegen,86942,
32061641,AA-Groep B.V.,2018,Verstegen,64210,
32061641,AA-Groep B.V.,2020,Verstegen,64210,
32061641,AA-Groep B.V.,2021,Verstegen,64210,
32061641,AA-Groep B.V.,2022,Verstegen,64210,
32061641,AA-Groep B.V.,2023,Verstegen,64210,
32061641,AA-Groep B.V.,2024,Verstegen,64210,
24476508,Aafje Hulpthuis,2021,Verstegen,86942,
23061039,Aannemersbedrijf Wallaard Noordeloos B.V.,2018,Verstegen,42110,
23061039,Aannemersbedrijf Wallaard Noordeloos B.V.,2022,Verstegen,42110,
23061039,Aannemersbedrijf Wallaard Noordeloos B.V.,2023,Verstegen,42110,
23061039,Aannemersbedrijf Wallaard Noordeloos B.V.,2024,Verstegen,42110,
28033841,Aannemingsbedrijf Schouls B.V.,2025,Verstegen,39001,
30158002,AC groep,2020,Verstegen,87302,
41180026,"Accolade Zorg, locatie De Wijngaard",2023,Verstegen,87100,
41180026,"Accolade Zorg, locatie De Wijngaard",2024,Verstegen,87100,
41180026,"Accolade Zorg, locatie De Wijngaard",2025,Verstegen,87100,
17182710,Actief Holding B.V.,2023,Verstegen,66120,
18083920,Actief HuisZorg B.V.,2022,Verstegen,86942,
18083920,Actief HuisZorg B.V.,2023,Verstegen,86942,
18083920,Actief HuisZorg B.V.,2024,Verstegen,86942,
18073585,Actief Zorg,2022,Verstegen,86942,
18073585,Actief Zorg,2023,Verstegen,86942,
18073585,Actief Zorg,2024,Verstegen,86942,
59622237,Aegis FF B.V.,2020,Verstegen,64310,
59622237,Aegis FF B.V.,2021,Verstegen,64310,
59622237,Aegis FF B.V.,2022,Verstegen,64310,
59622237,Aegis FF B.V.,2023,Verstegen,64310,
24351871,Allied Petrochemical B.V.,2022,Verstegen,46812,
52801241,Altenastaete Thuiszorg B.V.,2021,Verstegen,86942,
52801241,Altenastaete Thuiszorg B.V.,2022,Verstegen,86942,
27272512,Amarosa Sophieke,2019,Verstegen,87302,
27272512,Amarosa Sophieke,2020,Verstegen,87302,
27272512,Amarosa Sophieke,2022,Verstegen,87302,
27272512,Amarosa Sophieke,2023,Verstegen,87302,
27272512,Amarosa Sophieke,2024,Verstegen,87302,
27272512,Amarosa Sophieke,2025,Verstegen,87302,
55073964,Ambachtzorg B.V.,2018,Verstegen,,
33126076,Ambulance Amsterdam B.V.,2018,Verstegen,86925,
33126076,Ambulance Amsterdam B.V.,2019,Verstegen,86920,
33126076,Ambulance Amsterdam B.V.,2021,Verstegen,86920,
33126076,Ambulance Amsterdam B.V.,2022,Verstegen,86920,
33126076,Ambulance Amsterdam B.V.,2023,Verstegen,86920,
33126076,Ambulance Amsterdam B.V.,2024,Verstegen,86920,
33126076,Ambulance Amsterdam B.V.,2025,Verstegen,86920,
24466627,Ambulance Rotterdam-Rijnmond,2019,Verstegen,,
24466627,Ambulance Rotterdam-Rijnmond,2020,Verstegen,,
23080590,Amega Automotive III B.V.,2018,Verstegen,6420,
23080590,Amega Automotive III B.V.,2019,Verstegen,64210,
23080590,Amega Automotive III B.V.,2020,Verstegen,64210,
23080590,Amega Automotive III B.V.,2021,Verstegen,64210,
23080590,Amega Automotive III B.V.,2022,Verstegen,64210,
23080590,Amega Automotive III B.V.,2023,Verstegen,64210,
23080590,Amega Automotive III B.V.,2024,Verstegen,64210,
23080590,Amega Automotive III B.V.,2025,Verstegen,64210,
33005273,"Amsterdamsche Coöperatieve Woningvereeniging ""Samenwerking"" B.A.",2022,Verstegen,68201,
33005273,"Amsterdamsche Coöperatieve Woningvereeniging ""Samenwerking"" B.A.",2023,Verstegen,68201,
33005273,"Amsterdamsche Coöperatieve Woningvereeniging ""Samenwerking"" B.A.",2024,Verstegen,68201,
33005273,"Amsterdamsche Coöperatieve Woningvereeniging ""Samenwerking"" B.A.",2025,Verstegen,68201,
27279398,annatommie - centra voor beweging - B.V.,2019,Verstegen,,
27279398,annatommie - centra voor beweging - B.V.,2021,Verstegen,,
27258035,annatommie - centra voor orthopedie - B.V.,2018,Verstegen,86221,
27258035,annatommie - centra voor orthopedie - B.V.,2019,Verstegen,,
27258035,annatommie - centra voor orthopedie - B.V.,2020,Verstegen,,
27258035,annatommie - centra voor orthopedie - B.V.,2021,Verstegen,,
27335441,annatommie - centra voor orthopedie en beweging - Holding B.V.,2018,Verstegen,,
27335441,annatommie - centra voor orthopedie en beweging - Holding B.V.,2019,Verstegen,,
27335441,annatommie - centra voor orthopedie en beweging - Holding B.V.,2021,Verstegen,,
60754931,Apotheek A15 Holding B.V.,2020,Verstegen,64210,
60754931,Apotheek A15 Holding B.V.,2024,Verstegen,64210,
60396830,Aqua Viva,2018,Verstegen,87302,
60396830,Aqua Viva,2019,Verstegen,87302,
60396830,Aqua Viva,2020,Verstegen,87302,
60396830,Aqua Viva,2021,Verstegen,87302,
60396830,Aqua Viva,2022,Verstegen,87302,
60396830,Aqua Viva,2024,Verstegen,87302,
60396830,Aqua Viva,2025,Verstegen,87302,
89814363,Arba Groep B.V.,2023,Verstegen,64210,
89814363,Arba Groep B.V.,2024,Verstegen,64210,
11025771,ARQ IVP B.V.,2022,Verstegen,86930,
11025771,ARQ IVP B.V.,2023,Verstegen,86930,
11025771,ARQ IVP B.V.,2024,Verstegen,86930,
34306543,Atrium Group Services B.V.,2023,Verstegen,64210,
34306543,Atrium Group Services B.V.,2024,Verstegen,64210,
41102269,Avoord,2021,Verstegen,87302,
41102269,Avoord,2022,Verstegen,87302,
41102269,Avoord,2023,Verstegen,87302,
41102269,Avoord,2024,Verstegen,87302,
41102269,Avoord,2025,Verstegen,87302,
27367343,B-E De Lier,2018,Verstegen,,
37147086,B.V. HONK Groep,2022,Verstegen,94997,
37147086,B.V. HONK Groep,2024,Verstegen,94997,
37155760,B.V. HONK Ketenzorg,2024,Verstegen,86210,
37155760,B.V. HONK Ketenzorg,2025,Verstegen,86210,
37140788,B.V. Huisartsenspoedpost Alkmaar (HAPA),2025,Verstegen,86210,
24329783,B.V. SANI-DUMP,2018,Verstegen,47526,
24329783,B.V. SANI-DUMP,2019,Verstegen,47526,
54135079,B.V. Vicino Noord-Holland Noord,2019,Verstegen,86222,
54135079,B.V. Vicino Noord-Holland Noord,2020,Verstegen,86222,
54135079,B.V. Vicino Noord-Holland Noord,2021,Verstegen,86222,
54135079,B.V. Vicino Noord-Holland Noord,2022,Verstegen,86222,
54135079,B.V. Vicino Noord-Holland Noord,2023,Verstegen,86222,
54135079,B.V. Vicino Noord-Holland Noord,2024,Verstegen,86222,
54135079,B.V. Vicino Noord-Holland Noord,2025,Verstegen,86222,
24370687,Barth Groep B.V.,2018,Verstegen,70101,
24370687,Barth Groep B.V.,2019,Verstegen,70101,
24370687,Barth Groep B.V.,2020,Verstegen,70101,
24370687,Barth Groep B.V.,2022,Verstegen,70101,
24370687,Barth Groep B.V.,2023,Verstegen,70101,
77387171,Barth Installatiegroep B.V.,2023,Verstegen,64210,
77387171,Barth Installatiegroep B.V.,2024,Verstegen,64210,
77387171,Barth Installatiegroep B.V.,2025,Verstegen,64210,
23039746,Barth Installatietechniek,2018,Verstegen,43212,
23039746,Barth Installatietechniek,2019,Verstegen,43212,
23039746,Barth Installatietechniek,2020,Verstegen,43212,
23039746,Barth Installatietechniek,2022,Verstegen,43212,
23039746,Barth Installatietechniek,2023,Verstegen,43212,
23039746,Barth Installatietechniek,2024,Verstegen,43212,
41179168,Bartholomeus Gasthuis,2020,Verstegen,87302,
41179168,Bartholomeus Gasthuis,2021,Verstegen,87302,
41179168,Bartholomeus Gasthuis,2022,Verstegen,87302,
41179168,Bartholomeus Gasthuis,2023,Verstegen,87302,
41179168,Bartholomeus Gasthuis,2024,Verstegen,87302,
41179168,Bartholomeus Gasthuis,2025,Verstegen,87302,
08154553,Bedrijfsbureau Woonzorg Unie Veluwe,2020,Verstegen,,
08154553,Bedrijfsbureau Woonzorg Unie Veluwe,2022,Verstegen,,
08154553,Bedrijfsbureau Woonzorg Unie Veluwe,2023,Verstegen,,
24438867,Beheer Autobedrijven Mulder B.V.,2018,Verstegen,64210,
24438867,Beheer Autobedrijven Mulder B.V.,2019,Verstegen,64210,
24438867,Beheer Autobedrijven Mulder B.V.,2021,Verstegen,64210,
24438867,Beheer Autobedrijven Mulder B.V.,2023,Verstegen,64210,
23049243,Beheersmaatschappij Wallaard Noordeloos B.V.,2018,Verstegen,64320,
23049243,Beheersmaatschappij Wallaard Noordeloos B.V.,2020,Verstegen,64320,
23049243,Beheersmaatschappij Wallaard Noordeloos B.V.,2022,Verstegen,64320,
23049243,Beheersmaatschappij Wallaard Noordeloos B.V.,2023,Verstegen,64320,
23049243,Beheersmaatschappij Wallaard Noordeloos B.V.,2024,Verstegen,64320,
41014377,Bestuurskantoor Christelijke Stichting BCM Zorg en Dienstverlening,2019,Verstegen,87302,
41014377,Bestuurskantoor Christelijke Stichting BCM Zorg en Dienstverlening,2020,Verstegen,87302,
41014377,Bestuurskantoor Christelijke Stichting BCM Zorg en Dienstverlening,2021,Verstegen,87302,
41014377,Bestuurskantoor Christelijke Stichting BCM Zorg en Dienstverlening,2022,Verstegen,87302,
41014377,Bestuurskantoor Christelijke Stichting BCM Zorg en Dienstverlening,2023,Verstegen,87302,
41014377,Bestuurskantoor Christelijke Stichting BCM Zorg en Dienstverlening,2024,Verstegen,87302,
41014377,Bestuurskantoor Christelijke Stichting BCM Zorg en Dienstverlening,2025,Verstegen,87302,
41177680,Boogh Arbeidsre-integratie,2019,Verstegen,,
41177680,Boogh Arbeidsre-integratie,2020,Verstegen,,
41177680,Boogh Arbeidsre-integratie,2021,Verstegen,,
08183952,Bosman Gezondheidszorg Groep B.V.,2018,Verstegen,,
08183952,Bosman Gezondheidszorg Groep B.V.,2019,Verstegen,,
08183952,Bosman Gezondheidszorg Groep B.V.,2020,Verstegen,,
08183952,Bosman Gezondheidszorg Groep B.V.,2021,Verstegen,,
08183952,Bosman Gezondheidszorg Groep B.V.,2022,Verstegen,,
08189302,Bosman GGZ B.V.,2021,Verstegen,86222,
09109870,BOTS Begeleiding B.V.,2024,Verstegen,88991,
23088397,Breakwater B.V.,2018,Verstegen,64210,
23088397,Breakwater B.V.,2019,Verstegen,64210,
23088397,Breakwater B.V.,2020,Verstegen,64210,
23088397,Breakwater B.V.,2021,Verstegen,64210,
23088397,Breakwater B.V.,2022,Verstegen,64210,
23088397,Breakwater B.V.,2023,Verstegen,64210,
23088397,Breakwater B.V.,2024,Verstegen,64210,
17237842,Broeder en Zuster Zorg,2020,Verstegen,86942,
23055360,Brood- en Banketbakkerij H.B. de Paauw B.V.,2018,Verstegen,10710,
23055360,Brood- en Banketbakkerij H.B. de Paauw B.V.,2019,Verstegen,10710,
23055360,Brood- en Banketbakkerij H.B. de Paauw B.V.,2020,Verstegen,10710,
41118658,Burgemeester De Boer-Stichting,2018,Verstegen,87302,
30170627,C&E Beheer B.V.,2022,Verstegen,70102,
30170627,C&E Beheer B.V.,2023,Verstegen,70102,
69192197,Care Plus Stichting,2023,Verstegen,87201,
69192197,Care Plus Stichting,2024,Verstegen,87201,
24319534,Catharina Gasthuis,2022,Verstegen,87100,
24319534,Catharina Gasthuis,2023,Verstegen,87100,
24319534,Catharina Gasthuis,2024,Verstegen,87100,
24319534,Catharina Gasthuis,2025,Verstegen,87100,
41169071,Centraal Bureau,2019,Verstegen,69203,
41169071,Centraal Bureau,2020,Verstegen,69203,
41169071,Centraal Bureau,2022,Verstegen,69203,
41169071,Centraal Bureau,2023,Verstegen,69203,
41169071,Centraal Bureau,2024,Verstegen,69203,
41169071,Centraal Bureau,2025,Verstegen,69203,
41049399,Centraal bureau (hoofdvestiging) St. Adullam,2019,Verstegen,,
41049399,Centraal bureau (hoofdvestiging) St. Adullam,2020,Verstegen,,
04087125,Centraal Bureau Zorggroep Drenthe,2020,Verstegen,69209,
04087125,Centraal Bureau Zorggroep Drenthe,2021,Verstegen,69209,
04087125,Centraal Bureau Zorggroep Drenthe,2022,Verstegen,69209,
04087125,Centraal Bureau Zorggroep Drenthe,2023,Verstegen,69209,
04087125,Centraal Bureau Zorggroep Drenthe,2024,Verstegen,69209,
04087125,Centraal Bureau Zorggroep Drenthe,2025,Verstegen,69209,
63887886,Centrum voor bijzondere tandheelkunde Rijnmond B.V.,2024,Verstegen,86999,
63887886,Centrum voor bijzondere tandheelkunde Rijnmond B.V.,2025,Verstegen,86999,
41126848,Centrum Voor Dienstverlening,2018,Verstegen,87992,
41126848,Centrum Voor Dienstverlening,2020,Verstegen,87992,
41126848,Centrum Voor Dienstverlening,2022,Verstegen,87992,
41126848,Centrum Voor Dienstverlening,2023,Verstegen,87992,
41126848,Centrum Voor Dienstverlening,2024,Verstegen,87992,
41126848,Centrum Voor Dienstverlening,2025,Verstegen,87992,
33241657,Chaps B.V.,2018,Verstegen,64210,
33241657,Chaps B.V.,2019,Verstegen,64210,
33241657,Chaps B.V.,2020,Verstegen,64210,
33241657,Chaps B.V.,2021,Verstegen,64210,
33241657,Chaps B.V.,2023,Verstegen,64210,
64333493,CHOG Hoofdkantoor,2023,Verstegen,69209,
64333493,CHOG Hoofdkantoor,2024,Verstegen,69209,
41014377,Christelijke Stichting BCM Zorg en Dienstverlening,2018,Verstegen,87302,
06032990,Christelijke Woningstichting De Goede Woning,2023,Verstegen,68201,
06032990,Christelijke Woningstichting De Goede Woning,2024,Verstegen,68201,
75455641,Cidron Narew Investment B.V.,2020,Verstegen,70102,
41106011,Cirya GGZ B.V.,2024,Verstegen,86222,
41106011,Cirya GGZ B.V.,2025,Verstegen,86222,
30087564,Cluistra Vastgoed Holding B.V.,2021,Verstegen,64320,
24251461,Codema Nederland B.V.,2019,Verstegen,,
27243840,Codema Systems Group B.V.,2018,Verstegen,01610,
27243840,Codema Systems Group B.V.,2019,Verstegen,01610,
34126333,Combiwel,2025,Verstegen,88992,
30283799,Comenius Adviesburo B.V.,2025,Verstegen,86930,
74825453,Conservator Holding B.V.,2019,Verstegen,64210,
74825453,Conservator Holding B.V.,2020,Verstegen,64210,
74825453,Conservator Holding B.V.,2021,Verstegen,64210,
74825453,Conservator Holding B.V.,2022,Verstegen,64210,
74825453,Conservator Holding B.V.,2023,Verstegen,64210,
24143962,Conservator Scheeps- en Industrieel Onderhoud B.V.,2023,Verstegen,81230,
24454272,Cost Engineering Holding B.V.,2019,Verstegen,64210,
24454272,Cost Engineering Holding B.V.,2020,Verstegen,64210,
24454272,Cost Engineering Holding B.V.,2021,Verstegen,64210,
24454272,Cost Engineering Holding B.V.,2022,Verstegen,64210,
24454272,Cost Engineering Holding B.V.,2023,Verstegen,64210,
24454272,Cost Engineering Holding B.V.,2025,Verstegen,64210,
14608324,CoxGeelen B.V.,2019,Verstegen,25110,
14608324,CoxGeelen B.V.,2020,Verstegen,25110,
14608324,CoxGeelen B.V.,2021,Verstegen,25110,
14608324,CoxGeelen B.V.,2022,Verstegen,25110,
14608324,CoxGeelen B.V.,2023,Verstegen,25110,
14608324,CoxGeelen B.V.,2024,Verstegen,25110,
24466627,Coöperatie Ambulancezorg Rotterdam-Rijnmond U.A.,2018,Verstegen,86925,
73378909,Coöperatie ambulancezorg Zuid-Holland Zuid U.A.,2020,Verstegen,86920,
73378909,Coöperatie ambulancezorg Zuid-Holland Zuid U.A.,2021,Verstegen,86920,
73378909,Coöperatie ambulancezorg Zuid-Holland Zuid U.A.,2022,Verstegen,86920,
73378909,Coöperatie ambulancezorg Zuid-Holland Zuid U.A.,2023,Verstegen,86920,
73378909,Coöperatie ambulancezorg Zuid-Holland Zuid U.A.,2024,Verstegen,86920,
73378909,Coöperatie ambulancezorg Zuid-Holland Zuid U.A.,2025,Verstegen,86920,
69942846,COÖPERATIE DE KLEINE SCHANS U.A.,2022,Verstegen,88999,
69942846,COÖPERATIE DE KLEINE SCHANS U.A.,2023,Verstegen,88999,
52830535,Coöperatie Dichtbij U.A.,2019,Verstegen,86999,
52830535,Coöperatie Dichtbij U.A.,2020,Verstegen,86999,
53688546,Coöperatie Regionale Ambulancevoorziening Haaglanden U.A.,2019,Verstegen,86920,
53688546,Coöperatie Regionale Ambulancevoorziening Haaglanden U.A.,2022,Verstegen,86920,
53688546,Coöperatie Regionale Ambulancevoorziening Haaglanden U.A.,2023,Verstegen,86920,
53688546,Coöperatie Regionale Ambulancevoorziening Haaglanden U.A.,2024,Verstegen,86920,
54049431,Coöperatie Regionale Ambulancevoorziening Kennemerland U.A.,2020,Verstegen,94997,
54049431,Coöperatie Regionale Ambulancevoorziening Kennemerland U.A.,2022,Verstegen,94997,
54049431,Coöperatie Regionale Ambulancevoorziening Kennemerland U.A.,2023,Verstegen,94997,
54049431,Coöperatie Regionale Ambulancevoorziening Kennemerland U.A.,2024,Verstegen,94997,
24331694,Coöperatieve Huisartsenpost 't Hellegat U.A.,2022,Verstegen,86210,
08210258,Coöperatieve Orthopeden Twente U.A.,2018,Verstegen,86999,
08210258,Coöperatieve Orthopeden Twente U.A.,2023,Verstegen,86999,
27336380,Coöperatieve Vereniging Midwaste Milieu U.A.,2022,Verstegen,38110,
24176801,Crawford & Company (Nederland) B.V.,2022,Verstegen,66210,
23085935,Creta Monte B.V.,2018,Verstegen,70102,
23085935,Creta Monte B.V.,2019,Verstegen,70102,
23085935,Creta Monte B.V.,2020,Verstegen,70102,
23085935,Creta Monte B.V.,2022,Verstegen,70102,
23085935,Creta Monte B.V.,2023,Verstegen,70102,
23085935,Creta Monte B.V.,2024,Verstegen,70102,
76249344,Curios B.V.,2024,Verstegen,86942,
73579637,Custos Tyche Holding B.V.,2020,Verstegen,64210,
73579637,Custos Tyche Holding B.V.,2021,Verstegen,64210,
73579637,Custos Tyche Holding B.V.,2023,Verstegen,64210,
50194283,Danser Group B.V.,2018,Verstegen,70101,
50194283,Danser Group B.V.,2019,Verstegen,70101,
50194283,Danser Group B.V.,2020,Verstegen,70101,
55057829,DC Klinieken Vrouwenzorg B.V.,2022,Verstegen,86221,
55057829,DC Klinieken Vrouwenzorg B.V.,2024,Verstegen,86221,
20143602,De Betho,2024,Verstegen,84122,
41014042,De Blanckenborg,2019,Verstegen,87100,
41014042,De Blanckenborg,2020,Verstegen,87100,
41014042,De Blanckenborg,2021,Verstegen,87100,
41014042,De Blanckenborg,2022,Verstegen,87100,
41014042,De Blanckenborg,2023,Verstegen,87100,
41014042,De Blanckenborg,2024,Verstegen,87100,
41014042,De Blanckenborg,2025,Verstegen,87100,
41118305,De Blije Borgh,2018,Verstegen,87100,
41118305,De Blije Borgh,2020,Verstegen,87100,
41118305,De Blije Borgh,2021,Verstegen,87100,
41118305,De Blije Borgh,2022,Verstegen,87100,
41118305,De Blije Borgh,2023,Verstegen,87100,
41118305,De Blije Borgh,2024,Verstegen,87100,
41118305,De Blije Borgh,2025,Verstegen,87100,
24342726,De Buitensluis,2019,Verstegen,87302,
24342726,De Buitensluis,2020,Verstegen,87302,
24342726,De Buitensluis,2021,Verstegen,87302,
24342726,De Buitensluis,2022,Verstegen,87302,
24342726,De Buitensluis,2024,Verstegen,87302,
24342726,De Buitensluis,2025,Verstegen,87302,
41052241,De Gelderhorst,2019,Verstegen,87100,
41052241,De Gelderhorst,2020,Verstegen,87100,
41052241,De Gelderhorst,2022,Verstegen,87100,
41052241,De Gelderhorst,2023,Verstegen,87100,
41052241,De Gelderhorst,2024,Verstegen,87100,
41052241,De Gelderhorst,2025,Verstegen,87100,
24351360,De Haan & Partners Verhuizingen B.V.,2018,Verstegen,49420,
24351360,De Haan & Partners Verhuizingen B.V.,2019,Verstegen,49420,
24351360,De Haan & Partners Verhuizingen B.V.,2021,Verstegen,49420,
24351360,De Haan & Partners Verhuizingen B.V.,2022,Verstegen,49420,
64730271,De Heeren van Zorg B.V.,2024,Verstegen,88103,
41118658,De Lange Wei - De Rembrandthof,2020,Verstegen,87100,
41118658,De Lange Wei - De Rembrandthof,2021,Verstegen,87100,
41118658,De Lange Wei - De Rembrandthof,2022,Verstegen,87100,
41118658,De Lange Wei - De Rembrandthof,2023,Verstegen,87100,
41118658,De Lange Wei - De Rembrandthof,2024,Verstegen,87100,
41118658,De Lange Wei - De Rembrandthof,2025,Verstegen,87100,
41241550,De Pieter Raat Stichting,2018,Verstegen,87302,
41241550,De Raatstede,2019,Verstegen,87302,
41241550,De Raatstede,2020,Verstegen,87302,
41241550,De Raatstede,2021,Verstegen,87302,
41241550,De Raatstede,2022,Verstegen,87302,
41241550,De Raatstede,2024,Verstegen,87302,
41241550,De Raatstede,2025,Verstegen,87302,
41048366,"De Rozelaar, locatie Barneveld",2025,Verstegen,88103,
41113577,De Schutse Zorgcentrum,2019,Verstegen,87302,
41113577,De Schutse Zorgcentrum,2020,Verstegen,87302,
41113577,De Schutse Zorgcentrum,2021,Verstegen,87302,
41113577,De Schutse Zorgcentrum,2022,Verstegen,87302,
41113577,De Schutse Zorgcentrum,2023,Verstegen,87302,
41113577,De Schutse Zorgcentrum,2024,Verstegen,87302,
41113577,De Schutse Zorgcentrum,2025,Verstegen,87302,
41125094,De Vijverhof,2022,Verstegen,87100,
41125094,De Vijverhof,2023,Verstegen,87100,
41125094,De Vijverhof,2024,Verstegen,87100,
41125094,De Vijverhof,2025,Verstegen,87100,
41020715,De Weijert / Thuiszorg Zuidwest-Drenthe,2020,Verstegen,87302,
41020715,De Weijert / Thuiszorg Zuidwest-Drenthe,2021,Verstegen,87302,
41020715,De Weijert / Thuiszorg Zuidwest-Drenthe,2022,Verstegen,87302,
41020715,De Weijert / Thuiszorg Zuidwest-Drenthe,2023,Verstegen,87302,
41020715,De Weijert / Thuiszorg Zuidwest-Drenthe,2024,Verstegen,87302,
41020715,De Weijert / Thuiszorg Zuidwest-Drenthe,2025,Verstegen,87302,
23071373,De Witt Vastgoed B.V.,2018,Verstegen,64210,
41178066,De Wulverhorst,2019,Verstegen,87302,
41178066,De Wulverhorst,2020,Verstegen,87302,
41178066,De Wulverhorst,2022,Verstegen,87302,
41178066,De Wulverhorst,2024,Verstegen,87302,
41178066,De Wulverhorst,2025,Verstegen,87302,
41172092,De Zevenster,2020,Verstegen,,
11011262,Dekker B.V.,2018,Verstegen,70102,
11011262,Dekker B.V.,2019,Verstegen,70102,
11011262,Dekker B.V.,2020,Verstegen,70102,
55415369,Dekker Grondstoffen B.V.,2020,Verstegen,08990,
55415369,Dekker Grondstoffen B.V.,2022,Verstegen,08990,
55415369,Dekker Grondstoffen B.V.,2024,Verstegen,08990,
83105573,Dekker Holding B.V.,2021,Verstegen,64210,
83105573,Dekker Holding B.V.,2022,Verstegen,64210,
83105573,Dekker Holding B.V.,2023,Verstegen,64210,
83105573,Dekker Holding B.V.,2024,Verstegen,64210,
71745947,Delta Development Holding B.V.,2022,Verstegen,64210,
24422147,Dentalair Consumables B.V.,2019,Verstegen,46462,
24422147,Dentalair Consumables B.V.,2020,Verstegen,46462,
24422147,Dentalair Consumables B.V.,2021,Verstegen,46462,
24422147,Dentalair Consumables B.V.,2022,Verstegen,46462,
24422147,Dentalair Consumables B.V.,2024,Verstegen,46462,
24388732,Dentalair Group B.V.,2018,Verstegen,64210,
24388732,Dentalair Group B.V.,2019,Verstegen,64210,
24388732,Dentalair Group B.V.,2020,Verstegen,64210,
24388732,Dentalair Group B.V.,2021,Verstegen,64210,
24388732,Dentalair Group B.V.,2022,Verstegen,64210,
24388732,Dentalair Group B.V.,2023,Verstegen,64210,
24388732,Dentalair Group B.V.,2024,Verstegen,64210,
24144388,Dentalair Products Nederland B.V.,2019,Verstegen,46462,
24144388,Dentalair Products Nederland B.V.,2020,Verstegen,46462,
24144388,Dentalair Products Nederland B.V.,2021,Verstegen,46462,
24144388,Dentalair Products Nederland B.V.,2022,Verstegen,46462,
24144388,Dentalair Products Nederland B.V.,2024,Verstegen,46462,
53999533,DeSeizoenen B.V.,2018,Verstegen,8720,
53999533,DeSeizoenen B.V.,2020,Verstegen,87201,
53999533,DeSeizoenen B.V.,2021,Verstegen,87201,
53999533,DeSeizoenen B.V.,2022,Verstegen,87201,
53999533,DeSeizoenen B.V.,2023,Verstegen,87201,
53999533,DeSeizoenen B.V.,2024,Verstegen,87201,
53999533,DeSeizoenen B.V.,2025,Verstegen,87201,
09093600,Deurenfabriek Suselbeek B.V.,2024,Verstegen,43320,
58028625,Diagnostiekfabriek B.V.,2018,Verstegen,,
41193067,Dialysecentrum Tergooi B.V.,2020,Verstegen,86221,
41193067,Dialysecentrum Tergooi B.V.,2022,Verstegen,86221,
41193067,Dialysecentrum Tergooi B.V.,2023,Verstegen,86221,
41193067,Dialysecentrum Tergooi B.V.,2024,Verstegen,86221,
41193067,Dialysecentrum Tergooi B.V.,2025,Verstegen,86221,
41177433,Dianet,2020,Verstegen,86221,
41177433,Dianet,2022,Verstegen,86221,
41177433,Dianet,2023,Verstegen,86221,
41177433,Dianet,2024,Verstegen,86221,
24199941,Directzorg Nederland B.V.,2018,Verstegen,88999,
24199941,Directzorg Nederland B.V.,2020,Verstegen,88999,
24199941,Directzorg Nederland B.V.,2021,Verstegen,88999,
24199941,Directzorg Nederland B.V.,2022,Verstegen,88999,
24199941,Directzorg Nederland B.V.,2023,Verstegen,88999,
52418812,DISTINTO,2022,Verstegen,88991,
52418812,DISTINTO,2023,Verstegen,88991,
52418812,DISTINTO,2024,Verstegen,88991,
52418812,DISTINTO,2025,Verstegen,88991,
04016426,DOC Kaas,2018,Verstegen,10510,
04016426,DOC Kaas,2019,Verstegen,10510,
04016426,DOC Kaas,2022,Verstegen,10510,
04016426,DOC Kaas,2023,Verstegen,10510,
04016426,DOC Kaas,2025,Verstegen,10510,
27274698,DOK Centrum,2024,Verstegen,91111,
24448009,DrechtDokters Care B.V.,2023,Verstegen,72100,
24448009,DrechtDokters Care B.V.,2024,Verstegen,72100,
24448009,DrechtDokters Care B.V.,2025,Verstegen,72100,
61221015,DrechtDokters Huisartsenpost B.V.,2023,Verstegen,86210,
61221015,DrechtDokters Huisartsenpost B.V.,2024,Verstegen,86210,
61221015,DrechtDokters Huisartsenpost B.V.,2025,Verstegen,86210,
23052567,Duranmatic B.V.,2022,Verstegen,46500,
17268139,Eco Worldwide Solutions B.V.,2021,Verstegen,81230,
17268139,Eco Worldwide Solutions B.V.,2023,Verstegen,81230,
72092130,ECR 2.0 B.V.,2018,Verstegen,,
50137689,Eddee Zorggroep B.V.,2019,Verstegen,86999,
50137689,Eddee Zorggroep B.V.,2020,Verstegen,86999,
50137689,Eddee Zorggroep B.V.,2021,Verstegen,86999,
50137689,Eddee Zorggroep B.V.,2022,Verstegen,86999,
50137689,Eddee Zorggroep B.V.,2023,Verstegen,86999,
50137689,Eddee Zorggroep B.V.,2024,Verstegen,86999,
50137689,Eddee Zorggroep B.V.,2025,Verstegen,86999,
50137689,Eddee Zorgverlening B.V.,2018,Verstegen,7490,
17056737,Efdé Brabant B.V.,2019,Verstegen,77111,
59649518,Elver,2022,Verstegen,88103,
59649518,Elver,2023,Verstegen,88103,
59649518,Elver,2024,Verstegen,88103,
59649518,Elver,2025,Verstegen,88103,
63495554,Elzeneindhuis,2019,Verstegen,87201,
63495554,Elzeneindhuis,2020,Verstegen,87201,
63495554,Elzeneindhuis,2021,Verstegen,87201,
63495554,Elzeneindhuis,2022,Verstegen,87201,
63495554,Elzeneindhuis,2023,Verstegen,87201,
63495554,Elzeneindhuis,2024,Verstegen,87201,
63495554,Elzeneindhuis,2025,Verstegen,87201,
69081395,ERVE Holding B.V.,2018,Verstegen,64210,
69081395,ERVE Holding B.V.,2019,Verstegen,64210,
69081395,ERVE Holding B.V.,2021,Verstegen,64210,
69081395,ERVE Holding B.V.,2022,Verstegen,64210,
69081395,ERVE Holding B.V.,2023,Verstegen,64210,
69081395,ERVE Holding B.V.,2024,Verstegen,64210,
24263138,Eureco-Pharma B.V.,2018,Verstegen,46461,
24263138,Eureco-Pharma B.V.,2019,Verstegen,46461,
24263138,Eureco-Pharma B.V.,2020,Verstegen,46461,
24263138,Eureco-Pharma B.V.,2022,Verstegen,46461,
24263138,Eureco-Pharma B.V.,2023,Verstegen,46461,
24263138,Eureco-Pharma B.V.,2024,Verstegen,46461,
17173222,Eureco-Pharma Services B.V.,2018,Verstegen,,
84552174,Euro-Rijn Inland Transportation B.V.,2023,Verstegen,64210,
71686614,Ex historia ad futurae B.V.,2024,Verstegen,64210,
34305673,Flevohuis,2022,Verstegen,87100,
34305673,Flevohuis,2023,Verstegen,87100,
34305673,Flevohuis,2024,Verstegen,87100,
34305673,Flevohuis,2025,Verstegen,87100,
97454109,Florere GGZ B.V.,2025,Verstegen,86930,
24411908,Fonds Bijzondere Noden Rotterdam,2018,Verstegen,88999,
24411908,Fonds Bijzondere Noden Rotterdam,2019,Verstegen,88999,
24411908,Fonds Bijzondere Noden Rotterdam,2020,Verstegen,88999,
24411908,Fonds Bijzondere Noden Rotterdam,2021,Verstegen,88999,
24411908,Fonds Bijzondere Noden Rotterdam,2023,Verstegen,88999,
24411908,Fonds Bijzondere Noden Rotterdam,2024,Verstegen,88999,
41151355,Fonteynenburg,2019,Verstegen,87202,
41151355,Fonteynenburg,2020,Verstegen,87202,
41151355,Fonteynenburg,2022,Verstegen,87202,
41151355,Fonteynenburg,2023,Verstegen,87202,
41151355,Fonteynenburg,2025,Verstegen,87202,
24494921,Fysiotherapeutenmaatschap Fysioooo,2025,Verstegen,86950,
11054259,GB Autisme,2018,Van Heusden; Verstegen,,
24396850,Geert Vlot Holding B.V.,2022,Verstegen,64210,
24396850,Geert Vlot Holding B.V.,2023,Verstegen,64210,
54694884,Gemeenschappelijk regeling Alblasserwaard-Vijfheerenlanden,2020,Verstegen,84110,
30254252,Gemeenschappelijke Regeling Avres,2018,Verstegen,74990,
30254252,Gemeenschappelijke Regeling Avres,2020,Verstegen,74990,
54702976,Gemeenschappelijke Regeling Bureau Openbare Verlichting,2020,Verstegen,71120,
54702976,Gemeenschappelijke Regeling Bureau Openbare Verlichting,2023,Verstegen,71120,
50000438,Gemeenschappelijke regeling DCMR Milieudienst Rijnmond,2019,Verstegen,84110,
55523544,Gemeenschappelijke Regeling Omgevingsdienst Regio Utrecht,2021,Verstegen,84110,
55523544,Gemeenschappelijke Regeling Omgevingsdienst Regio Utrecht,2023,Verstegen,84110,
55523544,Gemeenschappelijke Regeling Omgevingsdienst Regio Utrecht,2024,Verstegen,84110,
55523544,Gemeenschappelijke Regeling Omgevingsdienst Regio Utrecht,2025,Verstegen,84110,
58596313,Gemeenschappelijke regeling Regionale uitvoeringsdienst Zeeland,2024,Verstegen,84110,
54013186,"Gemeenschappelijke Vuilverwerking Dordrecht en Omstreken ""GEVUDO""",2022,Verstegen,84110,
34374815,Gemeente Diemen,2018,Verstegen,84110,
34374815,Gemeente Diemen,2019,Verstegen,84110,
34374815,Gemeente Diemen,2020,Verstegen,84110,
34374815,Gemeente Diemen,2021,Verstegen,84110,
34374815,Gemeente Diemen,2022,Verstegen,84110,
51200570,Gemeente Hardinxveld-Giessendam,2023,Verstegen,84110,
51200570,Gemeente Hardinxveld-Giessendam,2024,Verstegen,84110,
50676725,Gemeente Woudenberg,2024,Verstegen,84110,
24490491,Gemeente Zwijndrecht - gemeentehuis,2023,Verstegen,84110,
17274669,Gemeentehuis,2021,Verstegen,84110,
51378469,Gemeentehuis,2022,Verstegen,84110,
51378469,Gemeentehuis,2023,Verstegen,84110,
51378469,Gemeentehuis,2024,Verstegen,84110,
24483621,Gemeentehuis Papendrecht,2024,Verstegen,84110,
29025639,GEODIS RT Netherlands B.V.,2023,Verstegen,49410,
29025639,GEODIS RT Netherlands B.V.,2024,Verstegen,49410,
23026757,Gerrit Maat Holding B.V.,2018,Verstegen,70102,
23026757,Gerrit Maat Holding B.V.,2019,Verstegen,70102,
23026757,Gerrit Maat Holding B.V.,2020,Verstegen,70102,
23026757,Gerrit Maat Holding B.V.,2022,Verstegen,70102,
23026757,Gerrit Maat Holding B.V.,2023,Verstegen,70102,
23026757,Gerrit Maat Holding B.V.,2024,Verstegen,70102,
32170514,GGD Flevoland,2018,Verstegen,86923,
32170514,GGD Flevoland,2019,Verstegen,86221,
32170514,GGD Flevoland,2020,Verstegen,86221,
32170514,GGD Flevoland,2021,Verstegen,86221,
32170514,GGD Flevoland,2022,Verstegen,86221,
20164916,GGD West-Brabant,2019,Verstegen,86992,
20164916,GGD West-Brabant,2022,Verstegen,86992,
20164916,GGD West-Brabant,2025,Verstegen,86992,
34370893,GGD Zaanstreek-Waterland,2019,Verstegen,86992,
34370893,GGD Zaanstreek-Waterland,2023,Verstegen,86992,
34370893,GGD Zaanstreek-Waterland,2024,Verstegen,86992,
34370893,GGD Zaanstreek-Waterland,2025,Verstegen,86992,
51608480,GGG Holdings Coöperatief U.A.,2023,Verstegen,64210,
59021187,GGZ Scharwächter B.V.,2022,Verstegen,86222,
59021187,GGZ Scharwächter B.V.,2023,Verstegen,86222,
59021187,GGZ Scharwächter B.V.,2024,Verstegen,86222,
59021187,GGZ Scharwächter B.V.,2025,Verstegen,86222,
22055416,Gors,2023,Verstegen,87201,
22055416,Gors,2024,Verstegen,87201,
22055416,Gors,2025,Verstegen,87201,
08178715,Granny's Barn,2022,Verstegen,56112,
08178715,Granny's Barn,2024,Verstegen,56112,
34332127,Grip Psychologenpraktijk,2018,Verstegen,86930,
34332127,Grip Psychologenpraktijk,2020,Verstegen,86930,
34332127,Grip Psychologenpraktijk,2022,Verstegen,86930,
29012831,Groen Wonen Vlist,2018,Verstegen,68201,
29012831,Groen Wonen Vlist,2019,Verstegen,68201,
29012831,Groen Wonen Vlist,2021,Verstegen,68201,
29012831,Groen Wonen Vlist,2022,Verstegen,68201,
29012831,Groen Wonen Vlist,2023,Verstegen,68201,
29012831,Groen Wonen Vlist,2024,Verstegen,68201,
09014337,H.W. Suselbeek B.V.,2024,Verstegen,64210,
41155034,Hadoks Acute zorg B.V.,2024,Verstegen,86210,
41155034,Hadoks Acute zorg B.V.,2025,Verstegen,86210,
57198322,Hamato Holding B.V.,2018,Verstegen,6420,
57198322,Hamato Holding B.V.,2019,Verstegen,6420,
57198322,Hamato Holding B.V.,2020,Verstegen,6420,
41125086,Haven Service B.V.,2018,Verstegen,64210,
71287183,Havena B.V.,2020,Verstegen,65122,
71287183,Havena B.V.,2021,Verstegen,65122,
71287183,Havena B.V.,2023,Verstegen,65122,
60944803,Heal Beheer B.V.,2022,Verstegen,64210,
60944803,Heal Beheer B.V.,2024,Verstegen,64210,
13022898,Herpertz Beheer B.V.,2021,Verstegen,64210,
13034165,Herpertz Kraanverhuur en Transport B.V.,2021,Verstegen,77320,
24286701,"Hervormde Stichting ""Sonneburgh""",2019,Verstegen,87100,
24286701,"Hervormde Stichting ""Sonneburgh""",2022,Verstegen,87100,
24286701,"Hervormde Stichting ""Sonneburgh""",2023,Verstegen,87100,
24286701,"Hervormde Stichting ""Sonneburgh""",2025,Verstegen,87100,
24286701,Hervormde Stichting 'Sonneburgh',2018,Verstegen,87302,
41047476,Hervormde Stichting tot Verzorging van Ouderen 'NEBOPLUS',2018,Verstegen,87302,
41018149,Het Derkshoes,2020,Verstegen,87100,
41018149,Het Derkshoes,2022,Verstegen,87100,
41018149,Het Derkshoes,2023,Verstegen,87100,
41018149,Het Derkshoes,2024,Verstegen,87100,
41018149,Het Derkshoes,2025,Verstegen,87100,
78740932,Het Huis Haarlem B.V.,2023,Verstegen,86222,
78740932,Het Huis Haarlem B.V.,2025,Verstegen,86222,
27261712,het Interprovinciaal Overleg,2021,Verstegen,84110,
27261712,het Interprovinciaal Overleg,2022,Verstegen,84110,
41165888,Het Lichtpunt,2019,Verstegen,87201,
41165888,Het Lichtpunt,2020,Verstegen,87201,
41165888,Het Lichtpunt,2021,Verstegen,87201,
41165888,Het Lichtpunt,2022,Verstegen,87201,
41165888,Het Lichtpunt,2023,Verstegen,87201,
58120572,Hoeve de Kaolder B.V.,2025,Verstegen,87991,
52810941,Holding TSN Groen B.V.,2022,Verstegen,64210,
52810941,Holding TSN Groen B.V.,2023,Verstegen,64210,
52810941,Holding TSN Groen B.V.,2024,Verstegen,64210,
41195171,Hospice Kajan,2024,Verstegen,87100,
23091466,Houdstermaatschappij Van Drimmelen B.V.,2018,Verstegen,64301,
23091466,Houdstermaatschappij Van Drimmelen B.V.,2019,Verstegen,64310,
23091466,Houdstermaatschappij Van Drimmelen B.V.,2020,Verstegen,64310,
23091466,Houdstermaatschappij Van Drimmelen B.V.,2021,Verstegen,64310,
23091466,Houdstermaatschappij Van Drimmelen B.V.,2022,Verstegen,64310,
23091466,Houdstermaatschappij Van Drimmelen B.V.,2023,Verstegen,64310,
23091466,Houdstermaatschappij Van Drimmelen B.V.,2024,Verstegen,64310,
23091466,Houdstermaatschappij Van Drimmelen B.V.,2025,Verstegen,64310,
23079216,Houtgroep Van Drimmelen B.V.,2018,Verstegen,64310,
23079216,Houtgroep Van Drimmelen B.V.,2019,Verstegen,64310,
23079216,Houtgroep Van Drimmelen B.V.,2020,Verstegen,64310,
23079216,Houtgroep Van Drimmelen B.V.,2022,Verstegen,64310,
24342302,Huisartsenposten Rijnmond,2019,Verstegen,86210,
24342302,Huisartsenposten Rijnmond,2025,Verstegen,86210,
41149967,Huize Eykenburg,2019,Verstegen,87302,
41149967,Huize Eykenburg,2020,Verstegen,87302,
41149967,Huize Eykenburg,2023,Verstegen,87302,
41149967,Huize Eykenburg,2024,Verstegen,87302,
41149967,Huize Eykenburg,2025,Verstegen,87302,
41222327,Humanistische Stichting Zorggroep Reinalda,2018,Verstegen,8710,
62340980,HWF Groep B.V.,2018,Verstegen,86999,
62340980,HWF Groep B.V.,2019,Verstegen,86999,
37109706,HWF Integrale Zorg B.V.,2018,Verstegen,86999,
37109706,HWF Integrale Zorg B.V.,2019,Verstegen,86999,
37109706,HWF Integrale Zorg B.V.,2020,Verstegen,86999,
37109706,HWF Integrale Zorg B.V.,2022,Verstegen,86999,
37109706,HWF Integrale Zorg B.V.,2023,Verstegen,86999,
37109706,HWF Integrale Zorg B.V.,2024,Verstegen,86999,
37109706,HWF Integrale Zorg B.V.,2025,Verstegen,86999,
37094843,HWF Spoedzorg B.V.,2018,Verstegen,86210,
37094843,HWF Spoedzorg B.V.,2019,Verstegen,86210,
37094843,HWF Spoedzorg B.V.,2024,Verstegen,86210,
37094843,HWF Spoedzorg B.V.,2025,Verstegen,86210,
57475695,Ignis Intra B.V.,2018,Verstegen,64210,
57475695,Ignis Intra B.V.,2019,Verstegen,64210,
57475695,Ignis Intra B.V.,2020,Verstegen,64210,
57475695,Ignis Intra B.V.,2022,Verstegen,64210,
57475695,Ignis Intra B.V.,2023,Verstegen,64210,
08025155,IJsseldal Wonen,2024,Verstegen,68201,
24295300,InAxtion B.V.,2018,Verstegen,78202,
24295300,InAxtion B.V.,2019,Verstegen,78202,
24295300,InAxtion B.V.,2020,Verstegen,78202,
24295300,InAxtion B.V.,2022,Verstegen,78202,
24295300,InAxtion B.V.,2023,Verstegen,78202,
24295300,InAxtion B.V.,2024,Verstegen,78202,
24397436,InAxtion Holding B.V.,2018,Verstegen,70102,
24397436,InAxtion Holding B.V.,2019,Verstegen,70102,
24397436,InAxtion Holding B.V.,2020,Verstegen,70102,
24397436,InAxtion Holding B.V.,2021,Verstegen,70102,
24397436,InAxtion Holding B.V.,2022,Verstegen,70102,
24397436,InAxtion Holding B.V.,2023,Verstegen,70102,
24397436,InAxtion Holding B.V.,2024,Verstegen,70102,
24397436,InAxtion Holding B.V.,2025,Verstegen,70102,
24383521,Indu-Tools B.V.,2018,Verstegen,77390,
24383521,Indu-Tools B.V.,2019,Verstegen,77390,
70301964,Indu-Tools Group B.V.,2018,Verstegen,64210,
70301964,Indu-Tools Group B.V.,2019,Verstegen,64210,
50204904,Intergemeentelijke Sociale Dienst (ISD) Bollenstreek,2020,Verstegen,84110,
50204904,Intergemeentelijke Sociale Dienst (ISD) Bollenstreek,2021,Verstegen,84110,
50204904,Intergemeentelijke Sociale Dienst (ISD) Bollenstreek,2023,Verstegen,84110,
41165322,Interkerkelijke Stichting voor Zorg en Welzijn Groot Hoogwaak,2018,Verstegen,87302,
69421781,International Food Connectors B.V.,2021,Verstegen,46389,
69421781,International Food Connectors B.V.,2022,Verstegen,46389,
69421781,International Food Connectors B.V.,2024,Verstegen,46389,
69421781,International Food Connectors B.V.,2025,Verstegen,46389,
22049533,Iriz Thuiszorg B.V.,2023,Verstegen,88999,
22049533,Iriz Thuiszorg B.V.,2024,Verstegen,88999,
24490792,JARO B.V.,2024,Verstegen,81301,
93076681,Jaro Groep B.V.,2025,Verstegen,64210,
93075316,Jaro Groep Holding B.V.,2024,Verstegen,64210,
93075316,Jaro Groep Holding B.V.,2025,Verstegen,64210,
61756911,JESS,2020,Verstegen,88992,
61756911,JESS,2023,Verstegen,88992,
24426799,Jong JGZ,2024,Verstegen,88992,
41081766,Jozefoord,2020,Verstegen,87100,
41081766,Jozefoord,2021,Verstegen,87100,
41081766,Jozefoord,2022,Verstegen,87100,
41081766,Jozefoord,2023,Verstegen,87100,
41081766,Jozefoord,2024,Verstegen,87100,
41081766,Jozefoord,2025,Verstegen,87100,
23038206,Klimaatservice Holland B.V.,2018,Verstegen,43222,
23038206,Klimaatservice Holland B.V.,2019,Verstegen,43222,
23038206,Klimaatservice Holland B.V.,2020,Verstegen,43222,
23038206,Klimaatservice Holland B.V.,2021,Verstegen,43222,
23038206,Klimaatservice Holland B.V.,2023,Verstegen,43222,
23038206,Klimaatservice Holland B.V.,2024,Verstegen,43222,
17167281,Kliniek ViaSana B.V.,2022,Verstegen,86103,
17167281,Kliniek ViaSana B.V.,2023,Verstegen,86103,
17167281,Kliniek ViaSana B.V.,2024,Verstegen,86103,
66853494,Kloek Zorg B.V.,2023,Hulst; Verstegen,86942,
59621192,Klop Holland B.V.,2018,Verstegen,64210,
59621192,Klop Holland B.V.,2019,Verstegen,64210,
59621192,Klop Holland B.V.,2020,Verstegen,64210,
59621192,Klop Holland B.V.,2023,Verstegen,64210,
59621192,Klop Holland B.V.,2024,Verstegen,64210,
30142901,Klop Verhuur B.V.,2018,Verstegen,77320,
30142901,Klop Verhuur B.V.,2019,Verstegen,77320,
30142901,Klop Verhuur B.V.,2020,Verstegen,77320,
23011404,Koninklijke Van der Wees Groep B.V.,2019,Verstegen,64210,
23011404,Koninklijke Van der Wees Groep B.V.,2025,Verstegen,64210,
23022060,Koninklijke Van Twist B.V.,2019,Verstegen,46643,
23022060,Koninklijke Van Twist B.V.,2020,Verstegen,46643,
23022060,Koninklijke Van Twist B.V.,2021,Verstegen,46643,
23022060,Koninklijke Van Twist B.V.,2022,Verstegen,46643,
23022060,Koninklijke Van Twist B.V.,2023,Verstegen,46643,
23022060,Koninklijke Van Twist B.V.,2024,Verstegen,46643,
34239948,KSYOS Expertise Centrum (EC®) B.V.,2020,Verstegen,86103,
34239948,KSYOS Expertise Centrum (EC®) B.V.,2021,Verstegen,86103,
34239948,KSYOS Expertise Centrum (EC®) B.V.,2022,Verstegen,86103,
34239948,KSYOS Expertise Centrum (EC®) B.V.,2023,Verstegen,86103,
34181346,KSYOS Holding (NL) B.V.,2020,Verstegen,64210,
34181346,KSYOS Holding (NL) B.V.,2021,Verstegen,64210,
34181346,KSYOS Holding (NL) B.V.,2022,Verstegen,64210,
34181346,KSYOS Holding (NL) B.V.,2023,Verstegen,64210,
34181346,KSYOS Holding (NL) B.V.,2024,Verstegen,64210,
23082374,L. Smeets Beheer B.V.,2018,Verstegen,68320,
23082374,L. Smeets Beheer B.V.,2019,Verstegen,68320,
23082374,L. Smeets Beheer B.V.,2022,Verstegen,68320,
23082374,L. Smeets Beheer B.V.,2023,Verstegen,68320,
67540805,Lagersmit Holding B.V.,2019,Verstegen,,
67540805,Lagersmit Holding B.V.,2020,Verstegen,,
67540805,Lagersmit Holding B.V.,2021,Verstegen,,
67540805,Lagersmit Holding B.V.,2022,Verstegen,,
67540805,Lagersmit Holding B.V.,2024,Verstegen,,
24368341,Lagersmit Sealing Solutions B.V.,2019,Verstegen,46644,
24368341,Lagersmit Sealing Solutions B.V.,2020,Verstegen,46644,
24368341,Lagersmit Sealing Solutions B.V.,2022,Verstegen,46644,
24368341,Lagersmit Sealing Solutions B.V.,2023,Verstegen,46644,
24368341,Lagersmit Sealing Solutions B.V.,2024,Verstegen,46644,
41181294,Landelijke Stichting Vredenoord,2018,Verstegen,87302,
41181294,Landelijke Stichting Vredenoord,2020,Verstegen,87302,
41181294,Landelijke Stichting Vredenoord,2022,Verstegen,87302,
24396256,Launch! Holding B.V.,2018,Verstegen,,
24396256,Launch! Holding B.V.,2019,Verstegen,,
24486069,Lelie Zorggroep,2018,Verstegen,78202,
24486069,Lelie Zorggroep,2019,Verstegen,78202,
24486069,Lelie Zorggroep,2020,Verstegen,78202,
24486069,Lelie Zorggroep,2022,Verstegen,78202,
24486069,Lelie Zorggroep,2023,Verstegen,78202,
24486069,Lelie Zorggroep,2024,Verstegen,78202,
24486069,Lelie Zorggroep,2025,Verstegen,78202,
63484900,Leyhoeve Zorg B.V.,2018,Verstegen,88101,
63484900,Leyhoeve Zorg B.V.,2020,Verstegen,86942,
63484900,Leyhoeve Zorg B.V.,2021,Verstegen,86942,
63484900,Leyhoeve Zorg B.V.,2022,Verstegen,86942,
18065595,Libra Revalidatie & Audiologie,2025,Verstegen,86221,
41047145,Liefkenshoek,2022,Verstegen,87302,
41047145,Liefkenshoek,2023,Verstegen,87302,
41047145,Liefkenshoek,2024,Verstegen,87302,
41047145,Liefkenshoek,2025,Verstegen,87302,
70351643,Louis Janssens Holding B.V.,2024,Verstegen,70102,
61475572,M.S.I. Holding B.V.,2018,Verstegen,6420,
61475572,M.S.I. Holding B.V.,2020,Verstegen,64210,
61475572,M.S.I. Holding B.V.,2021,Verstegen,64210,
61475572,M.S.I. Holding B.V.,2022,Verstegen,64210,
61475572,M.S.I. Holding B.V.,2023,Verstegen,64210,
61475572,M.S.I. Holding B.V.,2024,Verstegen,64210,
61475572,M.S.I. Holding B.V.,2025,Verstegen,64210,
02090310,Maartenshof,2019,Verstegen,87100,
02090310,Maartenshof,2021,Verstegen,87100,
02090310,Maartenshof,2022,Verstegen,87100,
02090310,Maartenshof,2023,Verstegen,87100,
02090310,Maartenshof,2024,Verstegen,87100,
23056148,Maat Feeling Home,2021,Verstegen,29202,
23056148,Maat Feeling Home,2023,Verstegen,29202,
23056149,Maat Houtbouw B.V.,2023,Verstegen,16230,
41178623,Maria Dommer Stichting,2018,Verstegen,87302,
41099605,Maria Oord,2019,Verstegen,87100,
41099605,Maria Oord,2020,Verstegen,87100,
41099605,Maria Oord,2021,Verstegen,87100,
41099605,Maria Oord,2022,Verstegen,87100,
41099605,Maria Oord,2023,Verstegen,87100,
41099605,Maria Oord,2024,Verstegen,87100,
41099605,Maria Oord,2025,Verstegen,87100,
23077568,Marije Holding B.V.,2020,Verstegen,64210,
62174533,Medisch Specialistisch Bedrijf HMC,2024,Verstegen,86221,
62174533,Medisch Specialistisch Bedrijf HMC,2025,Verstegen,86221,
41000473,MEE Friesland,2018,Verstegen,,
41000473,MEE Friesland,2019,Verstegen,,
41000473,MEE Friesland,2020,Verstegen,,
39024407,Mercatus,2025,Verstegen,68201,
41000048,Mienskipssintrum Leppehiem,2024,Verstegen,87302,
41000048,Mienskipssintrum Leppehiem,2025,Verstegen,87302,
23073236,Millennium Tower Hotel,2020,Verstegen,,
01126446,Mobility Service Nederland B.V.,2020,Verstegen,77112,
01126446,Mobility Service Nederland B.V.,2021,Verstegen,77112,
01126446,Mobility Service Nederland B.V.,2022,Verstegen,77112,
01126446,Mobility Service Nederland B.V.,2023,Verstegen,77112,
01126446,Mobility Service Nederland B.V.,2024,Verstegen,77112,
01126446,Mobility Service Nederland B.V.,2025,Verstegen,77112,
39084425,MoleMann Mental Health B.V.,2022,Verstegen,86222,
39084425,MoleMann Mental Health B.V.,2023,Verstegen,86222,
39084425,MoleMann Mental Health B.V.,2024,Verstegen,86222,
41073773,"Moveoo, hoofdvestiging",2025,Verstegen,87992,
41155836,mr L.E. Visserhuis,2019,Verstegen,87100,
41155836,mr L.E. Visserhuis,2020,Verstegen,87100,
41155836,mr L.E. Visserhuis,2021,Verstegen,87100,
41155836,mr L.E. Visserhuis,2022,Verstegen,87100,
41155836,mr L.E. Visserhuis,2023,Verstegen,87100,
41155836,mr L.E. Visserhuis,2024,Verstegen,87100,
65293940,MSI Holding B.V.,2018,Verstegen,64210,
23081310,Muller Groep B.V.,2018,Verstegen,70102,
23081310,Muller Groep B.V.,2019,Verstegen,70102,
23081310,Muller Groep B.V.,2020,Verstegen,70102,
23081310,Muller Groep B.V.,2022,Verstegen,70102,
23081310,Muller Groep B.V.,2024,Verstegen,70102,
32166026,Multi Plus Zorg B.V.,2018,Verstegen,8720,
83531882,Multy Beheer B.V.,2023,Verstegen,70102,
83531882,Multy Beheer B.V.,2024,Verstegen,70102,
41062188,Mutsaersstichting locatie Venlo,2024,Verstegen,86104,
41062188,Mutsaersstichting locatie Venlo,2025,Verstegen,86104,
41120686,Muziektheater Hollands Diep,2018,Verstegen,90391,
41120686,Muziektheater Hollands Diep,2019,Verstegen,90391,
41120686,Muziektheater Hollands Diep,2020,Verstegen,90391,
41120686,Muziektheater Hollands Diep,2021,Verstegen,90391,
41120686,Muziektheater Hollands Diep,2022,Verstegen,90391,
41120686,Muziektheater Hollands Diep,2023,Verstegen,90391,
41141829,Naut,2018,Verstegen,87202,
41141829,Naut,2020,Verstegen,87202,
41151059,Nederlandse Stichting Initiatives of Change (Morele Herbewapening),2018,Verstegen,94993,
67012531,NewCare4You Thuiszorg B.V.,2018,Verstegen,,
41014477,Nieuw Woelwijck,2020,Verstegen,87201,
41014477,Nieuw Woelwijck,2021,Verstegen,87201,
41014477,Nieuw Woelwijck,2022,Verstegen,87201,
41014477,Nieuw Woelwijck,2023,Verstegen,87201,
41014477,Nieuw Woelwijck,2024,Verstegen,87201,
11027635,NL Food B.V.,2018,Verstegen,4617,
11027635,NL Food B.V.,2020,Verstegen,46170,
11027635,NL Food B.V.,2021,Verstegen,46170,
72124768,Nordian Acquisition 15 B.V.,2018,Verstegen,64210,
72124768,Nordian Acquisition 15 B.V.,2019,Verstegen,64210,
11057282,Novocare B.V.,2018,Verstegen,86942,
22045480,OAZ B.V.,2022,Verstegen,70201,
22045480,OAZ B.V.,2023,Verstegen,70201,
22045480,OAZ B.V.,2024,Verstegen,70201,
69295115,OP MEZELF B.V.,2018,Verstegen,8720,
69295115,OP MEZELF B.V.,2019,Verstegen,87201,
69295115,OP MEZELF B.V.,2020,Verstegen,87201,
59455195,Openbaar Lichaam Afvalstoffenverwerking Zeeland,2023,Verstegen,84110,
24270518,Orga Holding B.V.,2024,Verstegen,64210,
08210265,Orthopedisch Centrum Oost-Nederland B.V.,2020,Verstegen,86221,
08210265,Orthopedisch Centrum Oost-Nederland B.V.,2022,Verstegen,86221,
08210265,Orthopedisch Centrum Oost-Nederland B.V.,2023,Verstegen,86221,
08210265,Orthopedisch Centrum Oost-Nederland B.V.,2024,Verstegen,86221,
08210265,Orthopedisch Centrum Oost-Nederland B.V.,2025,Verstegen,86221,
20082691,P & R Holding B.V.,2023,Verstegen,64210,
20082691,P & R Holding B.V.,2024,Verstegen,64210,
24155121,Palletcentrale B.V.,2022,Verstegen,,
20131824,Palletcentrale Productie B.V.,2020,Verstegen,,
20131824,Palletcentrale Productie B.V.,2021,Verstegen,,
20131824,Palletcentrale Productie B.V.,2022,Verstegen,,
34184589,PCSOH Huisvesting,2019,Verstegen,87302,
34184589,PCSOH Huisvesting,2020,Verstegen,87302,
34184589,PCSOH Huisvesting,2021,Verstegen,87302,
57936196,PEP Noordwijk,2019,Verstegen,,
57936196,PEP Noordwijk,2020,Verstegen,,
23073571,Perdos B.V.,2018,Verstegen,64210,
23073571,Perdos B.V.,2019,Verstegen,64210,
23073571,Perdos B.V.,2020,Verstegen,64210,
23073571,Perdos B.V.,2021,Verstegen,64210,
30250354,Perspectief Psychologenpraktijk,2018,Verstegen,86913,
27312683,Peuterspeelzaal Spectrum,2018,Verstegen,,
27312683,Peuterspeelzaal Spectrum,2019,Verstegen,,
27312683,Peuterspeelzaal Spectrum,2020,Verstegen,,
66373581,PGVZ Beheer B.V.,2021,Verstegen,64210,
41222327,Polderhuis,2019,Verstegen,,
41222327,Polderhuis,2020,Verstegen,,
41222327,Polderhuis,2021,Verstegen,,
17080498,PPD Invest B.V.,2018,Verstegen,66300,
17080498,PPD Invest B.V.,2019,Verstegen,66300,
17080498,PPD Invest B.V.,2020,Verstegen,66300,
17080498,PPD Invest B.V.,2021,Verstegen,66300,
17080498,PPD Invest B.V.,2023,Verstegen,66300,
96276002,Praktijk voor Psychosociale Hulpverlening B.V.,2024,Verstegen,86930,
41059107,Prezzent,2019,Verstegen,87201,
41059107,Prezzent,2020,Verstegen,87201,
41059107,Prezzent,2021,Verstegen,87201,
41059107,Prezzent,2022,Verstegen,87201,
41059107,Prezzent,2023,Verstegen,87201,
41059107,Prezzent,2024,Verstegen,87201,
41059107,Prezzent,2025,Verstegen,87201,
24480946,Primstar B.V.,2018,Verstegen,03110,
24480946,Primstar B.V.,2019,Verstegen,03110,
24480946,Primstar B.V.,2020,Verstegen,03110,
24480946,Primstar B.V.,2022,Verstegen,03110,
24480946,Primstar B.V.,2023,Verstegen,03110,
23073903,Prins Aanneming Maatschappij B.V.,2019,Verstegen,42910,
23073903,Prins Aanneming Maatschappij B.V.,2020,Verstegen,42910,
23073903,Prins Aanneming Maatschappij B.V.,2021,Verstegen,42910,
23073903,Prins Aanneming Maatschappij B.V.,2022,Verstegen,42910,
23073903,Prins Aanneming Maatschappij B.V.,2023,Verstegen,42910,
23073903,Prins Aanneming Maatschappij B.V.,2024,Verstegen,42910,
27315308,Prodeba B.V.,2022,Verstegen,88991,
27315308,Prodeba B.V.,2023,Verstegen,88991,
27315308,Prodeba B.V.,2024,Verstegen,88991,
27315308,Prodeba B.V.,2025,Verstegen,88991,
41126114,Profila Zorggroep,2022,Verstegen,86942,
41126114,Profila Zorggroep,2023,Verstegen,86942,
41126114,Profila Zorggroep,2024,Verstegen,86942,
41126114,Profila Zorggroep,2025,Verstegen,86942,
41027903,Protestants Christelijke Stichting (Woon- en Zorgcentrum) De Vriezenhof,2018,Verstegen,87302,
41027903,Protestants Christelijke Stichting (Woon- en Zorgcentrum) De Vriezenhof,2019,Verstegen,87302,
41027903,Protestants Christelijke Stichting (Woon- en Zorgcentrum) De Vriezenhof,2020,Verstegen,87302,
41027903,Protestants Christelijke Stichting (Woon- en Zorgcentrum) De Vriezenhof,2021,Verstegen,87302,
41027903,Protestants Christelijke Stichting (Woon- en Zorgcentrum) De Vriezenhof,2022,Verstegen,87302,
41027903,Protestants Christelijke Stichting (Woon- en Zorgcentrum) De Vriezenhof,2023,Verstegen,87302,
41027903,Protestants Christelijke Stichting (Woon- en Zorgcentrum) De Vriezenhof,2024,Verstegen,87302,
41027903,Protestants Christelijke Stichting (Woon- en Zorgcentrum) De Vriezenhof,2025,Verstegen,87302,
34184589,Protestants Christelijke Stichting Ouderenzorg Haarlemmermeer Huisvesting,2018,Verstegen,87302,
41222303,Protestants Christelijke Stichting Ouderenzorg Haarlemmermeer Zorgverlening,2018,Verstegen,87302,
01089954,Protestants Christelijke Stichting voor Thuiszorg,2022,Verstegen,86942,
01089954,Protestants Christelijke Stichting voor Thuiszorg,2023,Verstegen,86942,
01089954,Protestants Christelijke Stichting voor Thuiszorg,2024,Verstegen,86942,
01089954,Protestants Christelijke Stichting voor Thuiszorg,2025,Verstegen,86942,
41125548,PROTESTANTS CHRISTELIJKE STICHTING VOOR ZORG EN DIENSTVERLENING AAN MENSEN MET EEN BEPERKING 'IJSSELMONDE-OOST',2018,Verstegen,8720,
41121600,"Protestantse Interkerkelijke Stichting ""Huis ter Leede""",2020,Verstegen,87302,
41121600,"Protestantse Interkerkelijke Stichting ""Huis ter Leede""",2022,Verstegen,87302,
41121600,"Protestantse Interkerkelijke Stichting ""Huis ter Leede""",2023,Verstegen,87302,
41121600,"Protestantse Interkerkelijke Stichting ""Huis ter Leede""",2024,Verstegen,87302,
41121600,"Protestantse Interkerkelijke Stichting ""Huis ter Leede""",2025,Verstegen,87302,
76458806,Psychiatrie N3 B.V.,2022,Verstegen,86222,
76458806,Psychiatrie N3 B.V.,2023,Verstegen,86222,
17251390,Psychologenpraktijk Oog B.V.,2025,Verstegen,86930,
53200608,Psychotherapiepraktijk Scharwächter B.V.,2023,Verstegen,86930,
41118005,PZC Dordrecht - Crabbehoven,2019,Verstegen,87100,
41118005,PZC Dordrecht - Crabbehoven,2020,Verstegen,87100,
41118005,PZC Dordrecht - Crabbehoven,2022,Verstegen,87100,
41118005,PZC Dordrecht - Crabbehoven,2023,Verstegen,87100,
41118005,PZC Dordrecht - Crabbehoven,2024,Verstegen,87100,
41118005,PZC Dordrecht - Crabbehoven,2025,Verstegen,87100,
41168998,R.K. Zorgcentrum Roomburgh,2023,Verstegen,87302,
41168998,R.K. Zorgcentrum Roomburgh,2024,Verstegen,87302,
41168998,R.K. Zorgcentrum Roomburgh,2025,Verstegen,87302,
41103368,Raffy,2020,Verstegen,87100,
41103368,Raffy,2021,Verstegen,87100,
41103368,Raffy,2022,Verstegen,87100,
41238268,Raphaëlstichting,2018,Verstegen,8720,
41238268,Raphaëlstichting,2020,Verstegen,88103,
41238268,Raphaëlstichting,2021,Verstegen,88103,
41238268,Raphaëlstichting,2022,Verstegen,88103,
41238268,Raphaëlstichting,2023,Verstegen,88103,
41238268,Raphaëlstichting,2024,Verstegen,88103,
41238268,Raphaëlstichting,2025,Verstegen,88103,
17278973,RAV Brabant Midden-West-Noord,2019,Verstegen,86920,
17278973,RAV Brabant Midden-West-Noord,2021,Verstegen,86920,
17278973,RAV Brabant Midden-West-Noord,2022,Verstegen,86920,
17278973,RAV Brabant Midden-West-Noord,2024,Verstegen,86920,
17278973,RAV Brabant Midden-West-Noord,2025,Verstegen,86920,
30186250,RCC Beheer B.V.,2018,Verstegen,64210,
60568801,Reaplus Zorg B.V.,2018,Verstegen,86991,
60568801,Reaplus Zorg B.V.,2019,Verstegen,86991,
60568801,Reaplus Zorg B.V.,2020,Verstegen,86991,
73944181,Regie Kunststoffen Nederland (RKN) B.V.,2019,Verstegen,70202,
73944181,Regie Kunststoffen Nederland (RKN) B.V.,2021,Verstegen,70202,
50472836,Reinigingsdienst Waardlanden,2018,Verstegen,38110,
50472836,Reinigingsdienst Waardlanden,2020,Verstegen,38110,
50472836,Reinigingsdienst Waardlanden,2024,Verstegen,38110,
51510723,Residentiële en Ambulante Service en Zorg (RAZ) B.V.,2018,Verstegen,86942,
41000436,Revalidatie Friesland B.V.,2022,Verstegen,86103,
41000436,Revalidatie Friesland B.V.,2024,Verstegen,86103,
41000436,Revalidatie Friesland B.V.,2025,Verstegen,86103,
20136126,Revant Revalidatiecentrum Breda,2025,Verstegen,86103,
28023118,Rijnhart Wonen,2020,Verstegen,68201,
28023118,Rijnhart Wonen,2022,Verstegen,68201,
28023118,Rijnhart Wonen,2023,Verstegen,68201,
28023118,Rijnhart Wonen,2024,Verstegen,68201,
28023118,Rijnhart Wonen,2025,Verstegen,68201,
59494808,Rijnmond Dokters Holding B.V.,2024,Verstegen,86999,
59494808,Rijnmond Dokters Holding B.V.,2025,Verstegen,86999,
59496983,Rijnmond Dokters O&I B.V.,2024,Verstegen,86999,
59496983,Rijnmond Dokters O&I B.V.,2025,Verstegen,86999,
59497025,Rijnmond Dokters Praktijkondersteuning B.V.,2024,Verstegen,86999,
59497025,Rijnmond Dokters Praktijkondersteuning B.V.,2025,Verstegen,86999,
41080668,Robert Coppes Stichting,2018,Verstegen,87301,
41080668,Robert Coppes Stichting,2019,Verstegen,87301,
41080668,Robert Coppes Stichting,2020,Verstegen,87301,
41080668,Robert Coppes Stichting,2021,Verstegen,87301,
41080668,Robert Coppes Stichting,2022,Verstegen,87301,
41080668,Robert Coppes Stichting,2023,Verstegen,87301,
41080668,Robert Coppes Stichting,2024,Verstegen,87301,
41080668,Robert Coppes Stichting,2025,Verstegen,87301,
34109793,Rooms Katholieke Stichting Zorgcentra Meerlanden,2018,Verstegen,87302,
41102051,Ruitersbos,2019,Verstegen,,
41102051,Ruitersbos,2020,Verstegen,,
41102051,Ruitersbos,2021,Verstegen,,
41052701,Rumah Saya,2018,Verstegen,87302,
41130278,Salem,2020,Verstegen,87100,
41130278,Salem,2021,Verstegen,87100,
41130278,Salem,2022,Verstegen,87100,
41130278,Salem,2023,Verstegen,87100,
41130278,Salem,2024,Verstegen,87100,
41130278,Salem,2025,Verstegen,87100,
41032283,Scholtenhof,2019,Verstegen,87100,
41032283,Scholtenhof,2022,Verstegen,87100,
41032283,Scholtenhof,2023,Verstegen,87100,
41032283,Scholtenhof,2025,Verstegen,87100,
75115069,SCIO Tiel B.V.,2023,Verstegen,86930,
75115069,SCIO Tiel B.V.,2024,Verstegen,86930,
75115069,SCIO Tiel B.V.,2025,Verstegen,86930,
24330159,SEAM Investments B.V.,2018,Verstegen,64210,
41005051,Sickenga-Oord,2020,Verstegen,87302,
41005051,Sickenga-Oord,2022,Verstegen,87302,
41005051,Sickenga-Oord,2023,Verstegen,87302,
41005051,Sickenga-Oord,2024,Verstegen,87302,
41005051,Sickenga-Oord,2025,Verstegen,87302,
41178753,Siloah,2019,Verstegen,88103,
41178753,Siloah,2020,Verstegen,88103,
41178753,Siloah,2021,Verstegen,88103,
41178753,Siloah,2022,Verstegen,88103,
41178753,Siloah,2023,Verstegen,88103,
41178753,Siloah,2024,Verstegen,88103,
41062030,Sint Annaklooster,2022,Verstegen,87100,
41062030,Sint Annaklooster,2023,Verstegen,87100,
41062030,Sint Annaklooster,2024,Verstegen,87100,
41062030,Sint Annaklooster,2025,Verstegen,87100,
23063365,Smeets Ferry B.V.,2018,Verstegen,49410,
23063365,Smeets Ferry B.V.,2019,Verstegen,49410,
23063365,Smeets Ferry B.V.,2021,Verstegen,49410,
23063365,Smeets Ferry B.V.,2022,Verstegen,49410,
23063365,Smeets Ferry B.V.,2023,Verstegen,49410,
32116623,Snow Pond Holding B.V.,2018,Verstegen,64210,
32116623,Snow Pond Holding B.V.,2020,Verstegen,64210,
32116623,Snow Pond Holding B.V.,2021,Verstegen,64210,
32116623,Snow Pond Holding B.V.,2022,Verstegen,64210,
17068712,SOCOTEC Geotechnics B.V.,2021,Verstegen,71120,
17068712,SOCOTEC Geotechnics B.V.,2022,Verstegen,71120,
41102850,SOVAK,2019,Verstegen,87201,
41102850,SOVAK,2020,Verstegen,87201,
41102850,SOVAK,2021,Verstegen,87201,
41102850,SOVAK,2022,Verstegen,87201,
41102850,SOVAK,2023,Verstegen,87201,
41102850,SOVAK,2024,Verstegen,87201,
24328552,Sparta Beheer B.V.,2025,Verstegen,64210,
41125548,st. de Overburen,2020,Verstegen,88103,
41125548,st. de Overburen,2022,Verstegen,88103,
41125548,st. de Overburen,2023,Verstegen,88103,
41125548,st. de Overburen,2024,Verstegen,88103,
41102327,St. Elisabeth Roosendaal,2019,Verstegen,87302,
41102327,St. Elisabeth Roosendaal,2020,Verstegen,87302,
41102327,St. Elisabeth Roosendaal,2021,Verstegen,87302,
41102327,St. Elisabeth Roosendaal,2022,Verstegen,87302,
41102327,St. Elisabeth Roosendaal,2023,Verstegen,87302,
41102327,St. Elisabeth Roosendaal,2024,Verstegen,87302,
41102327,St. Elisabeth Roosendaal,2025,Verstegen,87302,
41226685,"Stem in de Stad, Loket in de Stad",2018,Verstegen,88992,
41226685,"Stem in de Stad, Loket in de Stad",2019,Verstegen,88992,
41226685,"Stem in de Stad, Loket in de Stad",2020,Verstegen,88992,
41226685,"Stem in de Stad, Loket in de Stad",2022,Verstegen,88992,
41226685,"Stem in de Stad, Loket in de Stad",2023,Verstegen,88992,
41226685,"Stem in de Stad, Loket in de Stad",2024,Verstegen,88992,
72125098,Steun en Toeverlaat B.V.,2024,Verstegen,86942,
05024541,"Stichting ""Beter Wonen""",2022,Verstegen,68201,
05024541,"Stichting ""Beter Wonen""",2023,Verstegen,68201,
05024541,"Stichting ""Beter Wonen""",2024,Verstegen,68201,
41099111,"Stichting ""De Wijngaerd""",2019,Verstegen,87302,
41099111,"Stichting ""De Wijngaerd""",2020,Verstegen,87302,
41099111,"Stichting ""De Wijngaerd""",2021,Verstegen,87302,
41099111,"Stichting ""De Wijngaerd""",2022,Verstegen,87302,
41099111,"Stichting ""De Wijngaerd""",2023,Verstegen,87302,
41099111,"Stichting ""De Wijngaerd""",2024,Verstegen,87302,
41099111,"Stichting ""De Wijngaerd""",2025,Verstegen,87302,
05076932,"Stichting ""Hanzeheerd""",2020,Verstegen,,
41197047,"Stichting ""Omega""",2022,Verstegen,88103,
41014237,Stichting 'Burgemeester van Julsingha Tehuis',2018,Verstegen,8710,
41099111,Stichting 'De Wijngaerd',2018,Verstegen,87302,
05076932,Stichting 'Hanzeheerd',2018,Verstegen,87302,
41012531,Stichting 't Gerack,2018,Verstegen,8710,
41149243,Stichting 1801,2019,Verstegen,85690,
41149243,Stichting 1801,2020,Verstegen,85690,
41149243,Stichting 1801,2021,Verstegen,85690,
41149243,Stichting 1801,2022,Verstegen,85690,
41149243,Stichting 1801,2023,Verstegen,85690,
41149243,Stichting 1801,2024,Verstegen,85690,
41149243,Stichting 1801,2025,Verstegen,85690,
41198317,Stichting 1940-1945,2022,Verstegen,88992,
41198317,Stichting 1940-1945,2023,Verstegen,88992,
41198317,Stichting 1940-1945,2024,Verstegen,88992,
60743956,Stichting Acare Thuiszorg,2022,Verstegen,86942,
60743956,Stichting Acare Thuiszorg,2023,Verstegen,86942,
60743956,Stichting Acare Thuiszorg,2024,Verstegen,86942,
41049399,Stichting Adullam voor Gehandicaptenzorg,2018,Verstegen,8211,
24342726,Stichting Alerimus,2018,Verstegen,87302,
32077906,Stichting Amaris Zorggroep,2018,Verstegen,8710,
32077906,Stichting Amaris Zorggroep,2021,Verstegen,87100,
32077906,Stichting Amaris Zorggroep,2022,Verstegen,87100,
32077906,Stichting Amaris Zorggroep,2023,Verstegen,87100,
32077906,Stichting Amaris Zorggroep,2024,Verstegen,87100,
32077906,Stichting Amaris Zorggroep,2025,Verstegen,87100,
34259830,Stichting Amsta,2018,Verstegen,8710,
34259830,Stichting Amsta / Dr. Sarphatihuis,2019,Verstegen,87100,
34259830,Stichting Amsta / Dr. Sarphatihuis,2020,Verstegen,87100,
34162244,Stichting Amsterdamse Gezondheidscentra (S.A.G.),2025,Verstegen,86210,
24383768,Stichting Argos Zorggroep,2022,Verstegen,87100,
24383768,Stichting Argos Zorggroep,2023,Verstegen,87100,
24383768,Stichting Argos Zorggroep,2024,Verstegen,87100,
24383768,Stichting Argos Zorggroep,2025,Verstegen,87100,
67732178,Stichting Arons kraamzorg,2022,Verstegen,86942,
67732178,Stichting Arons kraamzorg,2023,Verstegen,86942,
67732151,Stichting Arons thuiszorg,2022,Verstegen,,
27310568,Stichting ARQ,2022,Verstegen,86999,
27310568,Stichting ARQ,2023,Verstegen,86999,
27310568,Stichting ARQ,2024,Verstegen,86999,
41165544,Stichting ARQ Centrum'45,2020,Verstegen,86104,
41165544,Stichting ARQ Centrum'45,2022,Verstegen,86104,
41165544,Stichting ARQ Centrum'45,2023,Verstegen,86104,
41165544,Stichting ARQ Centrum'45,2024,Verstegen,86104,
41165544,Stichting ARQ Centrum'45,2025,Verstegen,86104,
86948059,Stichting Atalanta Expertisecentrum Hoogbegaafdheid,2023,Verstegen,86999,
86948059,Stichting Atalanta Expertisecentrum Hoogbegaafdheid,2025,Verstegen,86999,
30158002,Stichting AxionContinu groep,2018,Verstegen,87302,
08186976,Stichting Baalderborg Groep - De Vlinder,2023,Verstegen,70101,
08186976,Stichting Baalderborg Groep - De Vlinder,2024,Verstegen,70101,
08186976,Stichting Baalderborg Groep - De Vlinder,2025,Verstegen,70101,
41179168,Stichting Bartholomeus Gasthuis,2018,Verstegen,87302,
30147072,Stichting Bartiméus Sonneheerdt,2019,Verstegen,87201,
30147072,Stichting Bartiméus Sonneheerdt,2020,Verstegen,87201,
30147072,Stichting Bartiméus Sonneheerdt,2021,Verstegen,87201,
30147072,Stichting Bartiméus Sonneheerdt,2022,Verstegen,87201,
30147072,Stichting Bartiméus Sonneheerdt,2023,Verstegen,87201,
30147072,Stichting Bartiméus Sonneheerdt,2024,Verstegen,87201,
30147072,Stichting Bartiméus Sonneheerdt,2025,Verstegen,87201,
56221509,Stichting Bazalt Groep,2022,Verstegen,88991,
56221509,Stichting Bazalt Groep,2023,Verstegen,88991,
56221509,Stichting Bazalt Groep,2024,Verstegen,88991,
41072929,Stichting Bergweide,2022,Verstegen,87100,
41072929,Stichting Bergweide,2023,Verstegen,87100,
41072929,Stichting Bergweide,2024,Verstegen,87100,
41072929,Stichting Bergweide,2025,Verstegen,87100,
41180956,Stichting Beschermende Woonvormen Utrecht,2018,Verstegen,88999,
41199892,Stichting Brentano Amstelveen,2018,Verstegen,8710,
41157138,Stichting Buddy Netwerk,2024,Verstegen,88992,
41239982,Stichting Camphillgemeenschap Maartenhuis,2018,Verstegen,8720,
41239982,Stichting Camphillgemeenschap Maartenhuis,2019,Verstegen,88103,
41125312,Stichting Capri Hartrevalidatie Rotterdam,2018,Verstegen,86221,
41125312,Stichting Capri Hartrevalidatie Rotterdam,2020,Verstegen,86221,
27283988,Stichting Cardia-Duinrust,2018,Verstegen,87302,
41035212,Stichting Careander,2019,Verstegen,88103,
41035212,Stichting Careander,2020,Verstegen,88103,
41035212,Stichting Careander,2021,Verstegen,88103,
41035212,Stichting Careander,2022,Verstegen,88103,
41035212,Stichting Careander,2023,Verstegen,88103,
41035212,Stichting Careander,2024,Verstegen,88103,
41035212,"Stichting Careander, Protestants Christelijke Stichting voor mensen met een verstandelijke beperking",2018,Verstegen,8720,
09169814,Stichting Careaz,2018,Verstegen,8211,
09169814,Stichting Careaz,2019,Verstegen,87302,
09169814,Stichting Careaz,2020,Verstegen,87302,
09169814,Stichting Careaz,2022,Verstegen,87302,
09169814,Stichting Careaz,2023,Verstegen,87302,
09169814,Stichting Careaz,2024,Verstegen,87302,
09169814,Stichting Careaz,2025,Verstegen,87302,
41118419,Stichting Cavent,2018,Verstegen,8720,
41118419,Stichting Cavent,2019,Verstegen,88103,
41118419,Stichting Cavent,2020,Verstegen,88103,
41118419,Stichting Cavent,2022,Verstegen,88103,
41118419,Stichting Cavent,2023,Verstegen,88103,
41118419,Stichting Cavent,2024,Verstegen,88103,
41118419,Stichting Cavent,2025,Verstegen,88103,
41135918,Stichting Cedrah,2018,Verstegen,87302,
41135918,Stichting Cedrah,2019,Verstegen,87302,
41135918,Stichting Cedrah,2020,Verstegen,87302,
41135918,Stichting Cedrah,2022,Verstegen,87302,
41135918,Stichting Cedrah,2023,Verstegen,87302,
41135918,Stichting Cedrah,2024,Verstegen,87302,
41135918,Stichting Cedrah,2025,Verstegen,87302,
41165544,Stichting Centrum '45,2018,Verstegen,86913,
24360666,Stichting Centrum voor Consultatie en Expertise,2022,Verstegen,94997,
24360666,Stichting Centrum voor Consultatie en Expertise,2023,Verstegen,94997,
24360666,Stichting Centrum voor Consultatie en Expertise,2024,Verstegen,94997,
61403660,Stichting Centrum voor Jeugd en Gezin Capelle aan den IJssel,2018,Verstegen,88991,
61403660,Stichting Centrum voor Jeugd en Gezin Capelle aan den IJssel,2019,Verstegen,88991,
61403660,Stichting Centrum voor Jeugd en Gezin Capelle aan den IJssel,2024,Verstegen,88991,
61403660,Stichting Centrum voor Jeugd en Gezin Capelle aan den IJssel,2025,Verstegen,88991,
05083801,Stichting Christelijke Zonnehuisgroep IJssel-Vecht,2018,Verstegen,8710,
41050547,Stichting Christelijke Zorgorganisatie Norschoten,2021,Verstegen,87100,
41050547,Stichting Christelijke Zorgorganisatie Norschoten,2022,Verstegen,87100,
41050547,Stichting Christelijke Zorgorganisatie Norschoten,2024,Verstegen,87100,
69217432,Stichting Combiwel Buurtteams,2025,Verstegen,88992,
69217203,Stichting Combiwel Buurtwerk,2024,Verstegen,88992,
69217203,Stichting Combiwel Buurtwerk,2025,Verstegen,88992,
56622562,Stichting Combiwel Projecten,2025,Verstegen,88992,
41169071,Stichting De Binnenvest,2018,Verstegen,69203,
41169434,Stichting De Brug,2020,Verstegen,86222,
41169434,Stichting De Brug,2022,Verstegen,86222,
41169434,Stichting De Brug,2023,Verstegen,86222,
41169434,Stichting De Brug,2024,Verstegen,86222,
41052241,Stichting De Gelderhorst,2018,Verstegen,8710,
41224666,Stichting De Hartekamp Groep,2020,Verstegen,87201,
41224666,Stichting De Hartekamp Groep,2021,Verstegen,87201,
41224666,Stichting De Hartekamp Groep,2022,Verstegen,87201,
41224666,Stichting De Hartekamp Groep,2023,Verstegen,87201,
41224666,Stichting De Hartekamp Groep,2024,Verstegen,87201,
41224666,Stichting De Hartekamp Groep,2025,Verstegen,87201,
41118001,Stichting De Hoop,2018,Verstegen,86104,
41118001,Stichting De Hoop,2019,Verstegen,87202,
41118001,Stichting De Hoop,2020,Verstegen,87202,
41118001,Stichting De Hoop,2021,Verstegen,87202,
41118001,Stichting De Hoop,2022,Verstegen,87202,
41118001,Stichting De Hoop,2023,Verstegen,87202,
41118001,Stichting De Hoop,2024,Verstegen,87202,
41118001,Stichting De Hoop,2025,Verstegen,87202,
41122080,Stichting De Merwelanden,2022,Verstegen,87302,
41122080,Stichting De Merwelanden,2023,Verstegen,87302,
41122080,Stichting De Merwelanden,2024,Verstegen,87302,
41122080,Stichting De Merwelanden,2025,Verstegen,87302,
41110180,Stichting de Okkernoot,2023,Verstegen,87201,
41110180,Stichting de Okkernoot,2024,Verstegen,87201,
41110180,Stichting de Okkernoot,2025,Verstegen,87201,
08080399,Stichting De Passerel,2025,Verstegen,88103,
41265029,"Stichting De Rijnhoven, locatie Verpleeghuis Vijverhof",2020,Verstegen,87302,
41265029,"Stichting De Rijnhoven, locatie Verpleeghuis Vijverhof",2021,Verstegen,87302,
41265029,"Stichting De Rijnhoven, locatie Verpleeghuis Vijverhof",2022,Verstegen,87302,
41265029,"Stichting De Rijnhoven, locatie Verpleeghuis Vijverhof",2024,Verstegen,87302,
41186533,Stichting De Tussenvoorziening,2018,Verstegen,87902,
41186533,Stichting De Tussenvoorziening,2019,Verstegen,87992,
41186533,Stichting De Tussenvoorziening,2020,Verstegen,87992,
41186533,Stichting De Tussenvoorziening,2022,Verstegen,87992,
41186533,Stichting De Tussenvoorziening,2024,Verstegen,87992,
41186533,Stichting De Tussenvoorziening,2025,Verstegen,87992,
30188978,Stichting De Wederkerigheid,2018,Verstegen,94996,
41172092,Stichting De Zevenster,2018,Verstegen,8710,
74901060,Stichting Deltaplan Biodiversiteitsherstel,2020,Verstegen,94993,
74901060,Stichting Deltaplan Biodiversiteitsherstel,2023,Verstegen,94993,
41018149,STICHTING DERKSHOES ZORG EN DIENSTVERLENING,2018,Verstegen,8710,
50195670,Stichting Diagnostisch Centrum West-Friesland,2018,Verstegen,,
50195670,Stichting Diagnostisch Centrum West-Friesland,2019,Verstegen,,
02035346,Stichting Dialyse Centrum Groningen,2018,Verstegen,86221,
02035346,Stichting Dialyse Centrum Groningen,2020,Verstegen,86221,
02035346,Stichting Dialyse Centrum Groningen,2021,Verstegen,86221,
02035346,Stichting Dialyse Centrum Groningen,2022,Verstegen,86221,
02035346,Stichting Dialyse Centrum Groningen,2023,Verstegen,86221,
02035346,Stichting Dialyse Centrum Groningen,2024,Verstegen,86221,
02035346,Stichting Dialyse Centrum Groningen,2025,Verstegen,86221,
41177433,Stichting Dianet,2018,Verstegen,86923,
51662264,Stichting Dienstencentrum Oud Burgeren Gasthuis,2018,Verstegen,88101,
53997573,Stichting DOCK,2022,Verstegen,88992,
41231279,Stichting Doopsgezind Zorgcentrum 'Het Mennistenerf',2018,Verstegen,8710,
41095516,Stichting Dr. Bernard Verbeeten Instituut,2018,Verstegen,86221,
41095516,Stichting Dr. Bernard Verbeeten Instituut,2020,Verstegen,86221,
41095516,Stichting Dr. Bernard Verbeeten Instituut,2021,Verstegen,86221,
41095516,Stichting Dr. Bernard Verbeeten Instituut,2022,Verstegen,86221,
41095516,Stichting Dr. Bernard Verbeeten Instituut,2023,Verstegen,86221,
41095516,Stichting Dr. Bernard Verbeeten Instituut,2024,Verstegen,86221,
05081871,"Stichting Driezorg, Wonen Welzijn & Zorg",2018,Verstegen,87302,
28081074,Stichting DSV,2019,Verstegen,69209,
28081074,Stichting DSV,2021,Verstegen,69209,
28081074,Stichting DSV,2022,Verstegen,69209,
28081074,Stichting DSV,2023,Verstegen,69209,
28081074,Stichting DSV,2024,Verstegen,69209,
28081074,Stichting DSV,2025,Verstegen,69209,
41149944,Stichting Duivenvoorde,2018,Verstegen,68201,
41149944,Stichting Duivenvoorde,2019,Verstegen,68201,
41149944,Stichting Duivenvoorde,2023,Verstegen,68201,
41149944,Stichting Duivenvoorde,2024,Verstegen,68201,
41149944,Stichting Duivenvoorde,2025,Verstegen,68201,
41114159,Stichting Dé Provinciale Kraamzorg,2024,Verstegen,86942,
04031659,Stichting Eelder Woningbouw,2018,Verstegen,68201,
04031659,Stichting Eelder Woningbouw,2019,Verstegen,68201,
04031659,Stichting Eelder Woningbouw,2020,Verstegen,68201,
04031659,Stichting Eelder Woningbouw,2021,Verstegen,68201,
04031659,Stichting Eelder Woningbouw,2022,Verstegen,68201,
04031659,Stichting Eelder Woningbouw,2023,Verstegen,68201,
04031659,Stichting Eelder Woningbouw,2024,Verstegen,68201,
04031659,Stichting Eelder Woningbouw,2025,Verstegen,68201,
63495554,Stichting Elzeneindhuis,2018,Verstegen,8720,
41222646,Stichting Epilepsie Instellingen Nederland,2018,Verstegen,86103,
41222646,Stichting Epilepsie Instellingen Nederland,2019,Verstegen,88103,
41222646,Stichting Epilepsie Instellingen Nederland,2020,Verstegen,88103,
41222646,Stichting Epilepsie Instellingen Nederland,2022,Verstegen,88103,
41222646,Stichting Epilepsie Instellingen Nederland,2023,Verstegen,88103,
41222646,Stichting Epilepsie Instellingen Nederland,2024,Verstegen,88103,
67176771,Stichting Excellent Klinieken,2022,Verstegen,86221,
67176771,Stichting Excellent Klinieken,2024,Verstegen,86221,
67176771,Stichting Excellent Klinieken,2025,Verstegen,86221,
41035369,Stichting Filadelfia II,2019,Verstegen,94993,
41035369,Stichting Filadelfia II,2021,Verstegen,94993,
41078510,Stichting Gehandicaptenzorg,2023,Verstegen,84121,
41078510,Stichting Gehandicaptenzorg,2024,Verstegen,84121,
41078510,Stichting Gehandicaptenzorg,2025,Verstegen,84121,
41129397,Stichting Gereformeerd Burgerweeshuis van Rotterdam,2023,Verstegen,88999,
37107647,Stichting Geriant,2018,Verstegen,86104,
37107647,Stichting Geriant,2019,Verstegen,86104,
37107647,Stichting Geriant,2020,Verstegen,86104,
37107647,Stichting Geriant,2021,Verstegen,86104,
37107647,Stichting Geriant,2022,Verstegen,86104,
37107647,Stichting Geriant,2023,Verstegen,86104,
37107647,Stichting Geriant,2024,Verstegen,86104,
37107647,Stichting Geriant,2025,Verstegen,86104,
27352615,Stichting HCO,2018,Verstegen,,
27352615,Stichting HCO,2020,Verstegen,,
27352615,Stichting HCO,2022,Verstegen,,
41232103,Stichting Hervormd Centrum Pennemes,2018,Verstegen,8710,
41232103,Stichting Hervormd Centrum Pennemes,2020,Verstegen,,
41165888,Stichting Het Lichtpunt,2018,Verstegen,8720,
41118833,Stichting Het Parkhuis,2018,Verstegen,8710,
41118833,Stichting Het Parkhuis,2020,Verstegen,,
41118833,Stichting Het Parkhuis,2021,Verstegen,,
41118833,Stichting Het Parkhuis,2022,Verstegen,,
41118833,Stichting Het Parkhuis,2023,Verstegen,,
28103868,Stichting Het Raamwerk,2018,Verstegen,88101,
28103868,Stichting Het Raamwerk,2020,Verstegen,86942,
28103868,Stichting Het Raamwerk,2022,Verstegen,86942,
28103868,Stichting Het Raamwerk,2023,Verstegen,86942,
28103868,Stichting Het Raamwerk,2024,Verstegen,86942,
28103868,Stichting Het Raamwerk,2025,Verstegen,86942,
24340913,Stichting Hospice Hoeksche Waard,2018,Verstegen,94993,
24340913,Stichting Hospice Hoeksche Waard,2019,Verstegen,94993,
24340913,Stichting Hospice Hoeksche Waard,2020,Verstegen,94993,
24340913,Stichting Hospice Hoeksche Waard,2023,Verstegen,94993,
76317927,Stichting Hospice Hoeksche Waard Zorg,2019,Verstegen,87100,
76317927,Stichting Hospice Hoeksche Waard Zorg,2024,Verstegen,87100,
76317927,Stichting Hospice Hoeksche Waard Zorg,2025,Verstegen,87100,
41169944,Stichting HOZO,2018,Verstegen,8710,
34166604,Stichting Huisartsenposten Amsterdam,2022,Verstegen,82200,
34166604,Stichting Huisartsenposten Amsterdam,2024,Verstegen,82200,
34166604,Stichting Huisartsenposten Amsterdam,2025,Verstegen,82200,
30236066,Stichting Huize Het Oosten,2018,Verstegen,87302,
30236066,Stichting Huize Het Oosten,2019,Verstegen,87302,
30236066,Stichting Huize Het Oosten,2020,Verstegen,87302,
30236066,Stichting Huize Het Oosten,2022,Verstegen,87302,
27251009,Stichting Hulp en Opvang Prostitutie en Mensenhandel (SHOP),2022,Verstegen,87992,
27251009,Stichting Hulp en Opvang Prostitutie en Mensenhandel (SHOP),2024,Verstegen,87992,
09141342,Stichting Innoforte,2018,Verstegen,82100,
09141342,Stichting Innoforte,2019,Verstegen,82100,
09141342,Stichting Innoforte,2020,Verstegen,82100,
09141342,Stichting Innoforte,2021,Verstegen,82100,
09141342,Stichting Innoforte,2022,Verstegen,82100,
09141342,Stichting Innoforte,2023,Verstegen,82100,
09141342,Stichting Innoforte,2024,Verstegen,82100,
09141342,Stichting Innoforte,2025,Verstegen,82100,
01087289,Stichting Interzorg Groep,2019,Verstegen,88992,
01087289,Stichting Interzorg Groep,2020,Verstegen,88992,
41158974,Stichting Jeugdbescherming west Beleid en Bedrijfsvoering,2018,Verstegen,88991,
41158974,Stichting Jeugdbescherming west Beleid en Bedrijfsvoering,2019,Verstegen,88991,
41158974,Stichting Jeugdbescherming west Beleid en Bedrijfsvoering,2020,Verstegen,88991,
41158974,Stichting Jeugdbescherming west Beleid en Bedrijfsvoering,2021,Verstegen,88991,
41158974,Stichting Jeugdbescherming west Beleid en Bedrijfsvoering,2022,Verstegen,88991,
41158974,Stichting Jeugdbescherming west Beleid en Bedrijfsvoering,2023,Verstegen,88991,
41158972,Stichting Jeugdbescherming west Haaglanden,2018,Verstegen,88991,
41158972,Stichting Jeugdbescherming west Haaglanden,2019,Verstegen,88991,
41158972,Stichting Jeugdbescherming west Haaglanden,2020,Verstegen,88991,
41158972,Stichting Jeugdbescherming west Haaglanden,2021,Verstegen,88991,
41158972,Stichting Jeugdbescherming west Haaglanden,2022,Verstegen,88991,
41158972,Stichting Jeugdbescherming west Haaglanden,2023,Verstegen,88991,
41158972,Stichting Jeugdbescherming west Haaglanden,2024,Verstegen,88991,
41158972,Stichting Jeugdbescherming west Haaglanden,2025,Verstegen,88991,
22051869,Stichting Jeugdbescherming west Zeeland,2018,Verstegen,88991,
22051869,Stichting Jeugdbescherming west Zeeland,2019,Verstegen,88991,
22051869,Stichting Jeugdbescherming west Zeeland,2020,Verstegen,88991,
22051869,Stichting Jeugdbescherming west Zeeland,2021,Verstegen,88991,
22051869,Stichting Jeugdbescherming west Zeeland,2022,Verstegen,88991,
22051869,Stichting Jeugdbescherming west Zeeland,2023,Verstegen,88991,
22051869,Stichting Jeugdbescherming west Zeeland,2024,Verstegen,88991,
22051869,Stichting Jeugdbescherming west Zeeland,2025,Verstegen,88991,
41169384,Stichting Jeugdbescherming west Zuid-Holland,2018,Verstegen,88991,
41169384,Stichting Jeugdbescherming west Zuid-Holland,2019,Verstegen,88991,
41169384,Stichting Jeugdbescherming west Zuid-Holland,2020,Verstegen,88991,
41169384,Stichting Jeugdbescherming west Zuid-Holland,2021,Verstegen,88991,
41169384,Stichting Jeugdbescherming west Zuid-Holland,2022,Verstegen,88991,
41169384,Stichting Jeugdbescherming west Zuid-Holland,2023,Verstegen,88991,
41169384,Stichting Jeugdbescherming west Zuid-Holland,2024,Verstegen,88991,
41169384,Stichting Jeugdbescherming west Zuid-Holland,2025,Verstegen,88991,
61806897,Stichting Jeugdteams Zuid-Holland Zuid,2023,Verstegen,88992,
61806897,Stichting Jeugdteams Zuid-Holland Zuid,2024,Verstegen,88992,
61806897,Stichting Jeugdteams Zuid-Holland Zuid,2025,Verstegen,88992,
27195258,Stichting Johannahuis,2018,Verstegen,86921,
27195258,Stichting Johannahuis,2019,Verstegen,87100,
27195258,Stichting Johannahuis,2020,Verstegen,87100,
27195258,Stichting Johannahuis,2022,Verstegen,87100,
27195258,Stichting Johannahuis,2023,Verstegen,87100,
27195258,Stichting Johannahuis,2024,Verstegen,87100,
27195258,Stichting Johannahuis,2025,Verstegen,87100,
06062073,Stichting Jongeren Huisvesting Twente,2023,Verstegen,68201,
06062073,Stichting Jongeren Huisvesting Twente,2025,Verstegen,68201,
69092222,Stichting Jongleren,2018,Verstegen,88910,
69092222,Stichting Jongleren,2019,Verstegen,88910,
69092222,Stichting Jongleren,2020,Verstegen,88910,
37136132,Stichting JonkersZorg,2018,Verstegen,8710,
37136132,Stichting JonkersZorg,2020,Verstegen,87100,
37136132,Stichting JonkersZorg,2022,Verstegen,87100,
37136132,Stichting JonkersZorg,2023,Verstegen,87100,
37136132,Stichting JonkersZorg,2024,Verstegen,87100,
37136132,Stichting JonkersZorg,2025,Verstegen,87100,
41155836,Stichting Joods Bejaardencentrum Den Haag,2018,Verstegen,8710,
41197282,Stichting Joods Maatschappelijk Werk,2019,Verstegen,94996,
41197282,Stichting Joods Maatschappelijk Werk,2024,Verstegen,94996,
41197282,Stichting Joods Maatschappelijk Werk,2025,Verstegen,94996,
41197282,Stichting Joods Maatschappelijk Werk (J.M.W.),2018,Verstegen,94996,
41114538,Stichting Juvent,2024,Verstegen,88991,
01169573,Stichting Keroazie,2019,Verstegen,,
30213012,Stichting Klachten en Geschillen Zorgverzekeringen,2024,Verstegen,69102,
30213012,Stichting Klachten en Geschillen Zorgverzekeringen,2025,Verstegen,69102,
52511677,Stichting Klas op Wielen,2018,Verstegen,86929,
52511677,Stichting Klas op Wielen,2020,Verstegen,,
52511677,Stichting Klas op Wielen,2021,Verstegen,,
41049838,Stichting Klimmendaal,2018,Verstegen,86103,
41049838,Stichting Klimmendaal,2020,Verstegen,86103,
41049838,Stichting Klimmendaal,2021,Verstegen,86103,
41049838,Stichting Klimmendaal,2022,Verstegen,86103,
41049838,Stichting Klimmendaal,2023,Verstegen,86103,
41049838,Stichting Klimmendaal,2025,Verstegen,86103,
68156480,Stichting Klots,2023,Verstegen,88991,
24337090,Stichting Kraamzorg de Waarden Groep,2019,Verstegen,86942,
24337090,Stichting Kraamzorg de Waarden Groep,2020,Verstegen,86942,
24337090,Stichting Kraamzorg de Waarden Groep,2024,Verstegen,86942,
24337090,Stichting Kraamzorg de Waarden Groep,2025,Verstegen,86942,
41210776,Stichting Kuria,2023,Verstegen,87100,
33301953,Stichting Kuria Zorg,2022,Verstegen,87100,
33301953,Stichting Kuria Zorg,2023,Verstegen,87100,
33301953,Stichting Kuria Zorg,2024,Verstegen,87100,
27323480,Stichting Kwadraad,2024,Verstegen,88992,
52611302,Stichting Landelijk Wonen Klein Houtdijk,2025,Verstegen,87302,
02071053,Stichting Landelijke Instelling voor Maatschappelijke Ondersteuning en Rehabilitatie,2018,Verstegen,87902,
02071053,Stichting Landelijke Instelling voor Maatschappelijke Ondersteuning en Rehabilitatie,2019,Verstegen,87992,
02071053,Stichting Landelijke Instelling voor Maatschappelijke Ondersteuning en Rehabilitatie,2020,Verstegen,87992,
02071053,Stichting Landelijke Instelling voor Maatschappelijke Ondersteuning en Rehabilitatie,2022,Verstegen,87992,
02071053,Stichting Landelijke Instelling voor Maatschappelijke Ondersteuning en Rehabilitatie,2023,Verstegen,87992,
02071053,Stichting Landelijke Instelling voor Maatschappelijke Ondersteuning en Rehabilitatie,2024,Verstegen,87992,
02071053,Stichting Landelijke Instelling voor Maatschappelijke Ondersteuning en Rehabilitatie,2025,Verstegen,87992,
23028047,Stichting Lek en Waard Wonen,2023,Verstegen,68201,
23028047,Stichting Lek en Waard Wonen,2025,Verstegen,68201,
28111649,Stichting Libertas Leiden,2018,Verstegen,88993,
28111649,Stichting Libertas Leiden,2019,Verstegen,87302,
28111649,Stichting Libertas Leiden,2020,Verstegen,87302,
28111649,Stichting Libertas Leiden,2022,Verstegen,87302,
28111649,Stichting Libertas Leiden,2023,Verstegen,87302,
28111649,Stichting Libertas Leiden,2024,Verstegen,87302,
41180956,Stichting Lister,2019,Verstegen,87202,
41180956,Stichting Lister,2020,Verstegen,87202,
41180956,Stichting Lister,2022,Verstegen,87202,
41180956,Stichting Lister,2023,Verstegen,87202,
41180956,Stichting Lister,2024,Verstegen,87202,
41180956,Stichting Lister,2025,Verstegen,87202,
08122202,Stichting Livio,2023,Verstegen,82100,
08122202,Stichting Livio,2024,Verstegen,82100,
08122202,Stichting Livio,2025,Verstegen,82100,
41129724,Stichting MaasWonen,2018,Verstegen,68201,
41129724,Stichting MaasWonen,2020,Verstegen,68201,
41129724,Stichting MaasWonen,2024,Verstegen,68201,
41081261,Stichting Maatschappelijke Ondersteuning Verdihuis,2019,Verstegen,87992,
41081261,Stichting Maatschappelijke Ondersteuning Verdihuis,2020,Verstegen,87992,
41081261,Stichting Maatschappelijke Ondersteuning Verdihuis,2021,Verstegen,87992,
41081261,Stichting Maatschappelijke Ondersteuning Verdihuis,2022,Verstegen,87992,
41081261,Stichting Maatschappelijke Ondersteuning Verdihuis,2023,Verstegen,87992,
41081261,Stichting Maatschappelijke Ondersteuning Verdihuis,2025,Verstegen,87992,
41088185,Stichting Maatschappelijke Opvang Helmond en omgeving,2018,Verstegen,87902,
41088185,Stichting Maatschappelijke Opvang Helmond en omgeving,2020,Verstegen,87992,
41088185,Stichting Maatschappelijke Opvang Helmond en omgeving,2021,Verstegen,87992,
41088185,Stichting Maatschappelijke Opvang Helmond en omgeving,2022,Verstegen,87992,
41088185,Stichting Maatschappelijke Opvang Helmond en omgeving,2023,Verstegen,87992,
41088185,Stichting Maatschappelijke Opvang Helmond en omgeving,2024,Verstegen,87992,
41088185,Stichting Maatschappelijke Opvang Helmond en omgeving,2025,Verstegen,87992,
41098121,"Stichting Maatschappelijke Opvang Midden-Brabant, Traverse",2020,Verstegen,87992,
41098121,"Stichting Maatschappelijke Opvang Midden-Brabant, Traverse",2021,Verstegen,87992,
41098121,"Stichting Maatschappelijke Opvang Midden-Brabant, Traverse",2022,Verstegen,87992,
41098121,"Stichting Maatschappelijke Opvang Midden-Brabant, Traverse",2023,Verstegen,87992,
41098121,"Stichting Maatschappelijke Opvang Midden-Brabant, Traverse",2024,Verstegen,87992,
41098121,"Stichting Maatschappelijke Opvang Midden-Brabant, Traverse",2025,Verstegen,87992,
41081261,Stichting Maatschappelijke Opvang Verdihuis,2018,Verstegen,87902,
93305079,Stichting Maatwerkbudgetten Toeslagen Amsterdam,2025,Verstegen,94996,
41000996,Stichting Maeykehiem,2018,Verstegen,8720,
41000996,Stichting Maeykehiem,2020,Verstegen,87201,
41000996,Stichting Maeykehiem,2022,Verstegen,87201,
41000996,Stichting Maeykehiem,2023,Verstegen,87201,
41000996,Stichting Maeykehiem,2024,Verstegen,87201,
41000996,Stichting Maeykehiem,2025,Verstegen,87201,
41055707,"Stichting Malderburch, welzijn, wonen en zorg",2019,Verstegen,87302,
24374161,Stichting Mara,2023,Verstegen,94993,
11048438,Stichting Marant,2020,Verstegen,,
41099605,Stichting Maria-Oord,2018,Verstegen,8710,
17225014,Stichting Mariënstede,2018,Verstegen,82999,
17225014,Stichting Mariënstede,2019,Verstegen,82990,
17225014,Stichting Mariënstede,2020,Verstegen,82990,
41053245,Stichting Markenheem,2025,Verstegen,86942,
41182523,Stichting Maximiliaan van der Gucht,2018,Verstegen,91220,
41182523,Stichting Maximiliaan van der Gucht,2019,Verstegen,91220,
41017251,Stichting MEE Drenthe,2018,Verstegen,,
41010617,Stichting MEE Groningen,2018,Verstegen,,
41010617,Stichting MEE Groningen,2019,Verstegen,,
41010617,Stichting MEE Groningen,2020,Verstegen,,
41118157,Stichting MEE Plus,2018,Verstegen,88992,
41118157,Stichting MEE Plus,2019,Verstegen,88992,
41118157,Stichting MEE Plus,2020,Verstegen,88992,
41118157,Stichting MEE Plus,2023,Verstegen,88992,
41118157,Stichting MEE Plus,2024,Verstegen,88992,
59327871,Stichting MEE Samen,2025,Verstegen,88103,
20104105,Stichting MEE West-Brabant,2022,Verstegen,88103,
41160088,Stichting MEE Zuid-Holland Noord,2018,Verstegen,88103,
41160088,Stichting MEE Zuid-Holland Noord,2019,Verstegen,88103,
41160088,Stichting MEE Zuid-Holland Noord,2020,Verstegen,88103,
41160088,Stichting MEE Zuid-Holland Noord,2023,Verstegen,88103,
24344402,Stichting Melles Hoornvlieskliniek Rotterdam,2018,Verstegen,94993,
24344402,Stichting Melles Hoornvlieskliniek Rotterdam,2019,Verstegen,94993,
24344402,Stichting Melles Hoornvlieskliniek Rotterdam,2020,Verstegen,94993,
24344402,Stichting Melles Hoornvlieskliniek Rotterdam,2022,Verstegen,94993,
24344402,Stichting Melles Hoornvlieskliniek Rotterdam,2023,Verstegen,94993,
37123653,Stichting Merakel,2018,Verstegen,94997,
37123653,Stichting Merakel,2019,Verstegen,,
61149683,Stichting Merel Foundation,2024,Verstegen,87202,
61149683,Stichting Merel Foundation,2025,Verstegen,87202,
41194854,Stichting Merem Medische Revalidatie,2023,Verstegen,86103,
41194854,Stichting Merem Medische Revalidatie,2024,Verstegen,86103,
24406740,Stichting Merinos,2018,Verstegen,8710,
24406740,Stichting Merinos,2019,Verstegen,87100,
24406740,Stichting Merinos,2020,Verstegen,87100,
41013439,Stichting MJD,2018,Verstegen,88993,
41013439,Stichting MJD-Groningen,2019,Verstegen,88993,
41013439,Stichting MJD-Groningen,2020,Verstegen,88993,
41013439,Stichting MJD-Groningen,2021,Verstegen,88993,
41013439,Stichting MJD-Groningen,2023,Verstegen,88993,
76425754,Stichting Mooi Sociaal,2021,Verstegen,88992,
76425754,Stichting Mooi Sociaal,2024,Verstegen,88992,
41047476,Stichting Neboplus,2019,Verstegen,87302,
61774456,Stichting Netwerk Maatschappelijke Ontwikkeling,2023,Verstegen,88991,
61774456,Stichting Netwerk Maatschappelijke Ontwikkeling,2024,Verstegen,88991,
61774456,Stichting Netwerk Maatschappelijke Ontwikkeling,2025,Verstegen,88991,
67320686,Stichting Nieuw Hermes Huis,2018,Verstegen,,
67320686,Stichting Nieuw Hermes Huis,2019,Verstegen,,
41014477,"Stichting Nieuw Woelwijck, dorpsgemeenschap van geestelijk gehandicapten",2018,Verstegen,8720,
30206553,Stichting NKCV,2018,Verstegen,86222,
30206553,Stichting NKCV,2019,Verstegen,,
72630787,Stichting Noorderzorg,2018,Verstegen,87302,
72630787,Stichting Noorderzorg,2019,Verstegen,87100,
72630787,Stichting Noorderzorg,2020,Verstegen,87100,
72630787,Stichting Noorderzorg,2022,Verstegen,87100,
72630787,Stichting Noorderzorg,2023,Verstegen,87100,
72630787,Stichting Noorderzorg,2025,Verstegen,87100,
51662264,Stichting OBG,2019,Verstegen,88102,
51662264,Stichting OBG,2020,Verstegen,88102,
51662264,Stichting OBG,2021,Verstegen,88102,
51662264,Stichting OBG,2022,Verstegen,88102,
51662264,Stichting OBG,2024,Verstegen,88102,
51662264,Stichting OBG,2025,Verstegen,88102,
41231857,Stichting Odion,2018,Verstegen,8720,
41231857,Stichting Odion,2020,Verstegen,88103,
41231857,Stichting Odion,2022,Verstegen,88103,
41004209,Stichting OlmenEs,2018,Verstegen,8720,
41004209,Stichting OlmenEs,2019,Verstegen,87201,
41004209,Stichting OlmenEs,2020,Verstegen,87201,
41004209,Stichting OlmenEs,2021,Verstegen,87201,
41004209,Stichting OlmenEs,2022,Verstegen,87201,
41004209,Stichting OlmenEs,2023,Verstegen,87201,
41004209,Stichting OlmenEs,2024,Verstegen,87201,
41004209,Stichting OlmenEs,2025,Verstegen,87201,
41149243,Stichting OnderwijsAdvies,2018,Verstegen,8560,
24371737,Stichting Ontmoeting,2018,Verstegen,88993,
24371737,Stichting Ontmoeting,2019,Verstegen,88992,
24371737,Stichting Ontmoeting,2020,Verstegen,88992,
24371737,Stichting Ontmoeting,2022,Verstegen,88992,
24371737,Stichting Ontmoeting,2023,Verstegen,88992,
24371737,Stichting Ontmoeting,2024,Verstegen,88992,
24371737,Stichting Ontmoeting,2025,Verstegen,88992,
24371741,Stichting Ontmoeting Fondsenwerving,2025,Verstegen,88999,
24107608,Stichting Onze Woning,2018,Verstegen,,
24107608,Stichting Onze Woning,2019,Verstegen,,
24107608,Stichting Onze Woning,2020,Verstegen,,
37140329,Stichting Oog voor Zorg,2018,Verstegen,86221,
37140329,Stichting Oog voor Zorg,2019,Verstegen,86221,
37140329,Stichting Oog voor Zorg,2020,Verstegen,86221,
37140329,Stichting Oog voor Zorg,2021,Verstegen,86221,
37140329,Stichting Oog voor Zorg,2023,Verstegen,86221,
37140329,Stichting Oog voor Zorg,2024,Verstegen,86221,
37140329,Stichting Oog voor Zorg,2025,Verstegen,86221,
34331785,Stichting Oogheelkundig Centrum Haarlemmermeer,2020,Verstegen,86221,
57614245,Stichting Oogkliniek Drechtsteden,2018,Verstegen,86221,
57614245,Stichting Oogkliniek Drechtsteden,2019,Verstegen,86221,
57614245,Stichting Oogkliniek Drechtsteden,2020,Verstegen,86221,
57614245,Stichting Oogkliniek Drechtsteden,2021,Verstegen,86221,
57614245,Stichting Oogkliniek Drechtsteden,2022,Verstegen,86221,
57614245,Stichting Oogkliniek Drechtsteden,2023,Verstegen,86221,
23031811,Stichting Oost West Wonen,2019,Verstegen,68201,
23031811,Stichting Oost West Wonen,2020,Verstegen,68201,
86463438,Stichting OP Groei,2024,Verstegen,88991,
41134062,Stichting Orion,2018,Verstegen,8720,
41134062,Stichting Orion,2019,Verstegen,,
70566682,Stichting Orthopedische en Sportmedische Klinieken Oost Nederland,2019,Verstegen,86221,
70566682,Stichting Orthopedische en Sportmedische Klinieken Oost Nederland,2020,Verstegen,86221,
70566682,Stichting Orthopedische en Sportmedische Klinieken Oost Nederland,2022,Verstegen,86221,
70566682,Stichting Orthopedische en Sportmedische Klinieken Oost Nederland,2023,Verstegen,86221,
41080557,Stichting Ouderenzorg Annenborch,2019,Verstegen,86999,
41080557,Stichting Ouderenzorg Annenborch,2020,Verstegen,86999,
41080557,Stichting Ouderenzorg Annenborch,2022,Verstegen,86999,
41080557,Stichting Ouderenzorg Annenborch,2023,Verstegen,86999,
41080557,Stichting Ouderenzorg Annenborch,2024,Verstegen,86999,
41080557,Stichting Ouderenzorg Annenborch,2025,Verstegen,86999,
41178066,Stichting Ouderenzorg Oudewater,2018,Verstegen,87302,
20115882,Stichting Park Zuiderhout,2018,Verstegen,87302,
20115882,Stichting Park Zuiderhout,2020,Verstegen,87302,
20115882,Stichting Park Zuiderhout,2021,Verstegen,87302,
20115882,Stichting Park Zuiderhout,2022,Verstegen,87302,
20115882,Stichting Park Zuiderhout,2023,Verstegen,87302,
20115882,Stichting Park Zuiderhout,2024,Verstegen,87302,
20115882,Stichting Park Zuiderhout,2025,Verstegen,87302,
37111182,Stichting Parlan,2018,Verstegen,87901,
37111182,Stichting PARLAN,2020,Verstegen,87991,
37111182,Stichting PARLAN,2022,Verstegen,87991,
37111182,Stichting PARLAN,2023,Verstegen,87991,
37111182,Stichting PARLAN,2024,Verstegen,87991,
37111182,Stichting PARLAN,2025,Verstegen,87991,
09154718,Stichting Parousie,2019,Verstegen,87202,
09154718,Stichting Parousie,2020,Verstegen,87202,
09154718,Stichting Parousie,2022,Verstegen,87202,
09154718,Stichting Parousie,2023,Verstegen,87202,
09154718,Stichting Parousie,2024,Verstegen,87202,
09154718,Stichting Parousie,2025,Verstegen,87202,
41149303,Stichting Pelita,2022,Verstegen,88992,
41149303,Stichting Pelita,2023,Verstegen,88992,
41149303,Stichting Pelita,2024,Verstegen,88992,
04074078,Stichting Phusis,2018,Verstegen,87301,
04074078,Stichting Phusis,2019,Verstegen,87201,
04074078,Stichting Phusis,2020,Verstegen,87201,
04074078,Stichting Phusis,2021,Verstegen,87201,
04074078,Stichting Phusis,2022,Verstegen,87201,
04074078,Stichting Phusis,2023,Verstegen,87201,
04074078,Stichting Phusis,2024,Verstegen,87201,
04074078,Stichting Phusis,2025,Verstegen,87201,
50741632,Stichting Present,2020,Verstegen,,
50741632,Stichting Present,2021,Verstegen,,
50741632,Stichting Present,2022,Verstegen,,
41059107,Stichting Prezzent,2018,Verstegen,88992,
59531959,Stichting Profila Zorg Groep,2018,Verstegen,69209,
59531959,Stichting Profila Zorg Groep,2019,Verstegen,,
41125262,STICHTING PROTESTANTS CHRISTELIJKE ZORGORGANISATIE RIEDERBORGH,2018,Verstegen,8710,
41125262,STICHTING PROTESTANTS CHRISTELIJKE ZORGORGANISATIE RIEDERBORGH,2020,Verstegen,,
41125262,STICHTING PROTESTANTS CHRISTELIJKE ZORGORGANISATIE RIEDERBORGH,2021,Verstegen,,
11042268,Stichting Protestants-Christelijk Zorgcentrum 't Slot,2018,Verstegen,8710,
41059171,Stichting Protestants-Christelijk Zorgcentrum Anker,2018,Verstegen,8710,
41118005,Stichting Protestantse Zorggroep Crabbehoff,2018,Verstegen,8710,
30271006,Stichting QuaRijn,2018,Verstegen,87302,
30271006,Stichting QuaRijn,2019,Verstegen,87302,
30271006,Stichting QuaRijn,2020,Verstegen,87302,
30271006,Stichting QuaRijn,2022,Verstegen,87302,
30271006,Stichting QuaRijn,2023,Verstegen,87302,
30271006,Stichting QuaRijn,2024,Verstegen,87302,
30271006,Stichting QuaRijn,2025,Verstegen,87302,
41001316,Stichting Radiotherapeutisch Instituut Friesland,2022,Verstegen,86221,
41001316,Stichting Radiotherapeutisch Instituut Friesland,2023,Verstegen,86221,
41001316,Stichting Radiotherapeutisch Instituut Friesland,2024,Verstegen,86221,
41001316,Stichting Radiotherapeutisch Instituut Friesland,2025,Verstegen,86221,
28100647,Stichting Radius,2018,Verstegen,88102,
28100647,Stichting Radius,2019,Verstegen,88102,
28100647,Stichting Radius,2020,Verstegen,88102,
28100647,Stichting Radius,2025,Verstegen,88102,
41072452,Stichting Relim,2024,Verstegen,88999,
41072452,Stichting Relim,2025,Verstegen,88999,
74412930,Stichting Relim-Groep,2023,Verstegen,32991,
41151355,Stichting Ribw Fonteynenburg,2018,Verstegen,69209,
41022558,Stichting Rosengaerde,2018,Verstegen,87302,
41022558,Stichting Rosengaerde,2022,Verstegen,87302,
41022558,Stichting Rosengaerde,2023,Verstegen,87302,
41022558,Stichting Rosengaerde,2024,Verstegen,87302,
41022558,Stichting Rosengaerde,2025,Verstegen,87302,
41113612,Stichting RPCZ,2018,Verstegen,,
41113612,Stichting RPCZ,2020,Verstegen,,
41113612,Stichting RPCZ,2022,Verstegen,,
41050605,Stichting RST Zorgverleners,2018,Verstegen,88101,
41050605,"Stichting RST Zorgverleners, RST Zorgverleners Waardenland, RST Zorgverleners (Zwolle)",2019,Verstegen,86942,
41050605,"Stichting RST Zorgverleners, RST Zorgverleners Waardenland, RST Zorgverleners (Zwolle)",2020,Verstegen,86942,
41050605,"Stichting RST Zorgverleners, RST Zorgverleners Waardenland, RST Zorgverleners (Zwolle)",2021,Verstegen,86942,
41050605,"Stichting RST Zorgverleners, RST Zorgverleners Waardenland, RST Zorgverleners (Zwolle)",2022,Verstegen,86942,
41050605,"Stichting RST Zorgverleners, RST Zorgverleners Waardenland, RST Zorgverleners (Zwolle)",2023,Verstegen,86942,
41050605,"Stichting RST Zorgverleners, RST Zorgverleners Waardenland, RST Zorgverleners (Zwolle)",2024,Verstegen,86942,
41050605,"Stichting RST Zorgverleners, RST Zorgverleners Waardenland, RST Zorgverleners (Zwolle)",2025,Verstegen,86942,
41102051,Stichting Ruitersbos,2018,Verstegen,88101,
41102928,Stichting S & L Zorg,2023,Verstegen,87201,
41102928,Stichting S & L Zorg,2024,Verstegen,87201,
41102928,Stichting S & L Zorg,2025,Verstegen,87201,
41130278,"Stichting Salem, Uitgaande van de Gereformeerde Gezindte",2018,Verstegen,8710,
24299892,Stichting Salios,2020,Verstegen,87100,
24299892,Stichting Salios,2021,Verstegen,87100,
24299892,Stichting Salios,2022,Verstegen,87100,
24299892,Stichting Salios,2023,Verstegen,87100,
24299892,Stichting Salios,2024,Verstegen,87100,
24299892,Stichting Salios,2025,Verstegen,87100,
41177220,Stichting Samen Veilig Midden-Nederland,2018,Verstegen,88993,
41177220,Stichting Samen Veilig Midden-Nederland,2019,Verstegen,88992,
41177220,Stichting Samen Veilig Midden-Nederland,2020,Verstegen,88992,
41177220,Stichting Samen Veilig Midden-Nederland,2021,Verstegen,88992,
41177220,Stichting Samen Veilig Midden-Nederland,2022,Verstegen,88992,
41177220,Stichting Samen Veilig Midden-Nederland,2023,Verstegen,88992,
41177220,Stichting Samen Veilig Midden-Nederland,2024,Verstegen,88992,
41177220,Stichting Samen Veilig Midden-Nederland,2025,Verstegen,88992,
41113577,Stichting Schutse Zorg Tholen,2018,Verstegen,87302,
41186582,Stichting Sherpa,2020,Verstegen,,
41186582,Stichting Sherpa,2021,Verstegen,,
41186582,Stichting Sherpa,2022,Verstegen,,
41186582,Stichting Sherpa,2023,Verstegen,,
41186582,Stichting Sherpa,2024,Verstegen,,
41222776,"Stichting SIG, organisatie voor ondersteuning van mensen met een beperking",2018,Verstegen,8720,
41222776,"Stichting SIG, organisatie voor ondersteuning van mensen met een beperking",2019,Verstegen,87201,
41222776,"Stichting SIG, organisatie voor ondersteuning van mensen met een beperking",2020,Verstegen,87201,
41222776,"Stichting SIG, organisatie voor ondersteuning van mensen met een beperking",2021,Verstegen,87201,
41222776,"Stichting SIG, organisatie voor ondersteuning van mensen met een beperking",2022,Verstegen,87201,
41222776,"Stichting SIG, organisatie voor ondersteuning van mensen met een beperking",2023,Verstegen,87201,
41222776,"Stichting SIG, organisatie voor ondersteuning van mensen met een beperking",2024,Verstegen,87201,
41222776,"Stichting SIG, organisatie voor ondersteuning van mensen met een beperking",2025,Verstegen,87201,
41081234,Stichting Sint Anna,2018,Verstegen,8710,
41081234,Stichting Sint Anna,2019,Verstegen,87100,
41081234,Stichting Sint Anna,2020,Verstegen,87100,
41081234,Stichting Sint Anna,2022,Verstegen,87100,
41081234,Stichting Sint Anna,2024,Verstegen,87100,
41062030,Stichting Sint Annaklooster,2018,Verstegen,8710,
41095652,Stichting Sint Joris,2018,Verstegen,87302,
41095652,Stichting Sint Joris,2021,Verstegen,87302,
41095652,Stichting Sint Joris,2022,Verstegen,87302,
41095652,Stichting Sint Joris,2023,Verstegen,87302,
41095652,Stichting Sint Joris,2024,Verstegen,87302,
41095652,Stichting Sint Joris,2025,Verstegen,87302,
24485094,Stichting Sirjon Zorggroep,2018,Verstegen,88101,
24485094,Stichting Sirjon Zorggroep,2020,Verstegen,88103,
24485094,Stichting Sirjon Zorggroep,2022,Verstegen,88103,
24485094,Stichting Sirjon Zorggroep,2023,Verstegen,88103,
24485094,Stichting Sirjon Zorggroep,2024,Verstegen,88103,
41149643,Stichting Spaanse Evangelische Zending,2018,Verstegen,94910,
41149643,Stichting Spaanse Evangelische Zending,2019,Verstegen,94910,
41149643,Stichting Spaanse Evangelische Zending,2020,Verstegen,94910,
41149643,Stichting Spaanse Evangelische Zending,2021,Verstegen,94910,
41149643,Stichting Spaanse Evangelische Zending,2022,Verstegen,94910,
41149643,Stichting Spaanse Evangelische Zending,2024,Verstegen,94910,
69635633,Stichting SPRING Jeugdhulp,2021,Verstegen,88991,
69635633,Stichting SPRING Jeugdhulp,2022,Verstegen,88991,
69635633,Stichting SPRING Jeugdhulp,2023,Verstegen,88991,
69635633,Stichting SPRING Jeugdhulp,2024,Verstegen,88991,
69635633,Stichting SPRING Jeugdhulp,2025,Verstegen,88991,
41102327,Stichting St. Elisabeth,2018,Verstegen,87302,
41081766,Stichting St. Jozefoord,2018,Verstegen,8710,
41190614,Stichting St. Pieters en Bloklands Gasthuis,2018,Verstegen,87302,
41190614,Stichting St. Pieters en Bloklands Gasthuis,2020,Verstegen,87302,
41190614,Stichting St. Pieters en Bloklands Gasthuis,2021,Verstegen,87302,
41190614,Stichting St. Pieters en Bloklands Gasthuis,2022,Verstegen,87302,
41190614,Stichting St. Pieters en Bloklands Gasthuis,2023,Verstegen,87302,
41190614,Stichting St. Pieters en Bloklands Gasthuis,2024,Verstegen,87302,
41224304,Stichting Sterk Bloemendaal Heemstede,2018,Verstegen,88992,
41224304,Stichting Sterk Bloemendaal Heemstede,2020,Verstegen,88992,
41224304,Stichting Sterk Bloemendaal Heemstede,2023,Verstegen,88992,
41224304,Stichting Sterk Bloemendaal Heemstede,2024,Verstegen,88992,
41040021,Stichting Stimenz,2021,Verstegen,88992,
41040021,Stichting Stimenz,2022,Verstegen,88992,
41040021,Stichting Stimenz,2024,Verstegen,88992,
41093769,Stichting SWZ,2018,Verstegen,87301,
41093769,Stichting SWZ,2020,Verstegen,88103,
41093769,Stichting SWZ,2021,Verstegen,88103,
41093769,Stichting SWZ,2022,Verstegen,88103,
41093769,Stichting SWZ,2023,Verstegen,88103,
41093769,Stichting SWZ,2024,Verstegen,88103,
41093769,Stichting SWZ,2025,Verstegen,88103,
37109605,Stichting Sylta,2023,Verstegen,88992,
41121863,Stichting Syndion,2018,Verstegen,8720,
41121863,Stichting Syndion,2019,Verstegen,88103,
41121863,Stichting Syndion,2021,Verstegen,88103,
41121863,Stichting Syndion,2022,Verstegen,88103,
41121863,Stichting Syndion,2023,Verstegen,88103,
41121863,Stichting Syndion,2024,Verstegen,88103,
41121863,Stichting Syndion,2025,Verstegen,88103,
41180827,"Stichting tot het verzorgen van Verstandelijk Gehandicapten ""De Schutse""",2022,Verstegen,87201,
41180827,"Stichting tot het verzorgen van Verstandelijk Gehandicapten ""De Schutse""",2023,Verstegen,87201,
41180827,"Stichting tot het verzorgen van Verstandelijk Gehandicapten ""De Schutse""",2024,Verstegen,87201,
41180827,"Stichting tot het verzorgen van Verstandelijk Gehandicapten ""De Schutse""",2025,Verstegen,87201,
41180827,Stichting tot het verzorgen van Verstandelijk Gehandicapten 'De Schutse',2018,Verstegen,8720,
41149967,Stichting tot Huisvesting Verzorging en Verpleging van Ouderen Eykenburg,2018,Verstegen,87302,
41172086,Stichting tot oprichting en instandhouding van bejaardenoorden en verzorgingstehuizen,2018,Verstegen,87302,
41172086,Stichting tot oprichting en instandhouding van bejaardenoorden en verzorgingstehuizen,2020,Verstegen,87302,
41172086,Stichting tot oprichting en instandhouding van bejaardenoorden en verzorgingstehuizen,2022,Verstegen,87302,
41172086,Stichting tot oprichting en instandhouding van bejaardenoorden en verzorgingstehuizen,2023,Verstegen,87302,
41172086,Stichting tot oprichting en instandhouding van bejaardenoorden en verzorgingstehuizen,2024,Verstegen,87302,
41265454,"Stichting Trimbos-instituut, Netherlands Institute of Mental Health and Addiction",2018,Verstegen,86992,
41265454,"Stichting Trimbos-instituut, Netherlands Institute of Mental Health and Addiction",2019,Verstegen,86992,
41265454,"Stichting Trimbos-instituut, Netherlands Institute of Mental Health and Addiction",2020,Verstegen,86992,
41265454,"Stichting Trimbos-instituut, Netherlands Institute of Mental Health and Addiction",2021,Verstegen,86992,
41265454,"Stichting Trimbos-instituut, Netherlands Institute of Mental Health and Addiction",2022,Verstegen,86992,
41265454,"Stichting Trimbos-instituut, Netherlands Institute of Mental Health and Addiction",2023,Verstegen,86992,
41038659,Stichting Trimenzo,2018,Verstegen,,
30199429,Stichting Umah-Hai,2023,Verstegen,,
01031631,Stichting v/h de Bouwvereniging,2023,Verstegen,68201,
01031631,Stichting v/h de Bouwvereniging,2024,Verstegen,68201,
41168042,Stichting VALK,2018,Verstegen,86930,
41168042,Stichting VALK,2019,Verstegen,86930,
41168042,Stichting VALK,2020,Verstegen,86930,
41168042,Stichting VALK,2022,Verstegen,86930,
41168042,Stichting VALK,2025,Verstegen,86930,
41090962,Stichting Valkenhof,2018,Verstegen,87302,
41186056,Stichting Vastgoed De Bongerd,2018,Verstegen,88102,
41186056,Stichting Vastgoed De Bongerd,2019,Verstegen,88102,
41186056,Stichting Vastgoed De Bongerd,2020,Verstegen,88102,
41186055,Stichting Vastgoed en Beheer De Bongerd,2020,Verstegen,68320,
41178292,Stichting Vastgoed en Beheer De Zonnewijzer,2020,Verstegen,68320,
51286068,Stichting Vecht en IJssel,2018,Verstegen,8710,
51286068,Stichting Vecht en IJssel,2019,Verstegen,87100,
51286068,Stichting Vecht en IJssel,2020,Verstegen,87100,
51286068,Stichting Vecht en IJssel,2021,Verstegen,87100,
51286068,Stichting Vecht en IJssel,2022,Verstegen,87100,
51286068,Stichting Vecht en IJssel,2023,Verstegen,87100,
51286068,Stichting Vecht en IJssel,2024,Verstegen,87100,
51286068,Stichting Vecht en IJssel,2025,Verstegen,87100,
41106567,Stichting Verpleeg- en Verzorgingshuis De      Leystroom,2018,Verstegen,8710,
41188898,Stichting Verzorgingshuis de Koperhorst,2018,Verstegen,87302,
41188898,Stichting Verzorgingshuis de Koperhorst,2020,Verstegen,87302,
41188898,Stichting Verzorgingshuis de Koperhorst,2022,Verstegen,87302,
41188898,Stichting Verzorgingshuis de Koperhorst,2023,Verstegen,87302,
41188898,Stichting Verzorgingshuis de Koperhorst,2024,Verstegen,87302,
41188898,Stichting Verzorgingshuis de Koperhorst,2025,Verstegen,87302,
17147045,Stichting ViaSana,2022,Verstegen,86102,
17147045,Stichting ViaSana,2023,Verstegen,86102,
17147045,Stichting ViaSana,2024,Verstegen,86102,
55343821,Stichting Vivenz,2018,Verstegen,94997,
55343821,Stichting Vivenz,2020,Verstegen,94997,
41009570,Stichting Vredewold,2019,Verstegen,87302,
41009570,Stichting Vredewold,2020,Verstegen,87302,
41009570,Stichting Vredewold,2022,Verstegen,87302,
41009570,Stichting Vredewold,2023,Verstegen,87302,
41009570,Stichting Vredewold,2024,Verstegen,87302,
41009570,Stichting Vredewold,2025,Verstegen,87302,
41047201,Stichting Vreedenhoff,2019,Verstegen,,
27312968,Stichting Vrienden van ARQ,2022,Verstegen,94993,
27312968,Stichting Vrienden van ARQ,2023,Verstegen,94993,
27312968,Stichting Vrienden van ARQ,2024,Verstegen,94993,
41126482,Stichting Vrienden van Ikazia,2022,Verstegen,94993,
41126482,Stichting Vrienden van Ikazia,2023,Verstegen,94993,
81242654,"Stichting vrijetijdsbesteding, thuismaatjes en vorming",2022,Verstegen,88103,
81242654,"Stichting vrijetijdsbesteding, thuismaatjes en vorming",2023,Verstegen,88103,
33301972,Stichting Vrijwilligers Kuria,2023,Verstegen,87100,
41157626,Stichting VÓÓR Welzijn,2018,Verstegen,,
41157626,Stichting VÓÓR Welzijn,2019,Verstegen,,
41157626,Stichting VÓÓR Welzijn,2020,Verstegen,,
67742858,Stichting Waardeburgh,2019,Verstegen,87302,
67742858,Stichting Waardeburgh,2020,Verstegen,87302,
67742858,Stichting Waardeburgh,2021,Verstegen,87302,
67742858,Stichting Waardeburgh,2022,Verstegen,87302,
67742858,Stichting Waardeburgh,2023,Verstegen,87302,
67742858,Stichting Waardeburgh,2024,Verstegen,87302,
67742858,Stichting Waardeburgh,2025,Verstegen,87302,
10016923,Stichting Waardwonen,2025,Verstegen,68201,
41180032,Stichting Warande,2018,Verstegen,8710,
37141322,"Stichting Warm Thuis, wonen en welzijn voor mensen met dementie",2018,Verstegen,87100,
37141322,"Stichting Warm Thuis, wonen en welzijn voor mensen met dementie",2019,Verstegen,87100,
37141322,"Stichting Warm Thuis, wonen en welzijn voor mensen met dementie",2020,Verstegen,87100,
37141322,"Stichting Warm Thuis, wonen en welzijn voor mensen met dementie",2022,Verstegen,87100,
37141322,"Stichting Warm Thuis, wonen en welzijn voor mensen met dementie",2023,Verstegen,87100,
37141322,"Stichting Warm Thuis, wonen en welzijn voor mensen met dementie",2024,Verstegen,87100,
37141322,"Stichting Warm Thuis, wonen en welzijn voor mensen met dementie",2025,Verstegen,87100,
27272512,Stichting Wassenaarse Zorgverlening,2018,Verstegen,87302,
02060268,Stichting Werkpro,2018,Verstegen,7810,
02060268,Stichting Werkpro,2019,Verstegen,78100,
02060268,Stichting Werkpro,2020,Verstegen,78100,
02060268,Stichting Werkpro,2021,Verstegen,78100,
02060268,Stichting Werkpro,2022,Verstegen,78100,
02060268,Stichting Werkpro,2023,Verstegen,78100,
02060268,Stichting Werkpro,2024,Verstegen,78100,
02060268,Stichting Werkpro,2025,Verstegen,78100,
27332804,"Stichting Wijdezorg, Centraal Kantoor",2023,Verstegen,86994,
27332804,"Stichting Wijdezorg, Centraal Kantoor",2024,Verstegen,86994,
27332804,"Stichting Wijdezorg, Centraal Kantoor",2025,Verstegen,86994,
41157630,Stichting WIJKZ,2018,Verstegen,88992,
41157630,Stichting WIJKZ,2019,Verstegen,88992,
41157630,Stichting WIJKZ,2020,Verstegen,88992,
41157630,Stichting WIJKZ,2022,Verstegen,88992,
41157630,Stichting WIJKZ,2023,Verstegen,88992,
41059173,Stichting Wittenbergzorg,2018,Verstegen,87302,
06032843,Stichting Wonen Delden,2023,Verstegen,68201,
06032843,Stichting Wonen Delden,2024,Verstegen,68201,
06032843,Stichting Wonen Delden,2025,Verstegen,68201,
22057719,Stichting Wonen en Psychiatrie,2024,Verstegen,,
36053029,Stichting Wonen en Zorg Purmerend,2018,Verstegen,87302,
36053029,Stichting Wonen en Zorg Purmerend,2019,Verstegen,,
36053029,Stichting Wonen en Zorg Purmerend,2022,Verstegen,,
36053029,Stichting Wonen en Zorg Purmerend,2023,Verstegen,,
36053029,Stichting Wonen en Zorg Purmerend,2024,Verstegen,,
27212813,Stichting Wonen Midden-Delfland,2024,Verstegen,,
41240242,Stichting Wonen Plus Welzijn,2018,Verstegen,88102,
41240242,Stichting Wonen Plus Welzijn,2019,Verstegen,88102,
41240242,Stichting Wonen Plus Welzijn,2020,Verstegen,88102,
41240242,Stichting Wonen Plus Welzijn,2021,Verstegen,88102,
41240242,Stichting Wonen Plus Welzijn,2022,Verstegen,88102,
41240242,Stichting Wonen Plus Welzijn,2024,Verstegen,88102,
41240242,Stichting Wonen Plus Welzijn,2025,Verstegen,88102,
01031614,Stichting Woningbouw Achtkarspelen,2022,Verstegen,68201,
01031614,Stichting Woningbouw Achtkarspelen,2023,Verstegen,68201,
01031614,Stichting Woningbouw Achtkarspelen,2025,Verstegen,68201,
41017511,Stichting Woon- en zorgcentrum de Westerkim,2018,Verstegen,87302,
41244219,"Stichting Woon-, Zorg- en Dienstencentrum 't Dijkhuis",2018,Verstegen,8710,
41244219,"Stichting Woon-, Zorg- en Dienstencentrum 't Dijkhuis",2020,Verstegen,87100,
41244219,"Stichting Woon-, Zorg- en Dienstencentrum 't Dijkhuis",2022,Verstegen,87100,
41265029,Stichting Woon-Zorgcentra De Rijnhoven,2018,Verstegen,87302,
41009778,Stichting Woon/Zorgcentrum Het Hooge Heem,2019,Verstegen,87302,
41009778,Stichting Woon/Zorgcentrum Het Hooge Heem,2020,Verstegen,87302,
41009778,Stichting Woon/Zorgcentrum Het Hooge Heem,2022,Verstegen,87302,
41009778,Stichting Woon/Zorgcentrum Het Hooge Heem,2023,Verstegen,87302,
41009778,Stichting Woon/Zorgcentrum Het Hooge Heem,2024,Verstegen,87302,
41119524,Stichting Woongemeenschap voor Ouderen,2018,Verstegen,87302,
37030575,Stichting Woontij,2018,Verstegen,68201,
37030575,Stichting Woontij,2019,Verstegen,68201,
37030575,Stichting Woontij,2020,Verstegen,68201,
37030575,Stichting Woontij,2021,Verstegen,68201,
37030575,Stichting Woontij,2022,Verstegen,68201,
37030575,Stichting Woontij,2024,Verstegen,68201,
37030575,Stichting Woontij,2025,Verstegen,68201,
27212687,Stichting WoonWest,2024,Verstegen,68201,
27212687,Stichting WoonWest,2025,Verstegen,68201,
41080557,Stichting Woonzorgcentrum De Annenborch,2018,Verstegen,8710,
41046503,Stichting Woonzorgcentrum De Zeeg,2018,Verstegen,8720,
41103368,Stichting Woonzorgcentrum Raffy,2018,Verstegen,87302,
41241831,STICHTING WOONZORGGROEP SAMEN,2018,Verstegen,8710,
35010466,Stichting Wormerwonen,2025,Verstegen,68201,
18111987,Stichting WSG,2022,Verstegen,68201,
54220955,Stichting Xtra,2019,Verstegen,94993,
54220955,Stichting Xtra,2020,Verstegen,94993,
54220955,Stichting Xtra,2022,Verstegen,94993,
54220955,Stichting Xtra,2023,Verstegen,94993,
24466362,Stichting Yulius,2020,Verstegen,87202,
24466362,Stichting Yulius,2022,Verstegen,87202,
24466362,Stichting Yulius,2023,Verstegen,87202,
24466362,Stichting Yulius,2024,Verstegen,87202,
24466362,Stichting Yulius,2025,Verstegen,87202,
14078720,Stichting ZBC Zuyderland-Eyescan,2020,Verstegen,86221,
14078720,Stichting ZBC Zuyderland-Eyescan,2021,Verstegen,86221,
59454903,Stichting Zeeuwse Gronden,2024,Verstegen,88999,
59454903,Stichting Zeeuwse Gronden,2025,Verstegen,88999,
05072572,Stichting ZGR,2018,Verstegen,69209,
24330016,Stichting Zonnehuisgroep Vlaardingen,2018,Verstegen,8710,
24330016,Stichting Zonnehuisgroep Vlaardingen,2020,Verstegen,87100,
24330016,Stichting Zonnehuisgroep Vlaardingen,2021,Verstegen,87100,
24330016,Stichting Zonnehuisgroep Vlaardingen,2022,Verstegen,87100,
24330016,Stichting Zonnehuisgroep Vlaardingen,2023,Verstegen,87100,
24330016,Stichting Zonnehuisgroep Vlaardingen,2024,Verstegen,87100,
24330016,Stichting Zonnehuisgroep Vlaardingen,2025,Verstegen,87100,
41053643,Stichting Zorg Adullam,2022,Verstegen,82100,
41053643,Stichting Zorg Adullam,2023,Verstegen,82100,
41053643,Stichting Zorg Adullam,2024,Verstegen,82100,
41053643,Stichting Zorg Adullam,2025,Verstegen,82100,
41188459,Stichting Zorg- en Wooncentrum De Haven,2018,Verstegen,87302,
41038232,Stichting Zorg- wooncentrum den Bouw,2018,Verstegen,87302,
08142634,Stichting ZorgAccent,2023,Verstegen,87100,
08142634,Stichting ZorgAccent,2024,Verstegen,87100,
08142634,Stichting ZorgAccent,2025,Verstegen,87100,
17237842,Stichting Zorgbruggen Thuiszorg,2018,Verstegen,88101,
11044284,Stichting Zorgcentra Rivierenland,2024,Verstegen,87302,
11044284,Stichting Zorgcentra Rivierenland,2025,Verstegen,87302,
41014042,Stichting Zorgcentrum 'de Blanckenborg',2018,Verstegen,8710,
41002802,Stichting Zorgcentrum het Bildt,2020,Verstegen,87302,
41002802,Stichting Zorgcentrum het Bildt,2022,Verstegen,87302,
41002802,Stichting Zorgcentrum het Bildt,2023,Verstegen,87302,
41002802,Stichting Zorgcentrum het Bildt,2024,Verstegen,87302,
41002802,Stichting Zorgcentrum het Bildt,2025,Verstegen,87302,
41035902,Stichting Zorgcentrum Oranjehof,2018,Verstegen,88101,
41035902,Stichting Zorgcentrum Oranjehof,2019,Verstegen,86942,
41035902,Stichting Zorgcentrum Oranjehof,2020,Verstegen,86942,
41035902,Stichting Zorgcentrum Oranjehof,2021,Verstegen,86942,
41035902,Stichting Zorgcentrum Oranjehof,2022,Verstegen,86942,
41000801,Stichting Zorgcentrum Talma Urk,2018,Verstegen,87302,
41020715,Stichting Zorgcollectief Zuidwest-Drenthe,2018,Verstegen,87302,
41032283,Stichting Zorgfederatie Oldenzaal,2018,Verstegen,8710,
41020216,Stichting Zorggroep Drenthe Holding,2018,Verstegen,88999,
41020216,Stichting Zorggroep Drenthe Holding,2020,Verstegen,,
41020216,Stichting Zorggroep Drenthe Holding,2021,Verstegen,,
41019780,Stichting Zorggroep Drenthe Thuis,2020,Verstegen,,
02090310,Stichting Zorggroep Groningen,2018,Verstegen,8710,
41020668,Stichting Zorggroep Noorderboog,2019,Verstegen,87100,
41020668,Stichting Zorggroep Noorderboog,2020,Verstegen,87100,
41020668,Stichting Zorggroep Noorderboog,2021,Verstegen,87100,
41020668,Stichting Zorggroep Noorderboog,2022,Verstegen,87100,
41020668,Stichting Zorggroep Noorderboog,2023,Verstegen,87100,
41020668,Stichting Zorggroep Noorderboog,2024,Verstegen,87100,
41020668,Stichting Zorggroep Noorderboog,2025,Verstegen,87100,
27253843,Stichting Zorggroep Oldael,2018,Verstegen,88999,
27253843,Stichting Zorggroep Oldael,2020,Verstegen,87302,
27253843,Stichting Zorggroep Oldael,2021,Verstegen,87302,
27253843,Stichting Zorggroep Oldael,2022,Verstegen,87302,
27253843,Stichting Zorggroep Oldael,2023,Verstegen,87302,
27253843,Stichting Zorggroep Oldael,2024,Verstegen,87302,
27253843,Stichting Zorggroep Oldael,2025,Verstegen,87302,
08093263,Stichting Zorggroep Solis,2018,Verstegen,8710,
04066212,Stichting Zorggroep Tangenborgh,2018,Verstegen,8710,
04066212,Stichting Zorggroep Tangenborgh,2019,Verstegen,70201,
04066212,Stichting Zorggroep Tangenborgh,2020,Verstegen,70201,
04066212,Stichting Zorggroep Tangenborgh,2021,Verstegen,70201,
04066212,Stichting Zorggroep Tangenborgh,2022,Verstegen,70201,
04066212,Stichting Zorggroep Tangenborgh,2023,Verstegen,70201,
04066212,Stichting Zorggroep Tangenborgh,2024,Verstegen,70201,
04066212,Stichting Zorggroep Tangenborgh,2025,Verstegen,70201,
37122456,Stichting Zorggroep Tellus,2018,Verstegen,87302,
41231279,Stichting Zorggroep Zaanstreek,2019,Verstegen,87100,
41231279,Stichting Zorggroep Zaanstreek,2020,Verstegen,87100,
41231279,Stichting Zorggroep Zaanstreek,2022,Verstegen,87100,
41231279,Stichting Zorggroep Zaanstreek,2023,Verstegen,87100,
41231279,Stichting Zorggroep Zaanstreek,2024,Verstegen,87100,
41231279,Stichting Zorggroep Zaanstreek,2025,Verstegen,87100,
11060286,Stichting ZorgInjection Thuiszorg,2018,Verstegen,88101,
60464011,Stichting ZorgWiel,2018,Verstegen,8211,
60464011,Stichting ZorgWiel,2019,Verstegen,82100,
60464011,Stichting ZorgWiel,2020,Verstegen,82100,
60464011,Stichting ZorgWiel,2021,Verstegen,82100,
60464011,Stichting ZorgWiel,2022,Verstegen,82100,
60464011,Stichting ZorgWiel,2023,Verstegen,82100,
60464011,Stichting ZorgWiel,2024,Verstegen,82100,
60464011,Stichting ZorgWiel,2025,Verstegen,82100,
34280732,Stichting Zuidoost Kliniek,2018,Verstegen,86221,
34280732,Stichting Zuidoost Kliniek,2019,Verstegen,86221,
34280732,Stichting Zuidoost Kliniek,2020,Verstegen,86221,
34280732,Stichting Zuidoost Kliniek,2021,Verstegen,86221,
34280732,Stichting Zuidoost Kliniek,2022,Verstegen,86221,
83375171,STROOM Huisartsenzorg B.V.,2024,Verstegen,86210,
83375171,STROOM Huisartsenzorg B.V.,2025,Verstegen,86210,
41052635,SVRO,2019,Verstegen,87100,
41052635,SVRO,2020,Verstegen,87100,
41052635,SVRO,2021,Verstegen,87100,
41052635,SVRO,2022,Verstegen,87100,
41052635,SVRO,2023,Verstegen,87100,
41052635,SVRO,2024,Verstegen,87100,
41052635,SVRO,2025,Verstegen,87100,
33241653,Temiti B.V.,2018,Verstegen,64210,
33241653,Temiti B.V.,2019,Verstegen,64210,
33241653,Temiti B.V.,2020,Verstegen,64210,
02064565,Terwille,2018,Verstegen,88992,
02064565,Terwille,2019,Verstegen,88992,
02064565,Terwille,2020,Verstegen,88992,
02064565,Terwille,2022,Verstegen,88992,
02064565,Terwille,2023,Verstegen,88992,
02064565,Terwille,2024,Verstegen,88992,
02064565,Terwille,2025,Verstegen,88992,
09163061,Thuisverpleging Het Rijk van Nijmegen,2023,Verstegen,86942,
52830535,Thuiszorg Dichtbij,2018,Verstegen,86929,
24249613,Thuiszorg Groot Brabant B.V.,2018,Verstegen,86942,
04027503,Tjoa Holding B.V.,2018,Verstegen,64210,
04027503,Tjoa Holding B.V.,2019,Verstegen,64210,
04027503,Tjoa Holding B.V.,2020,Verstegen,64210,
77714172,Tjoapack Holdings B.V.,2020,Verstegen,64210,
77714172,Tjoapack Holdings B.V.,2021,Verstegen,64210,
04071913,Tjoapack Netherlands B.V.,2018,Verstegen,2120,
04071913,Tjoapack Netherlands B.V.,2019,Verstegen,21200,
04071913,Tjoapack Netherlands B.V.,2020,Verstegen,21200,
04071913,Tjoapack Netherlands B.V.,2021,Verstegen,21200,
04071913,Tjoapack Netherlands B.V.,2022,Verstegen,21200,
84059605,Tjoapack Parent B.V.,2022,Verstegen,64210,
28116689,Topaz Zuydtwijck,2023,Verstegen,87100,
28116689,Topaz Zuydtwijck,2024,Verstegen,87100,
28116689,Topaz Zuydtwijck,2025,Verstegen,87100,
24277507,Tower Hotel Rotterdam B.V.,2020,Verstegen,,
22045081,Tragel,2018,Verstegen,87201,
22045081,Tragel,2019,Verstegen,87201,
22045081,Tragel,2020,Verstegen,87201,
22045081,Tragel,2021,Verstegen,87201,
22045081,Tragel,2022,Verstegen,87201,
22045081,Tragel,2023,Verstegen,87201,
22045081,Tragel,2024,Verstegen,87201,
71832556,Transmitt revalidatie B.V.,2022,Verstegen,87100,
08099661,TriviumMeulenbeltZorg,2021,Verstegen,87100,
08099661,TriviumMeulenbeltZorg,2022,Verstegen,87100,
08099661,TriviumMeulenbeltZorg,2023,Verstegen,87100,
08099661,TriviumMeulenbeltZorg,2024,Verstegen,87100,
08099661,TriviumMeulenbeltZorg,2025,Verstegen,87100,
63279940,Trunkrs B.V.,2022,Verstegen,52310,
63279940,Trunkrs B.V.,2023,Verstegen,52310,
33251385,TSMC Europe B.V.,2025,Verstegen,46140,
27168217,TSN Groen Houten B.V.,2023,Verstegen,49410,
24299468,Tubi Acciaio Lombarda T.A.L. Holland B.V.,2019,Verstegen,46823,
24299468,Tubi Acciaio Lombarda T.A.L. Holland B.V.,2020,Verstegen,46823,
14100256,U-center B.V.,2023,Verstegen,87202,
14100256,U-center B.V.,2024,Verstegen,87202,
14100256,U-center B.V.,2025,Verstegen,87202,
53886534,U-center Holding B.V.,2023,Verstegen,64210,
53886534,U-center Holding B.V.,2024,Verstegen,64210,
53886534,U-center Holding B.V.,2025,Verstegen,64210,
24461382,Ultra International B.V.,2018,Verstegen,20590,
24461382,Ultra International B.V.,2020,Verstegen,20590,
24461382,Ultra International B.V.,2021,Verstegen,20590,
24461382,Ultra International B.V.,2022,Verstegen,20590,
76678520,Unit U Holding B.V.,2024,Verstegen,64210,
50103539,Van Aalst Group B.V.,2018,Verstegen,70102,
50103539,Van Aalst Group B.V.,2019,Verstegen,70102,
50103539,Van Aalst Group B.V.,2020,Verstegen,70102,
50103539,Van Aalst Group B.V.,2021,Verstegen,70102,
50103539,Van Aalst Group B.V.,2022,Verstegen,70102,
50103539,Van Aalst Group B.V.,2024,Verstegen,70102,
37030892,Van Alckmaer,2020,Verstegen,68201,
37030892,Van Alckmaer,2022,Verstegen,68201,
37030892,Van Alckmaer,2024,Verstegen,68201,
23067356,Van den Herik Groep B.V.,2018,Verstegen,6420,
23067356,Van den Herik Groep B.V.,2019,Verstegen,64210,
23067356,Van den Herik Groep B.V.,2020,Verstegen,64210,
23067356,Van den Herik Groep B.V.,2021,Verstegen,64210,
23067356,Van den Herik Groep B.V.,2022,Verstegen,64210,
23067356,Van den Herik Groep B.V.,2024,Verstegen,64210,
23048358,Van den Herik Kust- en Oeverwerken B.V.,2018,Verstegen,42111,
23048358,Van den Herik-Sliedrecht,2019,Verstegen,42110,
23048358,Van den Herik-Sliedrecht,2020,Verstegen,42110,
23048358,Van den Herik-Sliedrecht,2021,Verstegen,42110,
23048358,Van den Herik-Sliedrecht,2024,Verstegen,42110,
24255713,Van der Ende Industry B.V.,2019,Verstegen,25510,
24255713,Van der Ende Industry B.V.,2020,Verstegen,25510,
24255713,Van der Ende Industry B.V.,2022,Verstegen,25510,
24173081,Van der Ende Steel Protectors Group B.V.,2018,Verstegen,64210,
24173081,Van der Ende Steel Protectors Group B.V.,2019,Verstegen,64210,
24173081,Van der Ende Steel Protectors Group B.V.,2020,Verstegen,64210,
24173081,Van der Ende Steel Protectors Group B.V.,2022,Verstegen,64210,
24173081,Van der Ende Steel Protectors Group B.V.,2023,Verstegen,64210,
24173081,Van der Ende Steel Protectors Group B.V.,2024,Verstegen,64210,
23027986,Van Drimmelen Toelevering B.V.,2018,Verstegen,16110,
23027986,Van Drimmelen Toelevering B.V.,2021,Verstegen,16110,
23027986,Van Drimmelen Toelevering B.V.,2024,Verstegen,16110,
64719278,Van Twist Engine Division B.V.,2020,Verstegen,64210,
64719278,Van Twist Engine Division B.V.,2021,Verstegen,64210,
64719278,Van Twist Engine Division B.V.,2023,Verstegen,64210,
64719278,Van Twist Engine Division B.V.,2024,Verstegen,64210,
59482389,Van Twist Groep B.V.,2019,Verstegen,64210,
30055031,Van Wijk Vastgoedonderhoud B.V.,2022,Verstegen,41000,
30055031,Van Wijk Vastgoedonderhoud B.V.,2023,Verstegen,41000,
30055031,Van Wijk Vastgoedonderhoud B.V.,2024,Verstegen,41000,
23037283,VandeGrijp Holding B.V.,2020,Verstegen,64210,
30038986,Veenendaalse Woningstichting,2018,Verstegen,68201,
30038986,Veenendaalse Woningstichting,2019,Verstegen,,
30038986,Veenendaalse Woningstichting,2020,Verstegen,,
69233934,Veilig Thuis Rotterdam Rijnmond,2025,Verstegen,88999,
37158900,Veiligheidsregio Noord-Holland Noord,2022,Verstegen,84250,
37158900,Veiligheidsregio Noord-Holland Noord,2023,Verstegen,84250,
37158900,Veiligheidsregio Noord-Holland Noord,2024,Verstegen,84250,
37158900,Veiligheidsregio Noord-Holland Noord,2025,Verstegen,84250,
34370881,Veiligheidsregio Zaanstreek-Waterland,2025,Verstegen,84250,
37161753,Vereniging Ambulancezorg Regio Noord-Holland Noord in coöperatief verband U.A.,2020,Verstegen,86920,
37161753,Vereniging Ambulancezorg Regio Noord-Holland Noord in coöperatief verband U.A.,2022,Verstegen,86920,
37161753,Vereniging Ambulancezorg Regio Noord-Holland Noord in coöperatief verband U.A.,2023,Verstegen,86920,
37161753,Vereniging Ambulancezorg Regio Noord-Holland Noord in coöperatief verband U.A.,2024,Verstegen,86920,
37161753,Vereniging Ambulancezorg Regio Noord-Holland Noord in coöperatief verband U.A.,2025,Verstegen,86920,
24431522,Vereniging voor Lokale Natuur- en Milieucommunicatie,2022,Verstegen,94996,
24431522,Vereniging voor Lokale Natuur- en Milieucommunicatie,2023,Verstegen,94996,
24431522,Vereniging voor Lokale Natuur- en Milieucommunicatie,2024,Verstegen,94996,
41241831,Verpleeghuis Magnushof,2020,Verstegen,87100,
41241831,Verpleeghuis Magnushof,2021,Verstegen,87100,
41241831,Verpleeghuis Magnushof,2022,Verstegen,87100,
41241831,Verpleeghuis Magnushof,2023,Verstegen,87100,
41241831,Verpleeghuis Magnushof,2024,Verstegen,87100,
41241831,Verpleeghuis Magnushof,2025,Verstegen,87100,
11056895,Verpleeghuis st. Elisabeth,2020,Verstegen,87100,
11056895,Verpleeghuis st. Elisabeth,2021,Verstegen,87100,
11056895,Verpleeghuis st. Elisabeth,2022,Verstegen,87100,
11056895,Verpleeghuis st. Elisabeth,2023,Verstegen,87100,
11056895,Verpleeghuis st. Elisabeth,2024,Verstegen,87100,
11056895,Verpleeghuis st. Elisabeth,2025,Verstegen,87100,
41222303,Verzorgingscentrum Horizon,2019,Verstegen,87302,
41222303,Verzorgingscentrum Horizon,2020,Verstegen,87302,
41222303,Verzorgingscentrum Horizon,2021,Verstegen,87302,
41222303,Verzorgingscentrum Horizon,2022,Verstegen,87302,
41222303,Verzorgingscentrum Horizon,2023,Verstegen,87302,
41222303,Verzorgingscentrum Horizon,2024,Verstegen,87302,
41222303,Verzorgingscentrum Horizon,2025,Verstegen,87302,
74232053,Vigere Jeugdzorg,2024,Verstegen,70102,
24317365,Vinea Holding B.V.,2018,Verstegen,64210,
24317365,Vinea Holding B.V.,2019,Verstegen,64210,
24317365,Vinea Holding B.V.,2020,Verstegen,64210,
24317365,Vinea Holding B.V.,2022,Verstegen,64210,
24317365,Vinea Holding B.V.,2023,Verstegen,64210,
24317365,Vinea Holding B.V.,2024,Verstegen,64210,
08153661,Vingino,2018,Verstegen,46861,
08153661,Vingino,2020,Verstegen,46861,
08153661,Vingino,2021,Verstegen,46861,
08153661,Vingino,2022,Verstegen,46861,
08153661,Vingino,2023,Verstegen,46861,
08153661,Vingino,2024,Verstegen,46861,
60187344,Vingino Group B.V.,2018,Verstegen,70221,
60187344,Vingino Group B.V.,2019,Verstegen,70201,
60187344,Vingino Group B.V.,2020,Verstegen,70201,
60187344,Vingino Group B.V.,2021,Verstegen,70201,
60187344,Vingino Group B.V.,2022,Verstegen,70201,
60187344,Vingino Group B.V.,2023,Verstegen,70201,
60187344,Vingino Group B.V.,2024,Verstegen,70201,
60972084,Vitreq B.V.,2021,Verstegen,32502,
23019014,Vlot Logistics,2019,Verstegen,64210,
23019014,Vlot Logistics,2020,Verstegen,64210,
23019014,Vlot Logistics,2021,Verstegen,64210,
23019014,Vlot Logistics,2022,Verstegen,64210,
23019014,Vlot Logistics,2023,Verstegen,64210,
23084236,Vlot Logistics B.V.,2019,Verstegen,49420,
27348648,Waarderingskamer,2019,Verstegen,84110,
27348648,Waarderingskamer,2020,Verstegen,84110,
27348648,Waarderingskamer,2021,Verstegen,84110,
27348648,Waarderingskamer,2022,Verstegen,84110,
27348648,Waarderingskamer,2023,Verstegen,84110,
27348648,Waarderingskamer,2025,Verstegen,84110,
51593386,Werkvisie De Hoop,2021,Verstegen,16230,
41099316,Wijkestein,2022,Verstegen,87100,
41099316,Wijkestein,2023,Verstegen,87100,
41099316,Wijkestein,2024,Verstegen,87100,
41099316,Wijkestein,2025,Verstegen,87100,
01157045,Wijkzorg Comfort B.V.,2023,Verstegen,86942,
01157045,Wijkzorg Comfort B.V.,2024,Verstegen,86942,
01138095,Winel Industry Group,2023,Verstegen,64210,
01138095,Winel Industry Group,2024,Verstegen,64210,
41059173,Wittenbergzorg,2019,Verstegen,87100,
41059173,Wittenbergzorg,2020,Verstegen,87100,
41059173,Wittenbergzorg,2021,Verstegen,87100,
41059173,Wittenbergzorg,2022,Verstegen,87100,
41059173,Wittenbergzorg,2023,Verstegen,87100,
41059173,Wittenbergzorg,2024,Verstegen,87100,
29013498,"Woningbouwstichting ""Reeuwijk""",2018,Verstegen,,
29013498,"Woningbouwstichting ""Reeuwijk""",2019,Verstegen,,
29013498,"Woningbouwstichting ""Reeuwijk""",2023,Verstegen,,
23037112,"Woningbouwvereniging ""Heerjansdam""",2018,Verstegen,68201,
23037112,"Woningbouwvereniging ""Heerjansdam""",2019,Verstegen,68201,
23037112,"Woningbouwvereniging ""Heerjansdam""",2022,Verstegen,68201,
23037112,"Woningbouwvereniging ""Heerjansdam""",2024,Verstegen,68201,
24108729,Woningbouwvereniging Poortugaal,2018,Verstegen,68201,
24108729,Woningbouwvereniging Poortugaal,2019,Verstegen,68201,
24108729,Woningbouwvereniging Poortugaal,2020,Verstegen,68201,
24108729,Woningbouwvereniging Poortugaal,2021,Verstegen.,68201,
24108729,Woningbouwvereniging Poortugaal,2022,Verstegen,68201,
40594387,Woningbouwvereniging Rosehaghe,2018,Verstegen,68201,
40594387,Woningbouwvereniging Rosehaghe,2019,Verstegen,68201,
40594387,Woningbouwvereniging Rosehaghe,2020,Verstegen,68201,
40594387,Woningbouwvereniging Rosehaghe,2021,Verstegen,68201,
40594387,Woningbouwvereniging Rosehaghe,2022,Verstegen,68201,
40594387,Woningbouwvereniging Rosehaghe,2023,Verstegen,68201,
40594387,Woningbouwvereniging Rosehaghe,2024,Verstegen,68201,
40594387,Woningbouwvereniging Rosehaghe,2025,Verstegen,68201,
17060165,Woningstichting De Zaligheden (WSZ),2020,Verstegen,68201,
17060165,Woningstichting De Zaligheden (WSZ),2022,Verstegen,68201,
17060165,Woningstichting De Zaligheden (WSZ),2023,Verstegen,68201,
17060165,Woningstichting De Zaligheden (WSZ),2024,Verstegen,68201,
10038227,Woningstichting Heteren,2018,Verstegen,68201,
10038227,Woningstichting Heteren,2019,Verstegen,68201,
10038227,Woningstichting Heteren,2020,Verstegen,68201,
10038227,Woningstichting Heteren,2022,Verstegen,68201,
10038227,Woningstichting Heteren,2023,Verstegen,68201,
10038227,Woningstichting Heteren,2025,Verstegen,68201,
30038949,Woningstichting Maarn,2018,Verstegen,,
30038949,Woningstichting Maarn,2019,Verstegen,,
30038949,Woningstichting Maarn,2020,Verstegen,,
30038949,Woningstichting Maarn,2021,Verstegen,,
30038949,Woningstichting Maarn,2022,Verstegen,,
30038949,Woningstichting Maarn,2023,Verstegen,,
30038949,Woningstichting Maarn,2024,Verstegen,,
28065875,Woningstichting Nieuwkoop,2020,Verstegen,68201,
28065875,Woningstichting Nieuwkoop,2022,Verstegen,68201,
28065875,Woningstichting Nieuwkoop,2023,Verstegen,68201,
28065875,Woningstichting Nieuwkoop,2024,Verstegen,68201,
28065875,Woningstichting Nieuwkoop,2025,Verstegen,68201,
41134627,Woningstichting Ressort Wonen,2023,Verstegen,68201,
41134627,Woningstichting Ressort Wonen,2024,Verstegen,68201,
24217811,Woningstichting Samenwerking Vlaardingen,2023,Verstegen,68201,
06032887,Woningstichting Tubbergen,2018,Verstegen,68201,
06032887,Woningstichting Tubbergen,2019,Verstegen,68201,
06032887,Woningstichting Tubbergen,2020,Verstegen,68201,
06032887,Woningstichting Tubbergen,2021,Verstegen,68201,
06032887,Woningstichting Tubbergen,2022,Verstegen,68201,
06032887,Woningstichting Tubbergen,2023,Verstegen,68201,
06032887,Woningstichting Tubbergen,2025,Verstegen,68201,
01031973,Woningstichting Weststellingwerf,2023,Verstegen,68201,
01031973,Woningstichting Weststellingwerf,2024,Verstegen,68201,
20054748,Woningstichting Woensdrecht,2018,Verstegen,68201,
20054748,Woningstichting Woensdrecht,2019,Verstegen,68201,
20054748,Woningstichting Woensdrecht,2020,Verstegen,68201,
20054748,Woningstichting Woensdrecht,2022,Verstegen,68201,
20054748,Woningstichting Woensdrecht,2023,Verstegen,68201,
20054748,Woningstichting Woensdrecht,2024,Verstegen,68201,
20054748,Woningstichting Woensdrecht,2025,Verstegen,68201,
41017511,Woon- en zorgcentrum de Westerkim,2020,Verstegen,87302,
41017511,Woon- en zorgcentrum de Westerkim,2022,Verstegen,87302,
41017511,Woon- en zorgcentrum de Westerkim,2023,Verstegen,87302,
41017511,Woon- en zorgcentrum de Westerkim,2024,Verstegen,87302,
41017511,Woon- en zorgcentrum de Westerkim,2025,Verstegen,87302,
54102901,Woon-/ Zorgcentrum De Nieuwpoort,2021,Verstegen,87302,
54102901,Woon-/ Zorgcentrum De Nieuwpoort,2022,Verstegen,87302,
54102901,Woon-/ Zorgcentrum De Nieuwpoort,2023,Verstegen,87302,
54102901,Woon-/ Zorgcentrum De Nieuwpoort,2024,Verstegen,87302,
54102901,Woon-/ Zorgcentrum De Nieuwpoort,2025,Verstegen,87302,
41180032,Wooncentrum Heerewegen,2019,Verstegen,87100,
41180032,Wooncentrum Heerewegen,2020,Verstegen,87100,
41180032,Wooncentrum Heerewegen,2022,Verstegen,87100,
41180032,Wooncentrum Heerewegen,2023,Verstegen,87100,
41180032,Wooncentrum Heerewegen,2024,Verstegen,87100,
41180032,Wooncentrum Heerewegen,2025,Verstegen,87100,
10022513,WOONstichting Gendt,2018,Verstegen,,
10022513,WOONstichting Gendt,2020,Verstegen,,
10022513,WOONstichting Gendt,2021,Verstegen,,
10022513,WOONstichting Gendt,2022,Verstegen,,
10022513,WOONstichting Gendt,2023,Verstegen,,
21014394,Woonstichting Hulst,2023,Verstegen,68201,
21014394,Woonstichting Hulst,2024,Verstegen,68201,
21014394,Woonstichting Hulst,2025,Verstegen,68201,
37030590,Woonstichting Langedijk,2020,Verstegen,68201,
37030590,Woonstichting Langedijk,2021,Verstegen,68201,
37030590,Woonstichting Langedijk,2022,Verstegen,68201,
37030590,Woonstichting Langedijk,2023,Verstegen,68201,
37030590,Woonstichting Langedijk,2024,Verstegen,68201,
08093263,Woonzorg- en Revalidatiecentr P.W. Janssen / Hospice De Winde / Solis paramedische centra,2019,Verstegen,87100,
08093263,Woonzorg- en Revalidatiecentr P.W. Janssen / Hospice De Winde / Solis paramedische centra,2020,Verstegen,87100,
08093263,Woonzorg- en Revalidatiecentr P.W. Janssen / Hospice De Winde / Solis paramedische centra,2021,Verstegen,87100,
08093263,Woonzorg- en Revalidatiecentr P.W. Janssen / Hospice De Winde / Solis paramedische centra,2022,Verstegen,87100,
08093263,Woonzorg- en Revalidatiecentr P.W. Janssen / Hospice De Winde / Solis paramedische centra,2023,Verstegen,87100,
08093263,Woonzorg- en Revalidatiecentr P.W. Janssen / Hospice De Winde / Solis paramedische centra,2024,Verstegen,87100,
08093263,Woonzorg- en Revalidatiecentr P.W. Janssen / Hospice De Winde / Solis paramedische centra,2025,Verstegen,87100,
27280417,Woonzorgcenrum Bosch en Duin,2023,Verstegen,87100,
27280417,Woonzorgcenrum Bosch en Duin,2024,Verstegen,87100,
41169944,Woonzorgcentrum Bloemswaard,2020,Verstegen,87100,
41169944,Woonzorgcentrum Bloemswaard,2021,Verstegen,87100,
41169944,Woonzorgcentrum Bloemswaard,2022,Verstegen,87100,
41169944,Woonzorgcentrum Bloemswaard,2023,Verstegen,87100,
41169944,Woonzorgcentrum Bloemswaard,2025,Verstegen,87100,
05083801,Woonzorgcentrum de Molenhof/ De Venus,2019,Verstegen,,
05083801,Woonzorgcentrum de Molenhof/ De Venus,2020,Verstegen,,
05083801,Woonzorgcentrum de Molenhof/ De Venus,2022,Verstegen,,
05083801,Woonzorgcentrum de Molenhof/ De Venus,2023,Verstegen,,
41046503,Woonzorgcentrum de Zeeg,2022,Verstegen,87201,
41046503,Woonzorgcentrum de Zeeg,2023,Verstegen,87201,
41000588,"WoonZorgCentrum Foswert, afdeling Verzorgingshuis/WoonZorgCentrum Foswert, afdeling Greidhoeke",2022,Verstegen,87302,
41000588,"WoonZorgCentrum Foswert, afdeling Verzorgingshuis/WoonZorgCentrum Foswert, afdeling Greidhoeke",2023,Verstegen,87302,
41000588,"WoonZorgCentrum Foswert, afdeling Verzorgingshuis/WoonZorgCentrum Foswert, afdeling Greidhoeke",2024,Verstegen,87302,
41000588,"WoonZorgCentrum Foswert, afdeling Verzorgingshuis/WoonZorgCentrum Foswert, afdeling Greidhoeke",2025,Verstegen,87302,
41119524,Woonzorgcentrum Heemzicht,2019,Verstegen,87302,
41119524,Woonzorgcentrum Heemzicht,2020,Verstegen,87302,
41119524,Woonzorgcentrum Heemzicht,2021,Verstegen,87302,
41119524,Woonzorgcentrum Heemzicht,2022,Verstegen,87302,
41119524,Woonzorgcentrum Heemzicht,2023,Verstegen,87302,
41119524,Woonzorgcentrum Heemzicht,2024,Verstegen,87302,
41119524,Woonzorgcentrum Heemzicht,2025,Verstegen,87302,
27283988,Woonzorgcentrum Landscheiding,2019,Verstegen,87302,
27283988,Woonzorgcentrum Landscheiding,2020,Verstegen,87302,
27283988,Woonzorgcentrum Landscheiding,2022,Verstegen,87302,
27283988,Woonzorgcentrum Landscheiding,2023,Verstegen,87302,
27283988,Woonzorgcentrum Landscheiding,2024,Verstegen,87302,
27283988,Woonzorgcentrum Landscheiding,2025,Verstegen,87302,
41178623,Woonzorgcentrum Maria Dommer,2020,Verstegen,87302,
41178623,Woonzorgcentrum Maria Dommer,2021,Verstegen,87302,
41178623,Woonzorgcentrum Maria Dommer,2022,Verstegen,87302,
41178623,Woonzorgcentrum Maria Dommer,2023,Verstegen,87302,
41178623,Woonzorgcentrum Maria Dommer,2024,Verstegen,87302,
41178623,Woonzorgcentrum Maria Dommer,2025,Verstegen,87302,
05081871,Woonzorgcentrum Rivierenhof,2020,Verstegen,87302,
05081871,Woonzorgcentrum Rivierenhof,2021,Verstegen,87302,
05081871,Woonzorgcentrum Rivierenhof,2022,Verstegen,87302,
05081871,Woonzorgcentrum Rivierenhof,2023,Verstegen,87302,
05081871,Woonzorgcentrum Rivierenhof,2024,Verstegen,87302,
05081871,Woonzorgcentrum Rivierenhof,2025,Verstegen,87302,
41086298,Woonzorgcentrum Theresia / Thuiszorg Vughterstede,2022,Verstegen,87302,
41086298,Woonzorgcentrum Theresia / Thuiszorg Vughterstede,2023,Verstegen,87302,
24109658,Wrist-Klevenberg Ship Supply NL B.V.,2019,Verstegen,46390,
53999347,WW Zorg Groep B.V.,2018,Verstegen,64210,
53999347,WW Zorg Groep B.V.,2019,Verstegen,64210,
53999347,WW Zorg Groep B.V.,2020,Verstegen,64210,
53999347,WW Zorg Groep B.V.,2022,Verstegen,64210,
53999347,WW Zorg Groep B.V.,2024,Verstegen,64210,
41151188,WZH Stafbureau,2025,Verstegen,87100,
30210150,ZBC Eyescan B.V.,2018,Verstegen,86221,
30210150,ZBC Eyescan B.V.,2019,Verstegen,86221,
30210150,ZBC Eyescan B.V.,2020,Verstegen,86221,
65478274,ZBC Oog B.V.,2018,Verstegen,86221,
65478274,ZBC Oog B.V.,2019,Verstegen,86221,
65478274,ZBC Oog B.V.,2020,Verstegen,86221,
65478274,ZBC Oog B.V.,2021,Verstegen,86221,
81789947,Zeno Ambulant B.V.,2025,Verstegen,88991,
05072572,ZGR,2019,Verstegen,87100,
05072572,ZGR,2020,Verstegen,87100,
05072572,ZGR,2021,Verstegen,87100,
05072572,ZGR,2022,Verstegen,87100,
05072572,ZGR,2023,Verstegen,87100,
05072572,ZGR,2024,Verstegen,87100,
67360939,Zintri Zorggroep B.V.,2018,Verstegen,86913,
41188459,Zorg- en Wooncentrum De Haven,2019,Verstegen,87302,
41188459,Zorg- en Wooncentrum De Haven,2020,Verstegen,87302,
41188459,Zorg- en Wooncentrum De Haven,2022,Verstegen,87302,
41188459,Zorg- en Wooncentrum De Haven,2023,Verstegen,87302,
41188459,Zorg- en Wooncentrum De Haven,2024,Verstegen,87302,
41188459,Zorg- en Wooncentrum De Haven,2025,Verstegen,87302,
11042268,Zorgcentrum 't Slot,2019,Verstegen,87100,
11042268,Zorgcentrum 't Slot,2020,Verstegen,87100,
11042268,Zorgcentrum 't Slot,2021,Verstegen,87100,
11042268,Zorgcentrum 't Slot,2022,Verstegen,87100,
11042268,Zorgcentrum 't Slot,2023,Verstegen,87100,
11042268,Zorgcentrum 't Slot,2024,Verstegen,87100,
11042268,Zorgcentrum 't Slot,2025,Verstegen,87100,
41059171,Zorgcentrum Anker,2019,Verstegen,87100,
41059171,Zorgcentrum Anker,2020,Verstegen,87100,
41059171,Zorgcentrum Anker,2022,Verstegen,87100,
41059171,Zorgcentrum Anker,2023,Verstegen,87100,
41059171,Zorgcentrum Anker,2024,Verstegen,87100,
41059171,Zorgcentrum Anker,2025,Verstegen,87100,
37122456,Zorgcentrum De Lichtboei,2019,Verstegen,87302,
37122456,Zorgcentrum De Lichtboei,2020,Verstegen,87302,
37122456,Zorgcentrum De Lichtboei,2021,Verstegen,87302,
37122456,Zorgcentrum De Lichtboei,2022,Verstegen,87302,
37122456,Zorgcentrum De Lichtboei,2023,Verstegen,87302,
37122456,Zorgcentrum De Lichtboei,2024,Verstegen,87302,
37122456,Zorgcentrum De Lichtboei,2025,Verstegen,87302,
34109793,Zorgcentrum De Meerwende,2020,Verstegen,87302,
34109793,Zorgcentrum De Meerwende,2021,Verstegen,87302,
34109793,Zorgcentrum De Meerwende,2022,Verstegen,87302,
34109793,Zorgcentrum De Meerwende,2024,Verstegen,87302,
34109793,Zorgcentrum De Meerwende,2025,Verstegen,87302,
41165322,Zorgcentrum Groot Hoogwaak,2019,Verstegen,87302,
41165322,Zorgcentrum Groot Hoogwaak,2020,Verstegen,87302,
41165322,Zorgcentrum Groot Hoogwaak,2022,Verstegen,87302,
41165322,Zorgcentrum Groot Hoogwaak,2023,Verstegen,87302,
41165322,Zorgcentrum Groot Hoogwaak,2024,Verstegen,87302,
41165322,Zorgcentrum Groot Hoogwaak,2025,Verstegen,87302,
41090962,Zorgcentrum Kempenhof,2019,Verstegen,87302,
41090962,Zorgcentrum Kempenhof,2020,Verstegen,87302,
41090962,Zorgcentrum Kempenhof,2022,Verstegen,87302,
41090962,Zorgcentrum Kempenhof,2023,Verstegen,87302,
41097329,Zorgcentrum Sint Franciscus,2022,Verstegen,87302,
41097329,Zorgcentrum Sint Franciscus,2023,Verstegen,87302,
41097329,Zorgcentrum Sint Franciscus,2025,Verstegen,87302,
41000801,Zorgcentrum Talma Haven,2020,Verstegen,87302,
41000801,Zorgcentrum Talma Haven,2022,Verstegen,87302,
41000801,Zorgcentrum Talma Haven,2023,Verstegen,87302,
41000801,Zorgcentrum Talma Haven,2024,Verstegen,87302,
41000801,Zorgcentrum Talma Haven,2025,Verstegen,87302,
41225869,Zorggroep Aelsmeer,2018,Verstegen,87302,
41225869,Zorggroep Aelsmeer,2020,Verstegen,87302,
41225869,Zorggroep Aelsmeer,2021,Verstegen,87302,
41225869,Zorggroep Aelsmeer,2022,Verstegen,87302,
41225869,Zorggroep Aelsmeer,2023,Verstegen,87302,
41225869,Zorggroep Aelsmeer,2024,Verstegen,87302,
41225869,Zorggroep Aelsmeer,2025,Verstegen,87302,
30242745,"Zorggroep Charim, Centraal Kantoor",2022,Verstegen,82100,
30242745,"Zorggroep Charim, Centraal Kantoor",2023,Verstegen,82100,
30242745,"Zorggroep Charim, Centraal Kantoor",2024,Verstegen,82100,
30242745,"Zorggroep Charim, Centraal Kantoor",2025,Verstegen,82100,
11060286,ZorgInjection Thuiszorg,2019,Verstegen,86942,
11060286,ZorgInjection Thuiszorg,2020,Verstegen,86942,
17190728,Zorgokee B.V.,2024,Verstegen,87202,
17190728,Zorgokee B.V.,2025,Verstegen,87202,
41113260,Zuidwest Radiotherapeutisch Instituut,2023,Verstegen,86221,
41113260,Zuidwest Radiotherapeutisch Instituut,2024,Verstegen,86221,
11056223,Zuivelcoöperatie DeltaMilk B.A.,2024,Verstegen,94997,
23058830,Zwartbol Zonen Hout-Import B.V.,2022,Verstegen,46831,
