kvk,naam,boekjaar,accountant,sbi,plaats
17024197,"""Woningstichting Woningbelang""",2019,Q-Concepts,68201,
17024197,"""Woningstichting Woningbelang""",2020,Q-Concepts,68201,
17024197,"""Woningstichting Woningbelang""",2021,Q-Concepts,68201,
17024197,"""Woningstichting Woningbelang""",2022,Q-Concepts,68201,
17024197,"""Woningstichting Woningbelang""",2023,Q-Concepts,68201,
17024197,"""Woningstichting Woningbelang""",2024,Q-Concepts,68201,
17024197,"""Woningstichting Woningbelang""",2025,Q-Concepts,68201,
66471249,2Service B.V.,2020,Q-Concepts,46500,
30268615,3B Holding B.V.,2020,Q-Concepts,66300,
17066373,3D Systems Benelux B.V.,2020,Q-Concepts,22260,
17066373,3D Systems Benelux B.V.,2022,Q-Concepts,22260,
16029701,A. Müller Beheer B.V.,2017,Q-Concepts,6420,
11063942,A. Verhoef Beheer B.V.,2018,Q-Concepts,6612,
24206311,Aannemingsbedrijf Qualm B.V.,2023,Q-Concepts,42210,
24206311,Aannemingsbedrijf Qualm B.V.,2024,Q-Concepts,42210,
59545585,Academie Spelderholt,2019,Q-Concepts,88992,
59545585,Academie Spelderholt B.V.,2017,Q-Concepts,88992,
75020866,Ace B.V.,2022,Q-Concepts,74990,
75020866,Ace B.V.,2024,Q-Concepts,74990,
75020866,Ace B.V.,2025,Q-Concepts,74990,
17131735,Acknowledge Benelux B.V.,2023,Q-Concepts,62200,
76381676,Acknowledge Holding B.V.,2021,Q-Concepts,64210,
76381676,Acknowledge Holding B.V.,2022,Q-Concepts,64210,
76381676,Acknowledge Holding B.V.,2023,Q-Concepts,64210,
17082896,Acknowledge IT Group B.V.,2021,Q-Concepts,64210,
17082896,Acknowledge IT Group B.V.,2023,Q-Concepts,64210,
70032327,Acorel Group B.V.,2024,Q-Concepts,64210,
27155944,Ad Hoc Beheer B.V.,2017,Q-Concepts,68320,
27155944,Ad Hoc Beheer B.V.,2018,Q-Concepts,68320,
27155944,Ad Hoc Beheer B.V.,2020,Q-Concepts,68320,
27155944,Ad Hoc Beheer B.V.,2021,Q-Concepts,68320,
27155944,Ad Hoc Beheer B.V.,2023,Q-Concepts,68320,
27155944,Ad Hoc Beheer B.V.,2024,Q-Concepts,68320,
18106922,Ad van der Westen B.V.,2020,Q-Concepts,10710,
18106922,Ad van der Westen B.V.,2021,Q-Concepts,10710,
18106922,Ad van der Westen B.V.,2022,Q-Concepts,10710,
18106922,Ad van der Westen B.V.,2023,Q-Concepts,10710,
18106922,Ad van der Westen B.V.,2024,Q-Concepts,10710,
78052904,Adelfi Holding B.V.,2020,Q-Concepts,64210,
78052904,Adelfi Holding B.V.,2022,Q-Concepts,64210,
51058782,ADEZZ B.V.,2020,Q-Concepts,46499,
51058782,ADEZZ B.V.,2021,Q-Concepts,46499,
51058782,ADEZZ B.V.,2022,Q-Concepts,46499,
51058782,ADEZZ B.V.,2025,Q-Concepts,46499,
85872253,Adezz Group B.V.,2022,Q-Concepts,64210,
85872253,Adezz Group B.V.,2024,Q-Concepts,64210,
85872253,Adezz Group B.V.,2025,Q-Concepts,64210,
27119183,AECOM Netherlands B.V.,2024,Q-Concepts,70201,
32145553,Aestas Holding B.V.,2023,Q-Concepts,64210,
68167938,Aethon Topco B.V.,2020,Q-Concepts,64210,
68167938,Aethon Topco B.V.,2021,Q-Concepts,64210,
68167938,Aethon Topco B.V.,2022,Q-Concepts,64210,
68167938,Aethon Topco B.V.,2024,Q-concepts,64210,
31047513,Aevitae B.V.,2017,Q-Concepts,66220,
31047513,Aevitae B.V.,2018,Q-Concepts,66220,
31047513,Aevitae B.V.,2019,Q-Concepts,66220,
31047513,Aevitae B.V.,2020,Q-Concepts,66220,
31047513,Aevitae B.V.,2021,Q-Concepts,66220,
31047513,Aevitae B.V.,2022,Q-Concepts,66220,
31047513,Aevitae B.V.,2023,Q-Concepts,66220,
31047513,Aevitae B.V.,2024,Q-Concepts,66220,
14108242,Aevitae Beheer B.V.,2018,Q-Concepts,64210,
14108242,Aevitae Beheer B.V.,2019,Q-Concepts,64210,
14108242,Aevitae Beheer B.V.,2020,Q-Concepts,64210,
14108242,Aevitae Beheer B.V.,2022,Q-Concepts,64210,
14108242,Aevitae Beheer B.V.,2023,Q-Concepts,64210,
14108242,Aevitae Beheer B.V.,2024,Q-Concepts,64210,
14108242,Aevitae Group B.V.,2017,Q-Concepts,6420,
34301075,Aevitae Holding B.V.,2017,Q-Concepts,,
34301075,Aevitae Holding B.V.,2018,Q-Concepts,,
18079744,Agile B.V.,2017,Q-Concepts,6420,
18079744,Agile B.V.,2018,Q-Concepts,6420,
18079744,Agile B.V.,2019,Q-Concepts,64210,
18079744,Agile B.V.,2020,Q-Concepts,64210,
18079744,Agile B.V.,2021,Q-Concepts,64210,
18079744,Agile B.V.,2022,Q-Concepts,64210,
18079744,Agile B.V.,2023,Q-Concepts,64210,
18079744,Agile B.V.,2024,Q-Concepts,64210,
17104848,Agradi B.V.,2020,Q-Concepts,47120,
17104848,Agradi B.V.,2022,Q-Concepts,47120,
17104848,Agradi B.V.,2023,Q-concepts,47120,
11012283,Ahlmann Nederland B.V.,2018,Q-Concepts,46630,
11012283,Ahlmann Nederland B.V.,2019,Q-Concepts,46630,
11012283,Ahlmann Nederland B.V.,2020,Q-Concepts,46630,
11012283,Ahlmann Nederland B.V.,2022,Q-Concepts,46630,
11012283,Ahlmann Nederland B.V.,2023,Q-Concepts,46630,
11012283,Ahlmann Nederland B.V.,2024,Q-Concepts,46630,
67252893,Airtrade Holdings B.V.,2019,Q-Concepts,70102,
67252893,Airtrade Holdings B.V.,2020,Q-Concepts,70102,
67252893,Airtrade Holdings B.V.,2021,Q-Concepts,70102,
33248489,Airtrade Holland B.V.,2017,Q-Concepts,7911,
33248489,Airtrade Holland B.V.,2018,Q-Concepts,79110,
33248489,Airtrade Holland B.V.,2019,Q-Concepts,79110,
33248489,Airtrade Holland B.V.,2021,Q-Concepts,79110,
90692373,AJ Nexus B.V.,2024,Q-Concepts,64210,
80779522,ALABAMA Holding B.V.,2021,Q-Concepts,64210,
18116088,Albert Heijn Made,2024,Q-Concepts,47110,
35015335,Albert Keijzer B.V.,2017,Q-Concepts,4941,
35015335,Albert Keijzer B.V.,2018,Q-Concepts,49410,
35015335,Albert Keijzer B.V.,2019,Q-Concepts,49410,
35015335,Albert Keijzer B.V.,2020,Q-Concepts,49410,
35015335,Albert Keijzer B.V.,2022,Q-Concepts,49410,
35015335,Albert Keijzer B.V.,2023,Q-Concepts,49410,
35015335,Albert Keijzer B.V.,2024,Q-Concepts,49410,
30088997,Alfasan Nederland B.V.,2018,Q-Concepts,64210,
14123564,Allekabels B.V.,2019,Q-Concepts,47404,
14123564,Allekabels B.V.,2020,Q-Concepts,47404,
14123564,Allekabels B.V.,2021,Q-Concepts,47404,
14123564,Allekabels B.V.,2022,Q-Concepts,47404,
39089918,Almere City FC B.V.,2020,Q-Concepts,93121,
39089918,Almere City FC B.V.,2021,Q-Concepts,93121,
70483698,Altide,2023,Q-Concepts,86999,
70483698,Altide,2025,Q-Concepts,86999,
11063261,Altrad Fort,2019,Q-Concepts,30990,
11063261,Altrad Fort,2020,Q-Concepts,30990,
24271297,Ambrava B.V.,2024,Q-Concepts,46642,
30247357,Ampco Flashlight Holding B.V.,2022,Q-Concepts,70201,
30192831,Ampco Flashlight Rental B.V.,2020,Q-Concepts,46433,
31043500,Ampco/Flashlight Holding B.V.,2017,Q-Concepts,6420,
13037585,Amycel Holding B.V.,2020,Q-Concepts,70102,
17205003,Apanta GGZ B.V.,2017,Q-Concepts,86913,
17205003,Apanta GGZ B.V.,2018,Q-Concepts,86913,
17205003,Apanta GGZ B.V.,2019,Q-Concepts,86930,
17205003,Apanta GGZ B.V.,2020,Q-Concepts,86930,
17205003,Apanta GGZ B.V.,2021,Q-Concepts,86930,
17205003,Apanta GGZ B.V.,2023,Q-Concepts,86930,
17205003,Apanta GGZ B.V.,2025,Q-Concepts,86930,
17197353,AQS Holding B.V,2022,Q-Concepts,64210,
08160200,Araco International B.V.,2020,Q-Concepts,46180,
08160200,Araco International B.V.,2022,Q-Concepts,46180,
09071901,Arga Arnhem Holding B.V.,2024,Q-Concepts,64210,
34202168,Aries t.h.o.d.n. Jumbo Oostelijke Handelskade,2020,Q-Concepts,70102,
11015375,Arjan Beheer B.V.,2018,Q-Concepts,64310,
11015375,Arjan Beheer B.V.,2019,Q-Concepts,64310,
11015375,Arjan Beheer B.V.,2020,Q-Concepts,64310,
11015375,Arjan Beheer B.V.,2021,Q-Concepts,64310,
11015375,Arjan Beheer B.V.,2022,Q-Concepts,64310,
37106309,Arjen van Diepen Beheer B.V.,2017,Q-Concepts,6612,
37106309,Arjen van Diepen Beheer B.V.,2018,Q-Concepts,01193,
37106309,Arjen van Diepen Beheer B.V.,2019,Q-Concepts,01193,
32151766,Arla Foods B.V.,2018,Q-Concepts,10510,
32151766,Arla Foods B.V.,2019,Q-Concepts,10510,
32151766,Arla Foods B.V.,2020,Q-Concepts,10510,
32151766,Arla Foods B.V.,2021,Q-Concepts,10510,
32151766,Arla Foods B.V.,2022,Q-Concepts,10510,
32151766,Arla Foods B.V.,2023,Q-Concepts,10510,
32151766,Arla Foods B.V.,2024,Q-Concepts,10510,
32151766,Arla Foods B.V.,2025,Q-Concepts,10510,
56863098,ATD Machinery B.V.,2022,Q-Concepts,28990,
56863098,ATD Machinery B.V.,2023,Q-Concepts,28990,
56863098,ATD Machinery B.V.,2024,Q-Concepts,28990,
33143254,Automatiek FEBO B.V.,2024,Q-Concepts,56112,
73614343,Axivate Horeca Group B.V.,2021,Q-Concepts,64210,
73614343,Axivate Horeca Group B.V.,2022,Q-Concepts,64210,
73614343,Axivate Horeca Group B.V.,2023,Q-Concepts,64210,
73614343,Axivate Horeca Group B.V.,2024,Q-Concepts,64210,
73614343,Axivate Horeca Group B.V.,2025,Q-Concepts,64210,
20125511,B.C.F. Holding B.V.,2022,Q-Concepts,64210,
20125511,B.C.F. Holding B.V.,2023,Q-Concepts,64210,
18111772,B.V. Aannemings- en Handelmaatschappij Schapers en Zoon,2020,Q-Concepts,41000,
16036955,B.V. Aannemingsbedrijf Gebr. Van der Steen,2017,Q-Concepts,4221,
30119830,B.V. Hollandse Participatie Maatschappij (H.P.M.),2017,Q-Concepts,64923,
33134110,B.V. Intergroup Trading (I.G.T.),2023,Q-Concepts,46901,
33134110,B.V. Intergroup Trading (I.G.T.),2024,Q-Concepts,46901,
17088989,Backers Beheer B.V.,2019,Q-Concepts,,
17088989,Backers Beheer B.V.,2020,Q-Concepts,,
17088989,Backers Beheer B.V.,2021,Q-Concepts,,
17088989,Backers Beheer B.V.,2022,Q-Concepts,,
83276556,Bakkerij Voncken-Caubo B.V.,2024,Q-Concepts,10710,
12038346,Bakro Beheer B.V.,2022,Q-Concepts,64210,
16068423,Barli B.V.,2023,Q-Concepts,16250,
16068423,Barli B.V.,2024,Q-Concepts,16250,
76497941,Barli Holding B.V.,2023,Q-Concepts,68120,
76497941,Barli Holding B.V.,2024,Q-Concepts,68120,
01097183,Barrus Holding B.V.,2020,Q-Concepts,64210,
09051070,Baston Wonen Stichting,2025,Q-Concepts,68201,
81246153,Bearc Holding B.V.,2021,Q-Concepts,64210,
81246153,Bearc Holding B.V.,2022,Q-Concepts,64210,
81246153,Bearc Holding B.V.,2023,Q-Concepts,64210,
81246153,Bearc Holding B.V.,2024,Q-Concepts,64210,
81246153,Bearc Holding B.V.,2025,Q-Concepts,64210,
27210315,Beekenkamp Beheer Maasdijk B.V.,2019,Q-Concepts,68203,
27210315,Beekenkamp Beheer Maasdijk B.V.,2020,Q-Concepts,68203,
27210315,Beekenkamp Beheer Maasdijk B.V.,2021,Q-Concepts,68203,
27210315,Beekenkamp Beheer Maasdijk B.V.,2022,Q-Concepts,68203,
27210315,Beekenkamp Beheer Maasdijk B.V.,2023,Q-Concepts,68203,
27210315,Beekenkamp Beheer Maasdijk B.V.,2024,Q-Concepts,68203,
27210315,Beekenkamp Beheer Maasdijk B.V.,2025,Q-Concepts,68203,
69910367,Begeleid Wonen Pijler B.V.,2025,Q-Concepts,87202,
05040140,Beheer- en Beleggingsmaatschappij Blei Zwartsluis B.V.,2023,Q-Concepts,64210,
05040140,Beheer- en Beleggingsmaatschappij Blei Zwartsluis B.V.,2024,Q-Concepts,64210,
18128193,Beheermaatschappij Van der Westen B.V.,2020,Q-Concepts,64210,
18128193,Beheermaatschappij Van der Westen B.V.,2021,Q-Concepts,64210,
18128193,Beheermaatschappij Van der Westen B.V.,2023,Q-Concepts,64210,
18128193,Beheermaatschappij Van der Westen B.V.,2024,Q-Concepts,64210,
52517659,Beleggingsmaatschappij Grouwels B.V.,2022,Q-Concepts,68320,
52517659,Beleggingsmaatschappij Grouwels B.V.,2023,Q-Concepts,68320,
80416586,Beleggingsmaatschappij Grouwels II B.V.,2024,Q-Concepts,68320,
73419176,BELFOR (Nederland) B.V.,2020,Q-Concepts,81230,
73419176,BELFOR (Nederland) B.V.,2022,Q-Concepts,81230,
73419176,BELFOR (Nederland) B.V.,2023,Q-Concepts,81230,
73419176,BELFOR (Nederland) B.V.,2024,Q-Concepts,81230,
73419176,BELFOR (Nederland) B.V.,2025,Q-Concepts,81230,
94492867,Benefits Group Holding B.V.,2025,Q-Concepts,64210,
34157976,Benovem B.V.,2023,Q-Concepts,64210,
34157976,Benovem B.V.,2024,Q-Concepts,64210,
20081306,Best Star Meat Pork B.V.,2018,Q-Concepts,64310,
20081306,Best Star Meat Pork B.V.,2019,Q-Concepts,64310,
20081306,Best Star Meat Pork B.V.,2020,Q-Concepts,64310,
17044891,Best Wool Carpets B.V.,2019,Q-Concepts,13930,
17044891,Best Wool Carpets B.V.,2020,Q-Concepts,13930,
17044891,Best Wool Carpets B.V.,2021,Q-Concepts,13930,
17282675,Bestronics B.V.,2023,Q-Concepts,26120,
18080683,Besusa Beheer B.V.,2018,Q-Concepts,64210,
18080683,Besusa Beheer B.V.,2019,Q-Concepts,64210,
18080683,Besusa Beheer B.V.,2020,Q-Concepts,64210,
18080683,Besusa Beheer B.V.,2021,Q-Concepts,64210,
91363578,Better Holdco B.V.,2024,Q-Concepts,64210,
41149733,Beukenhof,2025,Q-Concepts,87100,
09083302,Beuzen B.V.,2017,Q-Concepts,70102,
09083302,Beuzen B.V.,2018,Q-Concepts,70102,
09083302,Beuzen B.V.,2019,Q-Concepts,70102,
09083302,Beuzen B.V.,2022,Q-concepts,70102,
68958773,Big Holding Velddriel B.V.,2018,Q-Concepts,6420,
68958773,Big Holding Velddriel B.V.,2019,Q-Concepts,64210,
68958773,Big Holding Velddriel B.V.,2020,Q-Concepts,64210,
11057540,Big Machinery B.V.,2018,Q-Concepts,4663,
11057540,Big Machinery B.V.,2019,Q-Concepts,46630,
11057540,Big Machinery B.V.,2020,Q-Concepts,46630,
75262126,BIG Rental and Services Holding B.V.,2020,Q-Concepts,66300,
57054061,Binnendijk Beheer B.V.,2017,Q-Concepts,6420,
57054061,Binnendijk Beheer B.V.,2018,Q-Concepts,64210,
34297739,Bioseutica B.V.,2019,Q-Concepts,64210,
34297739,Bioseutica B.V.,2020,Q-Concepts,64210,
20053845,BIP Holland B.V.,2022,Q-Concepts,46360,
20053845,BIP Holland B.V.,2023,Q-Concepts,46360,
74916572,Bittner Mengservice B.V.,2021,Q-Concepts,10860,
74916572,Bittner Mengservice B.V.,2022,Q-Concepts,10860,
74916572,Bittner Mengservice B.V.,2023,Q-Concepts,10860,
74916572,Bittner Mengservice B.V.,2024,Q-Concepts,10860,
74916572,Bittner Mengservice B.V.,2025,Q-Concepts,10860,
60526769,Blauwhoed Groep B.V.,2022,Q-Concepts,64210,
50147609,Blauwhoed Holding B.V.,2020,Q-Concepts,70102,
50147609,Blauwhoed Holding B.V.,2021,Q-Concepts,70102,
50147609,Blauwhoed Holding B.V.,2022,Q-Concepts,70102,
50147609,Blauwhoed Holding B.V.,2024,Q-Concepts,70102,
50147609,Blauwhoed Holding B.V.,2025,Q-Concepts,70102,
09140622,Bloezem GGZ B.V.,2019,Q-Concepts,87202,
09140622,Bloezem GGZ B.V.,2020,Q-Concepts,87202,
09140622,Bloezem GGZ B.V.,2021,Q-Concepts,87202,
09140622,Bloezem GGZ B.V.,2022,Q-Concepts,87202,
09140622,Bloezem GGZ B.V.,2023,Q-Concepts,87202,
09140622,Bloezem GGZ B.V.,2024,Q-Concepts,87202,
09140622,Bloezem GGZ B.V.,2025,Q-Concepts,87202,
61051020,Bloezem Woonzorg B.V.,2022,Q-Concepts,68110,
61051020,Bloezem Woonzorg B.V.,2023,Q-Concepts,68110,
61051020,Bloezem Woonzorg B.V.,2024,Q-Concepts,68110,
33133450,Bloezem Zorg Thuis B.V.,2022,Q-Concepts,86942,
33133450,Bloezem Zorg Thuis B.V.,2023,Q-Concepts,86942,
33133450,Bloezem Zorg Thuis B.V.,2024,Q-Concepts,86942,
30144678,Blue Bird B.V.,2017,Q-Concepts,6420,
30144678,Blue Bird B.V.,2018,Q-Concepts,64210,
73416525,BlueMind B.V.,2019,Q-Concepts,64210,
73416525,BlueMind B.V.,2020,Q-Concepts,64210,
73416525,BlueMind B.V.,2021,Q-Concepts,64210,
73416525,BlueMind B.V.,2022,Q-Concepts,64210,
73416525,BlueMind B.V.,2024,Q-Concepts,64210,
17150217,BMS Holding B.V.,2022,Q-Concepts,64210,
17150217,BMS Holding B.V.,2024,Q-concepts,64210,
14631388,Bodemzorg Limburg,2023,Q-Concepts,38320,
14631388,Bodemzorg Limburg,2024,Q-Concepts,38320,
58238026,Boerderijcampus B.V.,2017,Q-Concepts,0150,
58238026,Boerderijcampus B.V.,2018,Q-Concepts,0150,
06068378,Bonfait B.V.,2021,Q-Concepts,10890,
06068378,Bonfait B.V.,2022,Q-Concepts,10890,
06068378,Bonfait B.V.,2024,Q-Concepts,10890,
23063767,Bonusan B.V.,2019,Q-Concepts,21200,
23063767,Bonusan B.V.,2022,Q-Concepts,21200,
23063767,Bonusan B.V.,2024,Q-Concepts,21200,
24405149,Bonusan Holding,2018,Q-Concepts,64210,
24405149,Bonusan Holding,2019,Q-Concepts,64210,
24405149,Bonusan Holding,2020,Q-Concepts,64210,
24405149,Bonusan Holding,2021,Q-Concepts,64210,
24405149,Bonusan Holding,2024,Q-Concepts,64210,
24405149,Bonusan Holding B.V.,2017,Q-Concepts,6420,
14624853,Bours Holding B.V.,2017,Q-Concepts,6420,
27180527,Bouwmeester Den Haag Holding B.V.,2018,Q-Concepts,70102,
27180527,Bouwmeester Den Haag Holding B.V.,2019,Q-Concepts,70102,
27180527,Bouwmeester Den Haag Holding B.V.,2021,Q-Concepts,70102,
27180527,Bouwmeester Den Haag Holding B.V.,2023,Q-Concepts,70102,
51154609,Bram Dieteren Automotive B.V.,2017,Q-Concepts,6420,
51154609,Bram Dieteren Automotive B.V.,2018,Q-Concepts,,
51154609,Bram Dieteren Automotive B.V.,2019,Q-Concepts,,
51154609,Bram Dieteren Automotive B.V.,2020,Q-Concepts,,
51153513,Bram Dieteren Holding B.V.,2017,Q-Concepts,6420,
51153513,Bram Dieteren Holding B.V.,2018,Q-Concepts,6420,
51153513,Bram Dieteren Holding B.V.,2019,Q-Concepts,64210,
51153513,Bram Dieteren Holding B.V.,2020,Q-Concepts,64210,
30124768,Brandenburg Culinair B.V.,2018,Q-Concepts,10850,
30124768,Brandenburg Culinair B.V.,2019,Q-Concepts,10850,
30124768,Brandenburg Culinair B.V.,2020,Q-Concepts,10850,
18034350,BRAVX B.V.,2018,Q-Concepts,46500,
18034350,BRAVX B.V.,2019,Q-Concepts,46500,
18034350,BRAVX B.V.,2020,Q-Concepts,46500,
20037000,Breda Bouw B.V.,2020,Q-Concepts,41000,
20037000,Breda Bouw B.V.,2022,Q-Concepts,41000,
20037000,Breda Bouw B.V.,2023,Q-Concepts,41000,
20037000,Breda Bouw B.V.,2024,Q-Concepts,41000,
17165218,Breederzorg B.V.,2020,Q-Concepts,86942,
17165218,Breederzorg B.V.,2021,Q-Concepts,86942,
17165218,Breederzorg B.V.,2022,Q-Concepts,86942,
68920814,BroVaLi B.V.,2023,Q-Concepts,64210,
18085004,Buro Maks B.V.,2020,Q-Concepts,,
18085004,Buro Maks B.V.,2021,Q-Concepts,,
18085004,Buro Maks B.V.,2022,Q-Concepts,,
69068240,Buro T3,2018,Q-Concepts,85591,
69068240,Buro T3,2019,Q-Concepts,85591,
69068240,Buro T3,2020,Q-Concepts,85591,
69068240,Buro T3 B.V.,2017,Q-Concepts,85592,
92344895,Byldis Group B.V.,2024,Q-Concepts,64210,
22033521,C&F Holding B.V.,2018,Q-Concepts,6420,
30171603,C. Huibers Veenendaal Beheer B.V.,2017,Q-Concepts,66191,
30171603,C. Huibers Veenendaal Beheer B.V.,2018,Q-Concepts,66191,
30171603,C. Huibers Veenendaal Beheer B.V.,2020,Q-Concepts,66191,
30171603,C. Huibers Veenendaal Beheer B.V.,2022,Q-Concepts,66191,
30171603,C. Huibers Veenendaal Beheer B.V.,2023,Q-Concepts,66191,
18132360,C. Kwaaitaal Beheer B.V.,2020,Q-Concepts,64210,
18132360,C. Kwaaitaal Beheer B.V.,2022,Q-Concepts,64210,
18132360,C. Kwaaitaal Beheer B.V.,2023,Q-Concepts,64210,
18132360,C. Kwaaitaal Beheer B.V.,2024,Q-Concepts,64210,
33240260,C.J. Jacobs Amsterdam B.V.,2024,Q-Concepts,70201,
23014737,C.M. Baars & Zn. Holding B.V.,2020,Q-Concepts,42110,
27244228,C.T.S. Holding B.V.,2021,Q-Concepts,70102,
27244228,C.T.S. Holding B.V.,2023,Q-Concepts,70102,
27244228,C.T.S. Holding B.V.,2024,Q-Concepts,70102,
24319999,Cardialysis B.V.,2022,Q-Concepts,72100,
05082174,Carinova,2023,Q-Concepts,,
34124580,Carpentier Professional B.V.,2021,Q-Concepts,46831,
34124580,Carpentier Professional B.V.,2022,Q-Concepts,46831,
34051676,CarpentierMooren B.V.,2017,Q-Concepts,47528,
34051676,CarpentierMooren B.V.,2019,Q-Concepts,47527,
34051676,CarpentierMooren B.V.,2022,Q-Concepts,47527,
86191853,Case Holding B.V.,2025,Q-Concepts,64210,
22031439,CaseWare Nederland,2025,Q-Concepts,62100,
20109856,Ceratizit Nederland B.V.,2023,Q-Concepts,46841,
14628449,Cerfontaine International B.V.,2017,Q-concepts,4312,
14628449,Cerfontaine International B.V.,2018,Q-Concepts,43120,
14628449,Cerfontaine International B.V.,2019,Q-Concepts,43120,
87156164,Cerios B.V.,2022,Q-Concepts,64210,
86457225,Cerios Holding B.V.,2023,Q-Concepts,70102,
86457225,Cerios Holding B.V.,2024,Q-Concepts,70102,
86457225,Cerios Holding B.V.,2025,Q-Concepts,70102,
53920740,Cerios | Salves Holding B.V.,2022,Q-Concepts,64210,
53920740,Cerios | Salves Holding B.V.,2023,Q-Concepts,64210,
53920740,Cerios | Salves Holding B.V.,2024,Q-Concepts,64210,
30230942,Cerla Holding B.V.,2018,Q-Concepts,,
30230942,Cerla Holding B.V.,2019,Q-Concepts,,
30230942,Cerla Holding B.V.,2020,Q-Concepts,,
30230942,Cerla Holding B.V.,2021,Q-Concepts,,
30230942,Cerla Holding B.V.,2023,Q-Concepts,,
11064369,CG Huistechniek Handelmaatschappij B.V.,2024,Q-Concepts,64210,
14092779,Chadom Beheer B.V.,2023,Q-Concepts,64210,
14092779,Chadom Beheer B.V.,2024,Q-Concepts,64210,
41085297,CINOP,2018,Q-Concepts,85690,
41085297,CINOP,2022,Q-Concepts,85690,
17162246,CINOP B.V.,2022,Q-Concepts,85690,
14132418,CIRO+ B.V.,2024,Q-Concepts,86221,
14132418,CIRO+ B.V.,2025,Q-Concepts,86221,
77486382,Climate Technology Group B.V.,2020,Q-Concepts,64210,
77486382,Climate Technology Group B.V.,2021,Q-Concepts,64210,
77486382,Climate Technology Group B.V.,2022,Q-Concepts,64210,
77486382,Climate Technology Group B.V.,2023,Q-Concepts,64210,
77486382,Climate Technology Group B.V.,2024,Q-Concepts,64210,
87317613,CommCo NL B.V.,2022,Q-Concepts,64210,
58176942,Compartijn Exploitatie B.V.,2023,Q-Concepts,,
24383822,ComTrade Group,2017,Q-Concepts,,
24383822,ComTrade Group,2018,Q-Concepts,,
24383822,ComTrade Group,2019,Q-Concepts,,
24383822,ComTrade Group,2020,Q-Concepts,,
24383822,ComTrade Group,2022,Q-Concepts,,
55728561,Conceptable B.V.,2022,Q-Concepts,47716,
55728561,Conceptable B.V.,2023,Q-Concepts,47716,
55728561,Conceptable B.V.,2024,Q-Concepts,47716,
59715731,Concordia Damen Shipbuilding B.V.,2019,Q-Concepts,46140,
59715731,Concordia Damen Shipbuilding B.V.,2020,Q-Concepts,46140,
59715731,Concordia Damen Shipbuilding B.V.,2022,Q-Concepts,46140,
59715731,Concordia Damen Shipbuilding B.V.,2023,Q-Concepts,46140,
59715731,Concordia Damen Shipbuilding B.V.,2024,Q-Concepts,46140,
24368022,Confashion Holding B.V.,2021,Q-Concepts,64210,
24368022,Confashion Holding B.V.,2023,Q-Concepts,64210,
24368022,Confashion Holding B.V.,2024,Q-Concepts,64210,
59262206,Conforza Beheer B.V.,2023,Q-concepts,64210,
59262206,Conforza Beheer B.V.,2024,Q-Concepts,64210,
59262206,Conforza Beheer B.V.,2025,Q-Concepts,64210,
57734623,Contargo Road Logistics Netherlands B.V.,2022,Q-Concepts,52250,
57734623,Contargo Road Logistics Netherlands B.V.,2023,Q-Concepts,52250,
24363230,Contargo Waterway Logistics B.V.,2022,Q-Concepts,52250,
12039810,Cooler Master Europe B.V.,2017,Q-Concepts,4652,
12039810,Cooler Master Europe B.V.,2018,Q-Concepts,4652,
12039810,Cooler Master Europe B.V.,2019,Q-Concepts,46500,
12039810,Cooler Master Europe B.V.,2020,Q-Concepts,46500,
12039810,Cooler Master Europe B.V.,2021,Q-Concepts,46500,
12039810,Cooler Master Europe B.V.,2022,Q-Concepts,46500,
12039810,Cooler Master Europe B.V.,2024,Q-Concepts,46500,
12039810,Cooler Master Europe B.V.,2025,Q-Concepts,46500,
18128654,Copar B.V.,2021,Q-Concepts,46170,
18128654,Copar B.V.,2022,Q-Concepts,46170,
18128654,Copar B.V.,2024,Q-Concepts,46170,
83942041,Copar Holding B.V.,2021,Q-Concepts,64210,
83942041,Copar Holding B.V.,2023,Q-Concepts,64210,
83942041,Copar Holding B.V.,2024,Q-Concepts,64210,
86947508,Corius Netherlands B.V.,2023,Q-Concepts,64210,
86947508,Corius Netherlands B.V.,2024,Q-Concepts,64210,
76532089,Cortac Holding B.V.,2022,Q-Concepts,64210,
14112652,Coöperatie ambulante zelfstandige zorg- en hulpverleners U.A.,2019,Q-Concepts,86942,
14112652,Coöperatie ambulante zelfstandige zorg- en hulpverleners U.A.,2020,Q-Concepts,86942,
14112652,Coöperatie ambulante zelfstandige zorg- en hulpverleners U.A.,2021,Q-Concepts,86942,
14112652,Coöperatie ambulante zelfstandige zorg- en hulpverleners U.A.,2022,Q-Concepts,86942,
72493674,Coöperatie JENS U.A.,2019,Q-Concepts,88991,
72493674,Coöperatie JENS U.A.,2020,Q-Concepts,88991,
72493674,Coöperatie JENS U.A.,2021,Q-Concepts,88991,
72493674,Coöperatie JENS U.A.,2022,Q-Concepts,88991,
72493674,Coöperatie JENS U.A.,2023,Q-Concepts,88991,
72493674,Coöperatie JENS U.A.,2024,Q-Concepts,88991,
72493674,Coöperatie JENS U.A.,2025,Q-Concepts,88991,
09009530,Coöperatief Koninklijk Tuinbouwcentrum Horticoop U.A.,2021,Q-Concepts,64923,
09009530,Coöperatief Koninklijk Tuinbouwcentrum Horticoop U.A.,2023,Q-Concepts,64923,
09009530,Coöperatief Koninklijk Tuinbouwcentrum Horticoop U.A.,2024,Q-Concepts,64923,
09009530,Coöperatief Koninklijk Tuinbouwcentrum Horticoop U.A.,2025,Q-Concepts,64923,
60577193,CReators of the Outside WorlD B.V.,2017,Q-Concepts,6420,
60577193,CReators of the Outside WorlD B.V.,2019,Q-Concepts,64210,
60577193,CReators of the Outside WorlD B.V.,2020,Q-Concepts,64210,
60577193,CReators of the Outside WorlD B.V.,2021,Q-Concepts,64210,
60577193,CReators of the Outside WorlD B.V.,2023,Q-Concepts,64210,
60577193,CReators of the Outside WorlD B.V.,2024,Q-Concepts,64210,
64108503,CTOUCH Holding B.V.,2017,Q-Concepts,6420,
64108503,CTOUCH Holding B.V.,2018,Q-Concepts,6420,
64108503,CTOUCH Holding B.V.,2019,Q-Concepts,64210,
64108503,CTOUCH Holding B.V.,2020,Q-Concepts,64210,
64108503,CTOUCH Holding B.V.,2021,Q-Concepts,64210,
31048718,D. Koelewijn's Haringinleggerij B.V.,2017,Q-Concepts,46382,
31048718,D. Koelewijn's Haringinleggerij B.V.,2018,Q-Concepts,46322,
31048718,D. Koelewijn's Haringinleggerij B.V.,2019,Q-Concepts,46322,
31048718,D. Koelewijn's Haringinleggerij B.V.,2020,Q-Concepts,46322,
31048718,D. Koelewijn's Haringinleggerij B.V.,2022,Q-Concepts,46322,
31048718,D. Koelewijn's Haringinleggerij B.V.,2023,Q-Concepts,46322,
31048718,D. Koelewijn's Haringinleggerij B.V.,2024,Q-Concepts,46322,
70508992,D. Pepping Holding B.V.,2023,Q-Concepts,70102,
70508992,D. Pepping Holding B.V.,2024,Q-Concepts,70102,
17208428,D. van der Zwan Beheer B.V.,2023,Q-Concepts,64210,
64797295,Daamen Retail B.V.,2018,Q-Concepts,70201,
64797295,Daamen Retail B.V.,2020,Q-Concepts,70201,
64797295,Daamen Retail B.V.,2023,Q-Concepts,70201,
64797295,Daamen Retail B.V.,2024,Q-Concepts,70201,
58567690,Dare To Be Holding B.V.,2022,Q-Concepts,64210,
58567690,Dare To Be Holding B.V.,2024,Q-Concepts,64210,
08089362,Dat Staat Beheer B.V.,2022,Q-Concepts,64310,
32110877,DC Groep B.V.,2022,Q-Concepts,72100,
32110877,DC Groep B.V.,2023,Q-Concepts,72100,
32110877,DC Groep B.V.,2024,Q-Concepts,72100,
32110877,DC Groep B.V.,2025,Q-Concepts,72100,
33267975,DC Klinieken Radiologie en Kindercardiologie B.V.,2022,Q-Concepts,86221,
33267975,DC Klinieken Radiologie en Kindercardiologie B.V.,2023,Q-Concepts,86221,
32094780,DCC Energy Nederland B.V.,2025,Q-Concepts,46851,
13019455,DCN Diving B.V.,2018,Q-Concepts,09100,
13019455,DCN Diving B.V.,2019,Q-Concepts,09100,
13019455,DCN Diving B.V.,2020,Q-Concepts,09100,
13019455,DCN Diving B.V.,2021,Q-Concepts,09100,
32136971,DC|Skoop Almere,2023,Q-Concepts,86221,
28038757,De Carpentier-Mooren Groep B.V.,2017,Q-Concepts,64210,
28038757,De Carpentier-Mooren Groep B.V.,2018,Q-Concepts,64210,
28038757,De Carpentier-Mooren Groep B.V.,2019,Q-Concepts,64210,
28038757,De Carpentier-Mooren Groep B.V.,2020,Q-Concepts,64210,
28038757,De Carpentier-Mooren Groep B.V.,2021,Q-Concepts,64210,
28038757,De Carpentier-Mooren Groep B.V.,2022,Q-Concepts,64210,
08038929,De Eijk Groep B.V.,2021,Q-Concepts,64210,
85056480,De Huisartsenconnectie,2022,Q-Concepts,86999,
85056480,De Huisartsenconnectie,2023,Q-Concepts,86999,
85056480,De Huisartsenconnectie,2024,Q-Concepts,86999,
85056480,De Huisartsenconnectie,2025,Q-Concepts,86999,
20041588,De Kok Holding B.V.,2024,Q-Concepts,64210,
20041588,De Kok Holding B.V.,2025,Q-Concepts,64210,
20074900,De Kok Staalbouw B.V.,2024,Q-Concepts,25110,
20074900,De Kok Staalbouw B.V.,2025,Q-Concepts,25110,
38023122,De Marken,2020,Q-Concepts,68201,
38023122,De Marken,2021,Q-Concepts,68201,
38023122,De Marken,2022,Q-Concepts,68201,
38023122,De Marken,2023,Q-Concepts,68201,
38023122,De Marken,2024,Q-Concepts,68201,
38023122,De Marken,2025,Q-Concepts,68201,
66399548,De Steenuil Zorg B.V.,2017,Q-Concepts,88992,
66399548,De Steenuil Zorg B.V.,2018,Q-Concepts,88992,
66399548,De Steenuil Zorg B.V.,2019,Q-Concepts,87992,
66399548,De Steenuil Zorg B.V.,2020,Q-Concepts,87992,
66399548,De Steenuil Zorg B.V.,2021,Q-Concepts,87992,
66399548,De Steenuil Zorg B.V.,2022,Q-Concepts,87992,
41063316,De Wijnberg,2020,Q-Concepts,,
41063316,De Wijnberg,2022,Q-Concepts,,
41063316,De Wijnberg,2023,Q-Concepts,,
21019769,Denka International B.V.,2017,Q-Concepts,4611,
21019769,Denka International B.V.,2018,Q-Concepts,46110,
21019769,Denka International B.V.,2020,Q-Concepts,46110,
21019769,Denka International B.V.,2022,Q-Concepts,46110,
78723914,Dephion Group B.V.,2021,Q-Concepts,62100,
68169094,Depse Zorg en Hulpverlening,2017,Q-Concepts,,
12012267,Destion,2023,Q-Concepts,68201,
12012267,Destion,2024,Q-Concepts,68201,
12012267,Destion,2025,Q-Concepts,68201,
41177433,Dianet,2025,Q-Concepts,86221,
32073746,Dimetra Holding B.V.,2017,Q-Concepts,6420,
32073746,Dimetra Holding B.V.,2018,Q-Concepts,64210,
32073746,Dimetra Holding B.V.,2019,Q-Concepts,64210,
32073746,Dimetra Holding B.V.,2020,Q-Concepts,64210,
32073746,Dimetra Holding B.V.,2021,Q-Concepts,64210,
32073746,Dimetra Holding B.V.,2022,Q-Concepts,64210,
32073746,Dimetra Holding B.V.,2024,Q-Concepts,64210,
32073784,Dimetra Holland B.V.,2019,Q-Concepts,49410,
32073784,Dimetra Holland B.V.,2021,Q-Concepts,49410,
32073784,Dimetra Holland B.V.,2022,Q-Concepts,49410,
32073784,Dimetra Holland B.V.,2024,Q-Concepts,49410,
14009368,Dirix Houdstermaatschappij B.V.,2020,Q-Concepts,64210,
82975256,Dit is vast goed Holding B.V.,2022,Q-Concepts,64210,
59183497,DIT IS WIJS Groep B.V.,2019,Q-Concepts,,
76309932,Dornberg B.V.,2020,Q-Concepts,64210,
76309932,Dornberg B.V.,2021,Q-Concepts,64210,
76309932,Dornberg B.V.,2023,Q-Concepts,64210,
08020381,DP World Logistics Netherlands B.V.,2019,Q-Concepts,52250,
17185869,Driessen Holding B.V.,2024,Q-Concepts,78202,
17185869,Driessen Holding B.V.,2025,Q-Concepts,78202,
64568083,Drublo B.V.,2022,Q-Concepts,64210,
08037808,Dulimex B.V.,2022,Q-Concepts,46841,
18115213,Durea,2022,Q-Concepts,15200,
72814179,Duux B.V.,2022,Q-concepts,46642,
72814179,Duux B.V.,2023,Q-Concepts,46642,
75921294,Duux Holding B.V.,2023,Q-Concepts,64210,
59262184,E-vizier B.V.,2018,Q-Concepts,85690,
74900846,E.C. Dijkman Holding B.V.,2020,Q-Concepts,64210,
33055523,Eggerding Holding B.V.,2017,Q-Concepts,6420,
33055523,Eggerding Holding B.V.,2018,Q-Concepts,64210,
33055523,Eggerding Holding B.V.,2019,Q-Concepts,64210,
33055523,Eggerding Holding B.V.,2020,Q-Concepts,64210,
33055523,Eggerding Holding B.V.,2023,Q-Concepts,64210,
33293228,Eggerding Industrial Minerals B.V.,2021,Q-Concepts,46835,
32060803,Eind Goed Al Goed (Egag) B.V.,2017,Q-Concepts,6420,
32060803,Eind Goed Al Goed (Egag) B.V.,2018,Q-Concepts,64210,
32060803,Eind Goed Al Goed (Egag) B.V.,2019,Q-Concepts,64210,
32060803,Eind Goed Al Goed (Egag) B.V.,2020,Q-Concepts,64210,
66806844,Elandsgracht Winkel Holding B.V.,2023,Q-Concepts,64210,
18012761,Electro-Techniek Van Hees B.V.,2022,Q-Concepts,43212,
18012761,Electro-Techniek Van Hees B.V.,2023,Q-Concepts,43212,
18012761,Electro-Techniek Van Hees B.V.,2024,Q-Concepts,43212,
34309374,Ellida B.V.,2018,Q-Concepts,6420,
34309374,Ellida B.V.,2019,Q-Concepts,,
34309374,Ellida B.V.,2020,Q-Concepts,,
34310794,EN Holding B.V.,2017,Q-Concepts,70102,
72207914,EN-Interim B.V.,2020,Q-Concepts,78100,
72207914,EN-Interim B.V.,2022,Q Concepts,78100,
73284149,Enkco,2020,Q-Concepts,46321,
73284149,Enkco,2021,Q-Concepts,46321,
73284149,Enkco,2023,Q-Concepts,46321,
20170418,ESJ Financial Engineering,2024,Q-Concepts,69202,
74645889,Exertis Benelux Holding B.V. in liquidatie,2024,Q-Concepts,46433,
74645889,Exertis Benelux Holding B.V. in liquidatie,2025,Q-Concepts,46433,
52926303,Exota B.V.,2019,Q-Concepts,46421,
52926303,Exota B.V.,2021,Q-Concepts,46421,
52926303,Exota B.V.,2023,Q-Concepts,46421,
52926303,Exota B.V.,2024,Q-Concepts,46421,
52926303,Exota B.V.,2025,Q-Concepts,46421,
14024409,Exploitatiemaatschappij Meulenberg Urmond B.V.,2018,Q-Concepts,49410,
14024409,Exploitatiemaatschappij Meulenberg Urmond B.V.,2019,Q-Concepts,49410,
14056404,Facilitairbedrijf Rd4,2023,Q-Concepts,38110,
14056404,Facilitairbedrijf Rd4,2025,Q-Concepts,38110,
17210905,Falck Fire Services NL,2022,Q-Concepts,64210,
17210905,Falck Fire Services NL,2023,Q-Concepts,64210,
73934496,FC Dordrecht Holding B.V.,2021,Q-Concepts,93121,
73934496,FC Dordrecht Holding B.V.,2023,Q-Concepts,93121,
73934496,FC Dordrecht Holding B.V.,2024,Q-Concepts,93121,
73934496,FC Dordrecht Holding B.V.,2025,Q-Concepts,93121,
33056294,FEBO Beheer B.V.,2022,Q-Concepts,64210,
33056294,FEBO Beheer B.V.,2024,Q-Concepts,64210,
30209275,Ferdinand Zandbergen B.V.,2017,Q-Concepts,46383,
30209275,Ferdinand Zandbergen B.V.,2018,Q-Concepts,46321,
30209275,Ferdinand Zandbergen B.V.,2019,Q-Concepts,46321,
30209275,Ferdinand Zandbergen B.V.,2020,Q-Concepts,46321,
30209275,Ferdinand Zandbergen B.V.,2021,Q-Concepts,46321,
30209275,Ferdinand Zandbergen B.V.,2023,Q-Concepts,46321,
30209275,Ferdinand Zandbergen B.V.,2024,Q-Concepts,46321,
33050904,Fetim B.V.,2024,Q-Concepts,46838,
08091611,Fibino B.V.,2018,Q-Concepts,64210,
08091611,Fibino B.V.,2019,Q-Concepts,64210,
08091611,Fibino B.V.,2020,Q-Concepts,64210,
08091611,Fibino B.V.,2021,Q-Concepts,64210,
08091611,Fibino B.V.,2022,Q-Concepts,64210,
08091611,Fibino B.V.,2023,Q-Concepts,64210,
08091611,Fibino B.V.,2024,Q-Concepts,64210,
30139010,Fibino Noord B.V.,2018,Q-Concepts,64210,
30139010,Fibino Noord B.V.,2024,Q-Concepts,64210,
66085640,Fides United B.V.,2018,Q-Concepts,64210,
66085640,Fides United B.V.,2019,Q-Concepts,64210,
66085640,Fides United B.V.,2021,Q-Concepts,64210,
66085640,Fides United B.V.,2022,Q-Concepts,64210,
66085640,Fides United B.V.,2023,Q-Concepts,64210,
09104440,Fikke Beheer B.V.,2018,Q-Concepts,64210,
09104440,Fikke Beheer B.V.,2019,Q-Concepts,64210,
82617155,Firm Beheer B.V.,2022,Q-Concepts,70102,
56239203,Florensis B.V.,2019,Q-Concepts,01303,
56239203,Florensis B.V.,2020,Q-Concepts,01303,
56239203,Florensis B.V.,2021,Q-Concepts,01303,
56239203,Florensis B.V.,2022,Q-Concepts,01303,
56239203,Florensis B.V.,2023,Q-Concepts,01303,
56239203,Florensis B.V.,2024,Q-Concepts,01303,
56239203,Florensis B.V.,2025,Q-Concepts,01303,
34097101,Florensis Cut Flowers B.V.,2019,Q-Concepts,01192,
34097101,Florensis Cut Flowers B.V.,2024,Q-Concepts,01192,
24302415,Florensis Holding B.V.,2019,Q-Concepts,64210,
24302415,Florensis Holding B.V.,2020,Q-Concepts,64210,
24302415,Florensis Holding B.V.,2021,Q-Concepts,64210,
24302415,Florensis Holding B.V.,2022,Q-Concepts,64210,
24302415,Florensis Holding B.V.,2023,Q-Concepts,64210,
24302415,Florensis Holding B.V.,2024,Q-Concepts,64210,
24302415,Florensis Holding B.V.,2025,Q-Concepts,64210,
65770005,Floryn Holding B.V.,2025,Q-Concepts,70102,
30096257,Foodwell B.V.,2022,Q-Concepts,64210,
30096257,Foodwell B.V.,2023,Q-Concepts,64210,
41179006,Football Club Utrecht B.V.,2023,Q-Concepts,93121,
41179006,Football Club Utrecht B.V.,2024,Q-Concepts,93121,
41179006,Football Club Utrecht B.V.,2025,Q-Concepts,93121,
20104502,Fournier Polymers B.V.,2022,Q-Concepts,46851,
20104502,Fournier Polymers B.V.,2024,Q-Concepts,46851,
17090817,Fried van de Laar Groep B.V.,2019,Q-Concepts,64210,
17090817,Fried van de Laar Groep B.V.,2020,Q-Concepts,64210,
17090817,Fried van de Laar Groep B.V.,2021,Q-Concepts,64210,
17090817,Fried van de Laar Groep B.V.,2023,Q-Concepts,64210,
17090817,Fried van de Laar Groep B.V.,2024,Q-Concepts,64210,
11025261,Frieda Beheer B.V.,2019,Q-Concepts,64210,
11025261,Frieda Beheer B.V.,2020,Q-Concepts,64210,
11025261,Frieda Beheer B.V.,2023,Q-Concepts,64210,
11025261,Frieda Beheer B.V.,2024,Q-Concepts,64210,
14610437,Frissen Holding B.V.,2018,Q-Concepts,64210,
14610437,Frissen Holding B.V.,2019,Q-Concepts,64210,
14610437,Frissen Holding B.V.,2020,Q-Concepts,64210,
13040429,G.B. Products B.V.,2019,Q-Concepts,47526,
13040429,G.B. Products B.V.,2021,Q-Concepts,47526,
13040429,G.B. Products B.V.,2022,Q-Concepts,47526,
13040429,G.B. Products B.V.,2024,Q-Concepts,47526,
24241963,Garcia B.V.,2021,Q-Concepts,46421,
24241963,Garcia B.V.,2022,Q-Concepts,46421,
24241963,Garcia B.V.,2024,Q-Concepts,46421,
24249201,Garcia Outlets B.V.,2021,Q-Concepts,46421,
24249201,Garcia Outlets B.V.,2024,Q-Concepts,46421,
66171725,Geerts & Grosveld B.V.,2021,Q-Concepts,70201,
14094785,Gelissen Group B.V.,2019,Q-Concepts,70102,
14094785,Gelissen Group B.V.,2020,Q-Concepts,70102,
14094785,Gelissen Group B.V.,2021,Q-Concepts,70102,
14094785,Gelissen Group B.V.,2022,Q-Concepts,70102,
14094785,Gelissen Group B.V.,2024,Q-Concepts,70102,
14094785,Gelissen Group B.V.,2025,Q-Concepts,70102,
14131528,Gemeente Landgraaf,2019,Q-Concepts,84110,
14131528,Gemeente Landgraaf,2020,Q-Concepts,84110,
14131528,Gemeente Landgraaf,2022,Q-Concepts,84110,
14131528,Gemeente Landgraaf,2023,Q-Concepts,84110,
50277324,"Gemeente Leudal, vestiging Heythuysen",2017,Q-Concepts,8411,
17280777,Gemeente Loon op Zand,2021,Q-Concepts,84121,
73547026,Gemeente Vijfheerenlanden,2020,Q-Concepts,84110,
73547026,Gemeente Vijfheerenlanden,2021,Q-Concepts,84110,
73547026,Gemeente Vijfheerenlanden,2022,Q-Concepts,84110,
17273055,Gemeentehuis Best,2021,Q-Concepts,84110,
17273055,Gemeentehuis Best,2022,Q-Concepts,84110,
09028839,Genap B.V.,2017,Q-Concepts,2221,
09028839,Genap B.V.,2018,Q-Concepts,22210,
09028839,Genap B.V.,2020,Q-Concepts,22210,
09028839,Genap B.V.,2021,Q-Concepts,22210,
09028839,Genap B.V.,2023,Q-Concepts,22210,
09028839,Genap B.V.,2024,Q-Concepts,22210,
08163290,Genius Genes Holding B.V.,2022,Q-Concepts,64210,
08163290,Genius Genes Holding B.V.,2024,Q-Concepts,64210,
14073665,Geonius Groep B.V.,2019,Q-Concepts,70102,
14073665,Geonius Groep B.V.,2020,Q-Concepts,70102,
14073665,Geonius Groep B.V.,2021,Q-Concepts,70102,
14073665,Geonius Groep B.V.,2022,Q-Concepts,70102,
14073665,Geonius Groep B.V.,2023,Q-Concepts,70102,
14073665,Geonius Groep B.V.,2024,Q-Concepts,70102,
14073665,Geonius Groep B.V.,2025,Q-Concepts,70102,
24293643,Gezamenlijke Houdstermaatschappij B.V.,2020,Q-Concepts,,
24293643,Gezamenlijke Houdstermaatschappij B.V.,2021,Q-Concepts,,
24173876,Gezamenlijke Houdstermaatschappij B.V.,2022,Q-Concepts,68120,
24173876,Gezamenlijke Houdstermaatschappij B.V.,2023,Q-Concepts,68120,
24173876,Gezamenlijke Houdstermaatschappij B.V.,2024,Q-Concepts,68120,
24173876,Gezamenlijke Houdstermaatschappij B.V.,2025,Q-Concepts,68120,
34105840,Gezondheidscentra Amsterdam-Zuidoost en Diemen,2024,Q-Concepts,86210,
34105840,Gezondheidscentra Amsterdam-Zuidoost en Diemen,2025,Q-Concepts,86210,
41167550,GGMD voor Doven en Slechthorenden,2025,Q-Concepts,88103,
73597465,GGZ Interventie B.V.,2024,Q-Concepts,86222,
30287580,Gio Coffee B.V.,2022,Q-Concepts,46370,
30287580,Gio Coffee B.V.,2023,Q-Concepts,46370,
30287580,Gio Coffee B.V.,2024,Q-Concepts,46370,
17024194,Goed Wonen Gemert,2019,Q-Concepts,68201,
17024194,Goed Wonen Gemert,2020,Q-Concepts,68201,
17024194,Goed Wonen Gemert,2022,Q-Concepts,68201,
17024194,Goed Wonen Gemert,2023,Q-Concepts,68201,
17024194,Goed Wonen Gemert,2024,Q-Concepts,68201,
17024194,Goed Wonen Gemert,2025,Q-Concepts,68201,
61951722,Gr8 Investments B.V.,2019,Q-Concepts,64210,
61951722,Gr8 Investments B.V.,2020,Q-Concepts,64210,
61951722,Gr8 Investments B.V.,2022,Q-Concepts,64210,
61951722,Gr8 Investments B.V.,2023,Q-Concepts,64210,
59228156,GreenMo Group B.V.,2021,Q-Concepts,,
59617799,"Grijp, het leven",2021,Q-Concepts,87991,
59617799,"Grijp, het leven",2022,Q-Concepts,87991,
59617799,"Grijp, het leven",2023,Q-Concepts,87991,
59617799,"Grijp, het leven",2024,Q-Concepts,87991,
30088374,Groen & Aldenkamp Installatietechnieken B.V.,2017,Q-Concepts,4321,
30088374,Groen & Aldenkamp Installatietechnieken B.V.,2018,Q-Concepts,43212,
30088374,Groen & Aldenkamp Installatietechnieken B.V.,2019,Q-Concepts,43212,
30088374,Groen & Aldenkamp Installatietechnieken B.V.,2020,Q-Concepts,43212,
30088374,Groen & Aldenkamp Installatietechnieken B.V.,2022,Q-Concepts,43212,
17139145,Group Soleil B.V.,2019,Q-Concepts,,
17139145,Group Soleil B.V.,2021,Q-Concepts,,
17139145,Group Soleil B.V.,2022,Q-Concepts,,
14068359,Grouwels Vastgoed Beheer B.V.,2022,Q-Concepts,64210,
14068359,Grouwels Vastgoed Beheer B.V.,2023,Q-Concepts,64210,
14068359,Grouwels Vastgoed Beheer B.V.,2024,Q-Concepts,64210,
14629706,Grovast Beleggingen B.V.,2022,Q-Concepts,64210,
14629706,Grovast Beleggingen B.V.,2023,Q-Concepts,64210,
33297556,Grow/Work Group B.V.,2019,Q-Concepts,70102,
33297556,Grow/Work Group B.V.,2020,Q-Concepts,70102,
33297556,Grow/Work Group B.V.,2021,Q-Concepts,70102,
33297556,Grow/Work Group B.V.,2022,Q-Concepts,70102,
33297556,Grow/Work Group B.V.,2023,Q-Concepts,70102,
16053437,Gubbels Beheer B.V.,2022,Q-Concepts,64210,
16053437,Gubbels Beheer B.V.,2023,Q-Concepts,64210,
16053437,Gubbels Beheer B.V.,2024,Q-Concepts,64210,
65156269,Guts & Gusto B.V.,2020,Q-Concepts,47716,
65156269,Guts & Gusto B.V.,2021,Q-Concepts,47716,
65156269,Guts & Gusto B.V.,2022,Q-Concepts,47716,
65156269,Guts & Gusto B.V.,2023,Q-Concepts,47716,
65156269,Guts & Gusto B.V.,2024,Q-Concepts,47716,
09175556,H2Odicht B.V.,2020,Q-Concepts,64210,
09175556,H2Odicht B.V.,2021,Q-Concepts,64210,
09175556,H2Odicht B.V.,2022,Q-Concepts,64210,
09175556,H2Odicht B.V.,2023,Q-Concepts,64210,
08110173,Haas Retail Beheer B.V.,2023,Q-Concepts,64210,
27309452,Hadoks B.V.,2022,Q-Concepts,70102,
27309452,Hadoks B.V.,2023,Q-Concepts,70102,
64612902,Hai-5 B.V.,2021,Q-Concepts,88991,
64612902,Hai-5 B.V.,2022,Q-Concepts,88991,
64612902,Hai-5 B.V.,2023,Q-Concepts,88991,
24119233,Hal Beheer B.V.,2018,Q-Concepts,70101,
24119233,Hal Beheer B.V.,2019,Q-Concepts,70101,
24119233,Hal Beheer B.V.,2020,Q-Concepts,70101,
24119233,Hal Beheer B.V.,2021,Q-Concepts,70101,
24176848,Hal Services B.V.,2018,Q-Concepts,79110,
13024647,Hansen Dranken B.V.,2020,Q-Concepts,46340,
13024647,Hansen Dranken B.V.,2022,Q-Concepts,46340,
13024647,Hansen Dranken B.V.,2023,Q-Concepts,46340,
13024647,Hansen Dranken B.V.,2024,Q-Concepts,46340,
12049750,Hansen Groep B.V.,2020,Q-Concepts,64210,
12049750,Hansen Groep B.V.,2023,Q-Concepts,64210,
12049750,Hansen Groep B.V.,2024,Q-Concepts,64210,
13005915,Hansen Linne Beheer B.V.,2020,Q-Concepts,64210,
13005915,Hansen Linne Beheer B.V.,2021,Q-Concepts,64210,
13005915,Hansen Linne Beheer B.V.,2022,Q-Concepts,64210,
13005915,Hansen Linne Beheer B.V.,2023,Q-Concepts,64210,
33173020,Haworth Benelux B.V.,2022,Q-Concepts,46471,
87930889,HCTS B.V.,2024,Q-Concepts,25110,
16043928,Heesen Yachts Builders B.V.,2022,Q-Concepts,30120,
16043928,Heesen Yachts Builders B.V.,2024,Q-Concepts,30120,
16034668,Heesen Yachts Group B.V.,2022,Q-Concepts,70102,
16034668,Heesen Yachts Group B.V.,2023,Q-Concepts,70102,
16034668,Heesen Yachts Group B.V.,2024,Q-Concepts,70102,
08075153,Heesen Yachts Holding B.V.,2022,Q-Concepts,64210,
08075153,Heesen Yachts Holding B.V.,2023,Q-Concepts,64210,
16052906,Heesen Yachts Sales B.V.,2022,Q-Concepts,46180,
16052906,Heesen Yachts Sales B.V.,2023,Q-Concepts,46180,
32116203,Heimrijck B.V.,2019,Q-Concepts,64210,
20000142,Hero Benelux,2023,Q-Concepts,46390,
20000142,Hero Benelux,2024,Q-Concepts,46390,
20000142,Hero Benelux,2025,Q-Concepts,46390,
60389958,Het Gastenhuis B.V.,2020,Q-Concepts,87201,
60389958,Het Gastenhuis B.V.,2021,Q-Concepts,87201,
60389958,Het Gastenhuis B.V.,2022,Q-Concepts,87201,
60389958,Het Gastenhuis B.V.,2023,Q-Concepts,87201,
60389958,Het Gastenhuis B.V.,2024,Q-Concepts,87201,
60389958,Het Gastenhuis B.V.,2025,Q-Concepts,87201,
41095453,Het Laar,2021,Q-Concepts,87100,
41095453,Het Laar,2022,Q-Concepts,87100,
41095453,Het Laar,2023,Q-Concepts,87100,
41095453,Het Laar,2024,Q-Concepts,87100,
41095453,Het Laar,2025,Q-Concepts,87100,
74564285,Het Onderwijshuis Holding B.V.,2019,Q-Concepts,64210,
74564285,Het Onderwijshuis Holding B.V.,2020,Q-Concepts,64210,
74564285,Het Onderwijshuis Holding B.V.,2022,Q-Concepts,64210,
56641737,Het Rughuis Holding B.V.,2018,Q-Concepts,6420,
56641737,Het Rughuis Holding B.V.,2019,Q-Concepts,,
56641737,Het Rughuis Holding B.V.,2021,Q-Concepts,,
13016728,Heurkens Beheer B.V.,2017,Q-Concepts,6420,
72484284,Heurkens Group B.V.,2018,Q-Concepts,64210,
72484284,Heurkens Group B.V.,2019,Q-Concepts,64210,
72484284,Heurkens Group B.V.,2024,Q-Concepts,64210,
72484284,Heurkens Group B.V.,2025,Q-Concepts,64210,
56692579,Highlands Beheer Nederland B.V.,2023,Q-Concepts,28990,
58120572,Hoeve de Kaolder B.V.,2021,Q-Concepts,87991,
58120572,Hoeve de Kaolder B.V.,2022,Q-Concepts,87991,
58120572,Hoeve de Kaolder B.V.,2023,Q-Concepts,87991,
17156830,Holding Basafi B.V.,2019,Q-Concepts,,
17156830,Holding Basafi B.V.,2020,Q-Concepts,,
14037099,Holding Botterweck B.V.,2024,Q-Concepts,64210,
14037099,Holding Botterweck B.V.,2025,Q-Concepts,64210,
31011326,Holding D. Koelewijn Deka B.V.,2017,Q-Concepts,70102,
31011326,Holding D. Koelewijn Deka B.V.,2018,Q-Concepts,70102,
74936670,Holding D. Koelewijn DEKA B.V.,2021,Q-Concepts,64210,
74936670,Holding D. Koelewijn DEKA B.V.,2023,Q-Concepts,64210,
74936670,Holding D. Koelewijn DEKA B.V.,2024,Q-Concepts,64210,
20064427,Holding Gebr. Verdaasdonk B.V.,2024,Q-Concepts,64210,
12022691,Holding Landbouwbedrijf gebrs. Görtz B.V.,2024,Q-Concepts,64210,
09085190,Holding MacLeane junior B.V.,2017,Q-Concepts,64210,
09085190,Holding MacLeane junior B.V.,2018,Q-Concepts,64210,
09085190,Holding MacLeane junior B.V.,2019,Q-Concepts,64210,
09085190,Holding MacLeane junior B.V.,2020,Q-Concepts,64210,
09085190,Holding MacLeane junior B.V.,2022,Q-Concepts,64210,
09085190,Holding MacLeane junior B.V.,2023,Q-Concepts,64210,
09085190,Holding MacLeane junior B.V.,2024,Q-Concepts,64210,
17139158,Holding Van Osch B.V.,2021,Q-Concepts,68110,
17139158,Holding Van Osch B.V.,2022,Q-Concepts,68110,
17139158,Holding Van Osch B.V.,2023,Q-Concepts,68110,
20041184,Hollandse Bandenmarkt Internationaal B.V.,2024,Q-Concepts,46720,
30119830,Hollandse Participatie Maatschappij,2018,Q-Concepts,64923,
30119830,Hollandse Participatie Maatschappij,2019,Q-Concepts,64923,
30119830,Hollandse Participatie Maatschappij,2020,Q-Concepts,64923,
08099583,HOOG,2025,Q-Concepts,86210,
09117293,Horticoop B.V.,2021,Q-Concepts,70102,
09117293,Horticoop B.V.,2022,Q-Concepts,70102,
09117293,Horticoop B.V.,2023,Q-Concepts,70102,
09117293,Horticoop B.V.,2024,Q-Concepts,70102,
09117293,Horticoop B.V.,2025,Q-Concepts,70102,
12022603,Houbensteyn Holding B.V.,2020,Q-Concepts,70102,
12022603,Houbensteyn Holding B.V.,2022,Q-Concepts,70102,
12022603,Houbensteyn Holding B.V.,2023,Q-Concepts,70102,
12022603,Houbensteyn Holding B.V.,2024,Q-Concepts,70102,
11008495,Houdstermaatschappij Gebr. Van den Oord B.V.,2022,Q-Concepts,70102,
11008495,Houdstermaatschappij Gebr. Van den Oord B.V.,2023,Q-Concepts,70102,
11008495,Houdstermaatschappij Gebr. Van den Oord B.V.,2024,Q-Concepts,70102,
09043633,Houdstermaatschappij M. Monasch B.V.,2020,Q-Concepts,64210,
84153474,HR Groep Streetcare B.V.,2024,Q-Concepts,46841,
24322945,Huisartsenpost Midden-Holland B.V.,2022,Q-Concepts,86210,
24322945,Huisartsenpost Midden-Holland B.V.,2025,Q-Concepts,86210,
17231947,Humo Zorg B.V.,2024,Q-Concepts,86999,
53988213,Humus Dokkum B.V.,2018,Q-Concepts,,
53988213,Humus Dokkum B.V.,2020,Q-Concepts,,
50769421,Hunan Chemical B.V.,2021,Q-Concepts,46851,
59611162,Hunan Holding B.V.,2020,Q-Concepts,64210,
65783867,HVK Stevens Holding B.V.,2022,Q-Concepts,64210,
65783867,HVK Stevens Holding B.V.,2023,Q-Concepts,64210,
65783867,HVK Stevens Holding B.V.,2024,Q-Concepts,64210,
17094727,HVL Beheer B.V.,2018,Q-Concepts,64210,
17094727,HVL Beheer B.V.,2019,Q-Concepts,64210,
17094727,HVL Beheer B.V.,2020,Q-Concepts,64210,
17094727,HVL Beheer B.V.,2021,Q-concepts,64210,
17094727,HVL Beheer B.V.,2022,Q-Concepts,64210,
17094727,HVL Beheer B.V.,2023,Q-Concepts,64210,
17094727,HVL Beheer B.V.,2024,Q-Concepts,64210,
56538022,HVL Metaalbewerking B.V.,2019,Q-Concepts,25530,
56538022,HVL Metaalbewerking B.V.,2020,Q-Concepts,25530,
56538022,HVL Metaalbewerking B.V.,2021,Q-Concepts,25530,
56538022,HVL Metaalbewerking B.V.,2022,Q-Concepts,25530,
56538022,HVL Metaalbewerking B.V.,2023,Q-Concepts,25530,
56538022,HVL Metaalbewerking B.V.,2024,Q-Concepts,25530,
17175918,i3-Technologies Europe B.V.,2019,Q-Concepts,46433,
17175918,i3-Technologies Europe B.V.,2020,Q-Concepts,46433,
24484375,IGHD Verslavingszorg B.V.,2017,Q-Concepts,86104,
24484375,IGHD Verslavingszorg B.V.,2018,Q-Concepts,86104,
24484375,IGHD Verslavingszorg B.V.,2019,Q-Concepts,87202,
24484375,IGHD Verslavingszorg B.V.,2020,Q-Concepts,87202,
24484375,IGHD Verslavingszorg B.V.,2021,Q-Concepts,87202,
62028707,Impegno GGZ B.V.,2018,Q-Concepts,86222,
34099275,Impegno Nederland B.V.,2018,Q-Concepts,86104,
24322561,In-lite Design B.V.,2023,Q-Concepts,46473,
24322561,In-lite Design B.V.,2024,Q-Concepts,46473,
30224358,Indigo Midden-Nederland B.V.,2017,Q-Concepts,86929,
30224358,Indigo Midden-Nederland B.V.,2019,Q-Concepts,86999,
30224358,Indigo Midden-Nederland B.V.,2020,Q-Concepts,86999,
30224358,Indigo Midden-Nederland B.V.,2021,Q-Concepts,86999,
30224358,Indigo Midden-Nederland B.V.,2022,Q-Concepts,86999,
30224358,Indigo Midden-Nederland B.V.,2023,Q-Concepts,86999,
30224358,Indigo Midden-Nederland B.V.,2024,Q-Concepts,86999,
77023366,Innova GGZ B.V.,2022,AdminNext; Q-Concepts,86222,
09087918,Interfer B.V.,2020,Q-Concepts,,
63017199,Intergap Holding B.V.,2023,Q-Concepts,70102,
67175473,Intergrin,2021,Q-Concepts,86950,
27096790,International Bike Group B.V.,2018,Q-Concepts,47641,
27096790,International Bike Group B.V.,2019,Q-Concepts,,
24171095,International Lashing Service B.V.,2020,Q-Concepts,52241,
24171095,International Lashing Service B.V.,2022,Q-Concepts,52241,
24171095,International Lashing Service B.V.,2023,Q-Concepts,52241,
88068013,International Light Company B.V.,2023,Q-Concepts,64210,
88068013,International Light Company B.V.,2024,Q-Concepts,64210,
88068013,International Light Company B.V.,2025,Q-Concepts,64210,
17250182,International Solar B.V.,2018,Q-Concepts,71120,
17250182,International Solar B.V.,2019,Q-Concepts,71120,
17250182,International Solar B.V.,2020,Q-Concepts,71120,
17250182,International Solar B.V.,2021,Q-Concepts,71120,
75209977,International Specialty Pharmacy Rare & Orphan Diseases B.V.,2024,Q-Concepts,47730,
17104004,Interzorg Oss Thuiszorg B.V.,2018,Q-Concepts,88101,
17104004,Interzorg Oss Thuiszorg B.V.,2020,Q-Concepts,88101,
17104004,Interzorg Oss Thuiszorg B.V.,2021,Q-Concepts,88101,
17104004,Interzorg Oss Thuiszorg B.V.,2022,Q-Concepts,88101,
17104004,Interzorg Oss Thuiszorg B.V.,2023,Q-Concepts,88101,
17104004,Interzorg Oss Thuiszorg B.V.,2024,Q-Concepts,88101,
17104004,Interzorg Oss Thuiszorg B.V.,2025,Q-Concepts,88101,
11053848,Intracare B.V.,2019,Q-Concepts,46215,
11053848,Intracare B.V.,2020,Q-Concepts,46215,
11053848,Intracare B.V.,2021,Q-Concepts,46215,
11053848,Intracare B.V.,2022,Q-Concepts,46215,
30113457,Investek B.V.,2017,Q-Concepts,2640,
30113457,Investek B.V.,2018,Q-Concepts,2640,
30113457,Investek B.V.,2019,Q-Concepts,26400,
30113457,Investek B.V.,2020,Q-Concepts,26400,
30113457,Investek B.V.,2022,Q-Concepts,26400,
30113457,Investek B.V.,2023,Q-Concepts,26400,
30113457,Investek B.V.,2024,Q-Concepts,26400,
27310369,Investhor B.V.,2017,Q-Concepts,64210,
27310369,Investhor B.V.,2018,Q-Concepts,64210,
27310369,Investhor B.V.,2020,Q-Concepts,64210,
27310369,Investhor B.V.,2021,Q-Concepts,64210,
56762364,Investors In Care (I.I.C.) Group B.V.,2017,Q-Concepts,6420,
56762364,Investors In Care (I.I.C.) Group B.V.,2018,Q-Concepts,6420,
56762364,Investors In Care (I.I.C.) Group B.V.,2019,Q-Concepts,64210,
56762364,Investors In Care (I.I.C.) Group B.V.,2020,Q-Concepts,64210,
56762364,Investors In Care (I.I.C.) Group B.V.,2021,Q-Concepts,64210,
34270239,J. Hofman Beheer B.V.,2023,Q-Concepts,64210,
32124058,J.D.A. den Blanken Holding B.V.,2018,Q-Concepts,64210,
32124058,J.D.A. den Blanken Holding B.V.,2019,Q-Concepts,64210,
32124058,J.D.A. den Blanken Holding B.V.,2022,Q-Concepts,64210,
32124058,J.D.A. den Blanken Holding B.V.,2023,Q-Concepts,64210,
16071050,J.G.M. van der Steen Holding B.V.,2017,Q-Concepts,6420,
16071050,J.G.M. van der Steen Holding B.V.,2018,Q-Concepts,64210,
16071050,J.G.M. van der Steen Holding B.V.,2019,Q-Concepts,64210,
27113401,J.H. de Neve Monumenten B.V.,2017,Q-Concepts,91220,
27113401,J.H. de Neve Monumenten B.V.,2018,Q-Concepts,91220,
27113401,J.H. de Neve Monumenten B.V.,2019,Q-Concepts,91220,
27113401,J.H. de Neve Monumenten B.V.,2021,Q-Concepts,91220,
27113401,J.H. de Neve Monumenten B.V.,2022,Q-Concepts,91220,
27113401,J.H. de Neve Monumenten B.V.,2024,Q-Concepts,91220,
28085163,J.K. Oudendal Holding B.V.,2017,Q-Concepts,70102,
24479796,J.O.G. Group B.V.,2021,Q-Concepts,64210,
24479796,J.O.G. Group B.V.,2022,Q-Concepts,64210,
24479796,J.O.G. Group B.V.,2023,Q-Concepts,64210,
24479796,J.O.G. Group B.V.,2024,Q-Concepts,64210,
24479796,J.O.G. Group B.V.,2025,Q-Concepts,64210,
17116373,JA&GE Beheer B.V.,2018,Q-Concepts,6420,
17116373,JA&GE Beheer B.V.,2019,Q-Concepts,6420,
17116373,JA&GE Beheer B.V.,2020,Q-Concepts,6420,
17116373,JA&GE Beheer B.V.,2021,Q-Concepts,6420,
35019006,Jadrima Beheer B.V.,2017,Q-Concepts,6420,
35019006,Jadrima Beheer B.V.,2018,Q-Concepts,64210,
35019006,Jadrima Beheer B.V.,2019,Q-Concepts,64210,
35019006,Jadrima Beheer B.V.,2020,Q-Concepts,64210,
35019006,Jadrima Beheer B.V.,2022,Q-Concepts,64210,
35019006,Jadrima Beheer B.V.,2023,Q-Concepts,64210,
35019006,Jadrima Beheer B.V.,2024,Q-Concepts,64210,
73371165,Jafi B.V.,2023,Q-concepts,64210,
90670809,JAJ Stadshagen Holding B.V.,2023,Q-Concepts,70102,
01023609,Jan Altenburg Beheer B.V.,2021,Q-Concepts,64210,
01023609,Jan Altenburg Beheer B.V.,2022,Q-Concepts,64210,
01023609,Jan Altenburg Beheer B.V.,2023,Q-Concepts,64210,
14051355,Jan Starmans Beheer B.V.,2023,Q-Concepts,64210,
63564785,Jansen & Puts Food B.V.,2019,Q-Concepts,70202,
63564785,Jansen & Puts Food B.V.,2023,Q-Concepts,70202,
63564785,Jansen & Puts Food B.V.,2024,Q-Concepts,70202,
14032637,Janshen-Hahnraths Group B.V.,2020,Q-Concepts,64210,
14032637,Janshen-Hahnraths Group B.V.,2021,Q-Concepts,64210,
14032637,Janshen-Hahnraths Group B.V.,2022,Q-Concepts,64210,
14032637,Janshen-Hahnraths Group B.V.,2023,Q-Concepts,64210,
14032637,Janshen-Hahnraths Group B.V.,2024,Q-Concepts,64210,
62537466,JC finance B.V.,2023,Q-Concepts,64210,
34311361,JC Holding B.V.,2023,Q-Concepts,64210,
34311361,JC Holding B.V.,2024,Q-Concepts,64210,
16036124,Jeans Centre B.V.,2021,Q-Concepts,52109,
16036124,Jeans Centre B.V.,2022,Q-Concepts,52109,
24378138,Jeans Centre Holding B.V.,2021,Q-Concepts,,
24250882,Jecri Holding B.V.,2020,Q-Concepts,68320,
52868052,Jennissen Vastgoed en Materieel B.V.,2019,Q-Concepts,77320,
17218584,Jeroen Bosch Huisartsen B.V.,2023,Q-Concepts,86999,
17218584,Jeroen Bosch Huisartsen B.V.,2025,Q-Concepts,86999,
17151696,Jeugdbescherming Brabant,2019,Q-Concepts,88991,
17151696,Jeugdbescherming Brabant,2020,Q-Concepts,88991,
17151696,Jeugdbescherming Brabant,2021,Q-Concepts,88991,
17151696,Jeugdbescherming Brabant,2022,Q-Concepts,88991,
17151696,Jeugdbescherming Brabant,2023,Q-Concepts,88991,
17151696,Jeugdbescherming Brabant,2024,Q-Concepts,88991,
17151696,Jeugdbescherming Brabant,2025,Q-Concepts,88991,
17062732,Jeurgens Family Bakeries B.V.,2024,Q-Concepts,64210,
34251761,JLSB Holding B.V.,2019,Q-Concepts,64210,
34251761,JLSB Holding B.V.,2020,Q-Concepts,64210,
09103258,Joachim en Anna,2022,Q-Concepts,87100,
09103258,Joachim en Anna,2023,Q-Concepts,87100,
09103258,Joachim en Anna,2024,Q-Concepts,87100,
09103258,Joachim en Anna,2025,Q-Concepts,87100,
63227827,Juda B.V.,2020,Q-Concepts,6420,
63227827,Juda B.V.,2021,Q-Concepts,6420,
14064448,Juma Maastricht B.V.,2017,Q-Concepts,70102,
18127288,Jumbo Stramproy,2019,Q-Concepts,47110,
61118397,JUMBO Tiel B.V.,2017,Q-Concepts,,
30129873,JVH gaming B.V.,2023,Q-Concepts,64210,
30129873,JVH gaming B.V.,2024,Q-Concepts,64210,
16057235,Kai Tak Company B.V.,2025,Q-Concepts,46382,
30214141,Kasi Food B.V.,2019,Q-Concepts,10510,
30214141,Kasi Food B.V.,2020,Q-Concepts,10510,
34105805,Kenter Jeugdhulp,2021,Q-Concepts,88991,
34105805,Kenter Jeugdhulp,2022,Q-Concepts,88991,
34105805,Kenter Jeugdhulp,2023,Q-Concepts,88991,
34105805,Kenter Jeugdhulp,2024,Q-Concepts,88991,
34105805,Kenter Jeugdhulp,2025,Q-Concepts,88991,
73185558,KiesZon voor de Toekomst B.V.,2019,Q-Concepts,42130,
73185558,KiesZon voor de Toekomst B.V.,2020,Q-Concepts,42130,
73185558,KiesZon voor de Toekomst B.V.,2021,Q-Concepts,42130,
17169353,Kimmenade Groep B.V.,2018,Q-Concepts,64210,
17169353,Kimmenade Groep B.V.,2019,Q-Concepts,64210,
17169353,Kimmenade Groep B.V.,2020,Q-Concepts,64210,
16041213,Kimmenade Nederland B.V.,2019,Q-Concepts,43410,
16041213,Kimmenade Nederland B.V.,2020,Q-Concepts,43410,
41071699,Kindante,2021,Q-Concepts,85201,
41071699,Kindante,2022,Q-Concepts,85201,
41071699,Kindante,2023,Q-Concepts,85201,
41071699,Kindante,2025,Q-Concepts,85201,
69204764,King Louie Holding B.V.,2019,Q-Concepts,64210,
69204764,King Louie Holding B.V.,2022,Q-Concepts,64210,
69204764,King Louie Holding B.V.,2023,Q-Concepts,64210,
69204764,King Louie Holding B.V.,2024,Q-Concepts,64210,
73274240,Kolmar NL B.V.,2020,Q-Concepts,46851,
73274240,Kolmar NL B.V.,2022,Q-Concepts,46851,
73274240,Kolmar NL B.V.,2023,Q-Concepts,46851,
73274240,Kolmar NL B.V.,2024,Q-Concepts,46851,
11043696,Kranendonk Beheersmaatschappij B.V.,2020,Q-Concepts,70102,
11043696,Kranendonk Beheersmaatschappij B.V.,2021,Q-Concepts,70102,
31043500,Kratelen Holding B.V.,2018,Q-Concepts,64210,
31043500,Kratelen Holding B.V.,2019,Q-Concepts,64210,
31043500,Kratelen Holding B.V.,2020,Q-Concepts,64210,
08031597,Kreunen Bouw Lochem B.V.,2022,Q-Concepts,41000,
53525132,Kumisha Holding B.V.,2020,Q-Concepts,64210,
53525132,Kumisha Holding B.V.,2022,Q-Concepts,64210,
32096028,Kyowa Kirin Pharma B.V.,2020,Q-Concepts,21200,
32096028,Kyowa Kirin Pharma B.V.,2021,Q-Concepts,21200,
32096028,Kyowa Kirin Pharma B.V.,2023,Q-Concepts,21200,
27370087,L.F. Roemer Beheer B.V.,2018,Q-Concepts,,
27370087,L.F. Roemer Beheer B.V.,2019,Q-Concepts,,
34071516,Lanser's Trio B.V.,2019,Q-Concepts,77320,
34071516,Lanser's Trio B.V.,2020,Q-Concepts,77320,
30138665,Lekkerkerker Dairy & Food Equipment B.V.,2020,Q-Concepts,28930,
30138665,Lekkerkerker Dairy & Food Equipment B.V.,2023,Q-Concepts,28930,
30138665,Lekkerkerker Dairy & Food Equipment B.V.,2024,Q-Concepts,28930,
59644710,Lekkerkerker Equipment B.V.,2020,Q-Concepts,64210,
59644710,Lekkerkerker Equipment B.V.,2023,Q-Concepts,64210,
59644710,Lekkerkerker Equipment B.V.,2024,Q-Concepts,64210,
30104833,Lekkerkerker Food,2019,Q-Concepts,10510,
30104833,Lekkerkerker Food,2020,Q-Concepts,10510,
30104833,Lekkerkerker Food,2021,Q-Concepts,10510,
30104833,Lekkerkerker Food,2023,Q-Concepts,10510,
30104833,Lekkerkerker Food,2024,Q-Concepts,10510,
62327321,Lekkerkerker Groep,2019,Q-Concepts,64210,
62327321,Lekkerkerker Groep,2020,Q-Concepts,64210,
62327321,Lekkerkerker Groep,2021,Q-Concepts,64210,
62327321,Lekkerkerker Groep,2023,Q-Concepts,64210,
62327321,Lekkerkerker Groep,2024,Q-Concepts,64210,
30065531,Lekkerkerker Holding Benschop B.V.,2019,Q-Concepts,70102,
30065531,Lekkerkerker Holding Benschop B.V.,2020,Q-Concepts,70102,
30065531,Lekkerkerker Holding Benschop B.V.,2023,Q-Concepts,70102,
30065531,Lekkerkerker Holding Benschop B.V.,2024,Q-Concepts,70102,
72245417,Libra Invest Nederland B.V.,2023,Q-Concepts,70201,
72245417,Libra Invest Nederland B.V.,2024,Q-Concepts,70201,
72245417,Libra Invest Nederland B.V.,2025,Q-Concepts,70201,
11026097,Lineage Road Transport Gameren B.V.,2021,Q-concepts,49410,
14085031,Lionarons GGZ B.V.,2017,Q-Concepts,86913,
73551015,Lionarons GGZ Jeugd B.V.,2018,Q-Concepts,86222,
73551015,Lionarons GGZ Jeugd B.V.,2019,Q-Concepts,86222,
73551015,Lionarons GGZ Jeugd B.V.,2020,Q-Concepts,86222,
73551015,Lionarons GGZ Jeugd B.V.,2021,Q-Concepts,86222,
73551015,Lionarons GGZ Jeugd B.V.,2022,Q-Concepts,86222,
73551015,Lionarons GGZ Jeugd B.V.,2023,Q-Concepts,86222,
73551015,Lionarons GGZ Jeugd B.V.,2024,Q-Concepts,86222,
73551015,Lionarons GGZ Jeugd B.V.,2025,Q-Concepts,86222,
14085031,Lionarons GGZ Volwassenen en Ouderen B.V.,2018,Q-Concepts,86930,
14085031,Lionarons GGZ Volwassenen en Ouderen B.V.,2019,Q-Concepts,86930,
14085031,Lionarons GGZ Volwassenen en Ouderen B.V.,2020,Q-Concepts,86930,
14085031,Lionarons GGZ Volwassenen en Ouderen B.V.,2021,Q-Concepts,86930,
14085031,Lionarons GGZ Volwassenen en Ouderen B.V.,2022,Q-Concepts,86930,
14085031,Lionarons GGZ Volwassenen en Ouderen B.V.,2023,Q-Concepts,86930,
14085031,Lionarons GGZ Volwassenen en Ouderen B.V.,2024,Q-Concepts,86930,
14085031,Lionarons GGZ Volwassenen en Ouderen B.V.,2025,Q-Concepts,86930,
62128019,LOES B.V.,2021,Q-Concepts,64210,
27233728,Looye Kwekers Holding B.V.,2022,Q-Concepts,70102,
27233728,Looye Kwekers Holding B.V.,2023,Q-Concepts,70102,
27233728,Looye Kwekers Holding B.V.,2024,Q-Concepts,70102,
30182264,Lorens Holding B.V.,2019,Q-Concepts,70102,
30182264,Lorens Holding B.V.,2020,Q-Concepts,70102,
30182264,Lorens Holding B.V.,2021,Q-Concepts,70102,
30182264,Lorens Holding B.V.,2022,Q-Concepts,70102,
30182264,Lorens Holding B.V.,2023,Q-Concepts,70102,
30182264,Lorens Holding B.V.,2024,Q-Concepts,70102,
17174846,LSG Holding B.V.,2023,Q-Concepts,64210,
17174846,LSG Holding B.V.,2024,Q-Concepts,64210,
20079767,Lubron Holding B.V.,2019,Q-Concepts,64210,
20079767,Lubron Holding B.V.,2020,Q-Concepts,64210,
20079767,Lubron Holding B.V.,2022,Q-Concepts,64210,
20079767,Lubron Holding B.V.,2024,Q-Concepts,64210,
20049969,Lubron Waterbehandeling B.V.,2024,Q-Concepts,28290,
94687706,Lumiforte HoldCo B.V.,2024,Q-Concepts,64210,
62575937,Lumiforte Holding B.V.,2023,Q-Concepts,70102,
62575937,Lumiforte Holding B.V.,2024,Q-Concepts,70102,
81256795,LVDH Beheer 2 B.V.,2020,Q-Concepts,64210,
81256795,LVDH Beheer 2 B.V.,2021,Q-Concepts,64210,
81256795,LVDH Beheer 2 B.V.,2022,Q-Concepts,64210,
34336838,Líder International Aviation B.V.,2021,Q-Concepts,77350,
08089033,M. van de Brug Beheer B.V.,2017,Q-Concepts,6420,
08089033,M. van de Brug Beheer B.V.,2018,Q-Concepts,64210,
24015577,M.N.O. Vervat Rotterdam B.V.,2017,Q-Concepts,42111,
24015577,M.N.O. Vervat-Rotterdam,2018,Q-Concepts,42110,
02090310,Maartenshof,2025,Q-Concepts,87100,
50488937,Macon B.V.,2019,Q-Concepts,70102,
50488937,Macon B.V.,2020,Q-Concepts,70102,
50488937,Macon B.V.,2022,Q-Concepts,70102,
50488937,Macon B.V.,2023,Q-Concepts,70102,
50488937,Macon B.V.,2024,Q-Concepts,70102,
24140515,Mammoet Ferry Transport B.V.,2018,Q-Concepts,52310,
24140515,Mammoet Ferry Transport B.V.,2019,Q-Concepts,52310,
54604001,Maplestreams B.V.,2019,Q-Concepts,64210,
54604001,Maplestreams B.V.,2022,Q-Concepts,64210,
54604001,Maplestreams B.V.,2023,Q-Concepts,64210,
54604001,Maplestreams B.V.,2024,Q-Concepts,64210,
69831955,MAQQIE B.V.,2024,Q-Concepts,78201,
69827710,MAQQIE Holding B.V.,2022,Q-Concepts,62100,
69827710,MAQQIE Holding B.V.,2023,Q-Concepts,62100,
69827710,MAQQIE Holding B.V.,2024,Q-Concepts,62100,
59924756,Marie-Stella-Maris Care B.V.,2025,Q-Concepts,20420,
54045673,Marie-Stella-Maris Holding B.V.,2024,Q-Concepts,64210,
54045673,Marie-Stella-Maris Holding B.V.,2025,Q-Concepts,64210,
81049323,Marie-Stella-Maris VP B.V.,2024,Q-Concepts,70102,
02324861,Mark B.V.,2019,Q-Concepts,28290,
02324861,Mark B.V.,2020,Q-Concepts,28290,
01133974,Mark Group B.V.,2019,Q-Concepts,64210,
01133974,Mark Group B.V.,2020,Q-Concepts,64210,
01133974,Mark Group B.V.,2021,Q-Concepts,64210,
01133974,Mark Group B.V.,2024,Q-Concepts,64210,
24289626,Martine Roobol Beheer B.V.,2023,Q-Concepts,64210,
24289626,Martine Roobol Beheer B.V.,2024,Q-Concepts,64210,
76698874,Matrans Group B.V.,2020,Q-Concepts,64210,
76698874,Matrans Group B.V.,2021,Q-Concepts,64210,
76698874,Matrans Group B.V.,2022,Q-Concepts,64210,
76698874,Matrans Group B.V.,2023,Q-Concepts,64210,
24148957,Matrans Marine Services B.V.,2019,Q-Concepts,52250,
24148957,Matrans Marine Services B.V.,2023,Q-Concepts,52250,
24109356,Matrans Rotterdam Terminal B.V.,2019,Q-Concepts,52250,
24109356,Matrans Rotterdam Terminal B.V.,2020,Q-Concepts,52250,
24109356,Matrans Rotterdam Terminal B.V.,2021,Q-Concepts,52250,
24109356,Matrans Rotterdam Terminal B.V.,2022,Q-Concepts,52250,
24109356,Matrans Rotterdam Terminal B.V.,2023,Q-Concepts,52250,
24254252,Matrans Terminal Holding B.V.,2019,Q-Concepts,64210,
24254252,Matrans Terminal Holding B.V.,2020,Q-Concepts,64210,
24254252,Matrans Terminal Holding B.V.,2022,Q-Concepts,64210,
24254252,Matrans Terminal Holding B.V.,2023,Q-Concepts,64210,
28095822,Mauritsklinieken B.V.,2017,Q-Concepts,86103,
28095822,Mauritsklinieken B.V.,2018,Q-Concepts,86103,
28095822,Mauritsklinieken B.V.,2019,Q-Concepts,86103,
28095822,Mauritsklinieken B.V.,2020,Q-Concepts,86103,
28095822,Mauritsklinieken B.V.,2021,Q-Concepts,86103,
82859981,MC Image B.V.,2022,Q-Concepts,70202,
82859981,MC Image B.V.,2023,Q-Concepts,70202,
82859981,MC Image B.V.,2024,Q-Concepts,70202,
78144884,MC Leap B.V.,2023,Q-Concepts,70201,
78144884,MC Leap B.V.,2024,Q-Concepts,70201,
78144884,MC Leap B.V.,2025,Q-Concepts,70201,
94817758,Medibid B.V.,2024,Q-Concepts,64210,
27177604,Medisch Specialisten Coöperatief RDGG U.A.,2022,Q-Concepts,86221,
27177604,Medisch Specialisten Coöperatief RDGG U.A.,2023,Q-Concepts,86221,
94812799,Meditop B.V.,2024,Q-Concepts,64210,
14079570,MEE Zuid-Limburg,2020,Q-Concepts,88103,
14079570,MEE Zuid-Limburg,2021,Q-Concepts,88103,
14079570,MEE Zuid-Limburg,2022,Q-Concepts,88103,
14079570,MEE Zuid-Limburg,2023,Q-Concepts,88103,
14079570,MEE Zuid-Limburg,2024,Q-Concepts,88103,
41066176,"Meerderweert, Stichting Primair Onderwijs Weert/Nederweert",2020,Q-Concepts,85201,
41066176,"Meerderweert, Stichting Primair Onderwijs Weert/Nederweert",2022,Q-Concepts,85201,
41066176,"Meerderweert, Stichting Primair Onderwijs Weert/Nederweert",2023,Q-Concepts,85201,
41066176,"Meerderweert, Stichting Primair Onderwijs Weert/Nederweert",2024,Q-Concepts,85201,
41066176,"Meerderweert, Stichting Primair Onderwijs Weert/Nederweert",2025,Q-Concepts,85201,
06054287,Mees van den Brink,2020,Q-Concepts,46644,
06064576,Mees van den Brink Holding B.V.,2020,Q-Concepts,64210,
58723552,Meijer Realty Partners B.V.,2018,Q-Concepts,64210,
58723552,Meijer Realty Partners B.V.,2019,Q-Concepts,64210,
58723552,Meijer Realty Partners B.V.,2020,Q-Concepts,64210,
30274544,Mens - Zeist Holding B.V.,2019,Q-Concepts,64210,
30274544,Mens - Zeist Holding B.V.,2020,Q-Concepts,64210,
30096596,Mens-Zeist Beheer B.V.,2019,Q-Concepts,70102,
14631616,Metals Chemicals Maastricht B.V.,2024,Q-Concepts,46851,
24133244,Meubelcentrum Lissabon B.V.,2021,Q-Concepts,47551,
24133244,Meubelcentrum Lissabon B.V.,2022,Q-Concepts,47551,
24070958,Mic-Ro H.H. Michaelis B.V.,2018,Q-concepts,14290,
24070958,Mic-Ro H.H. Michaelis B.V.,2019,Q-Concepts,14290,
24070958,Mic-Ro H.H. Michaelis B.V.,2020,Q-Concepts,14290,
24070958,Mic-Ro H.H. Michaelis B.V.,2021,Q-Concepts,14290,
24070958,Mic-Ro H.H. Michaelis B.V.,2022,Q-Concepts,14290,
24070958,Mic-Ro H.H. Michaelis B.V.,2023,Q-Concepts,14290,
24070958,Mic-Ro H.H. Michaelis B.V.,2024,Q-Concepts,14290,
24070958,Mic-Ro H.H. Michaelis B.V.,2025,Q-Concepts,14290,
14632731,Micki Beheer B.V.,2017,Q-Concepts,6420,
24132104,Micro Fashion Group B.V.,2018,Q-Concepts,64210,
24132104,Micro Fashion Group B.V.,2020,Q-Concepts,64210,
24132104,Micro Fashion Group B.V.,2021,Q-Concepts,64210,
24132104,Micro Fashion Group B.V.,2022,Q-Concepts,64210,
24132104,Micro Fashion Group B.V.,2024,Q-Concepts,64210,
24132104,Micro Fashion Group B.V.,2025,Q-Concepts,64210,
14046918,Millhill Beheer B.V.,2018,Q-Concepts,64210,
14046918,Millhill Beheer B.V.,2019,Q-Concepts,64210,
65943538,MJ Holding B.V.,2020,Q-Concepts,64210,
65943538,MJ Holding B.V.,2022,Q-Concepts,64210,
65943538,MJ Holding B.V.,2023,Q-Concepts,64210,
65943538,MJ Holding B.V.,2024,Q-Concepts,64210,
67534007,MK Health B.V.,2017,Q-Concepts,6420,
67534007,MK Health B.V.,2018,Q-Concepts,,
67534007,MK Health B.V.,2019,Q-Concepts,,
67534007,MK Health B.V.,2020,Q-Concepts,,
67534007,MK Health B.V.,2021,Q-Concepts,,
67534007,MK Health B.V.,2022,Q-Concepts,,
51414252,MKTopholding B.V.,2018,Q-Concepts,,
65134117,MNFLD B.V.,2017,Q-Concepts,47721,
65134117,MNFLD B.V.,2018,Q-Concepts,47721,
65134117,MNFLD B.V.,2019,Q-Concepts,47721,
65134117,MNFLD B.V.,2020,Q-Concepts,47721,
65134117,MNFLD B.V.,2021,Q-Concepts,47721,
65134117,MNFLD B.V.,2022,Q-Concepts,47721,
65134117,MNFLD B.V.,2023,Q-Concepts,47721,
65134117,MNFLD B.V.,2024,Q-Concepts,47721,
60474238,Mobile Tulip Holding B.V.,2018,Q-Concepts,64210,
60474238,Mobile Tulip Holding B.V.,2019,Q-Concepts,64210,
39084425,MoleMann Mental Health B.V.,2018,Q-Concepts,86913,
39084425,MoleMann Mental Health B.V.,2019,Q-Concepts,86222,
39084425,MoleMann Mental Health B.V.,2020,Q-Concepts,86222,
58175210,MolenQ Industrial Services B.V.,2020,Q-Concepts,64210,
58175210,MolenQ Industrial Services B.V.,2022,Q-Concepts,64210,
58175210,MolenQ Industrial Services B.V.,2023,Q-Concepts,64210,
58175210,MolenQ Industrial Services B.V.,2024,Q-Concepts,64210,
52878309,Mon Vieux Holding B.V.,2018,Q-Concepts,64210,
52878309,Mon Vieux Holding B.V.,2020,Q-Concepts,64210,
52878309,Mon Vieux Holding B.V.,2024,Q-Concepts,64210,
30042265,MRP Development B.V.,2020,Q-Concepts,68110,
34014917,MVOI B.V.,2017,Q-Concepts,4222,
34014917,MVOI B.V.,2018,Q-Concepts,4222,
34014917,MVOI B.V.,2019,Q-Concepts,42220,
34014917,MVOI B.V.,2020,Q-Concepts,42220,
34014917,MVOI B.V.,2021,Q-Concepts,42220,
34014917,MVOI B.V.,2022,Q-Concepts,42220,
34014917,MVOI B.V.,2023,Q-Concepts,42220,
34014917,MVOI B.V.,2024,Q-Concepts,42220,
68259824,MVOI Holding B.V.,2017,Q-Concepts,6420,
68259824,MVOI Holding B.V.,2018,Q-Concepts,64210,
68259824,MVOI Holding B.V.,2019,Q-Concepts,64210,
68259824,MVOI Holding B.V.,2020,Q-Concepts,64210,
68259824,MVOI Holding B.V.,2021,Q-Concepts,64210,
68259824,MVOI Holding B.V.,2022,Q-Concepts,64210,
68259824,MVOI Holding B.V.,2023,Q-Concepts,64210,
68259824,MVOI Holding B.V.,2024,Q-Concepts,64210,
65961137,My Jewellery B.V.,2020,Q-Concepts,32120,
65961137,My Jewellery B.V.,2021,Q-Concepts,32120,
65961137,My Jewellery B.V.,2022,Q-Concepts,32120,
65961137,My Jewellery B.V.,2023,Q-Concepts,32120,
65961137,My Jewellery B.V.,2024,Q-Concepts,32120,
09106831,N.E.C. Holding B.V.,2024,Q-Concepts,93194,
09106831,N.E.C. Holding B.V.,2025,Q-Concepts,93194,
17110465,Nabuurs OG B.V.,2020,Q-Concepts,64210,
17110465,Nabuurs OG B.V.,2021,Q-Concepts,64210,
17110465,Nabuurs OG B.V.,2022,Q-Concepts,64210,
17110465,Nabuurs OG B.V.,2023,Q-Concepts,64210,
17110465,Nabuurs OG B.V.,2024,Q-Concepts,64210,
17110465,Nabuurs OG B.V.,2025,Q-Concepts,64210,
24482388,Nanne de Ru Holding B.V.,2019,Q-Concepts,64210,
24482388,Nanne de Ru Holding B.V.,2020,Q-Concepts,64210,
88525759,Nappa Bidco B.V.,2024,Q-Concepts,70102,
61543691,ND Group B.V.,2023,Q-Concepts,70102,
11030892,NeBu Invest B.V.,2025,Q-Concepts,46879,
01133974,Nedcom International B.V.,2018,Q-Concepts,6420,
65873343,Nederlandse Communicatie Groep B.V.,2019,Q-Concepts,64210,
65873343,Nederlandse Communicatie Groep B.V.,2020,Q-Concepts,64210,
65873343,Nederlandse Communicatie Groep B.V.,2021,Q-Concepts,64210,
65873343,Nederlandse Communicatie Groep B.V.,2022,Q-Concepts,64210,
65873343,Nederlandse Communicatie Groep B.V.,2023,Q-Concepts,64210,
24313773,Neele-Vat Vastgoed Holding B.V.,2018,Q-Concepts,64210,
24313773,Neele-Vat Vastgoed Holding B.V.,2019,Q-Concepts,64210,
81466366,NEO Huisartsenzorg B.V.,2021,Q-Concepts,86999,
81466366,NEO Huisartsenzorg B.V.,2024,Q-Concepts,86999,
23072152,Neste Demeter B.V.,2020,Q-Concepts,46216,
20126169,NetRom Group B.V.,2019,Q-Concepts,70102,
20126169,NetRom Group B.V.,2020,Q-Concepts,70102,
20126169,NetRom Group B.V.,2021,Q-Concepts,70102,
74990950,NetRom Holding B.V.,2019,Q-Concepts,64210,
74990950,NetRom Holding B.V.,2020,Q-Concepts,64210,
74990950,NetRom Holding B.V.,2021,Q-Concepts,64210,
74990950,NetRom Holding B.V.,2022,Q-Concepts,64210,
74990950,NetRom Holding B.V.,2023,Q-Concepts,64210,
74990950,NetRom Holding B.V.,2025,Q-Concepts,64210,
20126119,NetRom Software B.V.,2019,Q-Concepts,62100,
20126119,NetRom Software B.V.,2020,Q-Concepts,62100,
20126119,NetRom Software B.V.,2021,Q-Concepts,62100,
62076485,New Green Overseas B.V.,2023,Q-Concepts,46312,
62076485,New Green Overseas B.V.,2024,Q-Concepts,46312,
37053572,Nic. Oud Direct Mail,2018,Q-concepts,82920,
17124397,Nieuwe Eindhovense Opvang Stichting,2024,Q-Concepts,87992,
17124397,Nieuwe Eindhovense Opvang Stichting,2025,Q-Concepts,87992,
09106832,Nijmegen Eendracht Combinatie B.V.,2023,Q-Concepts,93121,
09106832,Nijmegen Eendracht Combinatie B.V.,2024,Q-Concepts,93121,
17093688,NIVAL INVEST B.V.,2018,Q Concepts,6420,
17093688,Nival Invest B.V.,2020,Q-Concepts,64210,
17093688,Nival Invest B.V.,2022,Q-Concepts,64210,
17093688,Nival Invest B.V.,2023,Q-Concepts,64210,
39062003,Noble B.V.,2023,Q-Concepts,70102,
82446482,Novicare 2021 Holding B.V.,2021,Q-Concepts,64210,
82446482,Novicare 2021 Holding B.V.,2022,Q-Concepts,64210,
82446482,Novicare 2021 Holding B.V.,2023,Q-Concepts,64210,
82446482,Novicare 2021 Holding B.V.,2024,Q-Concepts,64210,
20139950,Novicare B.V.,2019,Q-Concepts,86999,
20139950,Novicare B.V.,2020,Q-Concepts,86999,
20139950,Novicare B.V.,2021,Q-Concepts,86999,
20139950,Novicare B.V.,2022,Q-Concepts,86999,
20139950,Novicare B.V.,2023,Q-Concepts,86999,
20139950,Novicare B.V.,2024,Q-Concepts,86999,
20139950,Novicare B.V.,2025,Q-Concepts,86999,
62131834,Novicare Holding B.V.,2020,Q-Concepts,64210,
62131834,Novicare Holding B.V.,2021,Q-Concepts,64210,
09178615,Novum Participations B.V.,2018,Q-Concepts,61900,
09178615,Novum Participations B.V.,2019,Q-Concepts,61900,
09178615,Novum Participations B.V.,2020,Q-Concepts,61900,
09178615,Novum Participations B.V.,2021,Q-Concepts,61900,
09178615,Novum Participations B.V.,2022,Q-Concepts,61900,
34040125,NPB Media B.V.,2020,Q-Concepts,73110,
34040125,NPB Media B.V.,2022,Q-Concepts,73110,
34040125,NPB Media B.V.,2023,Q-Concepts,73110,
27310368,Nutland B.V.,2017,Q-Concepts,46383,
27310368,Nutland B.V.,2018,Q-Concepts,46383,
27310368,Nutland B.V.,2019,Q-Concepts,46382,
27310368,Nutland B.V.,2020,Q-Concepts,46382,
27310368,Nutland B.V.,2021,Q-Concepts,46382,
56942281,Omgevingsdienst Zuid-Limburg,2020,Q-Concepts,84110,
56942281,Omgevingsdienst Zuid-Limburg,2021,Q-Concepts,84110,
56942281,Omgevingsdienst Zuid-Limburg,2022,Q-Concepts,84110,
14629784,Omroepbedrijf Limburg B.V.,2021,Q-Concepts,59200,
96370181,One Ace B.V.,2025,Q-Concepts,70102,
66171377,ONS-Zorgt B.V.,2017,Q-Concepts,87901,
66171377,ONS-Zorgt B.V.,2018,Q-Concepts,87901,
18118677,Oome Raamsdonk B.V.,2017,Q-Concepts,4120,
18118677,Oome Raamsdonk B.V.,2019,Q-Concepts,41000,
18118677,Oome Raamsdonk B.V.,2020,Q-Concepts,41000,
17131785,Opdidakt B.V.,2018,Q-Concepts,85690,
55265049,Opdidakt Holding B.V.,2018,Q-Concepts,,
14055604,Osudio Holding B.V.,2017,Q-Concepts,6420,
14055604,Osudio Holding B.V.,2018,Q-Concepts,64210,
14055604,Osudio Holding B.V.,2019,Q-Concepts,64210,
30171445,Outform Group NL B.V.,2018,Q-Concepts,64210,
30171445,Outform Group NL B.V.,2019,Q-Concepts,64210,
30171445,Outform Group NL B.V.,2020,Q-Concepts,64210,
30171445,Outform Group NL B.V.,2023,Q-Concepts,64210,
14034799,P.M.S. Beheer B.V.,2017,Q-Concepts,70102,
14034799,P.M.S. Beheer B.V.,2018,Q-Concepts,70102,
14034799,P.M.S. Beheer B.V.,2019,Q-Concepts,70102,
14034799,P.M.S. Beheer B.V.,2020,Q-Concepts,70102,
14034799,P.M.S. Beheer B.V.,2021,Q-Concepts,70102,
14034799,P.M.S. Beheer B.V.,2022,Q-Concepts,70102,
12037889,P.W.M. van Dijck Holding B.V.,2019,Q-Concepts,64210,
12037889,P.W.M. van Dijck Holding B.V.,2020,Q-Concepts,64210,
12037889,P.W.M. van Dijck Holding B.V.,2021,Q-Concepts,64210,
12037889,P.W.M. van Dijck Holding B.V.,2022,Q-Concepts,64210,
66260345,Panmuc Group B.V.,2022,Q-Concepts,64210,
66260345,Panmuc Group B.V.,2023,Q-Concepts,64210,
66260345,Panmuc Group B.V.,2024,Q-Concepts,64210,
27199369,Panteia B.V.,2019,Q-Concepts,73200,
27199369,Panteia B.V.,2020,Q-Concepts,73200,
27199369,Panteia B.V.,2022,Q-Concepts,73200,
27199369,Panteia B.V.,2023,Q-Concepts,73200,
90724569,Park BidCo B.V.,2024,Q-Concepts,64210,
90711416,Park MidCo B.V.,2024,Q-Concepts,64210,
55409016,Patline Holding B.V.,2023,Q-Concepts,64210,
37081263,Patrick Oud Holding B.V.,2018,Q-concepts,64210,
69984336,Peakz Padel,2023,Q-Concepts,93129,
80362745,Peakz Padel Holding B.V.,2023,Q-Concepts,70102,
09011204,Peja-Producten B.V.,2017,Q-Concepts,47810,
27296126,Perfect Plants B.V.,2020,Q-Concepts,64210,
64911470,PHHaastrecht B.V.,2025,Q-Concepts,86222,
51294591,Phitaal B.V.,2019,Q-Concepts,64210,
51294591,Phitaal B.V.,2020,Q-Concepts,64210,
51294591,Phitaal B.V.,2021,Q-Concepts,64210,
83373144,PHM NL SP Topco B.V.,2022,Q-Concepts,64210,
05051990,PIAGROUP Netherlands B.V.,2024,Q-Concepts,64210,
30258125,PLAMECO Systems B.V.,2019,Q-Concepts,46838,
09043274,Plavei,2025,Q-Concepts,68201,
11011089,Plieger B.V.,2022,Q-Concepts,46837,
11011089,Plieger B.V.,2023,Q-Concepts,46837,
11011089,Plieger B.V.,2024,Q-Concepts,46837,
24338021,Portbase B.V.,2017,Q-Concepts,52291,
24338021,Portbase B.V.,2018,Q-Concepts,52310,
24338021,Portbase B.V.,2019,Q-Concepts,52310,
24338021,Portbase B.V.,2020,Q-Concepts,52310,
24338021,Portbase B.V.,2021,Q-Concepts,52310,
24338021,Portbase B.V.,2022,Q-Concepts,52310,
24338021,Portbase B.V.,2024,Q-Concepts,52310,
64751058,Powerfleet Coöperatief U.A.,2020,Q-Concepts,94993,
20170455,Praktijk van Waterschoot B.V.,2018,Q-Concepts,,
18061125,PrimaCura Huisartsen Spoedpost B.V.,2024,Q-Concepts,86210,
18061125,PrimaCura Huisartsen Spoedpost B.V.,2025,Q-Concepts,86210,
81383185,PrimaCura Huisartsenzorg Midden-Brabant B.V.,2022,Q-Concepts,86210,
17282852,PrimaCura Netwerkzorg B.V.,2025,Q-Concepts,86210,
17115658,Prodware Nederland B.V.,2020,Q-Concepts,62100,
17115658,Prodware Nederland B.V.,2021,Q-Concepts,62100,
17115658,Prodware Nederland B.V.,2022,Q-Concepts,62100,
17115658,Prodware Nederland B.V.,2023,Q-Concepts,62100,
24147299,Profuomo,2018,Q-Concepts,46425,
24147299,Profuomo,2019,Q-Concepts,46425,
24147299,Profuomo,2020,Q-Concepts,46425,
24147299,Profuomo,2021,Q-Concepts,46425,
24147299,Profuomo,2023,Q-Concepts,46425,
24147299,Profuomo,2024,Q-Concepts,46425,
24147299,Profuomo,2025,Q-Concepts,46425,
34162208,Prokino Kinderopvang,2020,Q-Concepts,88910,
34162208,Prokino Kinderopvang,2023,Q-Concepts,88910,
34162208,Prokino Kinderopvang,2024,Q-Concepts,88910,
34162208,Prokino Kinderopvang,2025,Q-Concepts,88910,
09189103,Promessa,2022,Q-Concepts,46321,
60728884,PROVICO B.V.,2024,Q-Concepts,86994,
60728884,PROVICO B.V.,2025,Q-Concepts,86994,
30039004,Provides,2020,Q-Concepts,,
08054188,Purdey Mode B.V.,2017,Q-Concepts,46421,
08054188,Purdey Mode B.V.,2018,Q-Concepts,46421,
08054188,Purdey Mode B.V.,2019,Q-Concepts,46421,
08054188,Purdey Mode B.V.,2021,Q-Concepts,46421,
08054188,Purdey Mode B.V.,2022,Q-Concepts,46421,
08054188,Purdey Mode B.V.,2023,Q-Concepts,46421,
65194446,Purper Participatie B.V.,2018,Q-Concepts,,
59720301,PVO International B.V. in liquidatie,2020,Q-Concepts,35122,
59720301,PVO International B.V. in liquidatie,2021,Q-Concepts,35122,
59720301,PVO International B.V. in liquidatie,2023,Q-Concepts,35122,
24178913,Qualm Beheer B.V.,2022,Q-Concepts,64210,
24178913,Qualm Beheer B.V.,2024,Q-Concepts,64210,
51512033,R&J Vastgoed B.V.,2024,Q-Concepts,64210,
14108862,R. Peters Holding B.V.,2017,Q-Concepts,6420,
14108862,R. Peters Holding B.V.,2019,Q-Concepts,64210,
14108862,R. Peters Holding B.V.,2021,Q-Concepts,64210,
32099753,R.F. Mann Holding B.V.,2018,Q-Concepts,64210,
41103368,Raffy,2023,Q-Concepts,87100,
41103368,Raffy,2024,Q-Concepts,87100,
41103368,Raffy,2025,Q-Concepts,87100,
24240997,Rail Service Center Rotterdam B.V.,2024,Q-Concepts,52242,
11065566,Ravas Europe B.V.,2024,Q-Concepts,46645,
11065566,Ravas Europe B.V.,2025,Q-Concepts,46645,
82890498,RB+ Holding B.V.,2022,Q-Concepts,64210,
55003486,Re-Move Holding B.V.,2018,Q-Concepts,64210,
55003486,Re-Move Holding B.V.,2019,Q-Concepts,64210,
55003486,Re-Move Holding B.V.,2020,Q-Concepts,64210,
55003486,Re-Move Holding B.V.,2021,Q-Concepts,64210,
55003486,Re-Move Holding B.V.,2023,Q-Concepts,64210,
70450218,Rekro Holding B.V.,2020,Q-Concepts,70102,
70450218,Rekro Holding B.V.,2023,Q-Concepts,70102,
70450218,Rekro Holding B.V.,2024,Q-Concepts,70102,
17269782,Reworks B.V.,2017,Q-Concepts,6420,
24027666,Rhenus Logistics B.V.,2022,Q-Concepts,52241,
24027666,Rhenus Logistics B.V.,2023,Q-Concepts,52241,
24027666,Rhenus Logistics B.V.,2024,Q-Concepts,52241,
24099353,Rhenus PartnerShip,2022,Q-Concepts,52310,
24099353,Rhenus PartnerShip,2024,Q-Concepts,52310,
23036526,Rhiant,2023,Q-Concepts,68201,
23036526,Rhiant,2024,Q-Concepts,68201,
23036526,Rhiant,2025,Q-Concepts,68201,
17140019,Rialto Vastgoedontwikkeling B.V.,2017,Q-Concepts,4110,
17140019,Rialto Vastgoedontwikkeling B.V.,2018,Q-Concepts,68120,
17140019,Rialto Vastgoedontwikkeling B.V.,2019,Q-Concepts,68120,
17140019,Rialto Vastgoedontwikkeling B.V.,2021,Q-Concepts,68120,
17140019,Rialto Vastgoedontwikkeling B.V.,2023,Q-Concepts,68120,
17140019,Rialto Vastgoedontwikkeling B.V.,2024,Q-Concepts,68120,
02307033,Rijnzathe B.V.,2017,Q-Concepts,70102,
02307033,Rijnzathe B.V.,2018,Q-Concepts,70102,
02307033,Rijnzathe B.V.,2019,Q-Concepts,64210,
02307033,Rijnzathe B.V.,2020,Q-Concepts,64210,
02307033,Rijnzathe B.V.,2023,Q-Concepts,64210,
02307033,Rijnzathe B.V.,2025,Q-Concepts,64210,
30014319,Ritmeester B.V.,2018,Q-Concepts,4635,
30014319,Ritmeester Cigars,2019,Q-Concepts,46350,
30014319,Ritmeester Cigars,2020,Q-Concepts,46350,
30014319,Ritmeester Cigars,2021,Q-Concepts,46350,
30014319,Ritmeester Cigars,2023,Q-Concepts,46350,
14062877,Roda J.C. B.V.,2019,Q-Concepts,93121,
24146610,Roobol Woninginrichting,2022,Q-Concepts,47553,
24146610,Roobol Woninginrichting,2023,Q-Concepts,47553,
24347960,Rosa Horeca Management B.V.,2017,Q-Concepts,64210,
59569506,Rotterdam Port Holding B.V.,2019,Q-Concepts,64210,
59569506,Rotterdam Port Holding B.V.,2021,Q-Concepts,64210,
59569506,Rotterdam Port Holding B.V.,2022,Q-Concepts,64210,
59569506,Rotterdam Port Holding B.V.,2023,Q-Concepts,64210,
24367579,Rotterdam Rail Feeding B.V.,2019,Q-Concepts,52210,
24367579,Rotterdam Rail Feeding B.V.,2020,Q-Concepts,52210,
24367579,Rotterdam Rail Feeding B.V.,2021,Q-Concepts,52210,
24367579,Rotterdam Rail Feeding B.V.,2022,Q-Concepts,52210,
24367579,Rotterdam Rail Feeding B.V.,2024,Q-Concepts,52210,
11028590,Rouppe Van der Voort Handelmaatschappij B.V.,2022,Q-Concepts,64210,
11028590,Rouppe Van der Voort Handelmaatschappij B.V.,2023,Q-Concepts,64210,
30166111,Roveg Beheer B.V.,2017,Q-Concepts,66191,
30166111,Roveg Beheer B.V.,2018,Q-Concepts,66191,
30166111,Roveg Beheer B.V.,2019,Q-Concepts,70102,
30166111,Roveg Beheer B.V.,2020,Q-Concepts,70102,
30166111,Roveg Beheer B.V.,2022,Q-Concepts,70102,
30166111,Roveg Beheer B.V.,2023,Q-Concepts,70102,
30166111,Roveg Beheer B.V.,2025,Q-Concepts,70102,
30166109,Roveg Fruit B.V.,2017,Q-Concepts,46311,
30166109,Roveg Fruit B.V.,2019,Q-Concepts,46311,
30166109,Roveg Fruit B.V.,2020,Q-Concepts,46311,
30166109,Roveg Fruit B.V.,2021,Q-Concepts,46311,
30166109,Roveg Fruit B.V.,2022,Q-Concepts,46311,
30166109,Roveg Fruit B.V.,2023,Q-Concepts,46311,
30166109,Roveg Fruit B.V.,2024,Q-Concepts,46311,
30166109,Roveg Fruit B.V.,2025,Q-Concepts,46311,
58478213,Roveg Holding B.V.,2017,Q-Concepts,6420,
58478213,Roveg Holding B.V.,2018,Q-Concepts,64210,
58478213,Roveg Holding B.V.,2019,Q-Concepts,64210,
58478213,Roveg Holding B.V.,2020,Q-Concepts,64210,
58478213,Roveg Holding B.V.,2021,Q-Concepts,64210,
58478213,Roveg Holding B.V.,2022,Q-Concepts,64210,
58478213,Roveg Holding B.V.,2023,Q-Concepts,64210,
58478213,Roveg Holding B.V.,2025,Q-Concepts,64210,
30218531,Roveg Onroerend Goed B.V.,2018,Q-CONCEPTS,6810,
30218531,Roveg Onroerend Goed B.V.,2019,Q-Concepts,68110,
30218531,Roveg Onroerend Goed B.V.,2020,Q-Concepts,68110,
30218531,Roveg Onroerend Goed B.V.,2023,Q-Concepts,68110,
30218531,Roveg Onroerend Goed B.V.,2024,Q-Concepts,68110,
41052701,Rumah Saya,2020,Q-Concepts,87302,
41052701,Rumah Saya,2021,Q-Concepts,87302,
41052701,Rumah Saya,2022,Q-Concepts,87302,
41052701,Rumah Saya,2023,Q-Concepts,87302,
41052701,Rumah Saya,2024,Q-Concepts,87302,
30027718,S. Huibers Veenendaal B.V.,2017,Q-Concepts,4711,
30027718,S. Huibers Veenendaal B.V.,2020,Q-Concepts,47110,
34182595,Sally Beauty Netherlands B.V.,2023,Q-Concepts,46450,
34182595,Sally Beauty Netherlands B.V.,2024,Q-Concepts,46450,
18080683,Salves Beheer B.V.,2017,Q-Concepts,6612,
69250103,Samco Holding B.V.,2017,Q-Concepts,6420,
58989951,Samen Professionals B.V.,2019,Q-Concepts,,
87594056,Sangrea Holding B.V.,2024,Q-Concepts,70102,
17150240,Saucecompany B.V.,2022,Q-Concepts,10840,
17150240,Saucecompany B.V.,2023,Q-Concepts,10840,
17150240,Saucecompany B.V.,2024,Q-Concepts,10840,
17269782,Sawiday Holding B.V.,2018,Q-Concepts,64210,
17269782,Sawiday Holding B.V.,2019,Q-Concepts,64210,
17269782,Sawiday Holding B.V.,2020,Q-Concepts,64210,
17269782,Sawiday Holding B.V.,2021,Q-Concepts,64210,
17269782,Sawiday Holding B.V.,2022,Q-Concepts,64210,
17269782,Sawiday Holding B.V.,2023,Q-Concepts,64210,
17269782,Sawiday Holding B.V.,2024,Q-Concepts,64210,
17149323,Sawiday Netherlands B.V.,2019,Q-Concepts,47526,
17149323,Sawiday Netherlands B.V.,2020,Q-Concepts,47526,
17149323,Sawiday Netherlands B.V.,2021,Q-Concepts,47526,
17149323,Sawiday Netherlands B.V.,2022,Q-Concepts,47526,
17149323,Sawiday Netherlands B.V.,2023,Q-Concepts,47526,
18051552,Schapers Holding B.V.,2018,Q-Concepts,70102,
18051552,Schapers Holding B.V.,2019,Q-Concepts,70102,
18051552,Schapers Holding B.V.,2022,Q-Concepts,70102,
18051552,Schapers Holding B.V.,2024,Q-Concepts,70102,
17046001,Schunk Xycarb Technology B.V.,2020,Q-Concepts,28990,
17046001,Schunk Xycarb Technology B.V.,2021,Q-Concepts,28990,
17046001,Schunk Xycarb Technology B.V.,2022,Q-Concepts,28990,
17046001,Schunk Xycarb Technology B.V.,2023,Q-Concepts,28990,
17046001,Schunk Xycarb Technology B.V.,2024,Q-Concepts,28990,
17046001,Schunk Xycarb Technology B.V.,2025,Q-Concepts,28990,
34310794,Select Group Nederland B.V,2018,Q-concepts,70102,
34310794,Select Group Nederland B.V,2020,Q-Concepts,70102,
34310794,Select Group Nederland B.V,2025,Q-Concepts,70102,
24362627,Selecta Infrastructuur B.V.,2024,Q-Concepts,61100,
81486499,Sempergreen Beheer B.V.,2023,Q-Concepts,64210,
91659795,Sempergreen Group B.V.,2025,Q-Concepts,64210,
30131542,Sempervirens,2020,Q-Concepts,46220,
30131542,Sempervirens,2021,Q-Concepts,46220,
30131542,Sempervirens,2022,Q-Concepts,46220,
30131542,Sempervirens,2023,Q-Concepts,46220,
52476405,Seppl B.V.,2017,Q-Concepts,6420,
52476405,Seppl B.V.,2018,Q-Concepts,64210,
52476405,Seppl B.V.,2019,Q-Concepts,64210,
52476405,Seppl B.V.,2020,Q-Concepts,64210,
52476405,Seppl B.V.,2021,Q-Concepts,64210,
52476405,Seppl B.V.,2022,Q-Concepts,64210,
52476405,Seppl B.V.,2023,Q-Concepts,64210,
52476405,Seppl B.V.,2024,Q-Concepts,64210,
33029116,Serinus Tunisia B.V.,2020,Q-Concepts,64210,
33029116,Serinus Tunisia B.V.,2022,Q-Concepts,64210,
09101119,SHO Groep B.V.,2018,Q-Concepts,,
09101119,SHO Groep B.V.,2019,Q-Concepts,,
09101119,SHO Groep B.V.,2020,Q-Concepts,,
75247038,Signtaal B.V.,2019,Q-Concepts,88103,
75247038,Signtaal B.V.,2020,Q-Concepts,88103,
75247038,Signtaal B.V.,2021,Q-Concepts,88103,
51120984,SiMa Beheer B.V.,2018,Q-Concepts,64210,
51120984,SiMa Beheer B.V.,2019,Q-Concepts,64210,
51120984,SiMa Beheer B.V.,2020,Q-Concepts,64210,
51120984,SiMa Beheer B.V.,2022,Q-Concepts,64210,
34365127,Simon-Kucher & Partners B.V.,2021,Q-Concepts,70201,
16082314,Simonse Beheer B.V.,2021,Q-Concepts,64210,
16082314,Simonse Beheer B.V.,2022,Q-Concepts,64210,
16082314,Simonse Beheer B.V.,2023,Q-Concepts,64210,
16082314,Simonse Beheer B.V.,2024,Q-Concepts,64210,
05070630,Sint Jozef,2023,Q-Concepts,86942,
05070630,Sint Jozef,2024,Q-Concepts,86942,
05070630,Sint Jozef,2025,Q-Concepts,86942,
41066110,Sint Jozef wonen en zorg,2023,Q-Concepts,87100,
41066110,Sint Jozef wonen en zorg,2024,Q-Concepts,87100,
74585517,Sissy-Boy B.V.,2019,Q-Concepts,47713,
74585517,Sissy-Boy B.V.,2020,Q-Concepts,47713,
74585517,Sissy-Boy B.V.,2021,Q-Concepts,47713,
74585517,Sissy-Boy B.V.,2022,Q-Concepts,47713,
74585517,Sissy-Boy B.V.,2023,Q-Concepts,47713,
74585517,Sissy-Boy B.V.,2024,Q-Concepts,47713,
51432846,SkillSource,2023,Q-Concepts,62100,
51432846,SkillSource,2024,Q-Concepts,62100,
71552812,Sluishuis Development Beheer B.V.,2022,Q-Concepts,64210,
14091093,Smeets Auto Groep B.V.,2020,Q-Concepts,64210,
14091093,Smeets Auto Groep B.V.,2022,Q-Concepts,64210,
58500669,Smeets M.B. Venlo,2018,Q-Concepts,47810,
17101631,Snow B.V.,2017,Q-concepts,85592,
14075552,SO Samenwijs,2023,Q-Concepts,85201,
14075552,SO Samenwijs,2024,Q-Concepts,85201,
14075552,SO Samenwijs,2025,Q-Concepts,85201,
33151955,Society Sports B.V.,2017,Q-Concepts,6420,
33151955,Society Sports B.V.,2018,Q-Concepts,6420,
33151955,Society Sports B.V.,2019,Q-Concepts,64210,
33151955,Society Sports B.V.,2020,Q-Concepts,64210,
33151955,Society Sports B.V.,2021,Q-Concepts,64210,
33151955,Society Sports B.V.,2022,Q-Concepts,64210,
33151955,Society Sports B.V.,2023,Q-Concepts,64210,
33151955,Society Sports B.V.,2024,Q-Concepts,64210,
33151955,Society Sports B.V.,2025,Q-Concepts,64210,
84775203,SoluForce B.V.,2024,Q-Concepts,09100,
12054124,Speulhof B.V.,2018,Q-Concepts,64210,
12054124,Speulhof B.V.,2019,Q-Concepts,64210,
12054124,Speulhof B.V.,2020,Q-Concepts,64210,
12054124,Speulhof B.V.,2021,Q-Concepts,64210,
12054124,Speulhof B.V.,2022,Q-Concepts,64210,
12054124,Speulhof B.V.,2023,Q-Concepts,64210,
12054124,Speulhof B.V.,2024,Q-Concepts,64210,
58225110,SPM Holding B.V.,2017,Q-Concepts,6420,
58225110,SPM Holding B.V.,2018,Q-concepts,6420,
56883943,SRP Zuid B.V.,2019,Q-Concepts,43212,
56883943,SRP Zuid B.V.,2020,Q-Concepts,43212,
56883943,SRP Zuid B.V.,2022,Q-Concepts,43212,
56883943,SRP Zuid B.V.,2023,Q-Concepts,43212,
56883943,SRP Zuid B.V.,2024,Q-Concepts,43212,
11014483,Steenfabriek De Rijswaard B.V.,2023,Q-Concepts,23320,
11014483,Steenfabriek De Rijswaard B.V.,2024,Q-Concepts,23320,
92550967,Stegron Vastgoed II B.V.,2023,Q-Concepts,68110,
66152925,Steve Madden Europe B.V.,2018,Q-Concepts,46424,
66152925,Steve Madden Europe B.V.,2019,Q-Concepts,46424,
66152925,Steve Madden Europe B.V.,2020,Q-Concepts,46424,
66152925,Steve Madden Europe B.V.,2022,Q-Concepts,46424,
66152925,Steve Madden Europe B.V.,2023,Q-Concepts,46424,
66152925,Steve Madden Europe B.V.,2025,Q-Concepts,46424,
88335046,Stichting Acuras,2024,Q-Concepts,88991,
88335046,Stichting Acuras,2025,Q-Concepts,88991,
14105175,Stichting Alterius,2023,Q-Concepts,85202,
14105175,Stichting Alterius,2024,Q-Concepts,85202,
41085995,Stichting Arons Zorg,2019,Q-Concepts,,
41085995,Stichting Arons Zorg,2020,Q-Concepts,,
41085995,Stichting Arons Zorg,2021,Q-Concepts,,
09143072,Stichting Attent Zorg en Behandeling,2023,Q-Concepts,69209,
09143072,Stichting Attent Zorg en Behandeling,2024,Q-Concepts,69209,
09143072,Stichting Attent Zorg en Behandeling,2025,Q-Concepts,69209,
40235964,Stichting Best Onderwijs,2024,Q-Concepts,85201,
40235964,Stichting Best Onderwijs,2025,Q-Concepts,85201,
41131181,"Stichting Betaald Voetbal ""Excelsior""",2020,Q-Concepts,64210,
41131181,"Stichting Betaald Voetbal ""Excelsior""",2021,Q-Concepts,64210,
41131181,"Stichting Betaald Voetbal ""Excelsior""",2022,Q-Concepts,64210,
41131181,"Stichting Betaald Voetbal ""Excelsior""",2024,Q-Concepts,64210,
41131181,Stichting Betaald Voetbal 'Excelsior',2017,Q-Concepts,6420,
41131181,Stichting Betaald Voetbal 'Excelsior',2018,Q-Concepts,6420,
73579742,Stichting Bevordering Fertiliteit.,2020,Q-Concepts,86999,
73579742,Stichting Bevordering Fertiliteit.,2021,Q-Concepts,86999,
73579742,Stichting Bevordering Fertiliteit.,2022,Q-Concepts,86999,
50561006,Stichting BPM Zorg,2020,Q-Concepts,86999,
50561006,Stichting BPM Zorg,2021,Q-Concepts,86999,
30201987,Stichting CED-Groep,2021,Q-Concepts,85599,
30201987,Stichting CED-Groep,2022,Q-Concepts,85599,
41125505,Stichting Centrale Discotheek,2020,Q-Concepts,,
41085297,Stichting Cinop; Centrum voor Innovatie van Opleidingen,2017,Q-Concepts,6420,
92464513,Stichting Collectief Kindontwikkeling,2024,Q-Concepts,88910,
17279214,Stichting Combinatie Jeugdzorg,2023,Q-Concepts,87991,
17279214,Stichting Combinatie Jeugdzorg,2024,Q-Concepts,87991,
41156590,Stichting DAK kindercentra,2022,Q-Concepts,88910,
41156590,Stichting DAK kindercentra,2023,Q-Concepts,88910,
41156590,Stichting DAK kindercentra,2024,Q-Concepts,88910,
34124295,Stichting DCA,2022,Q-Concepts,86221,
34124295,Stichting DCA,2023,Q-Concepts,86221,
34124295,Stichting DCA,2024,Q-Concepts,86221,
34124295,Stichting DCA,2025,Q-Concepts,86221,
41088083,Stichting De Effenaar,2018,Q-Concepts,90310,
41088083,Stichting De Effenaar,2019,Q-Concepts,90310,
41088083,Stichting De Effenaar,2020,Q-Concepts,90310,
41088083,Stichting De Effenaar,2021,Q-Concepts,90310,
12019700,Stichting De Maaspoort Venlo,2018,Q-Concepts,90310,
12019700,Stichting De Maaspoort Venlo,2019,Q-Concepts,90310,
12019700,Stichting De Maaspoort Venlo,2020,Q-Concepts,90310,
12019700,Stichting De Maaspoort Venlo,2021,Q-Concepts,90310,
12019700,Stichting De Maaspoort Venlo,2022,Q-Concepts,90310,
41190368,Stichting De Speeldoos,2019,Q-Concepts,90310,
41093743,Stichting de Zorgboog,2025,Q-Concepts,87100,
50474553,Stichting Eduquaat,2020,Q-Concepts,85201,
50474553,Stichting Eduquaat,2022,Q-Concepts,85201,
50474553,Stichting Eduquaat,2023,Q-Concepts,85201,
50474553,Stichting Eduquaat,2024,Q-Concepts,85201,
67266932,Stichting EEV.,2021,Q-Concepts,87991,
67266932,Stichting EEV.,2022,Q-Concepts,87991,
67266932,Stichting EEV.,2023,Q-Concepts,87991,
67266932,Stichting EEV.,2024,Q-Concepts,87991,
67266932,Stichting EEV.,2025,Q-Concepts,87991,
78339871,Stichting Ellesie,2023,Q-Concepts,86999,
78339871,Stichting Ellesie,2024,Mister Finance; Q-Concepts,86999,
78339871,Stichting Ellesie,2025,Mister Finance; Q-Concepts,86999,
53895819,Stichting Expertisecentrum Euthanasie,2024,Q-Concepts,94996,
53895819,Stichting Expertisecentrum Euthanasie,2025,Q-Concepts,94996,
41087149,Stichting FC Eindhoven,2017,Q-Concepts,93191,
41087149,Stichting FC Eindhoven,2018,Q-Concepts,93121,
41087149,Stichting FC Eindhoven,2019,Q-Concepts,93121,
41087149,Stichting FC Eindhoven,2020,Q-Concepts,93121,
41087149,Stichting FC Eindhoven,2021,Q-Concepts,93121,
60912618,Stichting Fertiliteitszorg Zuid Nederland,2020,Q-Concepts,86999,
60912618,Stichting Fertiliteitszorg Zuid Nederland,2021,Q-Concepts,86999,
60912618,Stichting Fertiliteitszorg Zuid Nederland,2022,Q-Concepts,86999,
23027876,Stichting Fien Wonen,2020,Q-Concepts,68201,
23027876,Stichting Fien Wonen,2022,Q-Concepts,68201,
23027876,Stichting Fien Wonen,2023,Q-Concepts,68201,
23027876,Stichting Fien Wonen,2024,Q-Concepts,68201,
34308169,Stichting Free a Girl Nederland,2018,Q-Concepts,94997,
34308169,Stichting Free a Girl Nederland,2019,Q-Concepts,94997,
34308169,Stichting Free a Girl Nederland,2020,Q-Concepts,94997,
34308169,Stichting Free a Girl Nederland,2022,Q-Concepts,94997,
34308169,Stichting Free a Girl Nederland,2023,Q-Concepts,94997,
34308169,Stichting Free a Girl Nederland,2024,Q-Concepts,94997,
50975382,Stichting GGZ Momentum,2018,Q-Concepts,86999,
50975382,Stichting GGZ Momentum,2019,Q-Concepts,86999,
50975382,Stichting GGZ Momentum,2022,Q-Concepts,86999,
20100506,Stichting GGZ Westelijk Noord-Brabant          (GGZ-WNB),2018,Q-Concepts,86104,
20100506,Stichting GGZ Westelijk Noord-Brabant (GGZ-WNB),2020,Q-Concepts,86104,
20100506,Stichting GGZ Westelijk Noord-Brabant (GGZ-WNB),2021,Q-Concepts,86104,
20100506,Stichting GGZ Westelijk Noord-Brabant (GGZ-WNB),2022,Q-Concepts,86104,
20100506,Stichting GGZ Westelijk Noord-Brabant (GGZ-WNB),2023,Q-Concepts,86104,
20100506,Stichting GGZ Westelijk Noord-Brabant (GGZ-WNB),2024,Q-Concepts,86104,
20100506,Stichting GGZ Westelijk Noord-Brabant (GGZ-WNB),2025,Q-Concepts,86104,
41087693,Stichting GOO Onderwijs,2023,Q-Concepts,85201,
41023459,Stichting Harmonisch Wonen,2024,Q-Concepts,68201,
41088095,Stichting Helmond Sport,2021,Q-Concepts,93121,
57519943,Stichting Het Werkt,2017,Q-Concepts,88999,
57519943,Stichting Het Werkt,2018,Q-Concepts,88999,
57519943,Stichting Het Werkt,2019,Q-Concepts,88992,
57519943,Stichting Het Werkt,2020,Q-Concepts,88992,
57519943,Stichting Het Werkt,2021,Q-Concepts,88992,
57519943,Stichting Het Werkt,2022,Q-Concepts,88992,
57519943,Stichting Het Werkt,2023,Q-Concepts,88992,
57519943,Stichting Het Werkt,2024,Q-Concepts,88992,
57519943,Stichting Het Werkt,2025,Q-Concepts,88992,
30236066,Stichting Huize Het Oosten,2023,Q-Concepts,87302,
30236066,Stichting Huize Het Oosten,2025,Q-Concepts,87302,
09156820,Stichting IrisZorg,2017,Q-Concepts,86222,
09156820,Stichting IrisZorg,2018,Q-Concepts,86222,
09156820,Stichting IrisZorg,2020,Q-Concepts,87202,
09156820,Stichting IrisZorg,2021,Q-Concepts,87202,
09156820,Stichting IrisZorg,2022,Q-Concepts,87202,
09156820,Stichting IrisZorg,2023,Q-Concepts,87202,
09156820,Stichting IrisZorg,2024,Q-Concepts,87202,
09156820,Stichting IrisZorg,2025,Q-Concepts,87202,
51339374,Stichting Jongerenwerk Utrecht,2023,Q-Concepts,88992,
51339374,Stichting Jongerenwerk Utrecht,2024,Q-Concepts,88992,
30040468,Stichting Jutphaas Wonen,2022,Q-Concepts,68201,
30040468,Stichting Jutphaas Wonen,2023,Q-Concepts,68201,
30040468,Stichting Jutphaas Wonen,2024,Q-Concepts,68201,
30040468,Stichting Jutphaas Wonen,2025,Q-Concepts,68201,
27179025,Stichting Kinderopvang 2Samen,2024,Q-Concepts,88910,
59649097,Stichting kom Leren,2024,Q-Concepts,85201,
14614646,Stichting Krijtland Wonen,2021,Q-Concepts,68201,
14614646,Stichting Krijtland Wonen,2022,Q-Concepts,68201,
14614646,Stichting Krijtland Wonen,2023,Q-Concepts,68201,
14614646,Stichting Krijtland Wonen,2024,Q-Concepts,68201,
41062327,Stichting LA PROVIDENCE,2023,Q-Concepts,87100,
41062327,Stichting LA PROVIDENCE,2024,Q-Concepts,87100,
30223411,Stichting Lievegoed,2025,Q-Concepts,88103,
17142032,Stichting Maatschappelijke Opvang 's-Hertogenbosch e.o.,2022,Q-Concepts,87992,
17142032,Stichting Maatschappelijke Opvang 's-Hertogenbosch e.o.,2024,Q-Concepts,87992,
17142032,Stichting Maatschappelijke Opvang 's-Hertogenbosch e.o.,2025,Q-Concepts,87992,
41055707,"Stichting Malderburch, welzijn, wonen en zorg",2022,Q-Concepts,87302,
41055707,"Stichting Malderburch, welzijn, wonen en zorg",2023,Q-Concepts,87302,
41055707,"Stichting Malderburch, welzijn, wonen en zorg",2024,Q-Concepts,87302,
41055707,"Stichting Malderburch, welzijn, wonen en zorg",2025,Q-Concepts,87302,
30166620,Stichting Meander,2021,Q-Concepts,88992,
67266436,Stichting Meander-Prokino,2020,Q-Concepts,94997,
67266436,Stichting Meander-Prokino,2021,Q-Concepts,94997,
67266436,Stichting Meander-Prokino,2022,Q-Concepts,94997,
67266436,Stichting Meander-Prokino,2023,Q-Concepts,94997,
67266436,Stichting Meander-Prokino,2024,Q-Concepts,94997,
30086686,Stichting NabijWonen,2022,Q-Concepts,68201,
30086686,Stichting NabijWonen,2024,Q-Concepts,68201,
30086686,Stichting NabijWonen,2025,Q-Concepts,68201,
41095579,Stichting Natuurmuseum Brabant,2018,Q-Concepts,91211,
14626133,Stichting Omroep Limburg,2019,Q-Concepts,60100,
27177846,Stichting Oogheelkunde Rijswijk,2020,Q-Concepts,94993,
17110624,Stichting Oosterpoort,2022,Q-Concepts,88991,
17110624,Stichting Oosterpoort,2023,Q-Concepts,88991,
17110624,Stichting Oosterpoort,2024,Q-Concepts,88991,
17110624,Stichting Oosterpoort,2025,Q-Concepts,88991,
41042514,Stichting Parc Spelderholt,2025,Q-Concepts,88992,
17192450,Stichting Pec ggz,2017,Q-Concepts,94997,
17192450,Stichting Pec ggz,2018,Q-Concepts,94997,
17192450,Stichting Pec ggz,2019,Q-Concepts,94997,
17192450,Stichting Pec ggz,2020,Q-Concepts,94997,
16049902,Stichting PeelrandWonen,2023,Q-Concepts,68201,
16049902,Stichting PeelrandWonen,2024,Q-Concepts,68201,
16049902,Stichting PeelrandWonen,2025,Q-Concepts,68201,
05083803,Stichting Pento,2019,Q-Concepts,86221,
05083803,Stichting Pento,2020,Q-Concepts,86221,
05083803,Stichting Pento,2021,Q-Concepts,86221,
05083803,Stichting Pento,2022,Q-Concepts,86221,
05083803,Stichting Pento,2023,Q-Concepts,86221,
05083803,Stichting Pento,2024,Q-Concepts,86221,
05083803,Stichting Pento,2025,Q-Concepts,86221,
55301401,Stichting Platform31,2021,Q-Concepts,63920,
09125621,Stichting Pleyade,2020,Q-Concepts,86942,
09125621,Stichting Pleyade,2021,Q-Concepts,86942,
09125621,Stichting Pleyade,2022,Q-Concepts,86942,
09125621,Stichting Pleyade,2023,Q-Concepts,86942,
09125621,Stichting Pleyade,2024,Q-Concepts,86942,
09125621,Stichting Pleyade,2025,Q-Concepts,86942,
59152540,Stichting Promentis,2019,Q-Concepts,,
59152540,Stichting Promentis,2020,Q-Concepts,,
41234129,Stichting R.K.F.C. Volendam,2021,Q-Concepts,93121,
41234129,Stichting R.K.F.C. Volendam,2022,Q-Concepts,93121,
41234129,Stichting R.K.F.C. Volendam,2024,Q-Concepts,93121,
41057184,Stichting Regionale Instelling voor Begeleiding en Wonen Nijmegen & Rivierenland,2019,Q-Concepts,87202,
41057184,Stichting Regionale Instelling voor Begeleiding en Wonen Nijmegen & Rivierenland,2020,Q-Concepts,87202,
41057184,Stichting Regionale Instelling voor Begeleiding en Wonen Nijmegen & Rivierenland,2021,Q-Concepts,87202,
41057184,Stichting Regionale Instelling voor Begeleiding en Wonen Nijmegen & Rivierenland,2022,Q-Concepts,87202,
41057184,Stichting Regionale Instelling voor Begeleiding en Wonen Nijmegen & Rivierenland,2023,Q-Concepts,87202,
41057184,Stichting Regionale Instelling voor Begeleiding en Wonen Nijmegen & Rivierenland,2024,Q-Concepts,87202,
41057184,Stichting Regionale Instelling voor Begeleiding en Wonen Nijmegen & Rivierenland,2025,Q-Concepts,87202,
41050222,Stichting Regionale Instelling voor Beschermd Wonen Arnhem en Veluwe-Vallei (RIBW Arnhem en Veluwe-Vallei),2023,Q-Concepts,87202,
41050222,Stichting Regionale Instelling voor Beschermd Wonen Arnhem en Veluwe-Vallei (RIBW Arnhem en Veluwe-Vallei),2024,Q-Concepts,87202,
41050222,Stichting Regionale Instelling voor Beschermd Wonen Arnhem en Veluwe-Vallei (RIBW Arnhem en Veluwe-Vallei),2025,Q-Concepts,87202,
41039180,Stichting Riwis Zorg & Welzijn,2025,Q-Concepts,88103,
41064403,Stichting Rubicon Jeugdzorg,2018,Q-Concepts,,
22054521,Stichting Samenwerkende Zorgboeren Zuid,2017,Q-Concepts,8720,
22054521,Stichting Samenwerkende Zorgboeren Zuid,2018,Q-Concepts,87201,
22054521,Stichting Samenwerkende Zorgboeren Zuid,2019,Q-Concepts,87201,
22054521,Stichting Samenwerkende Zorgboeren Zuid,2020,Q-Concepts,87201,
22054521,Stichting Samenwerkende Zorgboeren Zuid,2021,Q-Concepts,87201,
22054521,Stichting Samenwerkende Zorgboeren Zuid,2022,Q-Concepts,87201,
22054521,Stichting Samenwerkende Zorgboeren Zuid,2023,Q-Concepts,87201,
22054521,Stichting Samenwerkende Zorgboeren Zuid,2024,Q-Concepts,87201,
22054521,Stichting Samenwerkende Zorgboeren Zuid,2025,Q-Concepts,87201,
41088260,Stichting Severinus,2020,Q-Concepts,88103,
41088260,Stichting Severinus,2021,Q-Concepts,88103,
41088260,Stichting Severinus,2022,Q-Concepts,88103,
41088260,Stichting Severinus,2023,Q-Concepts,88103,
41088260,Stichting Severinus,2024,Q-Concepts,88103,
41088260,Stichting Severinus,2025,Q-Concepts,88103,
17024183,Stichting Sint Trudo,2017,Q-Concepts,68201,
08162427,Stichting SolutionS-Center,2020,Q-Concepts,87202,
08162427,Stichting SolutionS-Center,2022,Q-Concepts,87202,
08162427,Stichting SolutionS-Center,2023,Q-Concepts,87202,
08162427,Stichting SolutionS-Center,2024,Q-Concepts,87202,
08162427,Stichting SolutionS-Center,2025,Q-Concepts,87202,
41062125,Stichting Spring Kinderopvang,2025,Q-Concepts,88910,
23036310,Stichting Tablis Wonen,2020,Q-Concepts,68201,
23036310,Stichting Tablis Wonen,2023,Q-Concepts,68201,
23036310,Stichting Tablis Wonen,2024,Q-Concepts,68201,
41083739,Stichting Titurel,2017,Q-Concepts,8720,
41083739,Stichting Titurel,2018,Q-Concepts,8720,
41083739,Stichting Titurel,2020,Q-Concepts,87201,
41083739,Stichting Titurel,2021,Q-Concepts,87201,
41083739,Stichting Titurel,2022,Q-Concepts,87201,
41083739,Stichting Titurel,2023,Q-Concepts,87201,
41083739,Stichting Titurel,2024,Q-Concepts,87201,
41083739,Stichting Titurel,2025,Q-Concepts,87201,
14060225,Stichting Trevianum,2024,Q-Concepts,85311,
67639054,Stichting Veilig Thuis Brabant Noordoost,2019,Q-Concepts,,
67639054,Stichting Veilig Thuis Brabant Noordoost,2020,Q-Concepts,,
67639054,Stichting Veilig Thuis Brabant Noordoost,2021,Q-Concepts,,
67702848,Stichting Veilig Thuis Oost-Brabant,2019,Q-Concepts,88999,
67702848,Stichting Veilig Thuis Oost-Brabant,2020,Q-Concepts,88999,
67702848,Stichting Veilig Thuis Oost-Brabant,2021,Q-Concepts,88999,
67702848,Stichting Veilig Thuis Oost-Brabant,2022,Q-Concepts,88999,
67702848,Stichting Veilig Thuis Oost-Brabant,2023,Q-Concepts,88999,
67702848,Stichting Veilig Thuis Oost-Brabant,2024,Q-Concepts,88999,
39077518,Stichting Welzijn Lelystad,2022,Q-Concepts,88992,
39077518,Stichting Welzijn Lelystad,2023,Q-Concepts,88992,
39077518,Stichting Welzijn Lelystad,2024,Q-Concepts,88992,
55831605,Stichting Wocozon,2021,Q-Concepts,69209,
55831605,Stichting Wocozon,2022,Q-Concepts,69209,
16045467,Stichting Wonen Vierlingsbeek,2024,Q-Concepts,68201,
16045467,Stichting Wonen Vierlingsbeek,2025,Q-Concepts,68201,
09051283,Stichting Wonion,2021,Q-Concepts,68201,
09051283,Stichting Wonion,2022,Q-Concepts,68201,
09051283,Stichting Wonion,2023,Q-Concepts,68201,
09051283,Stichting Wonion,2024,Q-Concepts,68201,
09051283,Stichting Wonion,2025,Q-Concepts,68201,
41055655,Stichting Zorgcentrum Huize Rosa,2017,Q-Concepts,87302,
41055655,Stichting Zorgcentrum Huize Rosa,2018,Q-Concepts,87302,
17145911,Stichting Zorggroep Elde Maasduinen,2021,Q-Concepts,87100,
17145911,Stichting Zorggroep Elde Maasduinen,2022,Q-Concepts,87100,
17145911,Stichting Zorggroep Elde Maasduinen,2023,Q-Concepts,87100,
17145911,Stichting Zorggroep Elde Maasduinen,2024,Q-Concepts,87100,
17145911,Stichting Zorggroep Elde Maasduinen,2025,Q-Concepts,87100,
41186583,Stichting Zuidwester,2022,Q-Concepts,87201,
41186583,Stichting Zuidwester,2023,Q-Concepts,87201,
41186583,Stichting Zuidwester,2024,Q-Concepts,87201,
41186583,Stichting Zuidwester,2025,Q-Concepts,87201,
17156701,Stichting Zuidzorg,2019,Q-Concepts,88101,
17156701,Stichting Zuidzorg,2020,Q-Concepts,88101,
17156701,Stichting Zuidzorg,2021,Q-Concepts,88101,
17156701,Stichting Zuidzorg,2022,Q-Concepts,88101,
17156701,Stichting Zuidzorg,2023,Q-Concepts,88101,
17156701,Stichting Zuidzorg,2024,Q-Concepts,88101,
17156701,Stichting Zuidzorg,2025,Q-Concepts,88101,
87123525,Stroomz Centrum B.V.,2025,Q-Concepts,86210,
17285488,Stroomz Zorgt B.V.,2025,Q-Concepts,86999,
52277860,Studio Anneloes B.V.,2023,Q-Concepts,46421,
52277860,Studio Anneloes B.V.,2024,Q-Concepts,46421,
52277860,Studio Anneloes B.V.,2025,Q-Concepts,46421,
17101631,Sue B.V.,2019,Q-Concepts,85591,
57054673,Supermarkt Binnendijk Twello B.V.,2017,Q-Concepts,4711,
57054673,Supermarkt Binnendijk Twello B.V.,2018,Q-Concepts,47110,
16070802,Supermarkt Jos van den Berg B.V.,2018,Q-Concepts,47110,
16070802,Supermarkt Jos van den Berg B.V.,2019,Q-Concepts,47110,
16070802,Supermarkt Jos van den Berg B.V.,2021,Q-Concepts,47110,
16070802,Supermarkt Jos van den Berg B.V.,2022,Q-Concepts,47110,
54619823,Supermarkt Panningen B.V.,2019,Q-Concepts,47110,
54619823,Supermarkt Panningen B.V.,2022,Q-Concepts,47110,
54619823,Supermarkt Panningen B.V.,2024,Q-Concepts,47110,
34234049,Supermarkt Roemer B.V.,2019,Q-Concepts,,
65508416,SurveyMonkey Netherlands B.V.,2018,Q-Concepts,63100,
65508416,SurveyMonkey Netherlands B.V.,2019,Q-Concepts,63100,
65508416,SurveyMonkey Netherlands B.V.,2020,Q-Concepts,63100,
58623701,syncreon Group B.V.,2017,Q-Concepts,6420,
17078718,Tak Benelux B.V.,2024,Q-Concepts,46610,
72202343,Take your time out B.V.,2020,Q-Concepts,86994,
72202343,Take your time out B.V.,2021,Q-Concepts,86994,
32123709,Tata Communications MOVE B.V.,2017,Q-Concepts,6420,
32130461,Tata Communications MOVE Nederland B.V.,2019,Q-Concepts,,
63216787,TB3 B.V.,2019,Q-Concepts,64210,
63216787,TB3 B.V.,2020,Q-Concepts,64210,
63216787,TB3 B.V.,2021,Q-Concepts,64210,
63216787,TB3 B.V.,2022,Q-Concepts,64210,
63216787,TB3 B.V.,2023,Q-Concepts,64210,
63216787,TB3 B.V.,2024,Q-Concepts,64210,
63216787,TB3 B.V.,2025,Q-Concepts,64210,
71176942,Team Rockstars Holding B.V.,2021,Q-Concepts,64210,
71176942,Team Rockstars Holding B.V.,2022,Q-Concepts,64210,
71176942,Team Rockstars Holding B.V.,2023,Q-Concepts,64210,
71176942,Team Rockstars Holding B.V.,2024,Q-Concepts,64210,
17200588,Team Rockstars IT B.V.,2021,Q-Concepts,62200,
17200588,Team Rockstars IT B.V.,2022,Q-Concepts,62200,
17200588,Team Rockstars IT B.V.,2023,Q-Concepts,62200,
17200588,Team Rockstars IT B.V.,2024,Q-Concepts,62200,
17070363,Tecnilab-BMI B.V.,2024,Q-Concepts,46462,
17164093,Teledyne Adimec Holding B.V.,2024,Q-Concepts,64210,
32130461,Teleena Nederland B.V.,2017,Q-Concepts,6120,
30220846,Tenzinger.com B.V.,2019,Q-Concepts,64210,
30220846,Tenzinger.com B.V.,2020,Q-Concepts,64210,
30220846,Tenzinger.com B.V.,2021,Q-Concepts,64210,
30220846,Tenzinger.com B.V.,2022,Q-Concepts,64210,
30220846,Tenzinger.com B.V.,2023,Q-Concepts,64210,
30220846,Tenzinger.com B.V.,2024,Q-Concepts,64210,
18028000,Termeer Schoenen B.V.,2017,Q-Concepts,46424,
18028000,Termeer Schoenen B.V.,2018,Q-Concepts,47721,
18028000,Termeer Schoenen B.V.,2019,Q-Concepts,47721,
18028000,Termeer Schoenen B.V.,2020,Q-Concepts,47721,
18028000,Termeer Schoenen B.V.,2021,Q-Concepts,47721,
18028000,Termeer Schoenen B.V.,2022,Q-Concepts,47721,
18028000,Termeer Schoenen B.V.,2023,Q-Concepts,47721,
18028000,Termeer Schoenen B.V.,2024,Q-Concepts,47721,
64906264,The Benedict Group B.V.,2019,Q-Concepts,64210,
64906264,The Benedict Group B.V.,2020,Q-Concepts,64210,
64906264,The Benedict Group B.V.,2021,Q-Concepts,64210,
64906264,The Benedict Group B.V.,2023,Q-Concepts,64210,
33130980,The Society Shop B.V.,2017,Q-Concepts,46421,
33130980,The Society Shop B.V.,2018,Q-Concepts,46421,
33130980,The Society Shop B.V.,2019,Q-Concepts,46421,
33130980,The Society Shop B.V.,2020,Q-Concepts,46421,
33130980,The Society Shop B.V.,2021,Q-Concepts,46421,
33130980,The Society Shop B.V.,2022,Q-Concepts,46421,
33130980,The Society Shop B.V.,2023,Q-Concepts,46421,
01044374,Thermo-Noord B.V.,2022,Q-Concepts,46642,
01044374,Thermo-Noord B.V.,2023,Q-Concepts,46642,
52300943,TIX Holding B.V.,2017,Q-Concepts,6420,
52300943,TIX Holding B.V.,2018,Q-Concepts,64210,
52300943,TIX Holding B.V.,2019,Q-Concepts,64210,
52300943,TIX Holding B.V.,2025,Q-Concepts,64210,
33213574,Tom Tailor Benelux B.V.,2017,Q-Concepts,6420,
33213574,Tom Tailor Benelux B.V.,2018,Q-Concepts,64210,
33213574,Tom Tailor Benelux B.V.,2019,Q-Concepts,64210,
33213574,Tom Tailor Benelux B.V.,2022,Q-Concepts,64210,
33213574,Tom Tailor Benelux B.V.,2024,Q-Concepts,64210,
33213574,Tom Tailor Benelux B.V.,2025,Q-Concepts,64210,
86877127,Toppy B.V.,2022,Q-Concepts,47761,
24364953,TOS Crew,2020,Q-Concepts,78202,
24417897,TOS Holding,2019,Q-Concepts,70201,
24417897,TOS Holding,2020,Q-Concepts,70201,
24417897,TOS Holding,2021,Q-Concepts,70201,
24417897,TOS Holding,2022,Q-Concepts,70201,
24417897,TOS Holding,2023,Q-Concepts,70201,
14067922,Toverland Holding B.V.,2019,Q-Concepts,64210,
14067922,Toverland Holding B.V.,2020,Q-Concepts,64210,
14067922,Toverland Holding B.V.,2021,Q-Concepts,64210,
14067922,Toverland Holding B.V.,2022,Q-Concepts,64210,
14067922,Toverland Holding B.V.,2023,Q-Concepts,64210,
14067922,Toverland Holding B.V.,2024,Q-Concepts,64210,
14067922,Toverland Holding B.V.,2025,Q-Concepts,64210,
76505685,Trading Energy Solutions in Sustainability B.V.,2020,Q-Concepts,71120,
24266292,Transcend Information Europe B.V.,2022,Q-Concepts,46500,
24266292,Transcend Information Europe B.V.,2024,Q-Concepts,46500,
24274377,Transcore Rotterdam B.V.,2019,Q-Concepts,78202,
24313773,Transport Ferry Services B.V.,2017,Q-Concepts,6420,
24147551,Trialogic Holding N.V.,2021,Q-Concepts,72100,
24147551,Trialogic Holding N.V.,2022,Q-Concepts,72100,
72364467,Trinitas Real Estate B.V.,2021,Q-Concepts,64210,
17240402,Trinitas Real Estate I B.V.,2019,Q-Concepts,68203,
17240402,Trinitas Real Estate I B.V.,2020,Q-Concepts,68203,
17240402,Trinitas Real Estate I B.V.,2021,Q-Concepts,68203,
52222861,Tripal Group B.V.,2020,Q-Concepts,64210,
52222861,Tripal Group B.V.,2024,Q-Concepts,64210,
17113389,Trudo Holding B.V.,2017,Q-Concepts,70102,
22045938,TSA Safety Services B.V.,2024,Q-Concepts,78202,
22054520,TSD Groep,2024,Q-Concepts,70201,
17275592,TSK Laboratory Europe B.V.,2020,Q-Concepts,46462,
17275592,TSK Laboratory Europe B.V.,2021,Q-Concepts,46462,
17275592,TSK Laboratory Europe B.V.,2022,Q-Concepts,46462,
17275592,TSK Laboratory Europe B.V.,2023,Q-Concepts,46462,
88387844,TTC Holding B.V.,2024,Q-Concepts,70102,
88387844,TTC Holding B.V.,2025,Q-Concepts,70102,
30190367,Tumble Groep B.V.,2017,Q-Concepts,6420,
20083782,TyresoleS Industrial Holding B.V.,2024,Q-Concepts,64210,
57243484,U Centraal - Pieterskerkhof 16,2023,Q-Concepts,88992,
57243484,U Centraal - Pieterskerkhof 16,2024,Q-Concepts,88992,
57243484,U Centraal - Pieterskerkhof 16,2025,Q-Concepts,88992,
28086600,UL TS B.V.,2023,Q-Concepts,62200,
63362678,UniK B.V.,2017,Q-Concepts,8720,
63362678,UniK B.V.,2018,Q-Concepts,8720,
63362678,UniK B.V.,2019,Q-Concepts,88991,
63362678,UniK B.V.,2020,Q-Concepts,88991,
63362678,UniK B.V.,2021,Q-Concepts,88991,
63362678,UniK B.V.,2022,Q-Concepts,88991,
63362678,UniK B.V.,2023,Q-Concepts,88991,
63362678,UniK B.V.,2024,Q-Concepts,88991,
63362678,UniK B.V.,2025,Q-Concepts,88991,
17243797,Usabilla B.V.,2018,Q-Concepts,,
17032917,Vacansoleil B.V.,2019,Q-Concepts,,
17032917,Vacansoleil B.V.,2021,Q-Concepts,,
17032917,Vacansoleil B.V.,2022,Q-Concepts,,
75004100,Valori Holding B.V.,2023,Q-Concepts,6420,
24300177,Valtech B.V.,2017,Q-Concepts,6201,
24300177,Valtech B.V.,2018,Q-Concepts,62100,
32122046,Valuta Beheer B.V.,2019,Q-Concepts,64210,
32122046,Valuta Beheer B.V.,2020,Q-Concepts,64210,
32122046,Valuta Beheer B.V.,2021,Q-Concepts,64210,
32122046,Valuta Beheer B.V.,2022,Q-Concepts,64210,
20108049,van Beek Beheer B.V.,2022,Q-Concepts,64210,
20108049,van Beek Beheer B.V.,2023,Q-Concepts,64210,
20108049,van Beek Beheer B.V.,2024,Q-Concepts,64210,
72667036,Van de Brug Holding B.V.,2018,Q-Concepts,70102,
72667036,Van de Brug Holding B.V.,2020,Q-Concepts,70102,
72667036,Van de Brug Holding B.V.,2022,Q-Concepts,70102,
72667036,Van de Brug Holding B.V.,2024,Q-Concepts,70102,
08011352,Van de Brug Internationaal Tanktransport B.V.,2017,Q-Concepts,4941,
08011352,Van de Brug Internationaal Tanktransport B.V.,2018,Q-Concepts,49410,
08011352,Van de Brug Internationaal Tanktransport B.V.,2020,Q-Concepts,49410,
08011352,Van de Brug Internationaal Tanktransport B.V.,2022,Q-Concepts,49410,
08011352,Van de Brug Internationaal Tanktransport B.V.,2023,Q-Concepts,49410,
08011352,Van de Brug Internationaal Tanktransport B.V.,2024,Q-Concepts,49410,
54336511,Van Dijck Groenteproducties B.V.,2018,Q-Concepts,01131,
54336511,Van Dijck Groenteproducties B.V.,2019,Q-Concepts,01131,
54336511,Van Dijck Groenteproducties B.V.,2020,Q-Concepts,01131,
54336511,Van Dijck Groenteproducties B.V.,2021,Q-Concepts,01131,
54336511,Van Dijck Groenteproducties B.V.,2022,Q-Concepts,01131,
16036955,Van Dorp Infra B.V.,2019,Q-Concepts,42210,
16036955,Van Dorp Infra B.V.,2020,Q-Concepts,42210,
16036955,Van Dorp Infra B.V.,2021,Q-Concepts,42210,
16071049,Van Dorp Infrabedrijven,2017,Q-Concepts,64210,
16071049,Van Dorp Infrabedrijven,2018,Q-Concepts,64210,
16071049,Van Dorp Infrabedrijven,2019,Q-Concepts,64210,
16071049,Van Dorp Infrabedrijven,2020,Q-Concepts,64210,
16071049,Van Dorp Infrabedrijven,2021,Q-Concepts,64210,
61093513,Van Kempen Holding B.V.,2017,Q-Concepts,6420,
61093513,Van Kempen Holding B.V.,2018,Q-Concepts,6420,
61093513,Van Kempen Holding B.V.,2019,Q-Concepts,6420,
61093513,Van Kempen Holding B.V.,2020,Q-Concepts,6420,
11025995,Van Kempen Koudetechniek B.V.,2017,Q-Concepts,33221,
11025995,Van Kempen Koudetechniek B.V.,2018,Q-Concepts,33200,
11025995,Van Kempen Koudetechniek B.V.,2019,Q-Concepts,33200,
11025995,Van Kempen Koudetechniek B.V.,2020,Q-Concepts,33200,
11025995,Van Kempen Koudetechniek B.V.,2021,Q-Concepts,33200,
61133205,Van Loon Convenience B.V.,2023,Q-Concepts,64210,
17093692,Van Loon Group B.V.,2022,Q-Concepts,64210,
17093692,Van Loon Group B.V.,2023,Q-Concepts,64210,
17093692,Van Loon Group B.V.,2024,Q-Concepts,64210,
17093692,Van Loon Group B.V.,2025,Q-Concepts,64210,
18065735,Van Loon Retail & Foodservice B.V.,2019,Q-Concepts,47221,
18065735,Van Loon Retail & Foodservice B.V.,2020,Q-Concepts,47221,
18065735,Van Loon Retail & Foodservice B.V.,2021,Q-Concepts,47221,
18065735,Van Loon Retail & Foodservice B.V.,2023,Q-Concepts,47221,
18065735,Van Loon Retail & Foodservice B.V.,2024,Q-Concepts,47221,
17093691,Van Loon Son B.V.,2018,Q-Concepts,10130,
17093691,Van Loon Son B.V.,2019,Q-Concepts,10130,
17093691,Van Loon Son B.V.,2020,Q-Concepts,10130,
17093691,Van Loon Son B.V.,2021,Q-Concepts,10130,
17093691,Van Loon Son B.V.,2022,Q-Concepts,10130,
17093691,Van Loon Son B.V.,2023,Q-Concepts,10130,
18088987,Van Meel Holding B.V.,2023,Q-Concepts,64210,
18088987,Van Meel Holding B.V.,2024,Q-Concepts,64210,
17190241,Van Osch Onroerend Goed B.V.,2024,Q-Concepts,68120,
67016200,Van Tuyl Logistics,2019,Q-Concepts,64210,
18076957,van Uitert B & O B.V.,2022,Q-Concepts,68110,
18076957,van Uitert B & O B.V.,2023,Q-Concepts,68110,
18076957,van Uitert B & O B.V.,2024,Q-Concepts,68110,
18129193,Van Uitert B.V.,2022,Q-Concepts,28930,
18129193,Van Uitert B.V.,2023,Q-Concepts,28930,
18129193,Van Uitert B.V.,2024,Q-Concepts,28930,
72808462,Van Velzen Beheer B.V.,2018,Q-Concepts,64210,
24271670,Van Velzen Holding B.V.,2017,Q-Concepts,66191,
51760649,VANAD Contact Centers Nederland B.V.,2022,Q-Concepts,46500,
51760649,VANAD Contact Centers Nederland B.V.,2023,Q-Concepts,46500,
51760649,VANAD Contact Centers Nederland B.V.,2024,Q-Concepts,46500,
24389035,VANAD Group B.V.,2022,Q-Concepts,70102,
24389035,VANAD Group B.V.,2023,Q-Concepts,70102,
24389035,VANAD Group B.V.,2024,Q-Concepts,70102,
27060229,Vanka-Kawat Holding B.V.,2017,Q-Concepts,6420,
27060229,Vanka-Kawat Holding B.V.,2018,Q-Concepts,64210,
27060229,Vanka-Kawat Holding B.V.,2019,Q-Concepts,64210,
27060229,Vanka-Kawat Holding B.V.,2020,Q-Concepts,64210,
18018983,VAV divers,2023,Q-Concepts,46321,
18018983,VAV divers,2024,Q-Concepts,46321,
61632384,VDVI B.V.,2018,Q-Concepts,64210,
61632384,VDVI B.V.,2019,Q-Concepts,64210,
61632384,VDVI B.V.,2020,Q-Concepts,64210,
17278717,Vebas Holding B.V.,2021,Q-Concepts,64210,
17207687,VEGE Vastgoed B.V.,2019,Q-Concepts,46190,
65314697,Veloma Beheer B.V.,2019,Q-Concepts,,
28034667,VelopA B.V.,2017,Q-Concepts,46902,
28034667,VelopA B.V.,2018,Q-Concepts,46902,
28034667,VelopA B.V.,2020,Q-Concepts,46902,
28034667,VelopA B.V.,2023,Q-Concepts,46902,
28034667,VelopA B.V.,2024,Q-Concepts,46902,
18059530,Venhees B.V.,2022,Q-Concepts,43212,
18059530,Venhees B.V.,2023,Q-Concepts,43212,
18059530,Venhees B.V.,2024,Q-Concepts,43212,
27159582,Ventil B.V.,2017,Q-Concepts,6420,
27159582,Ventil B.V.,2018,Q-Concepts,64210,
27159582,Ventil B.V.,2019,Q-Concepts,64210,
27159582,Ventil B.V.,2020,Q-Concepts,64210,
27159582,Ventil B.V.,2022,Q-Concepts,64210,
27159582,Ventil B.V.,2023,Q-Concepts,64210,
27159582,Ventil B.V.,2024,Q-Concepts,64210,
27140421,Ventil Test Equipment B.V.,2017,Q-Concepts,46695,
27140421,Ventil Test Equipment B.V.,2019,Q-Concepts,46645,
27140421,Ventil Test Equipment B.V.,2023,Q-Concepts,46645,
14126392,Vereniging United World College Maastricht in coöperatief verband met uitsluiting van aansprakelijkheid (U.A.),2017,Q-Concepts,8560,
14126392,Vereniging United World College Maastricht in coöperatief verband met uitsluiting van aansprakelijkheid (U.A.),2019,Q-Concepts,85690,
14126392,Vereniging United World College Maastricht in coöperatief verband met uitsluiting van aansprakelijkheid (U.A.),2021,Q-Concepts,85690,
14126392,Vereniging United World College Maastricht in coöperatief verband met uitsluiting van aansprakelijkheid (U.A.),2024,Q-Concepts,85690,
14042302,Verhey Vlees,2020,Q-Concepts,10110,
14042302,Verhey Vlees,2021,Q-Concepts,10110,
14042302,Verhey Vlees,2022,Q-Concepts,10110,
14042302,Verhey Vlees,2023,Q-Concepts,10110,
14042302,Verhey Vlees,2024,Q-Concepts,10110,
14033308,Verhey Vlees Excellent B.V.,2020,Q-Concepts,,
17078716,Verhoeven International B.V.,2021,Q-Concepts,64210,
17078716,Verhoeven International B.V.,2022,Q-Concepts,64210,
81134797,Verhoeven International B.V.,2024,Q-Concepts,70102,
17078716,Verhoeven International B.V.,2025,Q-Concepts,64210,
17078717,Verhoeven Nederland B.V.,2021,Q-Concepts,46610,
17078717,Verhoeven Nederland B.V.,2022,Q-Concepts,46610,
17078717,Verhoeven Nederland B.V.,2023,Q-Concepts,46610,
17078717,Verhoeven Nederland B.V.,2024,Q-Concepts,46610,
30055754,Vermeerplein Groep B.V.,2017,Q-Concepts,70102,
30063196,Vertex-Dental B.V.,2022,Q-Concepts,32502,
53666380,VHB Groep B.V.,2023,Q-Concepts,66300,
53666380,VHB Groep B.V.,2024,Q-Concepts,66300,
09054320,Video Bouw,2024,Q-Concepts,47403,
09092309,Vihamij Handel B.V.,2017,Q-Concepts,46739,
09092309,Vihamij Handel B.V.,2018,Q-Concepts,46839,
09092309,Vihamij Handel B.V.,2019,Q-Concepts,46839,
09092309,Vihamij Handel B.V.,2020,Q-Concepts,46839,
09092309,Vihamij Handel B.V.,2022,Q-Concepts,46839,
81690282,Vijf B.V.,2024,Q-Concepts,88102,
24399629,Visser & Visser Accountants B.V.,2023,Q-Concepts,69201,
24399629,Visser & Visser Accountants B.V.,2024,Q-Concepts,69201,
24399629,Visser & Visser Accountants B.V.,2025,Q-Concepts,69201,
81470487,Vitrite Middelburg B.V.,2021,Q-Concepts,,
18122211,VMG Versteeg Metaal Groep B.V.,2021,Q-Concepts,25110,
18122211,VMG Versteeg Metaal Groep B.V.,2022,Q-Concepts,25110,
87729695,Volharding Group B.V.,2023,Q-Concepts,64210,
84840102,Volharding Tankrederij B.V.,2022,Q-Concepts,50402,
34223645,Vos Supermarkten Holding B.V.,2023,Q-Concepts,64210,
30055754,VpG Techniek B.V.,2018,Q-Concepts,70102,
30055754,VpG Techniek B.V.,2019,Q-Concepts,70102,
30055754,VpG Techniek B.V.,2020,Q-Concepts,70102,
30055754,VpG Techniek B.V.,2021,Q-Concepts,70102,
30055754,VpG Techniek B.V.,2022,Q-Concepts,70102,
30055754,VpG Techniek B.V.,2023,Q-Concepts,70102,
30055754,VpG Techniek B.V.,2024,Q-Concepts,70102,
13040313,Vriens Stuifzand Groep B.V.,2017,Q-Concepts,6420,
13040313,Vriens Stuifzand Groep B.V.,2018,Q-Concepts,64210,
13040313,Vriens Stuifzand Groep B.V.,2019,Q-Concepts,64210,
13040313,Vriens Stuifzand Groep B.V.,2020,Q-Concepts,64210,
13040313,Vriens Stuifzand Groep B.V.,2021,Q-Concepts,64210,
34148493,W.J. Schopman Holding B.V.,2019,Q-Concepts,64210,
34148493,W.J. Schopman Holding B.V.,2020,Q-Concepts,64210,
34148493,W.J. Schopman Holding B.V.,2021,Q-Concepts,64210,
34148493,W.J. Schopman Holding B.V.,2022,Q-Concepts,64210,
34148493,W.J. Schopman Holding B.V.,2024,Q-Concepts,64210,
30030293,Weijmens SW B.V.,2020,Q-Concepts,43340,
30195740,Wellbee,2022,Q-Concepts,62100,
30195740,Wellbee,2023,Q-Concepts,62100,
30195740,Wellbee,2024,Q-Concepts,62100,
60490330,West Inn Groep B.V.,2020,Q-Concepts,,
34363840,Westergracht Supermarkten B.V.,2024,Q-Concepts,47110,
66576881,Westron B.V.,2017,Q-concepts,6831,
66576881,Westron B.V.,2019,Q-Concepts,6831,
74297511,WHPH B.V.,2023,Q-Concepts,64210,
83268820,Wickey Holding B.V.,2022,Q-Concepts,64210,
83268820,Wickey Holding B.V.,2023,Q-Concepts,64210,
83268820,Wickey Holding B.V.,2024,Q-Concepts,64210,
17233724,Willem Hofmans Holding B.V.,2023,Q-Concepts,64210,
17233724,Willem Hofmans Holding B.V.,2024,Q-Concepts,64210,
55924026,Wocozon B.V.,2020,Q-Concepts,46642,
14615881,Wonen Meerssen,2018,Q-Concepts,68201,
14615881,Wonen Meerssen,2019,Q-Concepts,68201,
14615881,Wonen Meerssen,2020,Q-Concepts,68201,
14615881,Wonen Meerssen,2022,Q-Concepts,68201,
14615881,Wonen Meerssen,2023,Q-Concepts,68201,
14615881,Wonen Meerssen,2024,Q-Concepts,68201,
14614645,Wonen Wittem,2020,Q-Concepts,68201,
14614645,Wonen Wittem,2022,Q-Concepts,68201,
14614645,Wonen Wittem,2023,Q-Concepts,68201,
14614645,Wonen Wittem,2024,Q-Concepts,68201,
14614645,Wonen Wittem,2025,Q-Concepts,68201,
29012915,"Woningbouwstichting ""Samenwerking""",2018,Q-Concepts,,
29012915,"Woningbouwstichting ""Samenwerking""",2020,Q-Concepts,,
29012915,Woningbouwstichting 'Samenwerking',2017,Q-Concepts,68201,
27070397,"Woningbouwvereniging ""St. Willibrordus""",2019,Q-Concepts,68201,
27070397,"Woningbouwvereniging ""St. Willibrordus""",2020,Q-Concepts,68201,
27070397,"Woningbouwvereniging ""St. Willibrordus""",2021,Q-Concepts,68201,
27070397,"Woningbouwvereniging ""St. Willibrordus""",2022,Q-Concepts,68201,
09056282,Woningbouwvereniging Gelderland,2018,Q-Concepts,68201,
09056282,Woningbouwvereniging Gelderland,2019,Q-Concepts,68201,
09056282,Woningbouwvereniging Gelderland,2020,Q-Concepts,68201,
09056282,Woningbouwvereniging Gelderland,2021,Q-Concepts,68201,
09056282,Woningbouwvereniging Gelderland,2022,Q-Concepts,68201,
09056282,Woningbouwvereniging Gelderland,2023,Q-Concepts,68201,
24108268,Woningbouwvereniging Hoek van Holland,2021,Q-Concepts,68201,
24108268,Woningbouwvereniging Hoek van Holland,2022,Q-Concepts,68201,
24108268,Woningbouwvereniging Hoek van Holland,2023,Q-Concepts,68201,
24108268,Woningbouwvereniging Hoek van Holland,2024,Q-Concepts,68201,
30039074,Woningstichting 'Wuta' (Wacht uw tijd af),2017,Q-Concepts,68201,
14614618,Woningstichting Berg en Terblijt,2019,Q-Concepts,68201,
14614618,Woningstichting Berg en Terblijt,2020,Q-Concepts,68201,
14614618,Woningstichting Berg en Terblijt,2021,Q-Concepts,68201,
14614618,Woningstichting Berg en Terblijt,2022,Q-Concepts,68201,
14614618,Woningstichting Berg en Terblijt,2023,Q-Concepts,68201,
14614618,Woningstichting Berg en Terblijt,2024,Q-Concepts,68201,
17024195,Woningstichting Helpt Elkander,2019,Q-Concepts,68201,
17024195,Woningstichting Helpt Elkander,2020,Q-Concepts,68201,
17024195,Woningstichting Helpt Elkander,2022,Q-Concepts,68201,
17024195,Woningstichting Helpt Elkander,2023,Q-Concepts,68201,
17024195,Woningstichting Helpt Elkander,2024,Q-Concepts,68201,
30039251,Woningstichting Kockengen,2017,Q-Concepts,68201,
30039251,Woningstichting Kockengen,2018,Q-Concepts,,
11013536,Woningstichting Maasdriel,2020,Q-Concepts,68201,
11013536,Woningstichting Maasdriel,2021,Q-Concepts,68201,
11013536,Woningstichting Maasdriel,2022,Q-Concepts,68201,
11013536,Woningstichting Maasdriel,2023,Q-Concepts,68201,
11013536,Woningstichting Maasdriel,2024,Q-Concepts,68201,
11013536,Woningstichting Maasdriel,2025,Q-Concepts,68201,
14614794,Woningstichting Maasvallei Maastricht,2023,Q-Concepts,68201,
14614794,Woningstichting Maasvallei Maastricht,2025,Q-Concepts,68201,
41042105,Woningstichting Nijkerk,2019,Q-Concepts,68201,
41042105,Woningstichting Nijkerk,2020,Q-Concepts,68201,
41042105,Woningstichting Nijkerk,2021,Q-Concepts,68201,
41042105,Woningstichting Nijkerk,2022,Q-Concepts,68201,
41042105,Woningstichting Nijkerk,2023,Q-Concepts,68201,
08013464,Woningstichting Putten,2024,Q-Concepts,68201,
08013464,Woningstichting Putten,2025,Q-Concepts,68201,
14021409,Woningstichting Simpelveld,2018,Q-Concepts,68201,
14021409,Woningstichting Simpelveld,2019,Q-Concepts,,
14021409,Woningstichting Simpelveld,2020,Q-Concepts,,
14021204,Woningstichting Vanhier Wonen,2020,Q-Concepts,68201,
14021204,Woningstichting Vanhier Wonen,2022,Q-Concepts,68201,
14021204,Woningstichting Vanhier Wonen,2023,Q-Concepts,68201,
14021204,Woningstichting Vanhier Wonen,2024,Q-Concepts,68201,
14021204,Woningstichting Vanhier Wonen,2025,Q-Concepts,68201,
18113959,Woningstichting Woonvizier,2020,Q-Concepts,68201,
18113959,Woningstichting Woonvizier,2021,Q-Concepts,68201,
18113959,Woningstichting Woonvizier,2022,Q-Concepts,68201,
18113959,Woningstichting Woonvizier,2023,Q-Concepts,68201,
18113959,Woningstichting Woonvizier,2024,Q-Concepts,68201,
18113959,Woningstichting Woonvizier,2025,Q-Concepts,68201,
13011861,Woningvereniging St. Joseph,2018,Q-Concepts,,
13011861,Woningvereniging St. Joseph,2019,Q-Concepts,,
13021011,Woonik,2019,Q-Concepts,68201,
13021011,Woonik,2022,Q-Concepts,68201,
13021011,Woonik,2023,Q-Concepts,68201,
13021011,Woonik,2024,Q-Concepts,68201,
13021011,Woonik,2025,Q-Concepts,68201,
18115616,Woonstichting Land van Altena,2023,Q-Concepts,68201,
18115616,Woonstichting Land van Altena,2024,Q-Concepts,68201,
18115616,Woonstichting Land van Altena,2025,Q-Concepts,68201,
17024189,Woonstichting Volksbelang Helmond,2020,Q-Concepts,68201,
17024189,Woonstichting Volksbelang Helmond,2021,Q-Concepts,68201,
17024189,Woonstichting Volksbelang Helmond,2022,Q-Concepts,68201,
17024189,Woonstichting Volksbelang Helmond,2023,Q-Concepts,68201,
17024189,Woonstichting Volksbelang Helmond,2024,Q-Concepts,68201,
41247103,Woonzorg Flevoland,2024,Q-Concepts,87302,
41247103,Woonzorg Flevoland,2025,Q-Concepts,87302,
24355823,Workrate B.V.,2020,Q-Concepts,80010,
24355823,Workrate B.V.,2021,Q-Concepts,80010,
24355823,Workrate B.V.,2022,Q-Concepts,80010,
83432353,Workrate HIOA Holdings B.V.,2021,Q-Concepts,64210,
83432353,Workrate HIOA Holdings B.V.,2022,Q-Concepts,64210,
24423146,Workrate Holding B.V.,2018,Q Concepts,64210,
24423146,Workrate Holding B.V.,2019,Q-Concepts,64210,
24423146,Workrate Holding B.V.,2020,Q-Concepts,64210,
24423146,Workrate Holding B.V.,2022,Q-Concepts,64210,
33166570,Workrate Services B.V.,2022,Q-Concepts,80010,
27182972,WS Audiology Benelux,2021,Q-Concepts,26400,
27182972,WS Audiology Benelux,2022,Q-concepts,26400,
27182972,WS Audiology Benelux,2024,Q-Concepts,26400,
27182972,WS Audiology Benelux,2025,Q-Concepts,26400,
30039074,Wuta,2018,Q-Concepts,68201,
30039074,Wuta,2019,Q-Concepts,68201,
30039074,Wuta,2020,Q-Concepts,68201,
30039074,Wuta,2022,Q-Concepts,68201,
30039074,Wuta,2023,Q-Concepts,68201,
30039074,Wuta,2024,Q-Concepts,68201,
41074124,WZC Bunderhof/Thuiszorg Vivantes,2023,Q-Concepts,87302,
41074124,WZC Bunderhof/Thuiszorg Vivantes,2025,Q-Concepts,87302,
09065054,X M Holding B.V.,2020,Q-Concepts,64210,
14634528,Yalo B.V.,2022,Q-Concepts,47716,
51358360,Yellow Step Solar B.V.,2018,Q-Concepts,4652,
51358360,Yellow Step Solar B.V.,2019,Q-Concepts,46500,
51358360,Yellow Step Solar B.V.,2020,Q-Concepts,46500,
51358360,Yellow Step Solar B.V.,2021,Q-Concepts,46500,
69085501,YOEP J&O NH B.V.,2023,Q-Concepts,86930,
69085501,YOEP J&O NH B.V.,2024,Q-Concepts,86930,
69085501,YOEP J&O NH B.V.,2025,Q-Concepts,86930,
60219890,YOEP Jeugd & Gezin B.V.,2025,Q-Concepts,85599,
75112477,Yoin Holding B.V.,2020,Q-Concepts,61100,
75112477,Yoin Holding B.V.,2021,Q-Concepts,61100,
75112477,Yoin Holding B.V.,2022,Q-Concepts,61100,
75112477,Yoin Holding B.V.,2023,Q-Concepts,61100,
50946846,Youfone Nederland B.V.,2020,Q-Concepts,61900,
50946846,Youfone Nederland B.V.,2021,Q-Concepts,61900,
50946846,Youfone Nederland B.V.,2022,Q-Concepts,61900,
50946846,Youfone Nederland B.V.,2024,Q-Concepts,61900,
30183509,Zandbergen Services B.V.,2017,Q-Concepts,4632,
30183509,Zandbergen Services B.V.,2018,Q-Concepts,70102,
30183509,Zandbergen Services B.V.,2019,Q-Concepts,70102,
30183509,Zandbergen Services B.V.,2020,Q-Concepts,70102,
30183509,Zandbergen Services B.V.,2021,Q-Concepts,70102,
30183509,Zandbergen Services B.V.,2022,Q-Concepts,70102,
30183509,Zandbergen Services B.V.,2023,Q-Concepts,70102,
30183509,Zandbergen Services B.V.,2024,Q-Concepts,70102,
30183509,Zandbergen Services B.V.,2025,Q-Concepts,70102,
90897579,Zavier B.V.,2024,Q-Concepts,87302,
82575185,Zepp Netherlands Trading B.V.,2023,Q-Concepts,46500,
34341360,ZIGT Mediabureau Holding B.V.,2023,Q-Concepts,70201,
34341360,ZIGT Mediabureau Holding B.V.,2024,Q-Concepts,70201,
67714080,Zintri Home 4 You B.V.,2020,Q-Concepts,87202,
67714080,Zintri Home 4 You B.V.,2021,Q-Concepts,87202,
67714080,Zintri Home 4 You B.V.,2023,Q-Concepts,87202,
67360939,Zintri Zorggroep B.V.,2019,Q-Concepts,86222,
67360939,Zintri Zorggroep B.V.,2020,Q-Concepts,86222,
67360939,Zintri Zorggroep B.V.,2021,Q-Concepts,86222,
67360939,Zintri Zorggroep B.V.,2022,Q-Concepts,86222,
67360939,Zintri Zorggroep B.V.,2023,Q-Concepts,86222,
67360939,Zintri Zorggroep B.V.,2024,Q-Concepts,86222,
17280199,ZINTRI Zorggroep Nederland B.V.,2019,Q-Concepts,86104,
17280199,ZINTRI Zorggroep Nederland B.V.,2020,Q-Concepts,86104,
17280199,ZINTRI Zorggroep Nederland B.V.,2021,Q-Concepts,86104,
17280199,ZINTRI Zorggroep Nederland B.V.,2022,Q-Concepts,86104,
17280199,ZINTRI Zorggroep Nederland B.V.,2023,Q-Concepts,86104,
17280199,ZINTRI Zorggroep Nederland B.V.,2024,Q-Concepts,86104,
74189913,ZoHealthy Care B.V.,2024,Q-Concepts,86999,
41055655,Zorgcentrum Huize Rosa,2019,Q-Concepts,87100,
41055655,Zorgcentrum Huize Rosa,2020,Q-Concepts,87100,
41055655,Zorgcentrum Huize Rosa,2021,Q-Concepts,87100,
41055655,Zorgcentrum Huize Rosa,2022,Q-Concepts,87100,
41055655,Zorgcentrum Huize Rosa,2023,Q-Concepts,87100,
41055655,Zorgcentrum Huize Rosa,2025,Q-Concepts,87100,
41090962,Zorgcentrum Kempenhof,2024,Q-Concepts,87302,
41090962,Zorgcentrum Kempenhof,2025,Q-Concepts,87302,
59520213,Zorggroep 't Zicht B.V.,2017,Q-Concepts,86929,
59520213,Zorggroep 't Zicht B.V.,2018,Q-Concepts,86929,
59520213,Zorggroep 't Zicht B.V.,2019,Q-Concepts,,
59520213,Zorggroep 't Zicht B.V.,2020,Q-Concepts,,
59520213,Zorggroep 't Zicht B.V.,2021,Q-Concepts,,
20140684,Zorggroep Regio Oosterhout en Omstreken Huisartsenpost B.V.,2024,Q-Concepts,86210,
20140684,Zorggroep Regio Oosterhout en Omstreken Huisartsenpost B.V.,2025,Q-Concepts,86210,
70457042,Zorggroep Regio Oosterhout en Omstreken Zorg en Welzijn B.V.,2021,Q-Concepts,86999,
70457042,Zorggroep Regio Oosterhout en Omstreken Zorg en Welzijn B.V.,2022,Q-Concepts,86999,
70457042,Zorggroep Regio Oosterhout en Omstreken Zorg en Welzijn B.V.,2023,Q-Concepts,86999,
17190728,Zorgokee B.V.,2017,Q-Concepts,93299,
17190728,Zorgokee B.V.,2018,Q-Concepts,93299,
17190728,Zorgokee B.V.,2019,Q-Concepts,87202,
17190728,Zorgokee B.V.,2020,Q-Concepts,87202,
17190728,Zorgokee B.V.,2021,Q-Concepts,87202,
17190728,Zorgokee B.V.,2022,Q-Concepts,87202,
17190728,Zorgokee B.V.,2023,Q-Concepts,87202,
41098093,Zorgstichting 't Heem,2020,Q-Concepts,87100,
41098093,Zorgstichting 't Heem,2022,Q-Concepts,87100,
41098093,Zorgstichting 't Heem,2023,Q-Concepts,87100,
41098093,Zorgstichting 't Heem,2024,Q-Concepts,87100,
41098093,Zorgstichting 't Heem,2025,Q-Concepts,87100,
76924254,ZuidZorg Wijkzorg B.V.,2020,Q-Concepts,86942,
76924254,ZuidZorg Wijkzorg B.V.,2021,Q-Concepts,86942,
76924254,ZuidZorg Wijkzorg B.V.,2022,Q-Concepts,86942,
76924254,ZuidZorg Wijkzorg B.V.,2023,Q-Concepts,86942,
76924254,ZuidZorg Wijkzorg B.V.,2024,Q-Concepts,86942,
76924254,ZuidZorg Wijkzorg B.V.,2025,Q-Concepts,86942,
