kvk,naam,boekjaar,accountant
27117235,"""O.O.M."" Onderlinge Molestverzekering-Maatschappij U.A.",2020,BDO
27117235,"""O.O.M."" Onderlinge Molestverzekering-Maatschappij U.A.",2021,BDO
27117235,"""O.O.M."" Onderlinge Molestverzekering-Maatschappij U.A.",2023,BDO
27117235,"""O.O.M."" Onderlinge Molestverzekering-Maatschappij U.A.",2024,BDO
27175208,"""Stichting Aanvullingsfonds voor het Slagersbedrijf I"" (Sas I)",2020,BDO
41055319,"""Stichting LuciVer"", stichting voor welzijn, wonen en zorg.",2019,BDO
41055319,"""Stichting LuciVer"", stichting voor welzijn, wonen en zorg.",2021,BDO
41055319,"""Stichting LuciVer"", stichting voor welzijn, wonen en zorg.",2022,BDO
41055319,"""Stichting LuciVer"", stichting voor welzijn, wonen en zorg.",2023,BDO
41055319,"""Stichting LuciVer"", stichting voor welzijn, wonen en zorg.",2024,BDO
20131005,'t Hoogsael B.V.,2017,BDO
20131005,'t Hoogsael B.V.,2018,BDO
20131005,'t Hoogsael B.V.,2019,BDO
20131005,'t Hoogsael B.V.,2020,BDO
20131005,'t Hoogsael B.V.,2023,BDO
20131005,'t Hoogsael B.V.,2024,BDO
51768666,1888 Coöperatief U.A.,2022,BDO
51768666,1888 Coöperatief U.A.,2023,BDO
09163645,247TailorSteel B.V.,2019,BDO
09163645,247TailorSteel B.V.,2020,BDO
09163645,247TailorSteel B.V.,2021,BDO
09109448,2ADvance B.V.,2018,BDO
09109448,2ADvance B.V.,2019,BDO
53623673,2Live,2019,BDO
53623673,2Live,2020,BDO
53623673,2Live,2021,BDO
53623673,2Live,2022,BDO
53623673,2Live,2024,BDO
50321609,2theloo holding B.V.,2017,BDO
50321609,2theloo holding B.V.,2018,BDO
50321609,2theloo holding B.V.,2019,BDO
50321609,2theloo holding B.V.,2020,BDO
50321609,2theloo holding B.V.,2022,BDO
50321609,2theloo holding B.V.,2023,BDO
50321609,2theloo holding B.V.,2024,BDO
27212938,3B-Wonen,2018,BDO
63957590,75 dB B.V.,2018,BDO
63957590,75 dB B.V.,2019,BDO
63957590,75 dB B.V.,2020,BDO
34237387,76dB B.V.,2018,BDO
34237387,76dB B.V.,2020,BDO
75451778,9altitudes,2022,BDO
75451778,9altitudes,2023,BDO
75451778,9altitudes,2024,BDO
30255117,A-Lanes A15 B.V.,2022,BDO
51225085,A-Lanes A15 Holding B.V.,2021,BDO
51225085,A-Lanes A15 Holding B.V.,2023,BDO
30194102,A-Mac B.V.,2017,BDO
30194102,A-Mac B.V.,2018,BDO
30194102,A-Mac B.V.,2019,BDO
30194102,A-Mac B.V.,2020,BDO
30194102,A-Mac B.V.,2021,BDO
30194102,A-Mac B.V.,2022,BDO
30194102,A-Mac B.V.,2023,BDO
30194102,A-Mac B.V.,2025,BDO
28025092,A. Heemskerk,2018,BDO
28025092,A. Heemskerk,2019,BDO
28025092,A. Heemskerk,2020,BDO
28025092,A. Heemskerk,2022,BDO
28025092,A. Heemskerk,2023,BDO
28025092,A. Heemskerk,2024,BDO
28025092,A. Heemskerk,2025,BDO
20057323,A.A.M. Pemen Holding B.V.,2018,BDO
20057323,A.A.M. Pemen Holding B.V.,2019,BDO
20057323,A.A.M. Pemen Holding B.V.,2020,BDO
33279525,A.T. Kearney B.V.,2022,BDO
69815305,A.Z. Holding B.V.,2018,BDO
69815305,A.Z. Holding B.V.,2019,BDO
69815305,A.Z. Holding B.V.,2020,BDO
69815305,A.Z. Holding B.V.,2021,BDO
69815305,A.Z. Holding B.V.,2023,BDO
69815305,A.Z. Holding B.V.,2024,BDO
69815305,A.Z. Holding B.V.,2025,BDO
41238026,A.Z. N.V.,2017,BDO
41238026,A.Z. N.V.,2018,BDO
41238026,A.Z. N.V.,2019,BDO
41238026,A.Z. N.V.,2020,BDO
41238026,A.Z. N.V.,2021,BDO
41238026,A.Z. N.V.,2025,BDO
09046256,aaff Accountants en Advies,2021,BDO
09046256,aaff Accountants en Advies,2022,BDO
09046256,aaff Accountants en Advies,2023,BDO
09046256,aaff Accountants en Advies,2024,BDO
92474039,aaff B.V.,2024,BDO
16064062,AAG B.V.,2018,BDO
16064062,AAG B.V.,2019,BDO
16064062,AAG B.V.,2020,BDO
16064062,AAG B.V.,2021,BDO
16064062,AAG B.V.,2022,BDO
16064062,AAG B.V.,2023,BDO
16064062,AAG B.V.,2024,BDO
16066333,Aag Beheer B.V.,2018,BDO
16066333,Aag Beheer B.V.,2019,BDO
16066333,Aag Beheer B.V.,2020,BDO
16066333,Aag Beheer B.V.,2021,BDO
16066333,Aag Beheer B.V.,2022,BDO
16066333,Aag Beheer B.V.,2023,BDO
16066333,Aag Beheer B.V.,2024,BDO
16066333,Aag Beheer B.V.,2025,BDO
36008595,Aannemingsbedrijf Kuin,2018,BDO
36008595,Aannemingsbedrijf Kuin,2020,BDO
36008595,Aannemingsbedrijf Kuin,2021,BDO
36008595,Aannemingsbedrijf Kuin,2022,BDO
36008595,Aannemingsbedrijf Kuin,2023,BDO
08070459,Aarding Thermal Acoustics B.V.,2017,BDO
08070459,Aarding Thermal Acoustics B.V.,2018,BDO
08070459,Aarding Thermal Acoustics B.V.,2019,BDO
08070459,Aarding Thermal Acoustics B.V.,2020,BDO
69199396,AB Shipping Holding B.V.,2019,BDO
69199396,AB Shipping Holding B.V.,2020,BDO
69199396,AB Shipping Holding B.V.,2021,BDO
69199396,AB Shipping Holding B.V.,2022,BDO
69199396,AB Shipping Holding B.V.,2023,BDO
69199396,AB Shipping Holding B.V.,2024,BDO
65725239,AB&C Groep B.V.,2021,BDO
65725239,AB&C Groep B.V.,2022,BDO
65725239,AB&C Groep B.V.,2023,BDO
65725239,AB&C Groep B.V.,2024,BDO
34148942,Aberdare Holding Europe B.V.,2018,BDO
34148942,Aberdare Holding Europe B.V.,2019,BDO
34148942,Aberdare Holding Europe B.V.,2020,BDO
20099913,ABF,2018,BDO
20099913,ABF,2019,BDO
20099913,ABF,2020,BDO
20099913,ABF,2021,BDO
20099913,ABF,2022,BDO
20099913,ABF,2023,BDO
09110804,ABT B.V.,2020,BDO
24197331,AC Analytical Controls B.V.,2017,BDO
24197331,AC Analytical Controls B.V.,2018,BDO
32043348,Accord Uitzendbureau,2018,BDO
32043348,Accord Uitzendbureau B.V.,2017,BDO
24183358,Ace Innovation Holding B.V.,2023,BDO
24183358,Ace Innovation Holding B.V.,2024,BDO
24183358,Ace Innovation Holding B.V.,2025,BDO
34152781,Aceto (Holding) B.V.,2017,BDO
13030600,Achrimar Management B.V.,2017,BDO
16000237,Acket Beheer B.V.,2018,BDO
16000237,Acket Beheer B.V.,2019,BDO
16000237,Acket Beheer B.V.,2020,BDO
16000237,Acket Beheer B.V.,2021,BDO
16000237,Acket Beheer B.V.,2022,BDO
16000237,Acket Beheer B.V.,2024,BDO
16061013,Acket Drukkerij- Kartonnage B.V.,2017,BDO
16061013,Acket Drukkerij- Kartonnage B.V.,2018,BDO
16061013,Acket Drukkerij- Kartonnage B.V.,2019,BDO
16061013,Acket Drukkerij- Kartonnage B.V.,2020,BDO
16061013,Acket Drukkerij- Kartonnage B.V.,2022,BDO
16061013,Acket Drukkerij- Kartonnage B.V.,2024,BDO
27336523,ACT Commodities B.V.,2017,BDO
27336523,ACT Commodities B.V.,2018,BDO
53845900,ACT Commodities Group B.V.,2018,BDO
68344864,ACT Financial Solutions B.V.,2018,BDO
68244428,ACT FS Holding B.V.,2018,BDO
01080154,Acta Marine B.V.,2017,BDO
01056345,Acta Marine Holding B.V.,2019,BDO
01056345,Acta Marine Holding B.V.,2020,BDO
01056345,Acta Marine Holding B.V.,2022,BDO
01056345,Acta Marine Holding B.V.,2023,BDO
01056345,Acta Marine Holding B.V.,2024,BDO
62966634,Acta Marine Offshore Services B.V.,2022,BDO
62966634,Acta Marine Offshore Services B.V.,2024,BDO
27278583,Actief Plus B.V.,2017,BDO
27278583,Actief Plus B.V.,2018,BDO
27278583,Actief Plus B.V.,2021,BDO
02058479,Actief Techniek,2018,BDO
62316877,Actief Techniek Holding,2018,BDO
30216479,ActiZ,2018,BDO
30216479,ActiZ,2024,BDO
24150286,ADDASTA Holding B.V.,2017,BDO
24150286,ADDASTA Holding B.V.,2018,BDO
24150286,ADDASTA Holding B.V.,2019,BDO
30212925,Adecco International Financial Services B.V.,2018,BDO
30212925,Adecco International Financial Services B.V.,2019,BDO
30212925,Adecco International Financial Services B.V.,2020,BDO
30212925,Adecco International Financial Services B.V.,2021,BDO
30212925,Adecco International Financial Services B.V.,2022,BDO
30212925,Adecco International Financial Services B.V.,2023,BDO
30212925,Adecco International Financial Services B.V.,2024,BDO
28069751,Adh Lieftink Beheer B.V.,2017,BDO
28069751,Adh Lieftink Beheer B.V.,2018,BDO
28069751,Adh Lieftink Beheer B.V.,2019,BDO
09066018,Admidex B.V.,2018,BDO
09066018,Admidex B.V.,2019,BDO
09066018,Admidex B.V.,2020,BDO
09066018,Admidex B.V.,2021,BDO
09066018,Admidex B.V.,2022,BDO
34042313,Adomex International B.V.,2017,BDO
34042313,Adomex International B.V.,2018,BDO
29024823,Adriaan van Erk Bouw B.V.,2017,BDO
29024823,Adriaan van Erk Bouw B.V.,2018,BDO
29024823,Adriaan van Erk Bouw B.V.,2020,BDO
29045878,Adriaan van Erk Groep B.V.,2018,BDO
29045878,Adriaan van Erk Groep B.V.,2019,BDO
29045878,Adriaan van Erk Groep B.V.,2020,BDO
29045878,Adriaan van Erk Groep B.V.,2021,BDO
29042340,Adriaan van Erk Ontwikkeling B.V.,2018,BDO
29042340,Adriaan van Erk Ontwikkeling B.V.,2020,BDO
29024822,Adriaan van Erk Timmerfabriek B.V.,2018,BDO
29024822,Adriaan van Erk Timmerfabriek B.V.,2020,BDO
36034864,Advanced Industries Packaging,2018,BDO
36034864,Advanced Industries Packaging,2019,BDO
36034864,Advanced Industries Packaging,2020,BDO
68218737,Advanced Safety Technologies B.V.,2017,BDO
06086223,Advanced Travel Partners Nederland B.V.,2019,BDO
06086223,Advanced Travel Partners Nederland B.V.,2020,BDO
06086223,Advanced Travel Partners Nederland B.V.,2021,BDO
06086223,Advanced Travel Partners Nederland B.V.,2023,BDO
06086223,Advanced Travel Partners Nederland B.V.,2024,BDO
34276400,Advanced World Transport B.V.,2017,BDO
34368707,Advidi,2017,BDO
34368707,Advidi,2018,BDO
34368707,Advidi,2019,BDO
34368707,Advidi,2020,BDO
12034468,Adviesgroep Peutz en Associes B.V.,2017,BDO
28080998,Advion B.V.,2020,BDO
27307478,Advion Holding B.V.,2020,BDO
27307478,Advion Holding B.V.,2021,BDO
40478218,Aedes vereniging van woningcorporaties,2018,BDO
40478218,Aedes vereniging van woningcorporaties,2019,BDO
40478218,Aedes vereniging van woningcorporaties,2020,BDO
40478218,Aedes vereniging van woningcorporaties,2021,BDO
40478218,Aedes vereniging van woningcorporaties,2022,BDO
40478218,Aedes vereniging van woningcorporaties,2023,BDO
40478218,Aedes vereniging van woningcorporaties,2024,BDO
34213138,Aegir Partners B.V.,2018,BDO
34213138,Aegir Partners B.V.,2020,BDO
34213138,Aegir Partners B.V.,2021,BDO
34306378,Aegis Netherlands II B.V.,2019,BDO
84276797,AEIF2 NL Bidco B.V.,2022,BDO
84276797,AEIF2 NL Bidco B.V.,2023,BDO
84276797,AEIF2 NL Bidco B.V.,2024,BDO
24195611,AEP International B.V.,2017,BDO
24195611,AEP International B.V.,2019,BDO
24195611,AEP International B.V.,2020,BDO
24195611,AEP International B.V.,2023,BDO
24474614,Aethon Holding B.V.,2018,BDO
24474614,Aethon Holding B.V.,2019,BDO
68167938,Aethon Topco B.V.,2019,BDO
51886030,Aethon Zorgt B.V.,2019,BDO
34283812,AEVES B.V.,2021,BDO
34248498,Africatel Holdings B.V.,2020,BDO
34115690,Agilent Technologies Netherlands B.V.,2017,BDO
12006669,Agmi Traffic B.V.,2017,BDO
34149420,Agora Zaanstreek,2019,BDO
34149420,"Agora, Stichting voor Bijzonder Primair Onderwijs in de Zaanstreek",2018,BDO
37081383,Agriport Properties,2018,BDO
37081383,Agriport Properties,2019,BDO
24268586,Agro Fair Benelux B.V.,2017,BDO
24268586,Agro Fair Benelux B.V.,2019,BDO
24268586,Agro Fair Benelux B.V.,2020,BDO
24268586,Agro Fair Benelux B.V.,2022,BDO
30157476,Agro Fair Europe B.V.,2017,BDO
30157476,Agro Fair Europe B.V.,2018,BDO
30157476,Agro Fair Europe B.V.,2019,BDO
30157476,Agro Fair Europe B.V.,2020,BDO
30157476,Agro Fair Europe B.V.,2021,BDO
30157476,Agro Fair Europe B.V.,2022,BDO
30157476,Agro Fair Europe B.V.,2023,BDO
11029552,AgruniekRijnvallei Plant B.V.,2018,BDO
11029552,AgruniekRijnvallei Plant B.V.,2019,BDO
11029552,AgruniekRijnvallei Plant B.V.,2022,BDO
09147819,AgruniekRijnvallei Voer B.V.,2018,BDO
09147819,AgruniekRijnvallei Voer B.V.,2019,BDO
09147819,AgruniekRijnvallei Voer B.V.,2021,BDO
09147819,AgruniekRijnvallei Voer B.V.,2022,BDO
09147752,AgruniekRijnvallei Winkels B.V.,2018,BDO
09147752,AgruniekRijnvallei Winkels B.V.,2019,BDO
09147752,AgruniekRijnvallei Winkels B.V.,2020,BDO
09147752,AgruniekRijnvallei Winkels B.V.,2022,BDO
41207989,Aidsfonds,2021,BDO
41207989,Aidsfonds,2022,BDO
41207989,Aidsfonds,2023,BDO
41207989,Aidsfonds,2024,BDO
41207989,Aidsfonds,2025,BDO
24287844,AIO II B.V.,2017,BDO
24287844,AIO II B.V.,2018,BDO
34209311,Airflo B.V.,2019,BDO
55617530,Airopack B.V.,2018,BDO
55617530,Airopack B.V.,2019,BDO
63604620,AirPro Groep B.V.,2018,BDO
63604620,AirPro Groep B.V.,2019,BDO
63604620,AirPro Groep B.V.,2020,BDO
63604620,AirPro Groep B.V.,2022,BDO
24340519,AIS WSI Europe B.V.,2017,BDO
27336065,Aje Nigeria Holding B.V.,2023,BDO
27338594,Aje Services Holding B.V.,2023,BDO
18116088,Albert Heijn Made,2017,BDO
18116088,Albert Heijn Made,2019,BDO
27083910,Albert Nolten Schoenen B.V.,2017,BDO
27083910,Albert Nolten Schoenen B.V.,2018,BDO
37042002,Albert van Zoonen B.V.,2018,BDO
37042002,Albert van Zoonen B.V.,2019,BDO
37042002,Albert van Zoonen B.V.,2020,BDO
37042002,Albert van Zoonen B.V.,2021,BDO
37042002,Albert van Zoonen B.V.,2022,BDO
37042002,Albert van Zoonen B.V.,2023,BDO
37042002,Albert van Zoonen B.V.,2024,BDO
66378109,Alcomex Holding B.V.,2018,BDO
66378109,Alcomex Holding B.V.,2019,BDO
66378109,Alcomex Holding B.V.,2020,BDO
54380073,Alexander Monro Ziekenhuis B.V.,2022,BDO
09105681,Alfa Top-Holding B.V.,2021,BDO
09105681,Alfa Top-Holding B.V.,2022,BDO
09105681,Alfa Top-Holding B.V.,2023,BDO
59377453,Alkmaar Sport N.V.,2017,BDO
59377453,Alkmaar Sport N.V.,2018,BDO
59377453,Alkmaar Sport N.V.,2019,BDO
59377453,Alkmaar Sport N.V.,2020,BDO
59377453,Alkmaar Sport N.V.,2021,BDO
59377453,Alkmaar Sport N.V.,2022,BDO
24155648,Allianz Nederland Groep N.V.,2017,BDO
30082982,Allianz Nederland Levensverzekering N.V.,2017,BDO
08085412,Allinq Group B.V.,2023,BDO
08085412,Allinq Group B.V.,2024,BDO
08085412,Allinq Group B.V.,2025,BDO
06032903,"Almelose Woningstichting ""Beter Wonen""",2019,BDO
06032903,"Almelose Woningstichting ""Beter Wonen""",2020,BDO
06032903,"Almelose Woningstichting ""Beter Wonen""",2022,BDO
06032903,"Almelose Woningstichting ""Beter Wonen""",2023,BDO
06032903,Almelose Woningstichting 'Beter Wonen',2017,BDO
06032903,Almelose Woningstichting 'Beter Wonen',2018,BDO
24149082,Alphatron Holding B.V.,2017,BDO
24149082,Alphatron Holding B.V.,2019,BDO
24149082,Alphatron Holding B.V.,2020,BDO
24149082,Alphatron Holding B.V.,2022,BDO
24149082,Alphatron Holding B.V.,2023,BDO
24149082,Alphatron Holding B.V.,2024,BDO
24149082,Alphatron Holding B.V.,2025,BDO
52912663,Alphatron Medical Systems B.V.,2023,BDO
52912663,Alphatron Medical Systems B.V.,2024,BDO
14024391,Alrecrea Nederland B.V.,2022,BDO
14024391,Alrecrea Nederland B.V.,2023,BDO
30182868,ALT Technologies B.V.,2017,BDO
50164228,Altac Holding B.V.,2019,BDO
50164228,Altac Holding B.V.,2020,BDO
09189377,Alternapak Holding B.V. in liquidatie,2018,BDO
09189377,Alternapak Holding B.V. in liquidatie,2019,BDO
09189377,Alternapak Holding B.V. in liquidatie,2020,BDO
70483698,Altide,2020,BDO
70483698,Altide,2021,BDO
06043167,Aluforge Holding,2018,BDO
17114253,"Amacom, The Amazing Company B.V.",2017,BDO
17114253,"Amacom, The Amazing Company B.V.",2018,BDO
80543065,Amber (Epsilon) Bidco B.V.,2022,BDO
80543065,Amber (Epsilon) Bidco B.V.,2023,BDO
02081077,Ambulancezorg Groningen,2019,BDO
02081077,Ambulancezorg Groningen,2020,BDO
02081077,Ambulancezorg Groningen,2021,BDO
02081077,Ambulancezorg Groningen,2022,BDO
34109782,Amdocs B.V.,2018,BDO
34262139,American Hotel Exploitatie B.V.,2017,BDO
34262139,American Hotel Exploitatie B.V.,2019,BDO
34262139,American Hotel Exploitatie B.V.,2020,BDO
34262139,American Hotel Exploitatie B.V.,2022,BDO
34262139,American Hotel Exploitatie B.V.,2023,BDO
34316614,Ammar Holding Coöperatief U.A.,2018,BDO
60294167,AMO actieve opvang,2018,BDO
60294167,AMO actieve opvang,2019,BDO
60294167,AMO actieve opvang,2020,BDO
60294167,AMO actieve opvang,2021,BDO
60294167,AMO actieve opvang,2022,BDO
60294167,AMO actieve opvang B.V.,2017,BDO
58421939,Ampelmann Netherlands B.V.,2020,BDO
58421939,Ampelmann Netherlands B.V.,2021,BDO
58421939,Ampelmann Netherlands B.V.,2022,BDO
58421939,Ampelmann Netherlands B.V.,2023,BDO
58421939,Ampelmann Netherlands B.V.,2024,BDO
27340502,Ampelmann Operations B.V.,2020,BDO
27340502,Ampelmann Operations B.V.,2021,BDO
27340502,Ampelmann Operations B.V.,2022,BDO
27340502,Ampelmann Operations B.V.,2023,BDO
54601304,Ampelmann Services,2021,BDO
54601304,Ampelmann Services,2022,BDO
54601304,Ampelmann Services,2023,BDO
65256255,AMPERA Groep B.V.,2018,BDO
65256255,AMPERA Groep B.V.,2019,BDO
63218410,AMS Advanced Medical Supplements B.V.,2021,BDO
63218410,AMS Advanced Medical Supplements B.V.,2022,BDO
63218410,AMS Advanced Medical Supplements B.V.,2023,BDO
63218410,AMS Advanced Medical Supplements B.V.,2024,BDO
63218410,AMS Advanced Medical Supplements B.V.,2025,BDO
33223386,Amtrada Holding B.V.,2017,BDO
33223386,Amtrada Holding B.V.,2018,BDO
33223386,Amtrada Holding B.V.,2019,BDO
33223386,Amtrada Holding B.V.,2020,BDO
33223386,Amtrada Holding B.V.,2021,BDO
33223386,Amtrada Holding B.V.,2022,BDO
33223386,Amtrada Holding B.V.,2023,BDO
33223386,Amtrada Holding B.V.,2024,BDO
33223386,Amtrada Holding B.V.,2025,BDO
55645453,AMVAC Netherlands B.V.,2017,BDO
55645453,AMVAC Netherlands B.V.,2018,BDO
55645453,AMVAC Netherlands B.V.,2019,BDO
68883447,Analytics Holding B.V.,2019,BDO
33060401,Anamet Europe B.V.,2017,BDO
33060401,Anamet Europe B.V.,2018,BDO
33126976,Anamet Holland B.V.,2017,BDO
09144748,Andros Clinics,2019,BDO
09144748,Andros Clinics,2020,BDO
09144748,Andros Clinics,2021,BDO
09144748,Andros Clinics,2022,BDO
09144748,Andros Clinics,2023,BDO
09144748,Andros Clinics,2024,BDO
04016432,Animo B.V.,2017,BDO
04016432,Animo B.V.,2020,BDO
04016432,Animo B.V.,2022,BDO
04016432,Animo B.V.,2023,BDO
04016432,Animo B.V.,2024,BDO
02078166,Anker Insurance Company N.V.,2018,BDO
02078166,Anker Insurance Company N.V.,2019,BDO
02078166,Anker Insurance Company N.V.,2020,BDO
02078166,Anker Insurance Company N.V.,2021,BDO
02078166,Anker Insurance Company N.V.,2022,BDO
02078166,Anker Insurance Company N.V.,2023,BDO
02078166,Anker Insurance Company N.V.,2024,BDO
02078166,Anker Insurance Company N.V.,2025,BDO
02078166,Anker Verzekeringen N.V.,2017,BDO
02059959,Anker Verzekert B.V.,2018,BDO
27258035,annatommie - centra voor orthopedie - B.V.,2022,BDO
33129466,Anne Frank Stichting,2020,BDO
33129466,Anne Frank Stichting,2023,BDO
33129466,Anne Frank Stichting,2024,BDO
18123850,Anpado B.V.,2017,BDO
18123850,Anpado B.V.,2018,BDO
18123850,Anpado B.V.,2019,BDO
18123850,Anpado B.V.,2020,BDO
24272908,Ansaldo Thomassen B.V.,2017,BDO
27184339,Antea Satelliet III-1 B.V.,2017,BDO
29029231,Anthura,2019,BDO
29029231,Anthura,2020,BDO
29029231,Anthura,2021,BDO
29029231,Anthura,2022,BDO
29029231,Anthura,2023,BDO
29029231,Anthura,2024,BDO
29029231,Anthura B.V.,2017,BDO
29029231,Anthura B.V.,2018,BDO
29048203,Anthura Beheer B.V.,2018,BDO
29048203,Anthura Beheer B.V.,2019,BDO
29048203,Anthura Beheer B.V.,2020,BDO
29048203,Anthura Beheer B.V.,2021,BDO
29048203,Anthura Beheer B.V.,2022,BDO
29048203,Anthura Beheer B.V.,2023,BDO
29048203,Anthura Beheer B.V.,2024,BDO
29048203,Anthura Beheer B.V.,2025,BDO
27246543,Anthura International B.V.,2022,BDO
27246543,Anthura International B.V.,2024,BDO
08020529,Anthus B.V.,2018,BDO
09129243,Antonia,2020,BDO
09129243,Antonia,2021,BDO
09129243,Antonia,2022,BDO
09129243,Antonia,2023,BDO
09129243,Antonia,2024,BDO
09129243,Antonia,2025,BDO
24192999,APCOA Nederland,2018,BDO
24192999,APCOA Nederland,2020,BDO
24192999,APCOA Nederland,2023,BDO
24192999,APCOA Nederland,2024,BDO
24192999,APCOA Parking Nederland B.V.,2017,BDO
30184285,"Apotheek ""Plesmanlaan"" B.V.",2025,BDO
18122375,Apotheek Altena B.V.,2025,BDO
67343856,Apotheek Apeldoorn-Zuid B.V.,2024,BDO
01052149,Apotheek Bilgaard B.V.,2024,BDO
30012443,Apotheek Buijs,2024,BDO
04060630,Apotheek Emmerhout,2024,BDO
27147449,Apotheek Francken B.V.,2024,BDO
27147449,Apotheek Francken B.V.,2025,BDO
34334007,"Apotheek Koek, Schaeffer & Van Tijen B.V.",2025,BDO
20088770,Apotheek Kroeten,2024,BDO
28092399,Apotheek Rijnsoever B.V.,2025,BDO
28075783,Apotheek Sloothaak B.V.,2025,BDO
34071976,Apotheek Toolenburg B.V.,2024,BDO
51941228,Apotheek Ugchelen B.V.,2024,BDO
55279511,Apotheek Zuidlaren B.V.,2025,BDO
88794687,Apothekersgroep Hulst V.O.F.,2023,BDO
84933380,Apothekersgroep Nederrijn,2022,BDO
34336591,Ardena Amsterdam B.V.,2023,BDO
04032693,Ardena Bioanalysis B.V.,2019,BDO
04032693,Ardena Bioanalysis B.V.,2022,BDO
04032693,Ardena Bioanalysis B.V.,2023,BDO
76649407,Ardena Mint B.V.,2021,BDO
76649407,Ardena Mint B.V.,2022,BDO
52398552,Ardena Netherlands B.V.,2023,BDO
55049079,Ardena Oss B.V.,2019,BDO
55049079,Ardena Oss B.V.,2022,BDO
55049079,Ardena Oss B.V.,2023,BDO
24291725,ARDO B.V.,2020,BDO
57873062,Ares European CLO VI B.V.,2018,BDO
60666404,Ares European CLO VII B.V.,2018,BDO
66220610,Ares European CLO VIII B.V.,2018,BDO
08159263,Arkance Systems Netherlands,2024,BDO
02328563,Armstrong Building Products B.V.,2020,BDO
02328563,Armstrong Building Products B.V.,2021,BDO
34246542,ARN Auto Recycling Nederland B.V.,2018,BDO
34246542,ARN Auto Recycling Nederland B.V.,2019,BDO
34246542,ARN Auto Recycling Nederland B.V.,2020,BDO
34246542,ARN Auto Recycling Nederland B.V.,2021,BDO
34246542,ARN Auto Recycling Nederland B.V.,2022,BDO
34246542,ARN Holding B.V.,2017,BDO
34245542,ARN Recycling B.V.,2017,BDO
20061296,ArnoId & Siedsma Holding,2018,BDO
20061296,ArnoId & Siedsma Holding,2019,BDO
20061296,ArnoId & Siedsma Holding,2020,BDO
20061296,ArnoId & Siedsma Holding,2021,BDO
20061296,ArnoId & Siedsma Holding,2022,BDO
20061296,ArnoId & Siedsma Holding,2023,BDO
20061296,ArnoId & Siedsma Holding,2024,BDO
20060991,Arnold & Siedsma B.V.,2017,BDO
20060991,Arnold & Siedsma B.V.,2018,BDO
20060991,Arnold & Siedsma B.V.,2019,BDO
20060991,Arnold & Siedsma B.V.,2020,BDO
20060991,Arnold & Siedsma B.V.,2021,BDO
20060991,Arnold & Siedsma B.V.,2023,BDO
20060991,Arnold & Siedsma B.V.,2024,BDO
27168565,ARS Traffic & Transport Technology B.V.,2017,BDO
30046199,Arseus Lab B.V.,2017,BDO
30046199,Arseus Lab B.V.,2018,BDO
30046199,Arseus Lab B.V.,2019,BDO
30046199,Arseus Lab B.V.,2022,BDO
30046199,Arseus Lab B.V.,2023,BDO
30046199,Arseus Lab B.V.,2024,BDO
34242230,Art & Allposters International B.V.,2017,BDO
80612377,Artisan Holdco B.V.,2020,BDO
80612377,Artisan Holdco B.V.,2021,BDO
80612377,Artisan Holdco B.V.,2022,BDO
80612377,Artisan Holdco B.V.,2023,BDO
80612377,Artisan Holdco B.V.,2024,BDO
30139084,Arval B.V.,2023,BDO
34118324,Arysta LifeScience Netherlands B.V.,2020,BDO
10147089,Asaro B.V.,2017,BDO
10147089,Asaro B.V.,2018,BDO
10147089,Asaro B.V.,2019,BDO
84681268,ASE Holdings 1 B.V.,2024,BDO
85333018,Asgard Investments B.V.,2022,BDO
85333018,Asgard Investments B.V.,2023,BDO
85333018,Asgard Investments B.V.,2025,BDO
22036524,ASK ROMEIN B.V.,2017,BDO
22036524,ASK ROMEIN B.V.,2018,BDO
22036524,ASK ROMEIN B.V.,2019,BDO
22036524,ASK ROMEIN B.V.,2020,BDO
20088541,ASK ROMEIN Bouw B.V.,2017,BDO
20088541,ASK ROMEIN Bouw B.V.,2018,BDO
20088541,ASK ROMEIN Bouw B.V.,2019,BDO
20088541,ASK ROMEIN Bouw B.V.,2020,BDO
20088541,ASK ROMEIN Bouw B.V.,2021,BDO
22040839,ASK Romein International B.V.,2017,BDO
22040839,ASK Romein International B.V.,2019,BDO
22040839,ASK Romein International B.V.,2020,BDO
20054439,ASK ROMEIN Staalbouw B.V.,2017,BDO
20054439,ASK ROMEIN Staalbouw B.V.,2018,BDO
20054439,ASK ROMEIN Staalbouw B.V.,2019,BDO
20054439,ASK ROMEIN Staalbouw B.V.,2020,BDO
52429687,ASR Premiepensioeninstelling N.V.,2019,BDO
52429687,ASR Premiepensioeninstelling N.V.,2020,BDO
52429687,ASR Premiepensioeninstelling N.V.,2021,BDO
35022582,Associatie Uitvaartverzorging,2018,BDO
20092604,Astra Faam B.V.,2017,BDO
20092604,Astra Faam B.V.,2018,BDO
20092604,Astra Faam B.V.,2019,BDO
20092604,Astra Faam B.V.,2020,BDO
20092604,Astra Faam B.V.,2022,BDO
20092604,Astra Faam B.V.,2023,BDO
20092604,Astra Faam B.V.,2024,BDO
34182717,AT B.V.,2017,BDO
34182717,AT B.V.,2018,BDO
34182717,AT B.V.,2019,BDO
34182717,AT B.V.,2020,BDO
34182717,AT B.V.,2022,BDO
34182717,AT B.V.,2023,BDO
34182717,AT B.V.,2024,BDO
08167106,ATA Beheer B.V.,2018,BDO
51579219,Athena B.V.,2018,BDO
51579219,Athena B.V.,2019,BDO
67258514,Atlantic Methanol Services B.V.,2018,BDO
67258514,Atlantic Methanol Services B.V.,2019,BDO
67258514,Atlantic Methanol Services B.V.,2020,BDO
34311373,Atlassian B.V.,2017,BDO
34311373,Atlassian B.V.,2018,BDO
34311373,Atlassian B.V.,2019,BDO
34311373,Atlassian B.V.,2020,BDO
34311373,Atlassian B.V.,2022,BDO
34311373,Atlassian B.V.,2023,BDO
34311373,Atlassian B.V.,2024,BDO
72427868,Atomic Group B.V.,2018,BDO
72427868,Atomic Group B.V.,2019,BDO
72427868,Atomic Group B.V.,2020,BDO
72427868,Atomic Group B.V.,2021,BDO
72427868,Atomic Group B.V.,2022,BDO
72427868,Atomic Group B.V.,2023,BDO
72427868,Atomic Group B.V.,2024,BDO
72427868,Atomic Group B.V.,2025,BDO
27166945,ATP Business Travel B.V.,2019,BDO
27166945,ATP Business Travel B.V.,2020,BDO
27166945,ATP Business Travel B.V.,2024,BDO
33293365,ATP Specials B.V.,2019,BDO
33293365,ATP Specials B.V.,2020,BDO
33293365,ATP Specials B.V.,2022,BDO
33293365,ATP Specials B.V.,2023,BDO
33293365,ATP Specials B.V.,2024,BDO
34101316,ATS Global B.V.,2017,BDO
34101316,ATS Global B.V.,2018,BDO
34101316,ATS Global B.V.,2019,BDO
34101316,ATS Global B.V.,2020,BDO
34101316,ATS Global B.V.,2022,BDO
30220390,Audio Visual Solutions Holding,2024,BDO
32057820,Audion Elektro B.V.,2017,BDO
32057820,Audion Elektro B.V.,2018,BDO
32057820,Audion Elektro B.V.,2019,BDO
32057820,Audion Elektro B.V.,2020,BDO
32057820,Audion Elektro B.V.,2021,BDO
32057820,Audion Elektro B.V.,2022,BDO
32057820,Audion Elektro B.V.,2023,BDO
32043915,Audion Elektro Beheer B.V.,2018,BDO
32043915,Audion Elektro Beheer B.V.,2020,BDO
32043915,Audion Elektro Beheer B.V.,2021,BDO
32043915,Audion Elektro Beheer B.V.,2022,BDO
32043915,Audion Elektro Beheer B.V.,2023,BDO
32043915,Audion Elektro Beheer B.V.,2024,BDO
32043915,Audion Elektro Beheer B.V.,2025,BDO
17156001,Automobielbedrijf Bert Story 's-Hertogenbosch B.V.,2018,BDO
23077108,Automobielbedrijf Dubbelsteyn B.V.,2017,BDO
23077108,Automobielbedrijf Dubbelsteyn B.V.,2018,BDO
23077108,Automobielbedrijf Dubbelsteyn B.V.,2019,BDO
23077108,Automobielbedrijf Dubbelsteyn B.V.,2020,BDO
23077108,Automobielbedrijf Dubbelsteyn B.V.,2022,BDO
23077108,Automobielbedrijf Dubbelsteyn B.V.,2023,BDO
34132428,AutoScout24 Nederland B.V.,2018,KPMG/BDO
65923219,Avania Group B.V.,2020,BDO
65923219,Avania Group B.V.,2021,BDO
30134328,Avaya Nederland,2018,BDO
30134328,Avaya Nederland B.V.,2017,BDO
32117315,AVE Ortopedische Klinieken,2019,BDO
32117315,AVE Ortopedische Klinieken,2020,BDO
17114442,Avensus Cloud Services B.V.,2023,BDO
17114442,Avensus Cloud Services B.V.,2024,BDO
30086148,Avex B.V.,2017,BDO
30086148,Avex B.V.,2018,BDO
30086148,Avex B.V.,2019,BDO
30086148,Avex B.V.,2020,BDO
30086148,Avex B.V.,2021,BDO
30086148,Avex B.V.,2022,BDO
30086148,Avex B.V.,2023,BDO
34215466,Avid General Partner B.V.,2021,BDO
33248603,Avid Technology International B.V.,2018,BDO
33248603,Avid Technology International B.V.,2020,BDO
33248603,Avid Technology International B.V.,2021,BDO
33248603,Avid Technology International B.V.,2022,BDO
28075831,Avio-Diepen Holding B.V.,2017,BDO
28075831,Avio-Diepen Holding B.V.,2019,BDO
68913389,Aweta Beheer III B.V.,2018,BDO
68913389,Aweta Beheer III B.V.,2019,BDO
68913389,Aweta Beheer III B.V.,2020,BDO
27073114,Aweta G&P B.V.,2017,BDO
27073114,Aweta G&P B.V.,2018,BDO
27073114,Aweta G&P B.V.,2019,BDO
27073114,Aweta G&P B.V.,2020,BDO
20094796,Axell B.V.,2017,BDO
18054337,Axell Holding B.V.,2018,BDO
18054337,Axell Holding B.V.,2019,BDO
18054337,Axell Holding B.V.,2020,BDO
18054337,Axell Holding B.V.,2021,BDO
18054337,Axell Holding B.V.,2022,BDO
18054337,Axell Holding B.V.,2023,BDO
18054337,Axell Holding B.V.,2024,BDO
18029531,Axon Digital Design B.V.,2017,BDO
34268757,Axon Investments B.V.,2018,BDO
34268757,Axon Investments B.V.,2019,BDO
34268757,Axon Investments B.V.,2020,BDO
34268757,Axon Investments B.V.,2021,BDO
27195251,Azule Energy Angola (Block 18) B.V.,2023,BDO
27195251,Azule Energy Angola (Block 18) B.V.,2024,BDO
33280664,Azule Energy Angola B.V.,2024,BDO
33282921,Azule Energy Angola Production B.V.,2024,BDO
20053712,B. Scholte Beheer B.V.,2018,BDO
20053712,B. Scholte Beheer B.V.,2019,BDO
20053712,B. Scholte Beheer B.V.,2020,BDO
20053712,B. Scholte Beheer B.V.,2021,BDO
20053712,B. Scholte Beheer B.V.,2023,BDO
20053712,B. Scholte Beheer B.V.,2024,BDO
20053712,B. Scholte Beheer B.V.,2025,BDO
12036637,B.A. Geurts-Janssen B.V.,2018,BDO
12036637,B.A. Geurts-Janssen B.V.,2020,BDO
12000192,B.A. Geurts-Janssen Beheer B.V.,2018,BDO
12000192,B.A. Geurts-Janssen Beheer B.V.,2019,BDO
12000192,B.A. Geurts-Janssen Beheer B.V.,2020,BDO
20125511,B.C.F. Holding B.V.,2018,BDO
20125511,B.C.F. Holding B.V.,2019,BDO
20125511,B.C.F. Holding B.V.,2020,BDO
20125511,B.C.F. Holding B.V.,2021,BDO
24156946,B.G. Freight Line Holding B.V.,2021,BDO
24156946,B.G. Freight Line Holding B.V.,2022,BDO
24156946,B.G. Freight Line Holding B.V.,2023,BDO
24156946,B.G. Freight Line Holding B.V.,2024,BDO
24156946,B.G. Freight Line Holding B.V.,2025,BDO
06064273,B.H. Nieuwe Weme Beheer B.V.,2017,BDO
06064273,B.H. Nieuwe Weme Beheer B.V.,2018,BDO
27263335,B.V. Nederlandsch Octrooibureau,2018,BDO
27263335,B.V. Nederlandsch Octrooibureau,2019,BDO
27263335,B.V. Nederlandsch Octrooibureau,2020,BDO
27263335,B.V. Nederlandsch Octrooibureau,2021,BDO
27263335,B.V. Nederlandsch Octrooibureau,2022,BDO
27263335,B.V. Nederlandsch Octrooibureau,2024,BDO
20028328,"B.V. Opslag voor Benzine en Olie, Theodorushaven 'O.B.O.T.'",2017,BDO
23001067,B.V. v/h Firma M. Mampaey,2018,BDO
23001067,B.V. v/h Firma M. Mampaey,2019,BDO
23001067,B.V. v/h Firma M. Mampaey,2020,BDO
23001067,B.V. v/h Firma M. Mampaey,2022,BDO
09102466,B.V. VITESSE,2018,BDO
09102466,B.V. VITESSE,2019,BDO
09102466,B.V. VITESSE,2020,BDO
09102466,B.V. VITESSE,2021,BDO
09102466,B.V. VITESSE,2022,BDO
09102466,B.V. VITESSE,2023,BDO
09102466,B.V. VITESSE,2024,BDO
09054346,Baader Food Systems Netherlands B.V.,2019,BDO
89543963,BAC 10 Topco B.V.,2023,BDO
89543963,BAC 10 Topco B.V.,2024,BDO
34274514,Backbase Europe B.V.,2022,BDO
34274514,Backbase Europe B.V.,2023,BDO
34274514,Backbase Europe B.V.,2024,BDO
77020146,Backbase Services B.V.,2023,BDO
77020146,Backbase Services B.V.,2024,BDO
23059422,Baggerbedrijf De Boer,2019,BDO
23059422,Baggerbedrijf De Boer,2021,BDO
23059422,Baggerbedrijf De Boer,2022,BDO
23059422,Baggerbedrijf De Boer,2023,BDO
23059422,Baggerbedrijf De Boer B.V.,2017,BDO
23048694,Baggerbedrijf De Boer Holding B.V.,2017,BDO
23048694,Baggerbedrijf De Boer Holding B.V.,2018,BDO
23048694,Baggerbedrijf De Boer Holding B.V.,2019,BDO
23048694,Baggerbedrijf De Boer Holding B.V.,2020,BDO
23048694,Baggerbedrijf De Boer Holding B.V.,2021,BDO
23048694,Baggerbedrijf De Boer Holding B.V.,2022,BDO
23048694,Baggerbedrijf De Boer Holding B.V.,2023,BDO
23048694,Baggerbedrijf De Boer Holding B.V.,2024,BDO
34215660,BaKaGo Holding B.V.,2017,BDO
34215660,BaKaGo Holding B.V.,2018,BDO
34215660,BaKaGo Holding B.V.,2019,BDO
34215660,BaKaGo Holding B.V.,2022,BDO
37010610,Bakker & Schilder Transport B.V.,2017,BDO
04027190,Bakker Bedrijfswagens Hoogeveen B.V.,2018,BDO
04027190,Bakker Bedrijfswagens Hoogeveen B.V.,2019,BDO
33269431,Balance Ervaring op Projectbasis B.V.,2017,BDO
33269431,Balance Ervaring op Projectbasis B.V.,2018,BDO
33269431,Balance Ervaring op Projectbasis B.V.,2019,BDO
33269431,Balance Ervaring op Projectbasis B.V.,2020,BDO
33269431,Balance Ervaring op Projectbasis B.V.,2021,BDO
51591855,Ballorig Beheer B.V.,2018,BDO
51591855,Ballorig Beheer B.V.,2020,BDO
51591855,Ballorig Beheer B.V.,2021,BDO
10039557,Barenbrug Holding B.V.,2025,BDO
01051400,Barkmeijer Stroobos B.V.,2017,BDO
28070012,Barnhard Vast Goed B.V.,2022,BDO
64235939,Bart's Retail B.V.,2021,BDO
64235939,Bart's Retail B.V.,2022,BDO
64235939,Bart's Retail B.V.,2023,BDO
24232218,Bas van Buuren B.V.,2018,BDO
34268432,Baseline B.V.,2023,BDO
09041351,Basf Finance Europe N.V.,2019,BDO
09041351,Basf Finance Europe N.V.,2020,BDO
09041351,Basf Finance Europe N.V.,2021,BDO
09041351,Basf Finance Europe N.V.,2022,BDO
09041351,Basf Finance Europe N.V.,2023,BDO
17223474,Basilicum B.V.,2018,BDO
17140755,Basiq Dental B.V.,2017,BDO
17140755,Basiq Dental B.V.,2018,BDO
17140755,Basiq Dental B.V.,2019,BDO
17140755,Basiq Dental B.V.,2020,BDO
17140755,Basiq Dental B.V.,2021,BDO
17140755,Basiq Dental B.V.,2022,BDO
17140755,Basiq Dental B.V.,2023,BDO
17140755,Basiq Dental B.V.,2024,BDO
09051070,Baston Wonen Stichting,2017,BDO
09051070,Baston Wonen Stichting,2018,BDO
09051070,Baston Wonen Stichting,2019,BDO
09051070,Baston Wonen Stichting,2020,BDO
09051070,Baston Wonen Stichting,2022,BDO
09051070,Baston Wonen Stichting,2023,BDO
09051070,Baston Wonen Stichting,2024,BDO
27360045,Batavia Biopharma B.V.,2019,BDO
27360045,Batavia Biopharma B.V.,2020,BDO
27362965,Batavia Biosciences B.V.,2019,BDO
27362965,Batavia Biosciences B.V.,2020,BDO
27362965,Batavia Biosciences B.V.,2021,BDO
27362965,Batavia Biosciences B.V.,2022,BDO
27362965,Batavia Biosciences B.V.,2023,BDO
24001907,Batenburg Techniek N.V.,2021,BDO
24001907,Batenburg Techniek N.V.,2022,BDO
24001907,Batenburg Techniek N.V.,2023,BDO
24001907,Batenburg Techniek N.V.,2024,BDO
81942583,BauWatch Group B.V.,2022,BDO
81942583,BauWatch Group B.V.,2023,BDO
81942583,BauWatch Group B.V.,2024,BDO
28054318,Bavak Beveiligingsgroep B.V.,2017,BDO
28054318,Bavak Beveiligingsgroep B.V.,2018,BDO
28054318,Bavak Beveiligingsgroep B.V.,2019,BDO
34057447,Bazaar Holding B.V.,2018,BDO
34057447,Bazaar Holding B.V.,2019,BDO
34057447,Bazaar Holding B.V.,2021,BDO
34057447,Bazaar Holding B.V.,2022,BDO
34057447,Bazaar Holding B.V.,2023,BDO
34057447,Bazaar Holding B.V.,2024,BDO
55152562,BB Group B.V.,2018,BDO
55152562,BB Group B.V.,2019,BDO
34215227,BBNL (Björn Borg Nederland) B.V.,2023,BDO
96856424,BBTG Holding B.V.,2025,BDO
17109831,BCTN B.V.,2019,BDO
17109831,BCTN B.V.,2021,BDO
17109831,BCTN B.V.,2022,BDO
34313842,BCTN Europe B.V.,2020,BDO
34313842,BCTN Europe B.V.,2021,BDO
34313842,BCTN Europe B.V.,2022,BDO
17129358,BDO Holding B.V.,2017,BDO
30082216,BdR Holding B.V.,2017,BDO
06024484,BE - Allbrass Industrial B.V.,2017,BDO
65282027,Beacon Investments B.V.,2018,BDO
24423399,BearingPoint Holding B.V.,2018,BDO
24423399,BearingPoint Holding B.V.,2019,BDO
24423399,BearingPoint Holding B.V.,2020,BDO
24423399,BearingPoint Holding B.V.,2021,BDO
24423399,BearingPoint Holding B.V.,2022,BDO
24423399,BearingPoint Holding B.V.,2023,BDO
24423399,BearingPoint Holding B.V.,2024,BDO
08154553,Bedrijfsbureau Woonzorg Unie Veluwe,2019,BDO
05047611,Beens Constructieve Waterbouw B.V.,2018,BDO
05047611,Beens Constructieve Waterbouw B.V.,2020,BDO
05047611,Beens Constructieve Waterbouw B.V.,2021,BDO
05047611,Beens Constructieve Waterbouw B.V.,2022,BDO
05047611,Beens Constructieve Waterbouw B.V.,2023,BDO
05047611,Beens Groep B.V.,2017,BDO
66922054,Beens Infra B.V.,2023,BDO
66366291,Beens Infra Holding B.V.,2018,BDO
66366291,Beens Infra Holding B.V.,2019,BDO
66366291,Beens Infra Holding B.V.,2020,BDO
66366291,Beens Infra Holding B.V.,2021,BDO
66366291,Beens Infra Holding B.V.,2023,BDO
66366291,Beens Infra Holding B.V.,2024,BDO
72233400,Beesd Infra Management B.V.,2018,BDO
72233400,Beesd Infra Management B.V.,2019,BDO
72233400,Beesd Infra Management B.V.,2020,BDO
72233400,Beesd Infra Management B.V.,2021,BDO
72233400,Beesd Infra Management B.V.,2022,BDO
72233400,Beesd Infra Management B.V.,2023,BDO
72233400,Beesd Infra Management B.V.,2024,BDO
27270597,Beheer 141 B.V.,2018,BDO
27270597,Beheer 141 B.V.,2019,BDO
27270597,Beheer 141 B.V.,2020,BDO
27270597,Beheer 141 B.V.,2021,BDO
27270597,Beheer 141 B.V.,2022,BDO
27270597,Beheer 141 B.V.,2023,BDO
27270597,Beheer 141 B.V.,2024,BDO
27270597,Beheer 141 B.V.,2025,BDO
05040140,Beheer- en Beleggingsmaatschappij Blei Zwartsluis B.V.,2018,BDO
05040140,Beheer- en Beleggingsmaatschappij Blei Zwartsluis B.V.,2019,BDO
05040140,Beheer- en Beleggingsmaatschappij Blei Zwartsluis B.V.,2020,BDO
05040140,Beheer- en Beleggingsmaatschappij Blei Zwartsluis B.V.,2021,BDO
05040140,Beheer- en Beleggingsmaatschappij Blei Zwartsluis B.V.,2022,BDO
34014617,Beheer- en Beleggingsmaatschappij H. Zwart B.V.,2018,BDO
34014617,Beheer- en Beleggingsmaatschappij H. Zwart B.V.,2019,BDO
34014617,Beheer- en Beleggingsmaatschappij H. Zwart B.V.,2020,BDO
34014617,Beheer- en Beleggingsmaatschappij H. Zwart B.V.,2021,BDO
34014617,Beheer- en Beleggingsmaatschappij H. Zwart B.V.,2022,BDO
28028683,Beheer- en Beleggingsmaatschappij Zandbergen B.V.,2018,BDO
28028683,Beheer- en Beleggingsmaatschappij Zandbergen B.V.,2019,BDO
28028683,Beheer- en Beleggingsmaatschappij Zandbergen B.V.,2020,BDO
28028683,Beheer- en Beleggingsmaatschappij Zandbergen B.V.,2021,BDO
28028683,Beheer- en Beleggingsmaatschappij Zandbergen B.V.,2022,BDO
28028683,Beheer- en Beleggingsmaatschappij Zandbergen B.V.,2023,BDO
06046922,Beheermaatschappij B.J. Nieuwenhuis Rijssen B.V.,2018,BDO
06046922,Beheermaatschappij B.J. Nieuwenhuis Rijssen B.V.,2019,BDO
06046922,Beheermaatschappij B.J. Nieuwenhuis Rijssen B.V.,2020,BDO
06046922,Beheermaatschappij B.J. Nieuwenhuis Rijssen B.V.,2021,BDO
28073580,Beheermaatschappij Beryo B.V.,2017,BDO
04036990,Beheermaatschappij Klaas Elema B.V.,2018,BDO
36002895,Beheermaatschappij Th.A. Kwakman B.V.,2017,BDO
36002895,Beheermaatschappij Th.A. Kwakman B.V.,2018,BDO
36002895,Beheermaatschappij Th.A. Kwakman B.V.,2019,BDO
36002895,Beheermaatschappij Th.A. Kwakman B.V.,2020,BDO
36002895,Beheermaatschappij Th.A. Kwakman B.V.,2021,BDO
36002895,Beheermaatschappij Th.A. Kwakman B.V.,2022,BDO
36002895,Beheermaatschappij Th.A. Kwakman B.V.,2023,BDO
36002895,Beheermaatschappij Th.A. Kwakman B.V.,2024,BDO
36002895,Beheermaatschappij Th.A. Kwakman B.V.,2025,BDO
27377546,Belastingsamenwerking Gouwe-Rijnland,2024,BDO
51804778,Belastingsamenwerking Rivierenland (BSR),2018,BDO
51804778,Belastingsamenwerking Rivierenland (BSR),2019,BDO
51804778,Belastingsamenwerking Rivierenland (BSR),2020,BDO
51804778,Belastingsamenwerking Rivierenland (BSR),2022,BDO
51804778,Belastingsamenwerking Rivierenland (BSR),2023,BDO
51804778,Belastingsamenwerking Rivierenland (BSR),2025,BDO
36009274,Beleggingsmaatschappij Drechterland B.V.,2018,BDO
36009274,Beleggingsmaatschappij Drechterland B.V.,2019,BDO
36009274,Beleggingsmaatschappij Drechterland B.V.,2020,BDO
36009274,Beleggingsmaatschappij Drechterland B.V.,2022,BDO
36009274,Beleggingsmaatschappij Drechterland B.V.,2023,BDO
36009274,Beleggingsmaatschappij Drechterland B.V.,2024,BDO
05057949,Beltengoed,2018,BDO
52639940,BENU Apotheek Waterlinie,2024,BDO
32023523,Bergnet,2024,BDO
93329008,Bergnet Berging Management B.V.,2024,BDO
09091644,Berkel-B B.V.,2017,BDO
09091644,Berkel-B B.V.,2018,BDO
09091644,Berkel-B B.V.,2019,BDO
09091644,Berkel-B B.V.,2020,BDO
09091644,Berkel-B B.V.,2021,BDO
09091644,Berkel-B B.V.,2022,BDO
20064671,Bernaards Transport B.V.,2022,BDO
14025207,Berner Produkten B.V.,2017,BDO
14025207,Berner Produkten B.V.,2018,BDO
17120496,Bernhoven B.V.,2017,BDO
17120496,Bernhoven B.V.,2018,BDO
17120496,Bernhoven B.V.,2019,BDO
17120496,Bernhoven B.V.,2020,BDO
17120496,Bernhoven B.V.,2021,BDO
14062593,Best Productions Lab B.V.,2017,BDO
02333054,Beton Industrie Veendam B.V.,2017,BDO
01042944,Betonmortel Nederland B.V.,2018,BDO
01042944,Betonmortel Nederland B.V.,2019,BDO
51288036,Betronic B.V.,2025,BDO
31035792,Between Investeringsgroep B.V.,2017,BDO
31035792,Between Investeringsgroep B.V.,2018,BDO
31035792,Between Investeringsgroep B.V.,2019,BDO
31035792,Between Investeringsgroep B.V.,2020,BDO
31035792,Between Investeringsgroep B.V.,2021,BDO
31035792,Between Investeringsgroep B.V.,2022,BDO
31035792,Between Investeringsgroep B.V.,2023,BDO
31035792,Between Investeringsgroep B.V.,2024,BDO
41149733,Beukenhof,2019,BDO
41149733,Beukenhof,2020,BDO
41149733,Beukenhof,2021,BDO
41149733,Beukenhof,2022,BDO
41149733,Beukenhof,2023,BDO
41149733,Beukenhof,2024,BDO
22015002,Beveland Wonen,2017,BDO
22025529,Beveland Wonen,2024,BDO
22025529,Beveland Wonen,2025,BDO
62097784,BG Light B.V.,2018,BDO
62097784,BG Light B.V.,2019,BDO
74674757,BG Light Holdco B.V.,2019,BDO
74674757,BG Light Holdco B.V.,2020,BDO
74674757,BG Light Holdco B.V.,2021,BDO
74674757,BG Light Holdco B.V.,2022,BDO
74674757,BG Light Holdco B.V.,2024,BDO
08076497,Bharti Airtel Africa B.V.,2025,BDO
01038514,Biddle B.V.,2017,BDO
01038514,Biddle B.V.,2018,BDO
01038514,Biddle B.V.,2019,BDO
01038514,Biddle B.V.,2020,BDO
02333582,Bidon holding b.v.,2017,BDO
08115710,Bidon|Fritom b.v.,2017,BDO
08023280,Bikeurope B.V.,2019,BDO
08023280,Bikeurope B.V.,2020,BDO
08023280,Bikeurope B.V.,2022,BDO
08023280,Bikeurope B.V.,2023,BDO
08023280,Bikeurope B.V.,2024,BDO
24184995,Bios Ambulancezorg B.V.,2017,BDO
24184995,Bios Ambulancezorg B.V.,2019,BDO
33260693,Biotope B.V.,2018,BDO
33260693,Biotope B.V.,2019,BDO
33260693,Biotope B.V.,2020,BDO
33260693,Biotope B.V.,2021,BDO
33260693,Biotope B.V.,2022,BDO
33260693,Biotope B.V.,2023,BDO
33260693,Biotope B.V.,2024,BDO
20053845,BIP Holland B.V.,2017,BDO
20053845,BIP Holland B.V.,2018,BDO
20053845,BIP Holland B.V.,2019,BDO
20053845,BIP Holland B.V.,2020,BDO
86630881,BiZZdesign Group Holding B.V.,2023,BDO
86630881,BiZZdesign Group Holding B.V.,2025,BDO
08125492,BiZZdesign Holding B.V.,2018,BDO
08125492,BiZZdesign Holding B.V.,2019,BDO
08125492,BiZZdesign Holding B.V.,2020,BDO
08125492,BiZZdesign Holding B.V.,2022,BDO
08204584,BiZZdesign International,2021,BDO
08204584,BiZZdesign International,2023,BDO
08204584,BiZZdesign International,2024,BDO
34082755,BK Ingenieurs B.V.,2017,BDO
66400740,Black Box International B.V.,2019,BDO
37101555,Black Star Groep B.V.,2018,BDO
37101555,Black Star Groep B.V.,2019,BDO
37101555,Black Star Groep B.V.,2020,BDO
37101555,Black Star Groep B.V.,2021,BDO
37101555,Black Star Groep B.V.,2022,BDO
37101555,Black Star Groep B.V.,2023,BDO
37101555,Black Star Groep B.V.,2024,BDO
52971791,Blana B.V.,2017,BDO
52971791,Blana B.V.,2019,BDO
52971791,Blana B.V.,2020,BDO
30057283,Blastrac B.V.,2017,BDO
30057283,Blastrac B.V.,2018,BDO
30057283,Blastrac B.V.,2019,BDO
69247668,Blendwell Food Group B.V.,2018,BDO
69247668,Blendwell Food Group B.V.,2019,BDO
17065163,Blink B.V.,2018,BDO
17065163,Blink B.V.,2019,BDO
17065163,Blink B.V.,2020,BDO
17065163,Blink B.V.,2021,BDO
17065163,Blink B.V.,2022,BDO
17065163,Blink B.V.,2023,BDO
17065163,Blink B.V.,2024,BDO
17065163,Blink B.V.,2025,BDO
52036952,Blitta B.V.,2017,BDO
28086005,Blom's Automobielbedrijf B.V.,2018,BDO
28086005,Blom's Automobielbedrijf B.V.,2019,BDO
28086005,Blom's Automobielbedrijf B.V.,2023,BDO
28086005,Blom's Automobielbedrijf B.V.,2024,BDO
93277091,Bluebird Holdco B.V.,2024,BDO
71045929,Bluestone International Distribution B.V.,2023,BDO
30223100,BMI Productie Nederland B.V.,2019,BDO
30223100,BMI Productie Nederland B.V.,2020,BDO
30223100,BMI Productie Nederland B.V.,2021,BDO
30223100,BMI Productie Nederland B.V.,2022,BDO
30223100,BMI Productie Nederland B.V.,2023,BDO
09168664,BnB B.V.,2018,BDO
09168664,BnB B.V.,2019,BDO
09168664,BnB B.V.,2020,BDO
20131624,Boardco B.V.,2018,BDO
20131624,Boardco B.V.,2019,BDO
20131624,Boardco B.V.,2020,BDO
20131624,Boardco B.V.,2021,BDO
20131624,Boardco B.V.,2022,BDO
20131624,Boardco B.V.,2023,BDO
20131624,Boardco B.V.,2024,BDO
20131624,Boardco B.V.,2025,BDO
32070596,Boboli Benelux B.V.,2018,BDO
32070596,Boboli Benelux B.V.,2019,BDO
02332437,Bodewes Group B.V.,2018,BDO
02332437,Bodewes Group B.V.,2019,BDO
02332437,Bodewes Group B.V.,2020,BDO
02332437,Bodewes Group B.V.,2021,BDO
02332437,Bodewes Group B.V.,2022,BDO
02332437,Bodewes Group B.V.,2024,BDO
02100183,Bodewes Holding B.V.,2018,BDO
02100183,Bodewes Holding B.V.,2019,BDO
02100183,Bodewes Holding B.V.,2020,BDO
02100183,Bodewes Holding B.V.,2022,BDO
02069323,Bodewes Products B.V.,2018,BDO
56646399,Bogerp Holding B.V.,2018,BDO
56646399,Bogerp Holding B.V.,2019,BDO
56646399,Bogerp Holding B.V.,2022,BDO
01159440,Bollegraaf Holding Appingedam B.V.,2018,BDO
01159440,Bollegraaf Holding Appingedam B.V.,2019,BDO
01159440,Bollegraaf Holding Appingedam B.V.,2020,BDO
01159440,Bollegraaf Holding Appingedam B.V.,2021,BDO
01159440,Bollegraaf Holding Appingedam B.V.,2022,BDO
01159440,Bollegraaf Holding Appingedam B.V.,2023,BDO
01159440,Bollegraaf Holding Appingedam B.V.,2024,BDO
01159440,Bollegraaf Holding Appingedam B.V.,2025,BDO
02038528,Bollegraaf Recycling Machinery B.V.,2018,BDO
02332013,Bolmer Holding Veendam B.V.,2017,BDO
02332013,Bolmer Holding Veendam B.V.,2019,BDO
02332013,Bolmer Holding Veendam B.V.,2020,BDO
06043167,Bons en Evers Holding B.V.,2017,BDO
14619302,Bontrup Agriculture B.V.,2017,BDO
14619302,Bontrup Agriculture B.V.,2018,BDO
14619302,Bontrup Agriculture B.V.,2019,BDO
14619302,Bontrup Agriculture B.V.,2020,BDO
14619302,Bontrup Agriculture B.V.,2021,BDO
14619302,Bontrup Agriculture B.V.,2022,BDO
14619302,Bontrup Agriculture B.V.,2024,BDO
27306184,Boost Loyalty B.V.,2017,BDO
76370380,Boppe Holding B.V.,2020,BDO
76370380,Boppe Holding B.V.,2021,BDO
29039753,Bos Kaasgereedschappen B.V.,2017,BDO
29039753,Bos Kaasgereedschappen B.V.,2018,BDO
29039753,Bos Kaasgereedschappen B.V.,2019,BDO
23050308,Bosal Nederland B.V.,2019,BDO
23050308,Bosal Nederland B.V.,2020,BDO
23050308,Bosal Nederland B.V.,2021,BDO
23050308,Bosal Nederland B.V.,2022,BDO
23050308,Bosal Nederland B.V.,2023,BDO
57364524,Bosgoed Holding B.V.,2017,BDO
57364524,Bosgoed Holding B.V.,2018,BDO
13033760,Bouw & Infra Vermeulen Handel B.V.,2018,BDO
13033760,Bouw & Infra Vermeulen Handel B.V.,2019,BDO
13033760,Bouw & Infra Vermeulen Handel B.V.,2020,BDO
59869143,Bouw & Infra Vermeulen Productie B.V.,2018,BDO
59869143,Bouw & Infra Vermeulen Productie B.V.,2019,BDO
59869143,Bouw & Infra Vermeulen Productie B.V.,2020,BDO
35012942,Bouwbedrijf Van der Gragt B.V.,2017,BDO
35012942,Bouwbedrijf Van der Gragt B.V.,2018,BDO
35012942,Bouwbedrijf Van der Gragt B.V.,2020,BDO
35012942,Bouwbedrijf Van der Gragt B.V.,2021,BDO
35012942,Bouwbedrijf Van der Gragt B.V.,2022,BDO
08031911,BouwCenter HCI B.V.,2017,BDO
54058791,Bouwers Van Braam-Minnesma B.V.,2023,BDO
54058791,Bouwers Van Braam-Minnesma B.V.,2024,BDO
24240118,Bouwmaatschappij Van Mierlo B.V.,2017,BDO
09169533,Bowe Intralogistics Holding B.V.,2021,BDO
09169533,Bowe Intralogistics Holding B.V.,2023,BDO
75628155,Braden Group B.V.,2020,BDO
75628155,Braden Group B.V.,2021,BDO
75628155,Braden Group B.V.,2022,BDO
75628155,Braden Group B.V.,2023,BDO
75628155,Braden Group B.V.,2024,BDO
98119648,Braden Holding B.V.,2025,BDO
14047046,Braden-Europe B.V.,2017,BDO
14047046,Braden-Europe B.V.,2019,BDO
14047046,Braden-Europe B.V.,2020,BDO
14047046,Braden-Europe B.V.,2022,BDO
14047046,Braden-Europe B.V.,2023,BDO
16059145,Brakel Aluminium B.V.,2017,BDO
16059622,Brakel Atmos B.V.,2017,BDO
30067102,Brand New Day Bank N.V.,2017,BDO
30067102,Brand New Day Bank N.V.,2018,BDO
30067102,Brand New Day Bank N.V.,2019,BDO
30067102,Brand New Day Bank N.V.,2020,BDO
30067102,Brand New Day Bank N.V.,2021,BDO
30067102,Brand New Day Bank N.V.,2022,BDO
30067102,Brand New Day Bank N.V.,2023,BDO
30067102,Brand New Day Bank N.V.,2024,BDO
56476779,Brand New Day Diensten B.V.,2021,BDO
56476779,Brand New Day Diensten B.V.,2023,BDO
56476779,Brand New Day Diensten B.V.,2024,BDO
53030508,Brand New Day Houdstermaatschappij N.V.,2018,BDO
53030508,Brand New Day Houdstermaatschappij N.V.,2019,BDO
53030508,Brand New Day Houdstermaatschappij N.V.,2020,BDO
53030508,Brand New Day Houdstermaatschappij N.V.,2021,BDO
53030508,Brand New Day Houdstermaatschappij N.V.,2022,BDO
53030508,Brand New Day Houdstermaatschappij N.V.,2023,BDO
53030508,Brand New Day Houdstermaatschappij N.V.,2024,BDO
34110407,Brand New Day Levensverzekeringen N.V.,2017,BDO
34110407,Brand New Day Levensverzekeringen N.V.,2018,BDO
34110407,Brand New Day Levensverzekeringen N.V.,2019,BDO
52429687,Brand New Day Premiepensioeninstelling N.V.,2018,BDO
30263105,Brand New Day Vermogensopbouw N.V.,2018,BDO
30263105,Brand New Day Vermogensopbouw N.V.,2019,BDO
30263105,Brand New Day Vermogensopbouw N.V.,2020,BDO
30263105,Brand New Day Vermogensopbouw N.V.,2021,BDO
30263105,Brand New Day Vermogensopbouw N.V.,2022,BDO
30263105,Brand New Day Vermogensopbouw N.V.,2023,BDO
30263105,Brand New Day Vermogensopbouw N.V.,2024,BDO
67923291,Brandblock Global B.V.,2023,BDO
67923291,Brandblock Global B.V.,2024,BDO
58850317,BrandDeli B.V.,2017,BDO
58850317,BrandDeli B.V.,2018,BDO
75242060,Brandmeester Advocaten en Juristen B.V.,2019,BDO
75242060,Brandmeester Advocaten en Juristen B.V.,2021,BDO
75242060,Brandmeester Advocaten en Juristen B.V.,2023,BDO
74582771,Brandmeester Groep B.V.,2019,BDO
74582771,Brandmeester Groep B.V.,2020,BDO
74582771,Brandmeester Groep B.V.,2021,BDO
74582771,Brandmeester Groep B.V.,2022,BDO
74582771,Brandmeester Groep B.V.,2023,BDO
74582771,Brandmeester Groep B.V.,2024,BDO
74582771,Brandmeester Groep B.V.,2025,BDO
33256436,Brasco Holding B.V.,2024,BDO
50601903,Bratel B.V.,2021,BDO
24258585,Breeland B.V.,2018,BDO
24258585,Breeland B.V.,2019,BDO
24258585,Breeland B.V.,2020,BDO
24258585,Breeland B.V.,2021,BDO
24258585,Breeland B.V.,2022,BDO
24258585,Breeland B.V.,2023,BDO
82069468,Breero B.V.,2021,BDO
82069468,Breero B.V.,2022,BDO
82069468,Breero B.V.,2023,BDO
24140981,Brehold B.V.,2018,BDO
24140981,Brehold B.V.,2019,BDO
24140981,Brehold B.V.,2020,BDO
24140981,Brehold B.V.,2021,BDO
24140981,Brehold B.V.,2022,BDO
24140981,Brehold B.V.,2023,BDO
24140981,Brehold B.V.,2024,BDO
24271591,Breur Exploitatiemaatschappij B.V.,2018,BDO
24271591,Breur Exploitatiemaatschappij B.V.,2019,BDO
24271591,Breur Exploitatiemaatschappij B.V.,2020,BDO
24271591,Breur Exploitatiemaatschappij B.V.,2022,BDO
24271591,Breur Exploitatiemaatschappij B.V.,2023,BDO
24271591,Breur Exploitatiemaatschappij B.V.,2024,BDO
24271591,Breur Exploitatiemaatschappij B.V.,2025,BDO
24050495,Breur IJzerhandel,2019,BDO
24050495,Breur IJzerhandel,2020,BDO
24050495,Breur IJzerhandel,2022,BDO
24050495,Breur IJzerhandel,2023,BDO
24050495,Breur IJzerhandel,2024,BDO
24050495,Breur IJzerhandel B.V.,2017,BDO
24050495,Breur IJzerhandel B.V.,2018,BDO
57253269,Bright,2021,BDO
57253269,Bright,2022,BDO
57253269,Bright,2023,BDO
53150368,Bright Horizons B.V.,2020,BDO
27291632,Brightsight Holding B.V.,2018,BDO
08016590,Brinky Beheer B.V.,2019,BDO
08016590,Brinky Beheer B.V.,2020,BDO
08016590,Brinky Beheer B.V.,2021,BDO
08016590,Brinky Beheer B.V.,2022,BDO
08016590,Brinky Beheer B.V.,2023,BDO
08016590,Brinky Beheer B.V.,2024,BDO
08016590,Brinky Beheer B.V.,2025,BDO
18127950,Bristol Eindhoven,2021,BDO
18127950,Bristol Eindhoven,2022,BDO
02326481,Broekema,2019,BDO
02326481,Broekema,2020,BDO
24342595,Broekman Distriport B.V.,2017,BDO
24099628,Broekman Group B.V.,2017,BDO
24222748,Broekman Logistics Europoort B.V.,2017,BDO
36038258,Broer B.V.,2017,BDO
36038258,Broer B.V.,2019,BDO
36038258,Broer B.V.,2023,BDO
36038258,Broer B.V.,2024,BDO
36038263,Broer Vastgoed B.V.,2018,BDO
36038263,Broer Vastgoed B.V.,2019,BDO
36038263,Broer Vastgoed B.V.,2020,BDO
39061443,Brokking Groep B.V.,2025,BDO
59406410,Bronsveld B.V.,2019,BDO
59406410,Bronsveld B.V.,2020,BDO
59935472,Brooks Sports B.V.,2019,BDO
59935472,Brooks Sports B.V.,2021,BDO
59935472,Brooks Sports B.V.,2022,BDO
59935472,Brooks Sports B.V.,2024,BDO
65263499,Brunswick EMEA Holding B.V.,2018,BDO
65263499,Brunswick EMEA Holding B.V.,2019,BDO
65263499,Brunswick EMEA Holding B.V.,2020,BDO
55449808,BSO Spektakel,2024,BDO
55449808,BSO Spektakel,2025,BDO
37010610,BST ‘t Zand B.V.,2020,BDO
37010610,BST ‘t Zand B.V.,2021,BDO
37010610,BST ‘t Zand B.V.,2022,BDO
37010610,BST ‘t Zand B.V.,2023,BDO
20053988,BSV ‘t Zand B.V.,2018,BDO
20053988,BSV ‘t Zand B.V.,2019,BDO
20053988,BSV ‘t Zand B.V.,2020,BDO
20053988,BSV ‘t Zand B.V.,2021,BDO
20053988,BSV ‘t Zand B.V.,2022,BDO
27257501,BTB B.V.,2017,BDO
27257501,BTB B.V.,2018,BDO
17191563,BTL Nederland B.V.,2017,BDO
17191563,BTL Nederland B.V.,2018,BDO
17191669,BTL Realisatie B.V.,2017,BDO
55874487,Buddha to Buddha Holding B.V.,2018,BDO
33129079,Budget Rent a Car,2020,BDO
94725543,Building Beyond Technology Group B.V.,2025,BDO
88474720,BUKO Group B.V.,2024,BDO
02069386,Bulthuis Truck- en Traileronderdelen B.V.,2018,BDO
02069386,Bulthuis Truck- en Traileronderdelen B.V.,2019,BDO
02069386,Bulthuis Truck- en Traileronderdelen B.V.,2020,BDO
02069386,Bulthuis Truck- en Traileronderdelen B.V.,2021,BDO
34178266,Bunge Loders Croklaan Group B.V.,2019,BDO
30276467,Bureau Financieel Toezicht,2019,BDO
30276467,Bureau Financieel Toezicht,2021,BDO
65121473,Burger Food Group B.V.,2018,BDO
65121473,Burger Food Group B.V.,2019,BDO
65121473,Burger Food Group B.V.,2020,BDO
65121473,Burger Food Group B.V.,2021,BDO
65121473,Burger Food Group B.V.,2022,BDO
65121473,Burger Food Group B.V.,2023,BDO
65121473,Burger Food Group B.V.,2024,BDO
18085004,Buro Maks B.V.,2017,BDO
18085004,Buro Maks B.V.,2018,BDO
18085004,Buro Maks B.V.,2019,BDO
20170629,Business Park Aviolanda,2024,BDO
83664378,Butterfly Midco B.V.,2024,BDO
83653392,Butterfly Topco B.V.,2022,BDO
83653392,Butterfly Topco B.V.,2023,BDO
83653392,Butterfly Topco B.V.,2024,BDO
08200738,Buurtdiensten Nederland B.V.,2022,BDO
08200738,Buurtdiensten Nederland B.V.,2023,BDO
08200738,Buurtdiensten Nederland B.V.,2025,BDO
12048300,C J Wildbird Foods Limited,2019,BDO
12048300,C J Wildbird Foods Limited,2020,BDO
12048300,C J Wildbird Foods Limited,2021,BDO
12048300,C J Wildbird Foods Limited,2022,BDO
20004148,C. Bernaards Holding B.V.,2020,BDO
20004148,C. Bernaards Holding B.V.,2021,BDO
20004148,C. Bernaards Holding B.V.,2022,BDO
20004148,C. Bernaards Holding B.V.,2023,BDO
80504493,Cabka N.V.,2022,BDO
80504493,Cabka N.V.,2023,BDO
80504493,Cabka N.V.,2024,BDO
80504493,Cabka N.V.,2025,BDO
05076283,Calder Holding B.V.,2020,BDO
05076283,Calder Holding B.V.,2021,BDO
05076283,Calder Holding B.V.,2022,BDO
05076283,Calder Holding B.V.,2024,BDO
68628773,Caldic Holdco B.V.,2018,BDO
68628773,Caldic Holdco B.V.,2019,BDO
27139337,CalzEr Holding B.V.,2018,BDO
27139337,CalzEr Holding B.V.,2020,BDO
33262667,Cambrex B.V.,2019,BDO
06045496,Capabel Onderwijs Groep B.V.,2022,BDO
73089737,Cape Holding I B.V.,2022,BDO
04068372,Cape Holland Holding B.V.,2022,BDO
21012219,Capriole Coffee-Service,2019,BDO
21012219,Capriole Coffee-Service,2020,BDO
05082174,Carinova,2019,BDO
05082174,Carinova,2020,BDO
05082174,Carinova,2021,BDO
05082174,Carinova,2022,BDO
41027001,Carintreggeland,2019,BDO
41027001,Carintreggeland,2020,BDO
41027001,Carintreggeland,2021,BDO
41027001,Carintreggeland,2022,BDO
41027001,Carintreggeland,2023,BDO
41027001,Carintreggeland,2024,BDO
41027001,Carintreggeland,2025,BDO
88321894,Castor & Pollux Holding B.V.,2022,BDO
88321894,Castor & Pollux Holding B.V.,2023,BDO
88321894,Castor & Pollux Holding B.V.,2024,BDO
27225150,Catena Holding B.V.,2017,BDO
08038301,Cavendi B.V.,2019,BDO
33191573,CBRE,2023,BDO
33191573,CBRE,2024,BDO
63072297,CBRE Global Investment Administration B.V.,2022,BDO
63072297,CBRE Global Investment Administration B.V.,2023,BDO
59707429,CBRE Investment Management NL AIFM B.V.,2023,BDO
28086461,CCI Vastgoed B.V.,2018,BDO
20118518,CCT Beheer B.V.,2018,BDO
09045274,CCV Group B.V.,2023,BDO
09045274,CCV Group B.V.,2024,BDO
09045274,CCV Group B.V.,2025,BDO
14066702,CeDo Recycling,2018,BDO
14066702,CeDo Recycling,2019,BDO
14066702,CeDo Recycling,2020,BDO
14066702,CeDo Recycling B.V.,2017,BDO
52014533,CEG Land Promotions I (Holdings) B.V.,2019,BDO
52014533,CEG Land Promotions I (Holdings) B.V.,2024,BDO
28100442,Cell Signaling Technology Europe B.V.,2017,BDO
28100442,Cell Signaling Technology Europe B.V.,2018,BDO
28100442,Cell Signaling Technology Europe B.V.,2019,BDO
28100442,Cell Signaling Technology Europe B.V.,2020,BDO
28100442,Cell Signaling Technology Europe B.V.,2021,BDO
28100442,Cell Signaling Technology Europe B.V.,2023,BDO
28100442,Cell Signaling Technology Europe B.V.,2024,BDO
74815571,Cerence B.V.,2021,BDO
74815571,Cerence B.V.,2022,BDO
74815571,Cerence B.V.,2024,BDO
61956694,Certe B.V.,2018,BDO
61956694,Certe B.V.,2019,BDO
76086976,Certe Groep B.V.,2020,BDO
76086976,Certe Groep B.V.,2021,BDO
76086976,Certe Groep B.V.,2022,BDO
76086976,Certe Groep B.V.,2023,BDO
76086976,Certe Groep B.V.,2024,BDO
51733641,Cetorhinus Maximus B.V.,2018,BDO
51733641,Cetorhinus Maximus B.V.,2019,BDO
51733641,Cetorhinus Maximus B.V.,2020,BDO
51733641,Cetorhinus Maximus B.V.,2022,BDO
51733641,Cetorhinus Maximus B.V.,2023,BDO
51733641,Cetorhinus Maximus B.V.,2024,BDO
71891757,CGNEE Netherlands Holding B.V.,2021,BDO
71891757,CGNEE Netherlands Holding B.V.,2022,BDO
71891757,CGNEE Netherlands Holding B.V.,2023,BDO
66492262,Cheese BidCo B.V.,2018,BDO
66492262,Cheese BidCo B.V.,2019,BDO
66492262,Cheese BidCo B.V.,2020,BDO
66490553,Cheese TopCo B.V.,2018,BDO
66490553,Cheese TopCo B.V.,2019,BDO
66490553,Cheese TopCo B.V.,2020,BDO
28059353,CHG-MERIDIAN Nederland B.V.,2022,BDO
28059353,CHG-MERIDIAN Nederland B.V.,2023,BDO
28059353,CHG-MERIDIAN Nederland B.V.,2024,BDO
28050857,CHOG Beheer B.V.,2018,BDO
28050857,CHOG Beheer B.V.,2019,BDO
28050857,CHOG Beheer B.V.,2020,BDO
28050857,CHOG Beheer B.V.,2021,BDO
28050857,CHOG Beheer B.V.,2022,BDO
28050857,CHOG Beheer B.V.,2023,BDO
28050857,CHOG Beheer B.V.,2024,BDO
39049354,Chr. Woonstichting Patrimonium,2018,BDO
39049354,Chr. Woonstichting Patrimonium,2019,BDO
06032990,Christelijke Woningstichting De Goede Woning,2017,BDO
06032990,Christelijke Woningstichting De Goede Woning,2018,BDO
06032990,Christelijke Woningstichting De Goede Woning,2020,BDO
06032990,Christelijke Woningstichting De Goede Woning,2021,BDO
06032990,Christelijke Woningstichting De Goede Woning,2022,BDO
39049354,Christelijke Woonstichting Patrimonium,2017,BDO
66122007,CIRFOOD Netherlands B.V.,2017,BDO
66122007,CIRFOOD Netherlands B.V.,2018,BDO
66116058,CIRFOOD Netherlands Holding B.V.,2018,BDO
32039365,Citadel Enterprises B.V.,2022,BDO
32039365,Citadel Enterprises B.V.,2023,BDO
32039365,Citadel Enterprises B.V.,2024,BDO
74435434,Cityden Group B.V.,2022,BDO
74435434,Cityden Group B.V.,2023,BDO
74435434,Cityden Group B.V.,2024,BDO
20096944,CK Logistics B.V.,2018,BDO
57747660,CK Stores B.V.,2021,BDO
57998841,CK Stores Netherlands,2020,BDO
57998841,CK Stores Netherlands,2021,BDO
57998841,CK Stores Netherlands B.V.,2018,BDO
59464674,Claranet Benelux Holdings B.V.,2017,BDO
59464674,Claranet Benelux Holdings B.V.,2018,BDO
34037797,Claus Beheer B.V.,2017,BDO
34037797,Claus Beheer B.V.,2019,BDO
34037797,Claus Beheer B.V.,2020,BDO
56583656,CLB,2023,BDO
22055726,CLdN ro-ro Agencies B.V.,2017,BDO
89463366,ClearBank Europe N.V.,2024,BDO
89463366,ClearBank Europe N.V.,2025,BDO
24423660,Clearwood Investment B.V.,2018,BDO
24423660,Clearwood Investment B.V.,2019,BDO
24423660,Clearwood Investment B.V.,2020,BDO
76186458,Clevertouch,2023,BDO
76186458,Clevertouch,2024,BDO
28029398,Clinical Diagnostics LCPL B.V.,2020,BDO
55505686,Clinical Diagnostics NMDL BV,2020,BDO
72131632,Cloudnation B.V.,2025,BDO
76672492,CLV Holding B.V.,2022,BDO
76672492,CLV Holding B.V.,2023,BDO
76672492,CLV Holding B.V.,2024,BDO
34058127,Cobraspen Groep B.V.,2018,BDO
34058127,Cobraspen Groep B.V.,2019,BDO
34058127,Cobraspen Groep B.V.,2020,BDO
17127536,Cogas Zuid B.V.,2018,BDO
17127536,Cogas Zuid B.V.,2019,BDO
17127536,Cogas Zuid B.V.,2020,BDO
04075911,Coil Services B.V.,2023,BDO
04075911,Coil Services B.V.,2024,BDO
04075911,Coil Services B.V.,2025,BDO
09212570,College voor de toelating van gewasbeschermingsmiddelen en biociden,2018,BDO
09212570,College voor de toelating van gewasbeschermingsmiddelen en biociden,2019,BDO
09212570,College voor de toelating van gewasbeschermingsmiddelen en biociden,2020,BDO
17252186,Colliers Design & Development,2024,BDO
51279002,Colliers Netherlands,2018,BDO
51279002,Colliers Netherlands,2019,BDO
51279002,Colliers Netherlands,2020,BDO
51279002,Colliers Netherlands,2022,BDO
51279002,Colliers Netherlands,2023,BDO
51279002,Colliers Netherlands,2024,BDO
14039434,Collé Sittard Machinehandel B.V.,2021,BDO
65957946,Colors & Effects Netherlands B.V.,2021,BDO
61999830,Combex Transport Group Holding B.V.,2019,BDO
24162932,Combifloat Systems B.V.,2017,BDO
24162932,Combifloat Systems B.V.,2018,BDO
24162932,Combifloat Systems B.V.,2019,BDO
24162932,Combifloat Systems B.V.,2020,BDO
24162932,Combifloat Systems B.V.,2022,BDO
24162932,Combifloat Systems B.V.,2023,BDO
24162932,Combifloat Systems B.V.,2024,BDO
20114630,Combined Cargo Terminals B.V.,2017,BDO
20114630,Combined Cargo Terminals B.V.,2018,BDO
34126333,Combiwel,2018,BDO
34126333,Combiwel,2019,BDO
34126333,Combiwel,2020,BDO
34126333,Combiwel,2021,BDO
34126333,Combiwel,2023,BDO
41204269,Combiwel Ondernemend Welzijn B.V.,2017,BDO
59251034,Comicro B.V.,2021,BDO
34180557,Commander Holding B.V.,2018,BDO
34180557,Commander Holding B.V.,2019,BDO
34180557,Commander Holding B.V.,2020,BDO
34180557,Commander Holding B.V.,2021,BDO
34180557,Commander Holding B.V.,2022,BDO
34180557,Commander Holding B.V.,2023,BDO
34180557,Commander Holding B.V.,2024,BDO
63777002,Commaxx B.V.,2018,BDO
63777002,Commaxx B.V.,2019,BDO
63777002,Commaxx B.V.,2021,BDO
63777002,Commaxx B.V.,2022,BDO
63777002,Commaxx B.V.,2023,BDO
14097980,Commaxx International B.V.,2018,BDO
14097980,Commaxx International B.V.,2019,BDO
14097980,Commaxx International B.V.,2020,BDO
14097980,Commaxx International B.V.,2021,BDO
14097980,Commaxx International B.V.,2022,BDO
14097980,Commaxx International B.V.,2023,BDO
14097980,Commaxx International B.V.,2024,BDO
14097980,Commaxx International B.V.,2025,BDO
14097980,Commaxx International N.V.,2017,BDO
87317613,CommCo NL B.V.,2023,BDO
87317613,CommCo NL B.V.,2024,BDO
34264824,CompaNanny Nederland B.V.,2022,BDO
34264824,CompaNanny Nederland B.V.,2023,BDO
34264824,CompaNanny Nederland B.V.,2024,BDO
64474100,Compleet Zorg Achterhoek B.V.,2018,BDO
60429062,Condair Holding B.V.,2022,BDO
24472917,Coneco Beheer B.V.,2018,BDO
24472917,Coneco Beheer B.V.,2019,BDO
24472917,Coneco Beheer B.V.,2020,BDO
23088916,Coneco Holding B.V.,2018,BDO
80533272,Connected Holding B.V.,2021,BDO
80533272,Connected Holding B.V.,2022,BDO
80533272,Connected Holding B.V.,2023,BDO
72939567,Connection Group B.V.,2022,BDO
67526519,Connexys International Holding B.V.,2017,BDO
24143961,Conservator Beheer B.V.,2017,BDO
24143961,Conservator Beheer B.V.,2018,BDO
23040986,Consolidated Nederland B.V.,2017,BDO
23040986,Consolidated Nederland B.V.,2019,BDO
23040986,Consolidated Nederland B.V.,2020,BDO
04081370,Construction and Piling Equipment Holland B.V.,2022,BDO
09135940,Construsoft B.V.,2017,BDO
09071610,Construsoft Groep B.V.,2017,BDO
09071610,Construsoft Groep B.V.,2018,BDO
09071610,Construsoft Groep B.V.,2019,BDO
09071610,Construsoft Groep B.V.,2020,BDO
09071610,Construsoft Groep B.V.,2021,BDO
09071610,Construsoft Groep B.V.,2022,BDO
40409495,Consumentenbond,2023,BDO
40409495,Consumentenbond,2024,BDO
30077741,Contender B.V.,2017,BDO
30077741,Contender B.V.,2018,BDO
56565178,Contender B.V.,2019,BDO
30077741,Contender B.V.,2019,BDO
33157039,Conti-Gummi Finance B.V.,2017,BDO
33157039,Conti-Gummi Finance B.V.,2019,BDO
33157039,Conti-Gummi Finance B.V.,2020,BDO
33157039,Conti-Gummi Finance B.V.,2021,BDO
33157039,Conti-Gummi Finance B.V.,2022,BDO
33157039,Conti-Gummi Finance B.V.,2023,BDO
33157039,Conti-Gummi Finance B.V.,2024,BDO
22033920,Continental Shellfish Organisation B.V.,2017,BDO
50787799,Cook Europe Finance B.V.,2022,BDO
34319330,Cook Medical Nederland B.V.,2018,BDO
34319330,Cook Medical Nederland B.V.,2021,BDO
34319330,Cook Medical Nederland B.V.,2022,BDO
34319330,Cook Medical Nederland B.V.,2023,BDO
50813285,Cook Nederland B.V.,2019,BDO
50813285,Cook Nederland B.V.,2020,BDO
27365972,CoolConcepts B.V.,2018,BDO
27365972,CoolConcepts B.V.,2019,BDO
27365972,CoolConcepts B.V.,2020,BDO
56307675,Cooper Consumer Health B.V.,2018,BDO
17084914,Copaco DC B.V.,2018,BDO
17084914,Copaco DC B.V.,2019,BDO
17084914,Copaco DC B.V.,2020,BDO
17084914,Copaco DC B.V.,2021,BDO
17084914,Copaco DC B.V.,2022,BDO
17084914,Copaco DC B.V.,2023,BDO
17084914,Copaco DC B.V.,2024,BDO
17084914,Copaco DC B.V.,2025,BDO
17084914,Copaco DC B.V.,2026,BDO
17114469,Copaco Financial Services B.V.,2018,BDO
17114469,Copaco Financial Services B.V.,2019,BDO
17152732,Copaco International B.V.,2018,BDO
17063651,Copaco N.V.,2017,BDO
17063651,Copaco N.V.,2018,BDO
17063651,Copaco N.V.,2019,BDO
17063651,Copaco N.V.,2020,BDO
17063651,Copaco N.V.,2021,BDO
17063651,Copaco N.V.,2022,BDO
17063651,Copaco N.V.,2023,BDO
17063651,Copaco N.V.,2024,BDO
17063651,Copaco N.V.,2025,BDO
17063651,Copaco N.V.,2026,BDO
17048595,Copaco Nederland B.V.,2017,BDO
17048595,Copaco Nederland B.V.,2018,BDO
17048595,Copaco Nederland B.V.,2020,BDO
17048595,Copaco Nederland B.V.,2021,BDO
17048595,Copaco Nederland B.V.,2022,BDO
17048595,Copaco Nederland B.V.,2023,BDO
17048595,Copaco Nederland B.V.,2024,BDO
17048595,Copaco Nederland B.V.,2025,BDO
17078053,Cor Segers B.V.,2017,BDO
17062600,Cor Segers Beheer B.V.,2020,BDO
17062600,Cor Segers Beheer B.V.,2021,BDO
17062600,Cor Segers Beheer B.V.,2022,BDO
34220900,Corendon Holding B.V.,2018,BDO
34220900,Corendon Holding B.V.,2019,BDO
34220900,Corendon Holding B.V.,2020,BDO
34220900,Corendon Holding B.V.,2022,BDO
34220900,Corendon Holding B.V.,2023,BDO
34220900,Corendon Holding B.V.,2024,BDO
34220900,Corendon Holding B.V.,2025,BDO
56428960,Corendon Holiday Group B.V.,2018,BDO
56428960,Corendon Holiday Group B.V.,2019,BDO
56428960,Corendon Holiday Group B.V.,2020,BDO
56428960,Corendon Holiday Group B.V.,2021,BDO
56428960,Corendon Holiday Group B.V.,2023,BDO
56428960,Corendon Holiday Group B.V.,2024,BDO
56428960,Corendon Holiday Group B.V.,2025,BDO
01130578,Corlido Holding B.V.,2018,BDO
01130578,Corlido Holding B.V.,2019,BDO
01130578,Corlido Holding B.V.,2020,BDO
01130578,Corlido Holding B.V.,2021,BDO
01130578,Corlido Holding B.V.,2022,BDO
01130578,Corlido Holding B.V.,2023,BDO
04069588,Corlido Procurement Services B.V.,2022,BDO
01180897,Corlido Project Supply B.V.,2020,BDO
01180897,Corlido Project Supply B.V.,2022,BDO
18065198,Corné Geerts Holding B.V.,2017,BDO
70249539,Corrie MacColl Europe B.V.,2020,BDO
65617738,Cosmo N.V.,2018,BDO
65617738,Cosmo N.V.,2019,BDO
65617738,Cosmo N.V.,2020,BDO
65617738,Cosmo N.V.,2021,BDO
65617738,Cosmo N.V.,2022,BDO
65617738,COSMO Pharmaceuticals N.V.,2023,BDO
58579761,Costes B.V.,2017,BDO
58579761,Costes B.V.,2018,BDO
58579761,Costes B.V.,2019,BDO
58579761,Costes B.V.,2020,BDO
64518213,Costes Holding B.V.,2018,BDO
64518213,Costes Holding B.V.,2020,BDO
71040714,Cotton Club B.V.,2021,BDO
74963279,Cotton Club Holding B.V.,2020,BDO
74963279,Cotton Club Holding B.V.,2021,BDO
16075835,Covetrus Holding B.V.,2018,BDO
16075835,Covetrus Holding B.V.,2019,BDO
16075835,Covetrus Holding B.V.,2020,BDO
16075835,Covetrus Holding B.V.,2021,BDO
16075835,Covetrus Holding B.V.,2022,BDO
16075835,Covetrus Holding B.V.,2023,BDO
16075835,Covetrus Holding B.V.,2024,BDO
16075835,Covetrus Holding B.V.,2025,BDO
62150804,Coöperatie Heelkunde Friesland U.A.,2024,BDO
62150804,Coöperatie Heelkunde Friesland U.A.,2025,BDO
11044248,Coöperatie Koninklijke Fruitmasters U.A.,2018,BDO
11044248,Coöperatie Koninklijke Fruitmasters U.A.,2019,BDO
11044248,Coöperatie Koninklijke Fruitmasters U.A.,2020,BDO
11044248,Coöperatie Koninklijke Fruitmasters U.A.,2021,BDO
11044248,Coöperatie Koninklijke Fruitmasters U.A.,2022,BDO
11044248,Coöperatie Koninklijke Fruitmasters U.A.,2023,BDO
11044248,Coöperatie Koninklijke Fruitmasters U.A.,2024,BDO
34281949,Coöperatie KPMG U.A.,2018,BDO
34281949,Coöperatie KPMG U.A.,2019,BDO
34281949,Coöperatie KPMG U.A.,2020,BDO
34281949,Coöperatie KPMG U.A.,2021,BDO
34281949,Coöperatie KPMG U.A.,2022,BDO
62298356,Coöperatie Medisch Specialistisch Bedrijf Bravis U.A.,2023,BDO
62298356,Coöperatie Medisch Specialistisch Bedrijf Bravis U.A.,2024,BDO
62298356,Coöperatie Medisch Specialistisch Bedrijf Bravis U.A.,2025,BDO
62254227,Coöperatie Medisch Specialistisch Bedrijf Matrix U.A.,2025,BDO
64747956,Coöperatie Openbaar Vervoerbedrijven U.A.,2021,BDO
64747956,Coöperatie Openbaar Vervoerbedrijven U.A.,2024,BDO
64747956,Coöperatie Openbaar Vervoerbedrijven U.A.,2025,BDO
34344598,Coöperatie PricewaterhouseCoopers Nederland U.A.,2018,BDO
34344598,Coöperatie PricewaterhouseCoopers Nederland U.A.,2019,BDO
34344598,Coöperatie PricewaterhouseCoopers Nederland U.A.,2020,BDO
34344598,Coöperatie PricewaterhouseCoopers Nederland U.A.,2021,BDO
34344598,Coöperatie PricewaterhouseCoopers Nederland U.A.,2022,BDO
34344598,Coöperatie PricewaterhouseCoopers Nederland U.A.,2023,BDO
34344598,Coöperatie PricewaterhouseCoopers Nederland U.A.,2024,BDO
34344598,Coöperatie PricewaterhouseCoopers Nederland U.A.,2025,BDO
91552257,Coöperatie RondomJou U.A.,2025,BDO
04021669,Coöperatie TVM U.A.,2021,BDO
04021669,Coöperatie TVM U.A.,2022,BDO
04021669,Coöperatie TVM U.A.,2023,BDO
04021669,Coöperatie TVM U.A.,2025,BDO
54594944,Coöperatie van Ondernemers in de Kleinschalige Zorg in Zeeland U.A.,2019,BDO
54594944,Coöperatie van Ondernemers in de Kleinschalige Zorg in Zeeland U.A.,2020,BDO
54594944,Coöperatie van Ondernemers in de Kleinschalige Zorg in Zeeland U.A.,2021,BDO
54594944,Coöperatie van Ondernemers in de Kleinschalige Zorg in Zeeland U.A.,2022,BDO
27331747,Coöperatie VIII U.A.,2018,BDO
27331747,Coöperatie VIII U.A.,2019,BDO
27331747,Coöperatie VIII U.A.,2020,BDO
27331747,Coöperatie VIII U.A.,2021,BDO
27331747,Coöperatie VIII U.A.,2022,BDO
09104722,Coöperatie voor Integrale Huisartsenzorg Nijmegen en Omstreken U.A.,2019,BDO
01124908,Coöperatief Beheer De Haan Groep U.A.,2017,BDO
01124908,Coöperatief Beheer DeHaan Groep U.A.,2019,BDO
63086174,Coöperatief Deloitte U.A.,2020,BDO
63086174,Coöperatief Deloitte U.A.,2021,BDO
63086174,Coöperatief Deloitte U.A.,2022,BDO
63086174,Coöperatief Deloitte U.A.,2023,BDO
63086174,Coöperatief Deloitte U.A.,2024,BDO
63086174,Coöperatief Deloitte U.A.,2025,BDO
62276441,Coöperatief medisch specialisten ASz U.A.,2018,BDO
62276441,Coöperatief medisch specialisten ASz U.A.,2019,BDO
62276441,Coöperatief medisch specialisten ASz U.A.,2020,BDO
62276441,Coöperatief medisch specialisten ASz U.A.,2023,BDO
62276441,Coöperatief medisch specialisten ASz U.A.,2024,BDO
62276441,Coöperatief medisch specialisten ASz U.A.,2025,BDO
11031811,Coöperatieve Inkoopvereniging Superunie B.A.,2020,BDO
11031811,Coöperatieve Inkoopvereniging Superunie B.A.,2021,BDO
11031811,Coöperatieve Inkoopvereniging Superunie B.A.,2022,BDO
54594944,Coöperatieve Ondernemers in de Kleinschalige Zorg in Zeeland U.A.,2018,BDO
67556817,CPE Holding B.V.,2019,BDO
67556817,CPE Holding B.V.,2020,BDO
67556817,CPE Holding B.V.,2022,BDO
14097148,CPE Nederland B.V.,2024,BDO
60281758,CreditAccess Asia N.V.,2017,BDO
77162854,CreditAccess SEA B.V.,2024,BDO
53036654,Creytenheye B.V.,2018,BDO
67086497,Cristal International B.V.,2017,BDO
08069713,Cruise Travel Nederland B.V.,2018,BDO
27346483,CST-NL Holdings B.V.,2019,BDO
27346483,CST-NL Holdings B.V.,2020,BDO
27346483,CST-NL Holdings B.V.,2023,BDO
27346483,CST-NL Holdings B.V.,2024,BDO
34102526,Ctac B.V.,2017,BDO
34102526,Ctac B.V.,2018,BDO
16066162,Ctac N.V.,2017,BDO
16066162,Ctac N.V.,2018,BDO
34102528,Ctac Nederland B.V.,2019,BDO
34115183,Ctac Resourcing B.V.,2018,BDO
08071128,CTVrede B.V.,2019,BDO
08071128,CTVrede B.V.,2022,BDO
14630423,Curfs Holding B.V.,2018,BDO
14630423,Curfs Holding B.V.,2019,BDO
14630423,Curfs Holding B.V.,2020,BDO
14630423,Curfs Holding B.V.,2021,BDO
14630423,Curfs Holding B.V.,2022,BDO
14630423,Curfs Holding B.V.,2023,BDO
14630423,Curfs Holding B.V.,2024,BDO
14630424,Curfs Logistics B.V.,2019,BDO
14630424,Curfs Logistics B.V.,2023,BDO
73579637,Custos Tyche Holding B.V.,2018,BDO
92614760,CWS Cleanrooms Nederland B.V.,2024,BDO
16044594,CWS Hygiene Nederland B.V.,2022,BDO
16044594,CWS Hygiene Nederland B.V.,2023,BDO
16044594,CWS Hygiene Nederland B.V.,2024,BDO
82924260,CWS Safety Nederland B.V.,2024,BDO
27096031,CWS Workwear,2022,BDO
27096031,CWS Workwear,2023,BDO
27096031,CWS Workwear,2024,BDO
80427774,Cyclovriend B.V.,2022,BDO
17073774,D&M Europe B.V.,2020,BDO
17073774,D&M Europe B.V.,2022,BDO
51221535,D-Labs Holding B.V.,2018,BDO
51221535,D-Labs Holding B.V.,2019,BDO
51221535,D-Labs Holding B.V.,2020,BDO
29047781,D. van der Steen B.V.,2020,BDO
29047781,D. van der Steen B.V.,2021,BDO
29047781,D. van der Steen B.V.,2022,BDO
29047781,D. van der Steen B.V.,2023,BDO
29047781,D. van der Steen B.V.,2024,BDO
04010546,D.G.O. Express B.V.,2019,BDO
63796473,Da Vinci Derivatives B.V.,2023,BDO
63796473,Da Vinci Derivatives B.V.,2024,BDO
63794926,Da Vinci Investments B.V.,2023,BDO
63794926,Da Vinci Investments B.V.,2024,BDO
63794926,Da Vinci Investments B.V.,2025,BDO
34327478,Daalimpex Velsen B.V.,2020,BDO
35026025,Daarnhouwer & Co B.V.,2017,BDO
35026025,Daarnhouwer & Co B.V.,2018,BDO
35026025,Daarnhouwer & Co B.V.,2019,BDO
35026025,Daarnhouwer & Co B.V.,2020,BDO
35026025,Daarnhouwer & Co B.V.,2021,BDO
35026025,Daarnhouwer & Co B.V.,2022,BDO
35026025,Daarnhouwer & Co B.V.,2023,BDO
35026025,Daarnhouwer & Co B.V.,2024,BDO
16056184,Daelmans Banket,2020,BDO
16056184,Daelmans Banket,2022,BDO
16056184,Daelmans Banket,2024,BDO
76137414,Daelmans Nieuwkuijk B.V.,2022,BDO
76137414,Daelmans Nieuwkuijk B.V.,2023,BDO
76137414,Daelmans Nieuwkuijk B.V.,2024,BDO
16076011,Daelmans Oss B.V.,2022,BDO
16076011,Daelmans Oss B.V.,2023,BDO
13037206,Daelzicht,2024,BDO
61278629,Dahua Europe B.V.,2022,BDO
61278629,Dahua Europe B.V.,2024,BDO
61278629,Dahua Europe B.V.,2025,BDO
92570976,Dakota Holding B.V.,2023,BDO
92570976,Dakota Holding B.V.,2024,BDO
27221420,Dalsem B.V.,2017,BDO
27221420,Dalsem B.V.,2018,BDO
27221420,Dalsem B.V.,2019,BDO
27221420,Dalsem B.V.,2020,BDO
27221420,Dalsem B.V.,2021,BDO
27185845,Dalsem Beheer B.V.,2022,BDO
27133827,Dam Apotheek,2025,BDO
16061756,Dame en Beek B.V.,2018,BDO
16061756,Dame en Beek B.V.,2020,BDO
16061756,Dame en Beek B.V.,2021,BDO
18065632,Dampack Holding B.V.,2018,BDO
18065632,Dampack Holding B.V.,2019,BDO
18065632,Dampack Holding B.V.,2020,BDO
18065632,Dampack Holding B.V.,2021,BDO
18065632,Dampack Holding B.V.,2022,BDO
18065632,Dampack Holding B.V.,2023,BDO
18065632,Dampack Holding B.V.,2024,BDO
23077333,Dampack International B.V.,2018,BDO
23077333,Dampack International B.V.,2020,BDO
23077333,Dampack International B.V.,2022,BDO
23077333,Dampack International B.V.,2023,BDO
09109332,Dar N.V.,2017,BDO
09109332,Dar N.V.,2018,BDO
09109332,Dar N.V.,2019,BDO
09109332,Dar N.V.,2020,BDO
09109332,Dar N.V.,2021,BDO
09109332,Dar N.V.,2022,BDO
09109332,Dar N.V.,2023,BDO
09109332,Dar N.V.,2024,BDO
02048148,Data B. Mailservice B.V.,2017,BDO
02048148,Data B. Mailservice B.V.,2018,BDO
02048148,Data B. Mailservice B.V.,2019,BDO
02048148,Data B. Mailservice B.V.,2020,BDO
02084097,Data B. Mailservice Holding B.V.,2018,BDO
02084097,Data B. Mailservice Holding B.V.,2019,BDO
02084097,Data B. Mailservice Holding B.V.,2020,BDO
69343861,DataSnipper B.V.,2024,BDO
69343861,DataSnipper B.V.,2025,BDO
63071088,DatCom Holding B.V.,2017,BDO
14124987,DCL Corporation (NL) B.V.,2022,BDO
56240740,de Beijer Bouwgrondstoffen B.V.,2018,BDO
56240740,de Beijer Bouwgrondstoffen B.V.,2019,BDO
10040716,de Beijer Groep B.V.,2017,BDO
10040716,de Beijer Groep B.V.,2018,BDO
10040716,de Beijer Groep B.V.,2019,BDO
10040716,de Beijer Groep B.V.,2020,BDO
10040716,de Beijer Groep B.V.,2021,BDO
10040716,de Beijer Groep B.V.,2022,BDO
10040716,de Beijer Groep B.V.,2024,BDO
37087436,De Bock Maritiem B.V.,2018,BDO
37087436,De Bock Maritiem B.V.,2019,BDO
37087436,De Bock Maritiem B.V.,2020,BDO
37087436,De Bock Maritiem B.V.,2021,BDO
37087436,De Bock Maritiem B.V.,2022,BDO
86704591,De Ergoo B.V.,2023,BDO
65621891,De Graaf Vastgoed B.V.,2018,BDO
65621891,De Graaf Vastgoed B.V.,2019,BDO
37072595,De Groot en Slot B.V.,2017,BDO
37072595,De Groot en Slot B.V.,2020,BDO
37072595,De Groot en Slot B.V.,2021,BDO
37072595,De Groot en Slot B.V.,2022,BDO
37072595,De Groot en Slot B.V.,2024,BDO
37046204,De Groot en Slot Beheer B.V.,2017,BDO
37046204,De Groot en Slot Beheer B.V.,2018,BDO
37046204,De Groot en Slot Beheer B.V.,2019,BDO
37046204,De Groot en Slot Beheer B.V.,2020,BDO
37046204,De Groot en Slot Beheer B.V.,2021,BDO
37046204,De Groot en Slot Beheer B.V.,2022,BDO
37046204,De Groot en Slot Beheer B.V.,2023,BDO
37046204,De Groot en Slot Beheer B.V.,2024,BDO
37046204,De Groot en Slot Beheer B.V.,2025,BDO
27233415,De Grootscholten Beheer B.V.,2018,BDO
02045649,De Haan Groep B.V.,2017,BDO
02045649,De Haan Groep B.V.,2018,BDO
02045649,De Haan Groep B.V.,2019,BDO
23028213,De Haan Minerale Oliën B.V.,2017,BDO
23028213,De Haan Minerale Oliën B.V.,2018,BDO
23028213,De Haan Minerale Oliën B.V.,2019,BDO
23028213,De Haan Minerale Oliën B.V.,2020,BDO
23028213,De Haan Minerale Oliën B.V.,2022,BDO
23028213,De Haan Minerale Oliën B.V.,2023,BDO
23028213,De Haan Minerale Oliën B.V.,2024,BDO
59350709,De Haan Tankstations B.V.,2020,BDO
59350709,De Haan Tankstations B.V.,2022,BDO
59350709,De Haan Tankstations B.V.,2024,BDO
24226116,De Haas Beheer B.V.,2019,BDO
24226116,De Haas Beheer B.V.,2020,BDO
24226116,De Haas Beheer B.V.,2023,BDO
24201206,De Haas Maassluis B.V.,2023,BDO
30100650,De Hoogstraat Orthopedietechniek,2017,BDO
41149113,De Hoogstraat Revalidatie,2019,BDO
41149113,De Hoogstraat Revalidatie,2020,BDO
41149113,De Hoogstraat Revalidatie,2021,BDO
41149113,De Hoogstraat Revalidatie,2022,BDO
41149113,De Hoogstraat Revalidatie,2023,BDO
28078755,De Jong De Zilk Holding B.V.,2018,BDO
11019720,De Jong Zuurmond Beheer B.V.,2017,BDO
11019720,De Jong Zuurmond Beheer B.V.,2018,BDO
11019720,De Jong Zuurmond Beheer B.V.,2019,BDO
11019720,De Jong Zuurmond Beheer B.V.,2020,BDO
11019720,De Jong Zuurmond Beheer B.V.,2022,BDO
11019720,De Jong Zuurmond Beheer B.V.,2023,BDO
11019720,De Jong Zuurmond Beheer B.V.,2024,BDO
11013308,"De Jong Zuurmond Infrabeheer, Onderhoud & Services B.V.",2017,BDO
11013308,"De Jong Zuurmond Infrabeheer, Onderhoud & Services B.V.",2018,BDO
11013308,"De Jong Zuurmond Infrabeheer, Onderhoud & Services B.V.",2019,BDO
11013308,"De Jong Zuurmond Infrabeheer, Onderhoud & Services B.V.",2020,BDO
11013308,"De Jong Zuurmond Infrabeheer, Onderhoud & Services B.V.",2021,BDO
11013308,"De Jong Zuurmond Infrabeheer, Onderhoud & Services B.V.",2023,BDO
01061685,De Klokslag Engineering B.V.,2019,BDO
05076558,"De Mare, stichting openbaar basisonderwijs Salland",2018,BDO
34098938,De Meerlanden Holding N.V.,2017,BDO
52899241,De Meeuw Groep B.V.,2018,BDO
52899241,De Meeuw Groep B.V.,2019,BDO
17043738,De Meeuw Oirschot B.V.,2017,BDO
17043738,De Meeuw Oirschot B.V.,2018,BDO
17043738,De Meeuw Oirschot B.V.,2019,BDO
24120000,De Monchy International B.V.,2022,BDO
24120000,De Monchy International B.V.,2023,BDO
24120000,De Monchy International B.V.,2024,BDO
54826608,De Opgroei Praktijk B.V.,2018,BDO
54826608,De OpgroeiPraktijk,2019,BDO
54826608,De OpgroeiPraktijk,2020,BDO
78436958,de PI-scholen,2022,BDO
34069612,De Ree Holland B.V.,2017,BDO
34243714,De Reisspecialisten Groep B.V.,2017,BDO
39047970,"De Schoor, Welzijn in Almere",2018,BDO
39047970,"De Schoor, Welzijn in Almere",2019,BDO
28028654,de Sleutels,2018,BDO
28028654,de Sleutels,2019,BDO
28028654,de Sleutels,2020,BDO
28028654,de Sleutels,2021,BDO
28028654,de Sleutels,2022,BDO
28028654,de Sleutels,2023,BDO
69680647,de Vermeulen groep B.V.,2019,BDO
69680647,de Vermeulen groep B.V.,2020,BDO
69680647,de Vermeulen groep B.V.,2021,BDO
69680647,de Vermeulen groep B.V.,2022,BDO
69680647,de Vermeulen groep B.V.,2023,BDO
69680647,de Vermeulen groep B.V.,2024,BDO
69680647,de Vermeulen groep B.V.,2025,BDO
08181070,De Vier Gewesten B.V.,2018,BDO
08181070,De Vier Gewesten B.V.,2019,BDO
08181070,De Vier Gewesten B.V.,2020,BDO
41125094,De Vijverhof,2019,BDO
41125094,De Vijverhof,2020,BDO
17043680,De Wilde Eend B.V.,2017,BDO
17043680,De Wilde Eend B.V.,2018,BDO
17043680,De Wilde Eend B.V.,2019,BDO
17090818,De Wit Holding B.V.,2018,BDO
30070521,De Woningraat,2017,BDO
30070521,De Woningraat,2018,BDO
30070521,De Woningraat,2020,BDO
36004130,De Woonschakel,2018,BDO
36004130,De Woonschakel,2019,BDO
36004130,De Woonschakel,2020,BDO
36004130,De Woonschakel,2023,BDO
36004130,De Woonschakel,2024,BDO
02058791,"De Zijlen, locatie De Kade",2018,BDO
02058791,"De Zijlen, locatie De Kade",2019,BDO
02058791,"De Zijlen, locatie De Kade",2020,BDO
02058791,"De Zijlen, locatie De Kade",2021,BDO
02058791,"De Zijlen, locatie De Kade",2022,BDO
02058791,"De Zijlen, locatie De Kade",2024,BDO
02058791,"De Zijlen, locatie De Kade",2025,BDO
24362853,Deloitte Accountants,2020,BDO
24362853,Deloitte Accountants,2021,BDO
24362853,Deloitte Accountants,2022,BDO
24362853,Deloitte Accountants,2023,BDO
24362853,Deloitte Accountants,2024,BDO
24362853,Deloitte Accountants,2025,BDO
33259541,Deloitte Consultative Services B.V.,2020,BDO
33259541,Deloitte Consultative Services B.V.,2021,BDO
33259541,Deloitte Consultative Services B.V.,2022,BDO
33259541,Deloitte Consultative Services B.V.,2023,BDO
33259541,Deloitte Consultative Services B.V.,2025,BDO
24362849,Deloitte Financial Advisory B.V.,2020,BDO
24362849,Deloitte Financial Advisory B.V.,2021,BDO
24362849,Deloitte Financial Advisory B.V.,2023,BDO
40346342,Deloitte Holding B.V.,2020,BDO
40346342,Deloitte Holding B.V.,2021,BDO
40346342,Deloitte Holding B.V.,2022,BDO
40346342,Deloitte Holding B.V.,2023,BDO
40346342,Deloitte Holding B.V.,2024,BDO
40346342,Deloitte Holding B.V.,2025,BDO
50340158,Deloitte Risk Advisory B.V.,2020,BDO
50340158,Deloitte Risk Advisory B.V.,2021,BDO
50340158,Deloitte Risk Advisory B.V.,2022,BDO
50340158,Deloitte Risk Advisory B.V.,2023,BDO
24362840,Deloitte Tax & Legal B.V.,2020,BDO
24362840,Deloitte Tax & Legal B.V.,2021,BDO
24362840,Deloitte Tax & Legal B.V.,2022,BDO
24362840,Deloitte Tax & Legal B.V.,2023,BDO
24362840,Deloitte Tax & Legal B.V.,2024,BDO
24362840,Deloitte Tax & Legal B.V.,2025,BDO
70468753,Delta Harbour Operations B.V.,2018,BDO
70468753,Delta Harbour Operations B.V.,2019,BDO
62842269,Delta Oil Tanking B.V.,2018,BDO
62842269,Delta Oil Tanking B.V.,2019,BDO
62841610,Delta Oil Terminals B.V.,2018,BDO
62841610,Delta Oil Terminals B.V.,2019,BDO
24378358,Delta Wines B.V.,2017,BDO
74870882,Delta Wines Holding 2 B.V.,2019,BDO
74870882,Delta Wines Holding 2 B.V.,2020,BDO
63724049,Delta Wines Holding B.V.,2018,BDO
37079728,DeMaCo Holland B.V.,2017,BDO
37079728,Demaco Holland B.V.,2018,BDO
37079728,Demaco Holland B.V.,2019,BDO
06070325,Demcon Advanced Mechatronics B.V.,2017,BDO
08176480,Demcon Holding B.V.,2018,BDO
08176480,DEMCON holding B.V.,2019,BDO
08176480,DEMCON holding B.V.,2020,BDO
08176480,DEMCON holding B.V.,2021,BDO
08176480,DEMCON holding B.V.,2022,BDO
08176480,DEMCON holding B.V.,2023,BDO
08176480,DEMCON holding B.V.,2024,BDO
31031099,Demcon Production,2023,BDO
91417058,Den Heijer Groep B.V.,2024,BDO
34207824,Dentons Boekel N.V.,2017,BDO
34207824,Dentons Boekel N.V.,2018,BDO
63464101,Dept Holding B.V.,2017,BDO
63464101,Dept Holding B.V.,2018,BDO
63464101,Dept Holding B.V.,2019,BDO
09158596,Desch HC (Netherlands),2018,BDO
09158596,Desch HC (Netherlands),2019,BDO
09158596,Desch HC (Netherlands),2020,BDO
09158596,Desch HC (Netherlands),2022,BDO
09158596,Desch HC (Netherlands) B.V.,2017,BDO
01014708,Dewulf B.V.,2017,BDO
61601985,Dewulf Netherlands B.V.,2018,BDO
61601985,Dewulf Netherlands B.V.,2019,BDO
61601985,Dewulf Netherlands B.V.,2020,BDO
61601985,Dewulf Netherlands B.V.,2021,BDO
61601985,Dewulf Netherlands B.V.,2022,BDO
09140062,DFDS Distri Holding B.V.,2018,BDO
09140062,DFDS Distri Holding B.V.,2019,BDO
09140062,DFDS Distri Holding B.V.,2020,BDO
64984133,DFDS Expeditie Holding B.V.,2017,BDO
64984133,DFDS Expeditie Holding B.V.,2018,BDO
64984133,DFDS Expeditie Holding B.V.,2019,BDO
64984133,DFDS Expeditie Holding B.V.,2020,BDO
10148136,DFDS Logistics Nijmegen B.V.,2018,BDO
10148136,DFDS Logistics Nijmegen B.V.,2020,BDO
08035771,DFDS Logistics Winterswijk B.V.,2018,BDO
08035771,DFDS Logistics Winterswijk B.V.,2020,BDO
54290570,DFDS Property and Equipment B.V.,2019,BDO
54290570,DFDS Property and Equipment B.V.,2020,BDO
09101798,DFDS Property and Equipment Winterswijk B.V.,2018,BDO
62134426,DFI Food B.V.,2018,BDO
67047130,DGK Investments B.V.,2018,BDO
67047130,DGK Investments B.V.,2019,BDO
67047130,DGK Investments B.V.,2020,BDO
67047130,DGK Investments B.V.,2021,BDO
67047130,DGK Investments B.V.,2023,BDO
67047130,DGK Investments B.V.,2024,BDO
55172598,DGS Group B.V.,2018,BDO
55172598,DGS Group B.V.,2019,BDO
55172598,DGS Group B.V.,2020,BDO
17110306,DHI Group B.V.,2017,BDO
66557372,Diagnost-IQ B.V.,2020,BDO
66557372,Diagnost-IQ B.V.,2021,BDO
66557372,Diagnost-IQ B.V.,2022,BDO
41089470,Diagnostiek voor U,2025,BDO
57156417,Diagnovum,2017,BDO
57156417,Diagnovum,2020,BDO
54038111,Dienst Gezondheid & Jeugd Zuid-Holland Zuid,2018,BDO
54038111,Dienst Gezondheid & Jeugd Zuid-Holland Zuid,2019,BDO
54038111,Dienst Gezondheid & Jeugd Zuid-Holland Zuid,2020,BDO
54038111,Dienst Gezondheid & Jeugd Zuid-Holland Zuid,2022,BDO
54038111,Dienst Gezondheid & Jeugd Zuid-Holland Zuid,2023,BDO
54038111,Dienst Gezondheid & Jeugd Zuid-Holland Zuid,2025,BDO
32153484,"Dierenpark ""Amersfoort"" B.V.",2018,BDO
31036804,"Dierenpark ""Amersfoort"" Holding B.V.",2018,BDO
32153484,Dierenpark 'Amersfoort' B.V.,2017,BDO
27215173,Diesel Service West B.V.,2017,BDO
27215173,Diesel Service West B.V.,2019,BDO
27215173,Diesel Service West B.V.,2023,BDO
27215173,Diesel Service West B.V.,2024,BDO
12059835,Difylogica B.V.,2018,BDO
12059835,Difylogica B.V.,2019,BDO
63463180,Digital Agency Topholding B.V.,2018,BDO
34216838,Dillewijn Zwapak,2019,BDO
34216838,Dillewijn Zwapak,2020,BDO
34216838,Dillewijn Zwapak,2021,BDO
34216838,Dillewijn Zwapak B.V.,2017,BDO
34216838,Dillewijn Zwapak B.V.,2018,BDO
06063227,Dipasa Europe B.V.,2017,BDO
06063227,Dipasa Europe B.V.,2018,BDO
06063227,Dipasa Europe B.V.,2019,BDO
06063227,Dipasa Europe B.V.,2020,BDO
66630630,Distinct Solutions B.V.,2019,BDO
66630630,Distinct Solutions B.V.,2020,BDO
62453017,DJZ Groep B.V.,2018,BDO
62453017,DJZ Groep B.V.,2019,BDO
62453017,DJZ Groep B.V.,2020,BDO
62453017,DJZ Groep B.V.,2021,BDO
62453017,DJZ Groep B.V.,2022,BDO
62453017,DJZ Groep B.V.,2023,BDO
62453017,DJZ Groep B.V.,2024,BDO
62453017,DJZ Groep B.V.,2025,BDO
04054490,DLE Natura Uitvaartverzekeringen,2018,BDO
55426980,DM Exploitatie B.V.,2017,BDO
55426980,DM Exploitatie B.V.,2018,BDO
55426980,DM Exploitatie B.V.,2019,BDO
55426980,DM Exploitatie B.V.,2020,BDO
55426980,DM Exploitatie B.V.,2021,BDO
55426980,DM Exploitatie B.V.,2022,BDO
55426980,DM Exploitatie B.V.,2023,BDO
34025985,dnata B.V.,2025,BDO
35020494,Dobber Healthcare Leaflets B.V.,2019,BDO
35020494,Dobber Healthcare Leaflets B.V.,2020,BDO
35020494,Dobber Healthcare Leaflets B.V.,2023,BDO
33260693,Dobrido B.V.,2017,BDO
14080377,Doco Holding B.V.,2018,BDO
14080377,Doco Holding B.V.,2019,BDO
14080377,Doco Holding B.V.,2020,BDO
14080377,Doco Holding B.V.,2021,BDO
14034704,Doco International B.V.,2017,BDO
14034704,Doco International B.V.,2018,BDO
14034704,Doco International B.V.,2019,BDO
14034704,Doco International B.V.,2020,BDO
14034704,Doco International B.V.,2021,BDO
22048339,Doens Food Ingredients B.V.,2017,BDO
21000536,Doens Holding B.V.,2019,BDO
01142002,Dokter Drenthe B.V.,2024,BDO
01095356,Dokterswacht Friesland B.V.,2022,BDO
01095356,Dokterswacht Friesland B.V.,2023,BDO
01095356,Dokterswacht Friesland B.V.,2024,BDO
01095356,Dokterswacht Friesland B.V.,2025,BDO
54655587,Dokterszorg Friesland B.V.,2021,BDO
54655587,Dokterszorg Friesland B.V.,2022,BDO
54655587,Dokterszorg Friesland B.V.,2023,BDO
30177866,Dolmans Groep B.V.,2017,BDO
30177866,Dolmans Groep B.V.,2018,BDO
30177866,Dolmans Groep B.V.,2019,BDO
30177866,Dolmans Groep B.V.,2020,BDO
54760046,Dominus Vinum B.V.,2018,BDO
54760046,Dominus Vinum B.V.,2020,BDO
54760046,Dominus Vinum B.V.,2021,BDO
87658348,Dominus Vinum Groothandel B.V.,2022,BDO
34275530,Domus Magnus Holding B.V.,2017,BDO
34275530,Domus Valuas Holding B.V.,2018,BDO
34275530,Domus Valuas Holding B.V.,2019,BDO
34275530,Domus Valuas Holding B.V.,2020,BDO
34275530,Domus Valuas Holding B.V.,2021,BDO
34275530,Domus Valuas Holding B.V.,2022,BDO
34275530,Domus Valuas Holding B.V.,2023,BDO
67621902,Domus Valuas Zorg B.V.,2023,BDO
59110074,Dong Fang Precision (Netherland) Coöperatief U.A.,2019,BDO
24412411,Dossche Mills B.V.,2018,BDO
24412411,Dossche Mills B.V.,2020,BDO
24412411,Dossche Mills B.V.,2021,BDO
27106213,Dossche Mills Nederland B.V.,2017,BDO
27106213,Dossche Mills Nederland B.V.,2018,BDO
27106213,Dossche Mills Nederland B.V.,2019,BDO
27106213,Dossche Mills Nederland B.V.,2020,BDO
27106213,Dossche Mills Nederland B.V.,2021,BDO
54269881,Dr Kuypers Zorg B.V.,2024,BDO
54269881,Dr Kuypers Zorg B.V.,2025,BDO
37126969,Dr. Kuypers Kliniek B.V.,2025,BDO
20063405,Dr. W. Kolb Nederland B.V.,2019,BDO
20063405,Dr. W. Kolb Nederland B.V.,2020,BDO
20063405,Dr. W. Kolb Nederland B.V.,2021,BDO
20063405,Dr. W. Kolb Nederland B.V.,2022,BDO
20063405,Dr. W. Kolb Nederland B.V.,2023,BDO
20063405,Dr. W. Kolb Nederland B.V.,2024,BDO
01059117,Drait Vastgoed B.V.,2018,BDO
34199037,Draupnir Holding B.V.,2020,BDO
34199037,Draupnir Holding B.V.,2021,BDO
34199037,Draupnir Holding B.V.,2022,BDO
34199037,Draupnir Holding B.V.,2023,BDO
34199037,Draupnir Holding B.V.,2024,BDO
24483003,Drechtwerk Groen,2019,BDO
24483003,Drechtwerk Groen,2020,BDO
24483003,Drechtwerk Groen,2021,BDO
34062952,Dredging and Contracting Rotterdam B.V.,2017,BDO
34062952,Dredging and Contracting Rotterdam B.V.,2018,BDO
34062952,Dredging and Contracting Rotterdam B.V.,2019,BDO
17056737,Driessen Autolease B.V.,2017,BDO
78180139,Droomparken Holding B.V.,2020,BDO
68454627,Drug Discovery Services B.V.,2018,BDO
68454627,Drug Discovery Services B.V.,2019,BDO
68454627,Drug Discovery Services B.V.,2020,BDO
68454627,Drug Discovery Services B.V.,2021,BDO
72269499,DS Groep Holding B.V.,2020,BDO
81853572,DSV Finance B.V.,2022,BDO
81853572,DSV Finance B.V.,2024,BDO
28033764,Du Prie Bouw & Ontwikkeling B.V.,2017,BDO
28033764,Du Prie Bouw & Ontwikkeling B.V.,2018,BDO
28033764,Du Prie Bouw & Ontwikkeling B.V.,2020,BDO
28033764,Du Prie Bouw & Ontwikkeling B.V.,2023,BDO
28041134,Du Prie Holding II B.V.,2018,BDO
28041134,Du Prie Holding II B.V.,2019,BDO
28041134,Du Prie Holding II B.V.,2020,BDO
28041134,Du Prie Holding II B.V.,2022,BDO
28041134,Du Prie Holding II B.V.,2023,BDO
28041134,Du Prie Holding II B.V.,2024,BDO
77065387,Dubbelsteyn aan de Maas B.V.,2020,BDO
77065387,Dubbelsteyn aan de Maas B.V.,2022,BDO
23052708,Dubbelsteyn Numansdorp B.V.,2018,BDO
23052708,Dubbelsteyn Numansdorp B.V.,2019,BDO
23052708,Dubbelsteyn Numansdorp B.V.,2020,BDO
23052708,Dubbelsteyn Numansdorp B.V.,2021,BDO
24009186,Dusseldorp Rotterdam Noord,2020,BDO
24346406,Dusseldorp Rotterdam Zuid B.V.,2018,BDO
24346406,Dusseldorp Rotterdam Zuid B.V.,2019,BDO
24346406,Dusseldorp Rotterdam Zuid B.V.,2020,BDO
67794610,Dutch Chocolate and Bakery Company B.V.,2021,BDO
23081306,Dutch Dredging,2020,BDO
23081306,Dutch Dredging,2023,BDO
23081306,Dutch Dredging,2024,BDO
08139788,Dutch Environment Corporation B.V.,2018,BDO
08139788,Dutch Environment Corporation B.V.,2019,BDO
08139788,Dutch Environment Corporation B.V.,2020,BDO
08139788,Dutch Environment Corporation B.V.,2021,BDO
08139788,Dutch Environment Corporation B.V.,2022,BDO
08139788,Dutch Environment Corporation B.V.,2023,BDO
08139788,Dutch Environment Corporation B.V.,2024,BDO
84387548,Dutch Insurance Group B.V.,2024,BDO
08151411,Dutch OC Coöperatief Invest U.A.,2018,BDO
08151411,Dutch OC Coöperatief Invest U.A.,2020,BDO
08151411,Dutch OC Coöperatief Invest U.A.,2021,BDO
68921233,DVDS B.V.,2020,BDO
68921233,DVDS B.V.,2021,BDO
68921233,DVDS B.V.,2022,BDO
68921233,DVDS B.V.,2023,BDO
08069593,DVG Holding B.V.,2018,BDO
08069593,DVG Holding B.V.,2019,BDO
08069593,DVG Holding B.V.,2020,BDO
61341509,Dynamo Retail Group B.V.,2020,BDO
61341509,Dynamo Retail Group B.V.,2021,BDO
61341509,Dynamo Retail Group B.V.,2022,BDO
61341509,Dynamo Retail Group B.V.,2023,BDO
61341509,Dynamo Retail Group B.V.,2024,BDO
61341509,Dynamo Retail Group B.V.,2025,BDO
20014982,E & M Beheer B.V.,2019,BDO
20014982,E & M Beheer B.V.,2020,BDO
20014982,E & M Beheer B.V.,2022,BDO
80348637,E&S winkels B.V.,2023,BDO
80348637,E&S winkels B.V.,2024,BDO
33158894,E. & A. Scheer B.V.,2019,BDO
33158894,E. & A. Scheer B.V.,2020,BDO
33158894,E. & A. Scheer B.V.,2021,BDO
33158894,E. & A. Scheer B.V.,2022,BDO
33158894,E. & A. Scheer B.V.,2023,BDO
73878219,E. & A. Scheer Group Holding B.V.,2019,BDO
73878219,E. & A. Scheer Group Holding B.V.,2020,BDO
73878219,E. & A. Scheer Group Holding B.V.,2021,BDO
73878219,E. & A. Scheer Group Holding B.V.,2022,BDO
73878219,E. & A. Scheer Group Holding B.V.,2023,BDO
52926192,E.C.S. Electronics B.V.,2017,BDO
52926192,E.C.S. Electronics B.V.,2018,BDO
52926192,E.C.S. Electronics B.V.,2019,BDO
52926192,E.C.S. Electronics B.V.,2020,BDO
52926192,E.C.S. Electronics B.V.,2021,BDO
52926192,E.C.S. Electronics B.V.,2022,BDO
52926192,E.C.S. Electronics B.V.,2023,BDO
52926192,E.C.S. Electronics B.V.,2024,BDO
52926192,E.C.S. Electronics B.V.,2025,BDO
18025255,E.K.S. Holding B.V.,2018,BDO
18025255,E.K.S. Holding B.V.,2019,BDO
18025255,E.K.S. Holding B.V.,2020,BDO
18025255,E.K.S. Holding B.V.,2021,BDO
30106873,E.M. Treur Beheer B.V.,2017,BDO
30106873,E.M. Treur Beheer B.V.,2018,BDO
30088127,E.M. Treur en Zn. B.V.,2017,BDO
30087964,E.U.J.C. Holding B.V.,2017,BDO
30087964,E.U.J.C. Holding B.V.,2018,BDO
30087964,E.U.J.C. Holding B.V.,2019,BDO
30087964,E.U.J.C. Holding B.V.,2020,BDO
30087964,E.U.J.C. Holding B.V.,2021,BDO
30087964,E.U.J.C. Holding B.V.,2022,BDO
30087964,E.U.J.C. Holding B.V.,2023,BDO
30065915,Eager.one B.V.,2021,BDO
86701703,Eagle HoldCo B.V.,2022,BDO
37086898,East-West International B.V.,2018,BDO
08008796,EBO van den Bor B.V.,2018,BDO
08008796,EBO van den Bor B.V.,2019,BDO
34073689,ECI Software Solutions Nederland B.V.,2020,BDO
18028521,Eco Ketelservice Verhuur B.V.,2019,BDO
18028521,Eco Ketelservice Verhuur B.V.,2020,BDO
41239214,Ecomare,2018,BDO
41239214,Ecomare,2021,BDO
41239214,Ecomare,2022,BDO
41239214,Ecomare,2023,BDO
41239214,Ecomare,2024,BDO
30111108,Econocom International B.V.,2017,BDO
30111108,Econocom International B.V.,2018,BDO
30111108,Econocom International B.V.,2019,BDO
30111108,Econocom International B.V.,2024,BDO
33236790,Ecore,2019,BDO
33236790,Ecore,2020,BDO
53769007,Ectron Ventures B.V.,2018,BDO
53769007,Ectron Ventures B.V.,2020,BDO
37127767,ECW Elektra,2020,BDO
37127767,ECW Elektra,2022,BDO
37127767,ECW Elektra,2023,BDO
56518757,ECW Geo Middenmeer,2022,BDO
56518757,ECW Geo Middenmeer,2023,BDO
37124727,ECW Netwerk,2019,BDO
37124727,ECW Netwerk,2020,BDO
37124727,ECW Netwerk,2021,BDO
37124727,ECW Netwerk,2022,BDO
37124727,ECW Netwerk,2023,BDO
37124727,ECW Netwerk,2024,BDO
37124727,ECW Netwerk B.V.,2018,BDO
33273830,Edelcactus Beheer B.V.,2017,BDO
33273830,Edelcactus Beheer B.V.,2018,BDO
33278786,Eden Hotel Exploitatie B.V.,2017,BDO
33278786,Eden Hotel Exploitatie B.V.,2019,BDO
33278786,Eden Hotel Exploitatie B.V.,2022,BDO
34262192,Eden Hotel Group B.V.,2018,BDO
34262192,Eden Hotel Group B.V.,2019,BDO
34262192,Eden Hotel Group B.V.,2020,BDO
30163350,Edwards Lifesciences B.V.,2023,BDO
30163350,Edwards Lifesciences B.V.,2024,BDO
67956556,Eemspoort B.V.,2018,BDO
33267447,EF Education B.V.,2022,BDO
33267447,EF Education B.V.,2024,BDO
17056737,Efdé Brabant B.V.,2018,BDO
17054019,Efdé Groep B.V.,2018,BDO
17054019,Efdé Groep B.V.,2019,BDO
33232562,Egon Zehnder International B.V.,2017,BDO
33232562,Egon Zehnder International B.V.,2018,BDO
33232562,Egon Zehnder International B.V.,2019,BDO
33232562,Egon Zehnder International B.V.,2022,BDO
33232562,Egon Zehnder International B.V.,2023,BDO
33232562,Egon Zehnder International B.V.,2024,BDO
08011363,Eijerkamp Holding B.V.,2018,BDO
08011363,Eijerkamp Holding B.V.,2019,BDO
08011363,Eijerkamp Holding B.V.,2020,BDO
08011363,Eijerkamp Holding B.V.,2021,BDO
08011363,Eijerkamp Holding B.V.,2022,BDO
08011363,Eijerkamp Holding B.V.,2023,BDO
08011363,Eijerkamp Holding B.V.,2024,BDO
08042756,Eijerkamp Zutphen B.V.,2017,BDO
08042756,Eijerkamp Zutphen B.V.,2018,BDO
08042756,Eijerkamp Zutphen B.V.,2019,BDO
08042756,Eijerkamp Zutphen B.V.,2020,BDO
08042756,Eijerkamp Zutphen B.V.,2021,BDO
08042756,Eijerkamp Zutphen B.V.,2022,BDO
08042756,Eijerkamp Zutphen B.V.,2023,BDO
08042756,Eijerkamp Zutphen B.V.,2024,BDO
62151517,Eisenhower Kliniek,2024,BDO
62151517,Eisenhower Kliniek,2025,BDO
61393800,Elcee Group B.V.,2025,BDO
91126517,ELCEE Holding B.V.,2025,BDO
68136951,Elchais Holdings B.V.,2020,BDO
68136951,Elchais Holdings B.V.,2021,BDO
68136951,Elchais Holdings B.V.,2023,BDO
68136951,Elchais Holdings B.V.,2024,BDO
17236169,Electude Beheer B.V.,2022,BDO
17236169,Electude Beheer B.V.,2023,BDO
89905105,Elevator Bidco B.V.,2024,BDO
01031575,Elkien,2022,BDO
01031575,Elkien,2023,BDO
01031575,Elkien,2024,BDO
01031575,Elkien,2025,BDO
24172079,Ellesco Holding B.V.,2018,BDO
24172079,Ellesco Holding B.V.,2019,BDO
24172079,Ellesco Holding B.V.,2020,BDO
24172079,Ellesco Holding B.V.,2022,BDO
24172079,Ellesco Holding B.V.,2023,BDO
04022574,Elton,2019,BDO
04022574,Elton,2021,BDO
04022574,Elton,2022,BDO
04022574,Elton B.V.,2018,BDO
04016730,Elton Beheer B.V.,2018,BDO
04016730,Elton Beheer B.V.,2019,BDO
04016730,Elton Beheer B.V.,2020,BDO
04016730,Elton Beheer B.V.,2021,BDO
04016730,Elton Beheer B.V.,2022,BDO
59649518,Elver,2019,BDO
59649518,Elver,2020,BDO
59649518,Elver,2021,BDO
80102093,Embrace the Future B.V.,2023,BDO
80102093,Embrace the Future B.V.,2024,BDO
20016275,Embregts Autodiensten B.V.,2017,BDO
20016275,Embregts Autodiensten B.V.,2019,BDO
20016275,Embregts Autodiensten B.V.,2020,BDO
20147368,Emiel de Jong B.V.,2017,BDO
20147368,Emiel de Jong B.V.,2018,BDO
20147368,Emiel de Jong B.V.,2019,BDO
20147368,Emiel de Jong B.V.,2020,BDO
20147368,Emiel de Jong B.V.,2022,BDO
20147368,Emiel de Jong B.V.,2023,BDO
20147368,Emiel de Jong B.V.,2024,BDO
64498034,EMS Maritime Services B.V.,2018,BDO
64498034,EMS Maritime Services B.V.,2020,BDO
64498034,EMS Maritime Services B.V.,2021,BDO
64498034,EMS Maritime Services B.V.,2022,BDO
64498034,EMS Maritime Services B.V.,2023,BDO
64498034,EMS Maritime Services B.V.,2024,BDO
75545217,Emsere Holding B.V.,2021,BDO
75545217,Emsere Holding B.V.,2024,BDO
17120290,Emtelle Holdings B.V.,2019,BDO
17120290,Emtelle Holdings B.V.,2020,BDO
17120290,Emtelle Holdings B.V.,2021,BDO
17120290,Emtelle Holdings B.V.,2024,BDO
34228397,Enable U,2021,BDO
34228397,Enable U,2022,BDO
34228397,Enable U,2023,BDO
32085302,EnBW International Finance,2019,BDO
32085302,EnBW International Finance,2020,BDO
32085302,EnBW International Finance,2021,BDO
32085302,EnBW International Finance,2022,BDO
32085302,EnBW International Finance,2023,BDO
32085302,EnBW International Finance,2024,BDO
32085302,EnBW International Finance B.V.,2017,BDO
32085302,EnBW International Finance B.V.,2018,BDO
30087715,Engel Benelux B.V.,2024,BDO
33271541,English One B.V.,2019,BDO
56517823,Ennatuurlijk Aardwarmte Holding B.V.,2022,BDO
56517823,Ennatuurlijk Aardwarmte Holding B.V.,2023,BDO
76765024,Enora Media Holding B.V.,2019,BDO
76765024,Enora Media Holding B.V.,2020,BDO
20010542,Envases B.V.,2017,BDO
37101568,Enviem Holding B.V.,2022,BDO
37101568,Enviem Holding B.V.,2023,BDO
37101568,Enviem Holding B.V.,2024,BDO
37101568,Enviem Holding B.V.,2025,BDO
08017418,Enviem Retail Holding B.V.,2024,BDO
33304225,Envipco Holding N.V.,2024,BDO
33304225,Envipco Holding N.V.,2025,BDO
74893947,EP Topholding B.V.,2021,BDO
74893947,EP Topholding B.V.,2022,BDO
62382535,epp GGZ B.V.,2018,BDO
62382535,epp GGZ B.V.,2021,BDO
62382535,epp GGZ B.V.,2022,BDO
59917016,EPP Kind en Jeugd B.V.,2018,BDO
59917016,EPP Kind en Jeugd B.V.,2019,BDO
59917016,EPP Kind en Jeugd B.V.,2020,BDO
59917016,EPP Kind en Jeugd B.V.,2021,BDO
64965945,EPP N.V.,2024,BDO
63979918,Epplejeck B.V.,2018,BDO
63979918,Epplejeck B.V.,2019,BDO
63979918,Epplejeck B.V.,2020,BDO
63979705,Epplejeck Branches B.V.,2020,BDO
64395529,Equipe Zorgbedrijven TopCo B.V.,2018,BDO
64395529,Equipe Zorgbedrijven TopCo B.V.,2019,BDO
64395529,Equipe Zorgbedrijven TopCo B.V.,2020,BDO
64395529,Equipe Zorgbedrijven TopCo B.V.,2021,BDO
34072305,ER Capital N.V.,2019,BDO
34072305,ER Capital N.V.,2020,BDO
34072305,ER Capital N.V.,2021,BDO
24123869,Erdo B.V.,2017,BDO
24123869,Erdo B.V.,2018,BDO
34316153,ERED Netherlands II B.V.,2019,BDO
56443935,Ermelosche Psychologenpraktijk B.V.,2017,BDO
56443935,Ermelosche Psychologenpraktijk B.V.,2020,BDO
56443935,Ermelosche Psychologenpraktijk B.V.,2021,BDO
24334354,Ernst & Young Actuarissen B.V.,2017,BDO
24334354,Ernst & Young Actuarissen B.V.,2019,BDO
24334354,Ernst & Young Actuarissen B.V.,2021,BDO
24432942,Ernst & Young Nederland LLP,2017,BDO
24432942,Ernst & Young Nederland LLP,2018,BDO
24432942,Ernst & Young Nederland LLP,2019,BDO
24432942,Ernst & Young Nederland LLP,2020,BDO
24432942,Ernst & Young Nederland LLP,2021,BDO
10002804,EromesMarko B.V.,2024,BDO
60854995,ESA B.V.,2017,BDO
60854995,ESA B.V.,2018,BDO
60854995,ESA B.V.,2019,BDO
60854995,ESA B.V.,2020,BDO
60854995,ESA B.V.,2021,BDO
60854995,ESA B.V.,2022,BDO
60854995,ESA B.V.,2023,BDO
75283824,ESA Holding B.V.,2019,BDO
75283824,ESA Holding B.V.,2020,BDO
75283824,ESA Holding B.V.,2021,BDO
30077683,ESAB Nederland B.V.,2018,BDO
30077683,ESAB Nederland B.V.,2019,BDO
30077683,ESAB Nederland B.V.,2020,BDO
30077683,ESAB Nederland B.V.,2022,BDO
30077683,ESAB Nederland B.V.,2023,BDO
30077683,ESAB Nederland B.V.,2024,BDO
51756048,Eteck Energie Bedrijven B.V.,2019,BDO
51756048,Eteck Energie Bedrijven B.V.,2020,BDO
51756048,Eteck Energie Bedrijven B.V.,2021,BDO
51756048,Eteck Energie Bedrijven B.V.,2022,BDO
51756048,Eteck Energie Bedrijven B.V.,2023,BDO
51756048,Eteck Energie Bedrijven B.V.,2024,BDO
51756048,Eteck Energie Bedrijven B.V.,2025,BDO
51756935,Eteck Energie Techniek B.V.,2021,BDO
51756935,Eteck Energie Techniek B.V.,2022,BDO
51756935,Eteck Energie Techniek B.V.,2023,BDO
58336818,Eteck Warmte Holding B.V.,2022,BDO
58336818,Eteck Warmte Holding B.V.,2023,BDO
35016173,EtroHuipen B.V.,2020,BDO
35016173,EtroHuipen B.V.,2021,BDO
35016173,EtroHuipen B.V.,2022,BDO
35016173,EtroHuipen B.V.,2023,BDO
35016173,EtroHuipen B.V.,2024,BDO
35016173,EtroHuipen B.V.,2025,BDO
30206952,Eurail.Com B.V.,2017,BDO
08116257,Euro Planit B.V.,2018,BDO
08116257,Euro Planit B.V.,2019,BDO
08116257,Euro Planit B.V.,2020,BDO
08116257,Euro Planit B.V.,2021,BDO
04057969,Eurocept Clinics,2023,BDO
69564884,Eurocept Homecare Holding B.V.,2018,BDO
69564884,Eurocept Homecare Holding B.V.,2019,BDO
69564884,Eurocept Homecare Holding B.V.,2020,BDO
69564884,Eurocept Homecare Holding B.V.,2022,BDO
69564884,Eurocept Homecare Holding B.V.,2023,BDO
69564884,Eurocept Homecare Holding B.V.,2024,BDO
28088811,Eurofins BioPharma Product Testing Leiden B.V.,2018,BDO
22049463,Eurofins Lab Zeeuws-Vlaanderen (LZV) B.V.,2020,BDO
28029398,Eurofins LCPL B.V.,2017,BDO
28029398,Eurofins LCPL B.V.,2018,BDO
68334311,Euroma Holding B.V.,2018,BDO
68334311,Euroma Holding B.V.,2019,BDO
68334311,Euroma Holding B.V.,2020,BDO
68334311,Euroma Holding B.V.,2021,BDO
68334311,Euroma Holding B.V.,2022,BDO
68334311,Euroma Holding B.V.,2023,BDO
12044283,Europa Apotheek Venlo,2018,BDO
12044283,Europa Apotheek Venlo B.V.,2017,BDO
74592769,EuroParcs Holding B.V.,2021,BDO
74901184,EuroParcs Topholding B.V.,2021,BDO
74901184,EuroParcs Topholding B.V.,2022,BDO
17076718,Europe Metals B.V.,2017,BDO
17076718,Europe Metals B.V.,2018,BDO
17076718,Europe Metals B.V.,2019,BDO
24384473,European Engineering Activities B.V.,2018,BDO
80768474,European Life Science Venture Coöperatief U.A.,2022,BDO
80768474,European Life Science Venture Coöperatief U.A.,2024,BDO
08104592,Europrofessionals Oost B.V.,2019,BDO
08104592,Europrofessionals Oost B.V.,2020,BDO
08104592,Europrofessionals Oost B.V.,2021,BDO
08104592,Europrofessionals Oost B.V.,2022,BDO
28065760,Eurosec Holding B.V.,2018,BDO
28065760,Eurosec Holding B.V.,2019,BDO
20078607,EuroTec B.V.,2017,BDO
20078607,EuroTec B.V.,2019,BDO
20078607,EuroTec B.V.,2022,BDO
20078606,EuroTec Beheer B.V.,2017,BDO
20078606,EuroTec Beheer B.V.,2021,BDO
01161115,EVENTIM Holding Benelux B.V.,2018,BDO
54093929,Events Travel B.V.,2023,BDO
54093929,Events Travel B.V.,2024,BDO
54093929,Events Travel B.V.,2025,BDO
68774435,Everest TopCo B.V.,2018,BDO
68774435,Everest TopCo B.V.,2019,BDO
68774435,Everest TopCo B.V.,2020,BDO
68774435,Everest TopCo B.V.,2021,BDO
68774435,Everest TopCo B.V.,2022,BDO
68774435,Everest TopCo B.V.,2023,BDO
68774435,Everest TopCo B.V.,2024,BDO
70126313,Eversheds Sutherland (Netherlands) B.V.,2019,BDO
70126313,Eversheds Sutherland (Netherlands) B.V.,2020,BDO
70126313,Eversheds Sutherland (Netherlands) B.V.,2021,BDO
27259635,evofenedex B.V.,2017,BDO
27259635,evofenedex B.V.,2018,BDO
18029531,EVS Netherlands B.V.,2018,BDO
18029531,EVS Netherlands B.V.,2019,BDO
63206900,EWART AMSTERDAM B.V.,2024,BDO
67238408,EWART PRAGUE B.V.,2024,BDO
41189888,eX:plain,2020,BDO
41189888,eX:plain,2021,BDO
41189888,eX:plain,2022,BDO
41189888,eX:plain,2023,BDO
41189888,eX:plain,2024,BDO
41189888,eX:plain,2025,BDO
90451473,Excellence Logging Netherlands B.V.,2023,BDO
17114253,Exertis Benelux B.V. in liquidatie,2019,BDO
74645889,Exertis Benelux Holding B.V.,2023,BDO
74645889,Exertis Benelux Holding B.V. in liquidatie,2020,BDO
74645889,Exertis Benelux Holding B.V. in liquidatie,2021,BDO
74645889,Exertis Benelux Holding B.V. in liquidatie,2022,BDO
20088316,Exintra B.V.,2018,BDO
73606006,Exite Holding B.V.,2019,BDO
73606006,Exite Holding B.V.,2020,BDO
52926303,Exota B.V.,2018,BDO
34087992,Expeditors International B.V.,2018,BDO
34087992,Expeditors International B.V.,2019,BDO
34087992,Expeditors International B.V.,2020,BDO
34087992,Expeditors International B.V.,2021,BDO
34087992,Expeditors International B.V.,2022,BDO
34087992,Expeditors International B.V.,2024,BDO
08018064,Expert Holding B.V.,2018,BDO
08018064,Expert Holding B.V.,2020,BDO
08018064,Expert Holding B.V.,2022,BDO
08018064,Expert Holding B.V.,2024,BDO
14024409,Exploitatiemaatschappij Meulenberg Urmond B.V.,2017,BDO
84362588,Exporter TopCo B.V.,2022,BDO
68946554,EY GDS Holdings Coöperatief U.A.,2018,BDO
68946554,EY GDS Holdings Coöperatief U.A.,2019,BDO
68946554,EY GDS Holdings Coöperatief U.A.,2021,BDO
68946554,EY GDS Holdings Coöperatief U.A.,2023,BDO
68946554,EY GDS Holdings Coöperatief U.A.,2024,BDO
68946554,EY GDS Holdings Coöperatief U.A.,2025,BDO
30110235,EY VODW B.V.,2021,BDO
58273867,EY-Parthenon B.V.,2020,BDO
58273867,EY-Parthenon B.V.,2022,BDO
02068137,Eyescan Groningen B.V.,2019,BDO
02068137,Eyescan Groningen B.V.,2020,BDO
02068137,Eyescan Groningen B.V.,2021,BDO
24329169,EYGI B.V.,2018,BDO
24329169,EYGI B.V.,2019,BDO
24329169,EYGI B.V.,2020,BDO
24329169,EYGI B.V.,2021,BDO
24329169,EYGI B.V.,2023,BDO
24329169,EYGI B.V.,2024,BDO
24329169,EYGI B.V.,2025,BDO
09046576,Faber Electronics B.V.,2018,BDO
09046576,Faber Electronics B.V.,2019,BDO
09046576,Faber Electronics B.V.,2021,BDO
81468253,Faber Holding B.V.,2021,BDO
77888677,Fabory Holding B.V.,2022,BDO
77888677,Fabory Holding B.V.,2023,BDO
77888677,Fabory Holding B.V.,2024,BDO
77888677,Fabory Holding B.V.,2025,BDO
14056404,Facilitairbedrijf Rd4,2017,BDO
14056404,Facilitairbedrijf Rd4,2018,BDO
14056404,Facilitairbedrijf Rd4,2019,BDO
14056404,Facilitairbedrijf Rd4,2020,BDO
14056404,Facilitairbedrijf Rd4,2022,BDO
04013460,Fair Furniture Group,2024,BDO
30081492,Fardem Packaging B.V.,2017,BDO
30081492,Fardem Packaging B.V.,2018,BDO
30081492,Fardem Packaging B.V.,2019,BDO
30081492,Fardem Packaging B.V.,2020,BDO
30081492,Fardem Packaging B.V.,2021,BDO
30081492,Fardem Packaging B.V.,2022,BDO
30081492,Fardem Packaging B.V.,2023,BDO
30081492,Fardem Packaging B.V.,2025,BDO
54606179,Fastned B.V.,2023,BDO
54606179,Fastned B.V.,2024,BDO
54606179,Fastned B.V.,2025,BDO
08089456,FC Twente '65 B.V.,2019,BDO
08089456,FC Twente '65 B.V.,2020,BDO
08089456,FC Twente '65 B.V.,2021,BDO
08089456,FC Twente '65 B.V.,2022,BDO
08089456,FC Twente '65 B.V.,2023,BDO
08089456,FC Twente '65 B.V.,2024,BDO
08089456,FC Twente '65 B.V.,2025,BDO
30102497,FeedValid B.V.,2025,BDO
98300822,Fellow TopCo B.V.,2025,BDO
18089069,Ferrostaal Piping Supply B.V.,2017,BDO
69004439,FFM 5 Funders 2 B.V.,2020,BDO
69004439,FFM 5 Funders 2 B.V.,2023,BDO
69004439,FFM 5 Funders 2 B.V.,2024,BDO
69086532,FFM 5 Funders 2a B.V.,2020,BDO
69086532,FFM 5 Funders 2a B.V.,2023,BDO
69086532,FFM 5 Funders 2a B.V.,2024,BDO
68756623,FFM 5 Funders B.V.,2020,BDO
68756623,FFM 5 Funders B.V.,2023,BDO
68756623,FFM 5 Funders B.V.,2024,BDO
75547422,FFM 6 Funders Coöperatief U.A.,2020,BDO
75547422,FFM 6 Funders Coöperatief U.A.,2023,BDO
75547422,FFM 6 Funders Coöperatief U.A.,2024,BDO
82599157,FFM 7 Funders Coöperatief U.A.,2022,BDO
82599157,FFM 7 Funders Coöperatief U.A.,2024,BDO
01105732,Fiber-Line Holding B.V.,2019,BDO
01105732,Fiber-Line Holding B.V.,2020,BDO
01105731,Fiber-Line International B.V.,2017,BDO
01105731,Fiber-Line International B.V.,2020,BDO
01105731,Fiber-Line International B.V.,2021,BDO
41000503,Fier,2025,BDO
58887539,Fietsvoordeelshop.nl B.V.,2020,BDO
58887539,Fietsvoordeelshop.nl B.V.,2021,BDO
58887539,Fietsvoordeelshop.nl B.V.,2022,BDO
81075995,FIFLOG B.V.,2021,BDO
64847268,First Impression Audiovisual B.V.,2019,BDO
64847268,First Impression Audiovisual B.V.,2020,BDO
64847268,First Impression Audiovisual B.V.,2021,BDO
64847268,First Impression Audiovisual B.V.,2022,BDO
64847268,First Impression Audiovisual B.V.,2023,BDO
64847268,First Impression Audiovisual B.V.,2024,BDO
23032525,Fitus B.V.,2019,BDO
23032525,Fitus B.V.,2020,BDO
23032525,Fitus B.V.,2023,BDO
23032525,Fitus B.V.,2024,BDO
24251858,Fjallraven B.V.,2023,BDO
61713724,Flatfield Holding B.V.,2018,BDO
61713724,Flatfield Holding B.V.,2019,BDO
11020020,Flatfield multi print International B.V.,2017,BDO
34347120,Fleura-Metz Holding B.V.,2019,BDO
34347120,Fleura-Metz Holding B.V.,2020,BDO
34347120,Fleura-Metz Holding B.V.,2021,BDO
34347120,Fleura-Metz Holding B.V.,2022,BDO
34347120,Fleura-Metz Holding B.V.,2023,BDO
34347120,Fleura-Metz Holding B.V.,2024,BDO
34347120,FleuraMetz Holding B.V.,2017,BDO
34347120,FleuraMetz Holding B.V.,2018,BDO
34305673,Flevohuis,2019,BDO
34305673,Flevohuis,2020,BDO
34305673,Flevohuis,2021,BDO
50027492,Fluidmaster Netherlands B.V.,2018,BDO
50027492,Fluidmaster Netherlands B.V.,2019,BDO
80255825,FM Group Holding B.V.,2022,BDO
80255825,FM Group Holding B.V.,2023,BDO
80255825,FM Group Holding B.V.,2024,BDO
80255825,FM Group Holding B.V.,2025,BDO
40124985,FNO,2018,BDO
40124985,FNO,2021,BDO
40124985,FNO,2023,BDO
40124985,FNO,2025,BDO
67476597,Fonq Groep B.V.,2019,BDO
67476597,Fonq Groep B.V.,2020,BDO
67476597,Fonq Groep B.V.,2021,BDO
67476597,Fonq Groep B.V.,2022,BDO
67476597,Fonq Groep B.V.,2023,BDO
67476597,Fonq Groep B.V.,2024,BDO
30193631,Fonq.nl B.V.,2019,BDO
30193631,Fonq.nl B.V.,2020,BDO
30193631,Fonq.nl B.V.,2021,BDO
30193631,Fonq.nl B.V.,2022,BDO
30193631,Fonq.nl B.V.,2023,BDO
30193631,Fonq.nl B.V.,2024,BDO
41179006,Football Club Utrecht B.V.,2017,BDO
41179006,Football Club Utrecht B.V.,2018,BDO
41179006,Football Club Utrecht B.V.,2019,BDO
41179006,Football Club Utrecht B.V.,2020,BDO
41179006,Football Club Utrecht B.V.,2021,BDO
35000233,Forbo Flooring B.V.,2022,BDO
35000233,Forbo Flooring B.V.,2023,BDO
35000233,Forbo Flooring B.V.,2024,BDO
31021260,Forbo NL Holding B.V.,2022,BDO
31021260,Forbo NL Holding B.V.,2023,BDO
31021260,Forbo NL Holding B.V.,2024,BDO
71872515,Ford Credit,2022,BDO
05085240,Foresco Beheer B.V.,2018,BDO
02334612,Foresco Musselkanaal B.V.,2018,BDO
69392005,Forma (Netherlands) I B.V.,2018,BDO
69392005,Forma (Netherlands) I B.V.,2019,BDO
69392005,Forma (Netherlands) I B.V.,2020,BDO
69392005,Forma (Netherlands) I B.V.,2021,BDO
69392005,Forma (Netherlands) I B.V.,2023,BDO
69418616,Forma (Netherlands) II B.V.,2018,BDO
69418616,Forma (Netherlands) II B.V.,2019,BDO
69418616,Forma (Netherlands) II B.V.,2020,BDO
69418616,Forma (Netherlands) II B.V.,2023,BDO
69885036,Forma (Netherlands) IV Coöperatief U.A.,2020,BDO
69885036,Forma (Netherlands) IV Coöperatief U.A.,2021,BDO
69885036,Forma (Netherlands) IV Coöperatief U.A.,2022,BDO
69884803,Forma (Netherlands) V Coöperatief U.A.,2018,BDO
69884803,Forma (Netherlands) V Coöperatief U.A.,2020,BDO
69884803,Forma (Netherlands) V Coöperatief U.A.,2021,BDO
69884803,Forma (Netherlands) V Coöperatief U.A.,2023,BDO
72311576,Forma (Netherlands) VI Coöperatief U.A.,2019,BDO
72311576,Forma (Netherlands) VI Coöperatief U.A.,2020,BDO
74314297,Forma (Netherlands) VII B.V.,2019,BDO
74314297,Forma (Netherlands) VII B.V.,2020,BDO
83143475,Forma (Netherlands) XI B.V.,2021,BDO
02049778,Formatec B.V.,2018,BDO
02049778,Formatec B.V.,2019,BDO
02049778,Formatec B.V.,2020,BDO
02049778,Formatec B.V.,2021,BDO
02049778,Formatec B.V.,2022,BDO
02049778,Formatec B.V.,2023,BDO
02049778,Formatec B.V.,2024,BDO
02049778,Formatec B.V.,2025,BDO
66256933,Formupgrade B.V.,2025,BDO
01123587,Forum Groningen / Groninger Forum / Forum Bibliotheek / Forum Bioscoop,2018,BDO
64779017,Forza Group B.V.,2018,BDO
64779017,Forza Group B.V.,2019,BDO
64779017,Forza Group B.V.,2020,BDO
64779017,Forza Group B.V.,2021,BDO
63330164,Forza Refurbished B.V.,2020,BDO
27195269,Fosroc Investment Holdings B.V.,2020,BDO
27195269,Fosroc Investment Holdings B.V.,2022,BDO
27301624,Fox-IT B.V.,2017,BDO
27301624,Fox-IT B.V.,2018,BDO
27301623,Fox-IT Holding B.V.,2018,BDO
86593277,Frapak Holding B.V.,2024,BDO
08058224,Frapak Packaging B.V.,2024,BDO
34275308,Free Agencies Holding B.V.,2018,BDO
02044274,Freia Holding B.V.,2018,BDO
02044274,Freia Holding B.V.,2019,BDO
17090793,Frencken Europe B.V.,2018,BDO
17090793,Frencken Europe B.V.,2019,BDO
17090793,Frencken Europe B.V.,2020,BDO
17090793,Frencken Europe B.V.,2021,BDO
17090793,Frencken Europe B.V.,2022,BDO
05067463,Frion,2020,BDO
05067463,Frion,2021,BDO
05067463,Frion,2022,BDO
05067463,Frion,2023,BDO
05067463,Frion,2024,BDO
30217641,FRISS fraudebestrijding B.V.,2018,BDO
30217641,FRISS fraudebestrijding B.V.,2019,BDO
30217641,FRISS fraudebestrijding B.V.,2020,BDO
30217641,FRISS fraudebestrijding B.V.,2021,BDO
30217641,FRISS fraudebestrijding B.V.,2022,BDO
30217641,FRISS fraudebestrijding B.V.,2023,BDO
30217641,FRISS fraudebestrijding B.V.,2024,BDO
01037800,Fritom holding b.v.,2017,BDO
01037800,Fritom Holding B.V.,2018,BDO
01037800,Fritom Holding B.V.,2019,BDO
01037800,Fritom Holding B.V.,2020,BDO
01037800,Fritom Holding B.V.,2022,BDO
24482823,Fruitful Ventures B.V.,2020,BDO
86072935,FS NL Hotels Group B.V.,2024,BDO
33161062,FSMC NL Property Group B.V.,2018,BDO
33161062,FSMC NL Property Group B.V.,2019,BDO
33161062,FSMC NL Property Group B.V.,2020,BDO
33161062,FSMC NL Property Group B.V.,2021,BDO
33161062,FSMC NL Property Group B.V.,2022,BDO
33161062,FSMC NL Property Group B.V.,2023,BDO
20040567,FUJIFILM IMAGING PRODUCTS & SOLUTIONS B.V.,2019,BDO
28073705,Funcom,2019,BDO
28073705,FUNCOM N.V.,2018,BDO
17170863,Future Cleaning Technologies B.V.,2018,BDO
17170863,Future Cleaning Technologies B.V.,2019,BDO
17170863,Future Cleaning Technologies B.V.,2020,BDO
17170863,Future Cleaning Technologies B.V.,2021,BDO
17170863,Future Cleaning Technologies B.V.,2022,BDO
57515433,Futureproof Group B.V.,2024,BDO
71857699,Futureproof Group Holding B.V.,2024,BDO
71857699,Futureproof Group Holding B.V.,2025,BDO
59597623,Fysiotherapie Blokland & Vrouenraets,2025,BDO
64575020,Fysiotherapie Galecop Ron van Leeuwen B.V.,2024,BDO
85100838,Fysiotherapie Kesteren,2023,BDO
13013722,G & F Holding B.V.,2017,BDO
13013722,G & F Holding B.V.,2018,BDO
13013722,G & F Holding B.V.,2019,BDO
54607469,G. Bosman Transport Nisse B.V.,2020,BDO
54607469,G. Bosman Transport Nisse B.V.,2021,BDO
54607469,G. Bosman Transport Nisse B.V.,2023,BDO
54607469,G. Bosman Transport Nisse B.V.,2024,BDO
36049121,G.A.M. Bakker Beheer II B.V.,2020,BDO
36049121,G.A.M. Bakker Beheer II B.V.,2021,BDO
36049121,G.A.M. Bakker Beheer II B.V.,2022,BDO
36049121,G.A.M. Bakker Beheer II B.V.,2023,BDO
29029472,G.M. Goedhart Beheer B.V.,2018,BDO
29029472,G.M. Goedhart Beheer B.V.,2019,BDO
02328458,G.P.R. Scholte Holding B.V.,2017,BDO
08072568,G.W. Lubbers Beheer B.V.,2017,BDO
34284465,Gadelius B.V.,2018,BDO
34284465,Gadelius B.V.,2020,BDO
34284465,Gadelius B.V.,2021,BDO
34284465,Gadelius B.V.,2022,BDO
34284465,Gadelius B.V.,2023,BDO
34284465,Gadelius B.V.,2024,BDO
74770691,Galapagos Biopharma Netherlands B.V.,2023,BDO
17146077,GameHouse Europe B.V.,2020,BDO
01006868,Garage Rinsma Berlikum B.V.,2019,BDO
01006868,Garage Rinsma Berlikum B.V.,2020,BDO
01006868,Garage Rinsma Berlikum B.V.,2023,BDO
33225009,GarantiBank International N.V.,2021,BDO
84235888,Garden BidCo B.V.,2022,BDO
84235888,Garden BidCo B.V.,2023,BDO
41055407,Gasthuis Millingen,2023,BDO
57848831,GE Power Netherlands B.V.,2022,BDO
24456118,Geboortecentrum Sophia Holding B.V.,2024,BDO
28009183,Gebr. Bodegraven B.V.,2022,BDO
28009183,Gebr. Bodegraven B.V.,2023,BDO
28009183,Gebr. Bodegraven B.V.,2024,BDO
36010562,Gebr. Kok B.V.,2019,BDO
36010562,Gebr. Kok B.V.,2020,BDO
08021451,Gecombineerde Pluimvee Slachterijen (G.P.S.) B.V.,2017,BDO
08021451,Gecombineerde Pluimvee Slachterijen (G.P.S.) B.V.,2018,BDO
13022182,Geevers Auto Parts B.V.,2017,BDO
34218904,Geha Beheer B.V.,2018,BDO
34218904,Geha Beheer B.V.,2020,BDO
34218904,Geha Beheer B.V.,2022,BDO
34218904,Geha Beheer B.V.,2023,BDO
34218904,Geha Beheer B.V.,2024,BDO
35022313,Geha Laverman B.V.,2017,BDO
35022313,Geha Laverman B.V.,2018,BDO
35022313,Geha Laverman B.V.,2019,BDO
35022313,Geha Laverman B.V.,2020,BDO
35022313,Geha Laverman B.V.,2021,BDO
35022313,Geha Laverman B.V.,2022,BDO
35022313,Geha Laverman B.V.,2023,BDO
35022313,Geha Laverman B.V.,2024,BDO
22052861,Geluk Onderhoud B.V.,2023,BDO
85835145,Geluk Participatie B.V.,2023,BDO
67379818,Gemeenschappelijke Regeling Eemkracht,2021,BDO
67379818,Gemeenschappelijke Regeling Eemkracht,2022,BDO
51370247,Gemeenschappelijke Regeling Samenwerkingsverband afvalstoffenverwijdering Oost- en Zuidoost Groningen,2023,BDO
52618196,Gemeenschappelijke Regeling Sociaal,2019,BDO
52618196,Gemeenschappelijke Regeling Sociaal,2025,BDO
59229381,Gemeenschappelijke regeling Veiligheidsregio Groningen,2018,BDO
59229381,Gemeenschappelijke regeling Veiligheidsregio Groningen,2019,BDO
50788590,Gemeente Assen,2019,BDO
50788590,Gemeente Assen,2020,BDO
50788590,Gemeente Assen,2021,BDO
50788590,Gemeente Assen,2022,BDO
50788590,Gemeente Assen,2023,BDO
50788590,Gemeente Assen,2024,BDO
50475266,Gemeente Bernheze,2020,BDO
50475266,Gemeente Bernheze,2021,BDO
50475266,Gemeente Bernheze,2022,BDO
50475266,Gemeente Bernheze,2023,BDO
52505545,Gemeente Bodegraven-Reeuwijk,2022,BDO
52505545,Gemeente Bodegraven-Reeuwijk,2023,BDO
32165160,Gemeente Bunschoten,2020,BDO
34374815,Gemeente Diemen,2023,BDO
34374815,Gemeente Diemen,2024,BDO
81425570,Gemeente Eemsdelta,2022,BDO
01181973,Gemeente Emmen,2019,BDO
01181973,Gemeente Emmen,2020,BDO
01181973,Gemeente Emmen,2021,BDO
17272690,Gemeente Goirle,2022,BDO
64935345,Gemeente Gooise Meren,2020,BDO
64935345,Gemeente Gooise Meren,2021,BDO
51200570,Gemeente Hardinxveld-Giessendam,2018,BDO
51200570,Gemeente Hardinxveld-Giessendam,2019,BDO
08221859,Gemeente Hellendoorn,2018,BDO
08221859,Gemeente Hellendoorn,2019,BDO
08221859,Gemeente Hellendoorn,2020,BDO
08221859,Gemeente Hellendoorn,2021,BDO
08221859,Gemeente Hellendoorn,2022,BDO
08221859,Gemeente Hellendoorn,2023,BDO
08221859,Gemeente Hellendoorn,2024,BDO
17278565,Gemeente Heusden,2024,BDO
62251686,Gemeente Krimpenerwaard,2023,BDO
62251686,Gemeente Krimpenerwaard,2024,BDO
52925811,Gemeente Maasgouw,2018,BDO
37159672,Gemeente Medemblik,2021,BDO
37159672,Gemeente Medemblik,2022,BDO
01178692,Gemeente Meppel,2019,BDO
01178692,Gemeente Meppel,2020,BDO
01178692,Gemeente Meppel,2021,BDO
01182848,Gemeente Midden-Drenthe,2022,BDO
52395413,Gemeente Nederweert,2023,BDO
52395413,Gemeente Nederweert,2024,BDO
32165156,Gemeente Nijkerk,2018,BDO
01176290,Gemeente Oldambt,2021,BDO
01176290,Gemeente Oldambt,2024,BDO
34359313,Gemeente Ouder-Amstel,2023,BDO
37162503,Gemeente Purmerend,2023,BDO
24488726,Gemeente Sliedrecht,2021,BDO
32163787,Gemeente Soest,2021,BDO
32163787,Gemeente Soest,2022,BDO
01169424,Gemeente Stadskanaal,2019,BDO
01169292,Gemeente Tynaarlo,2019,BDO
01169292,Gemeente Tynaarlo,2021,BDO
34371711,Gemeente Uithoorn,2023,BDO
34371711,Gemeente Uithoorn,2024,BDO
51853876,Gemeente Zundert,2021,BDO
24490491,Gemeente Zwijndrecht - gemeentehuis,2019,BDO
30282562,Gemeentehuis,2018,BDO
30282562,Gemeentehuis,2019,BDO
30282562,Gemeentehuis,2021,BDO
30282562,Gemeentehuis,2023,BDO
30282562,Gemeentehuis,2024,BDO
08215340,Gemeentehuis Dalfsen,2019,BDO
08215340,Gemeentehuis Dalfsen,2020,BDO
08215340,Gemeentehuis Dalfsen,2021,BDO
08215340,Gemeentehuis Dalfsen,2022,BDO
08215340,Gemeentehuis Dalfsen,2023,BDO
20164410,Gemeentehuis Drimmelen,2018,BDO
34368749,Gemeentehuis Heemskerk,2022,BDO
34368749,Gemeentehuis Heemskerk,2024,BDO
32167695,Gemeentehuis Leusden,2020,BDO
01173391,Gemeentehuis Noordenveld,2022,BDO
24483621,Gemeentehuis Papendrecht,2020,BDO
50166727,gemeentekantoor Alphen-Chaam,2022,BDO
50166727,gemeentekantoor Alphen-Chaam,2024,BDO
34277157,GenM Hotels B.V.,2020,BDO
14073665,Geonius Groep B.V.,2017,BDO
14073665,Geonius Groep B.V.,2018,BDO
14073672,Geonius Infra B.V.,2017,BDO
28103930,Geva Sol B.V.,2017,BDO
22047368,Gezondheidscentrum,2020,BDO
22047368,Gezondheidscentrum,2021,BDO
22047368,Gezondheidscentrum,2022,BDO
74853627,GGN Coöperatief U.A.,2019,BDO
74853627,GGN Coöperatief U.A.,2023,BDO
74853627,GGN Coöperatief U.A.,2024,BDO
74853627,GGN Coöperatief U.A.,2025,BDO
17240971,GGN Mastering Credit B.V.,2020,BDO
17240971,GGN Mastering Credit B.V.,2021,BDO
17240971,GGN Mastering Credit B.V.,2022,BDO
17240971,GGN Mastering Credit B.V.,2023,BDO
17240971,GGN Mastering Credit B.V.,2024,BDO
17240971,GGN Mastering Credit B.V.,2025,BDO
67498620,GGZ Oostelijk Zuid Limburg B.V.,2025,BDO
69006970,GGZ Santana B.V.,2018,BDO
69006970,GGZ Santana B.V.,2019,BDO
23064631,Gilden Holding B.V.,2017,bdo
23064631,Gilden Holding B.V.,2018,BDO
23064631,Gilden Holding B.V.,2020,BDO
23064631,Gilden Holding B.V.,2021,BDO
23064631,Gilden Holding B.V.,2022,BDO
23064631,Gilden Holding B.V.,2023,BDO
23064631,Gilden Holding B.V.,2024,BDO
76526305,Givaudan Finance Europe B.V.,2023,BDO
60908181,GKB Nederland B.V.,2023,BDO
94892903,Global Circular Solutions Bidco B.V.,2024,BDO
94892903,Global Circular Solutions Bidco B.V.,2025,BDO
94878676,Global Circular Solutions MidCo B.V.,2024,BDO
94878676,Global Circular Solutions MidCo B.V.,2025,BDO
30134193,Global Knowledge Holdings B.V.,2019,BDO
30145761,Global Knowledge Network Netherlands B.V.,2017,BDO
30145761,Global Knowledge Network Netherlands B.V.,2018,BDO
30145761,Global Knowledge Network Netherlands B.V.,2019,BDO
30145761,Global Knowledge Network Netherlands B.V.,2020,BDO
30145761,Global Knowledge Network Netherlands B.V.,2021,BDO
30145761,Global Knowledge Network Netherlands B.V.,2023,BDO
51551829,Global Power Netherlands B.V.,2017,BDO
01068625,Global-c Holding B.V.,2021,BDO
01068625,Global-c Holding B.V.,2022,BDO
01068625,Global-c Holding B.V.,2023,BDO
01068625,Global-c Holding B.V.,2024,BDO
37123711,Global-C Nederland B.V.,2020,BDO
37123711,Global-C Nederland B.V.,2022,BDO
62233831,GLVW Holding B.V.,2018,BDO
62233831,GLVW Holding B.V.,2019,BDO
62233831,GLVW Holding B.V.,2020,BDO
62233831,GLVW Holding B.V.,2023,BDO
57198764,GM-Construction B.V.,2017,BDO
57198764,GM-Construction B.V.,2019,BDO
57198764,GM-Construction B.V.,2020,BDO
11020684,GMB BioEnergie Zutphen B.V.,2018,BDO
11020684,GMB BioEnergie Zutphen B.V.,2022,BDO
11044227,GMB Civiel B.V.,2018,BDO
11044227,GMB Civiel B.V.,2019,BDO
11044227,GMB Civiel B.V.,2020,BDO
11044227,GMB Civiel B.V.,2021,BDO
11044227,GMB Civiel B.V.,2022,BDO
11048247,GMB Holding B.V.,2018,BDO
11048247,GMB Holding B.V.,2019,BDO
11048247,GMB Holding B.V.,2020,BDO
11048247,GMB Holding B.V.,2021,BDO
11048247,GMB Holding B.V.,2022,BDO
11048247,GMB Holding B.V.,2023,BDO
11048247,GMB Holding B.V.,2024,BDO
05033131,GMB Leidingtechnieken B.V.,2018,BDO
11026859,GMB Services B.V.,2018,BDO
11026859,GMB Services B.V.,2020,BDO
11026859,GMB Services B.V.,2022,BDO
11026859,GMB Services B.V.,2025,BDO
58466517,GMCS NL B.V.,2019,BDO
58466517,GMCS NL B.V.,2022,BDO
58466517,GMCS NL B.V.,2023,BDO
11013072,Go-Tan B.V.,2017,BDO
11013072,Go-Tan B.V.,2021,BDO
11013072,Go-Tan B.V.,2022,BDO
11013072,Go-Tan B.V.,2023,BDO
11013072,Go-Tan B.V.,2024,BDO
11056337,Go-Tan Beheer B.V.,2021,BDO
11056337,Go-Tan Beheer B.V.,2022,BDO
11056337,Go-Tan Beheer B.V.,2023,BDO
11056337,Go-Tan Beheer B.V.,2024,BDO
29036461,Goedhart Motoren B.V.,2017,BDO
29036461,Goedhart Motoren B.V.,2018,BDO
29036461,Goedhart Motoren B.V.,2019,BDO
29036461,Goedhart Motoren B.V.,2020,BDO
73018546,Goedhart Motoren Beheer B.V.,2019,BDO
73018546,Goedhart Motoren Beheer B.V.,2020,BDO
81176821,Golkro & Company B.V.,2021,BDO
81176821,Golkro & Company B.V.,2022,BDO
81176821,Golkro & Company B.V.,2024,BDO
81176821,Golkro & Company B.V.,2025,BDO
08148088,Goorse Apotheek B.V.,2024,BDO
08124077,Goos B.V.,2018,BDO
08124077,Goos B.V.,2019,BDO
08124077,Goos B.V.,2021,BDO
08223262,Graavast B.V.,2018,BDO
08223262,Graavast B.V.,2019,BDO
01093004,Grain Plastics B.V.,2020,BDO
01093004,Grain Plastics B.V.,2021,BDO
01093004,Grain Plastics B.V.,2022,BDO
01093004,Grain Plastics B.V.,2023,BDO
28105565,Grant Thornton Audit en Assurance B.V.,2018,BDO
28105565,Grant Thornton Audit en Assurance B.V.,2019,BDO
28105565,Grant Thornton Audit en Assurance B.V.,2020,BDO
28105565,Grant Thornton Audit en Assurance B.V.,2021,BDO
28105565,Grant Thornton Audit en Assurance B.V.,2022,BDO
17000409,Granville B.V.,2018,BDO
17000409,Granville B.V.,2019,BDO
17000409,Granville B.V.,2020,BDO
17000409,Granville B.V.,2021,BDO
17000409,Granville B.V.,2022,BDO
17000409,Granville B.V.,2023,BDO
17000409,Granville B.V.,2024,BDO
17000409,Granville B.V.,2025,BDO
28115592,Green Center Vastgoed B.V.,2017,BDO
28115592,Green Center Vastgoed B.V.,2018,BDO
20109589,GreenChem Holding B.V.,2018,BDO
20109589,GreenChem Holding B.V.,2019,BDO
20109589,GreenChem Holding B.V.,2020,BDO
20109589,GreenChem Holding B.V.,2021,BDO
20109589,GreenChem Holding B.V.,2022,BDO
20109589,GreenChem Holding B.V.,2023,BDO
20109589,GreenChem Holding B.V.,2024,BDO
66791456,GreensGlobal B.V.,2018,BDO
06082441,Grensland 80-85 Holding B.V.,2017,BDO
76922979,gro-up Holding B.V.,2020,BDO
76922979,gro-up Holding B.V.,2022,BDO
76922979,gro-up Holding B.V.,2024,BDO
76922979,gro-up Holding B.V.,2025,BDO
24426565,gro-up Jeugdhulp B.V.,2018,BDO
24426565,gro-up Jeugdhulp B.V.,2019,BDO
24426565,gro-up Jeugdhulp B.V.,2020,BDO
24426565,gro-up Jeugdhulp B.V.,2021,BDO
24426565,gro-up Jeugdhulp B.V.,2022,BDO
24426565,gro-up Jeugdhulp B.V.,2023,BDO
24426565,gro-up Jeugdhulp B.V.,2024,BDO
24426565,gro-up Jeugdhulp B.V.,2025,BDO
41135920,gro-up Kinderopvang B.V.,2018,BDO
41135920,gro-up Kinderopvang B.V.,2020,BDO
41135920,gro-up Kinderopvang B.V.,2022,BDO
41135920,gro-up Kinderopvang B.V.,2023,BDO
41135920,gro-up Kinderopvang B.V.,2024,BDO
41135920,gro-up Kinderopvang B.V.,2025,BDO
24331721,gro-up Kraamzorg B.V.,2018,BDO
24331721,gro-up Kraamzorg B.V.,2019,BDO
24331721,gro-up Kraamzorg B.V.,2020,BDO
24331721,gro-up Kraamzorg B.V.,2021,BDO
24331721,gro-up Kraamzorg B.V.,2022,BDO
24331721,gro-up Kraamzorg B.V.,2024,BDO
24331721,gro-up Kraamzorg B.V.,2025,BDO
24343622,gro-up Staf en services B.V.,2022,BDO
24343622,gro-up Staf en services B.V.,2023,BDO
09222035,Groot Gelre Beheer B.V.,2017,BDO
09222035,Groot Gelre Beheer B.V.,2018,BDO
61180165,Grosvenor Place CLO 2015-1 B.V.,2018,BDO
89656393,GroundBirds B.V.,2024,BDO
89656393,GroundBirds B.V.,2025,BDO
20122425,Group a B.V.,2022,BDO
12044656,Grow Group B.V.,2018,BDO
61002836,Großstadt B.V.,2019,BDO
61002836,Großstadt B.V.,2020,BDO
61002836,Großstadt B.V.,2021,BDO
61002836,Großstadt B.V.,2022,BDO
61002836,Großstadt B.V.,2023,BDO
28105563,GT Holding B.V.,2018,BDO
28105563,GT Holding B.V.,2019,BDO
28105563,GT Holding B.V.,2020,BDO
28105563,GT Holding B.V.,2021,BDO
28105563,GT Holding B.V.,2022,BDO
60989971,Gudire Holding B.V.,2022,BDO
60989971,Gudire Holding B.V.,2023,BDO
54711746,GumGum Netherlands B.V.,2019,BDO
24472581,GVFI Europe B.V.,2022,BDO
53579771,Gynmedical B.V.,2017,BDO
53579771,Gynmedical B.V.,2018,BDO
53579771,Gynmedical B.V.,2019,BDO
53579771,Gynmedical B.V.,2020,BDO
53579771,Gynmedical B.V.,2021,BDO
62834525,Gévier B.V.,2019,BDO
62834525,Gévier B.V.,2020,BDO
62834525,Gévier B.V.,2023,BDO
53047761,H&B Grondstoffen B.V.,2018,BDO
53047761,H&B Grondstoffen B.V.,2019,BDO
53047761,H&B Grondstoffen B.V.,2020,BDO
53047761,H&B Grondstoffen B.V.,2022,BDO
53047761,H&B Grondstoffen B.V.,2023,BDO
53047761,H&B Grondstoffen B.V.,2024,BDO
01060122,H. Rinsma Beheer B.V.,2018,BDO
01060122,H. Rinsma Beheer B.V.,2019,BDO
01060122,H. Rinsma Beheer B.V.,2020,BDO
01060122,H. Rinsma Beheer B.V.,2023,BDO
01060122,H. Rinsma Beheer B.V.,2024,BDO
17150085,H.C.F. de Haas Holding B.V.,2017,BDO
17150085,H.C.F. de Haas Holding B.V.,2018,BDO
56689470,H.J.A. Beheer B.V.,2017,BDO
56689470,H.J.A. Beheer B.V.,2019,BDO
56689470,H.J.A. Beheer B.V.,2020,BDO
56689470,H.J.A. Beheer B.V.,2021,BDO
56689470,H.J.A. Beheer B.V.,2023,BDO
08109513,H.W. Nugteren Interim Management & Coaching,2021,BDO
08109513,H.W. Nugteren Interim Management & Coaching,2022,BDO
23038008,Haan Oil Storage B.V.,2017,BDO
09188326,HaBa Beheer B.V.,2018,BDO
09188326,HaBa Beheer B.V.,2019,BDO
09188326,HaBa Beheer B.V.,2020,BDO
09188326,HaBa Beheer B.V.,2022,BDO
62139460,HaBa Holding B.V.,2018,BDO
62139460,HaBa Holding B.V.,2019,BDO
62139460,HaBa Holding B.V.,2020,BDO
62139460,HaBa Holding B.V.,2022,BDO
62139460,HaBa Holding B.V.,2023,BDO
52866289,Haba Trading B.V.,2017,BDO
52866289,Haba Trading B.V.,2018,BDO
52866289,Haba Trading B.V.,2019,BDO
52866289,Haba Trading B.V.,2020,BDO
52866289,Haba Trading B.V.,2021,BDO
52866289,Haba Trading B.V.,2022,BDO
52866289,Haba Trading B.V.,2023,BDO
83379428,Hagemans Participatie B.V.,2023,BDO
09076488,Hagemans Vastgoedonderhoud B.V.,2024,BDO
18114401,Hakkers,2018,BDO
34049105,HAL Allergy B.V.,2021,BDO
34049105,HAL Allergy B.V.,2022,BDO
34049105,HAL Allergy B.V.,2025,BDO
34064719,HAL Allergy Holding B.V.,2021,BDO
34064719,HAL Allergy Holding B.V.,2022,BDO
34064719,HAL Allergy Holding B.V.,2023,BDO
34064719,HAL Allergy Holding B.V.,2024,BDO
34064719,HAL Allergy Holding B.V.,2025,BDO
61758426,Halcyon Loan Advisors European Funding 2014 B.V.,2018,BDO
61758426,Halcyon Loan Advisors European Funding 2014 B.V.,2019,BDO
34253570,Halcyon Structured Asset Management European CLO 2007-I B.V.,2018,BDO
34253570,Halcyon Structured Asset Management European CLO 2007-I B.V.,2019,BDO
56645228,HALIX B.V.,2022,BDO
56645228,HALIX B.V.,2024,BDO
56645228,HALIX B.V.,2025,BDO
37142516,Hama B.V.,2017,BDO
37142516,Hama B.V.,2018,BDO
37142516,Hama B.V.,2019,BDO
37142516,Hama B.V.,2020,BDO
23054974,Hametha B.V.,2017,BDO
23054974,Hametha B.V.,2018,BDO
23054974,Hametha B.V.,2019,BDO
23054974,Hametha B.V.,2020,BDO
23054974,Hametha B.V.,2021,BDO
23054974,Hametha B.V.,2022,BDO
23054974,Hametha B.V.,2023,BDO
23054974,Hametha B.V.,2024,BDO
23054974,Hametha B.V.,2025,BDO
34070067,Hansgrohe B.V.,2018,BDO
34070067,Hansgrohe B.V.,2019,BDO
34070067,Hansgrohe B.V.,2020,BDO
34070067,Hansgrohe B.V.,2022,BDO
34070067,Hansgrohe B.V.,2023,BDO
32067248,Hanzevast capital N.V.,2017,BDO
32067248,Hanzevast capital N.V.,2018,BDO
34366923,Hardinge Holdings B.V.,2020,BDO
27227073,Harva International B.V.,2017,BDO
27227073,Harva International B.V.,2018,BDO
27227073,Harva International B.V.,2019,BDO
27227073,Harva International B.V.,2020,BDO
27227073,Harva International B.V.,2021,BDO
27227074,Harva Westland Beheer B.V.,2018,BDO
27227074,Harva Westland Beheer B.V.,2019,BDO
27227074,Harva Westland Beheer B.V.,2020,BDO
27227074,Harva Westland Beheer B.V.,2021,BDO
52758249,Hatenboer Neptunus Beheer B.V.,2018,BDO
52758249,Hatenboer Neptunus Beheer B.V.,2019,BDO
24278990,Hatenboer Neptunus Holding B.V.,2018,BDO
24278990,Hatenboer Neptunus Holding B.V.,2019,BDO
24153774,Hatenboer-Water B.V.,2018,BDO
24153774,Hatenboer-Water B.V.,2019,BDO
71287183,Havena B.V.,2019,BDO
57398879,Havenbedrijf Amsterdam N.V.,2021,BDO
57398879,Havenbedrijf Amsterdam N.V.,2022,BDO
57398879,Havenbedrijf Amsterdam N.V.,2023,BDO
57398879,Havenbedrijf Amsterdam N.V.,2024,BDO
57398879,Havenbedrijf Amsterdam N.V.,2025,BDO
67415938,Havenbedrijf Moerdijk N.V.,2020,BDO
67415938,Havenbedrijf Moerdijk N.V.,2022,BDO
67415938,Havenbedrijf Moerdijk N.V.,2024,BDO
67415938,Havenbedrijf Moerdijk N.V.,2025,BDO
18016742,Havep,2024,BDO
58110046,HE Tubing Netherlands B.V.,2017,BDO
58110046,HE Tubing Netherlands B.V.,2018,BDO
58110046,HE Tubing Netherlands B.V.,2020,BDO
38019224,HEDA Nederland B.V.,2017,BDO
61265098,Heelkunde Friesland,2024,BDO
61265098,Heelkunde Friesland,2025,BDO
28062709,Heembouw Holding B.V.,2018,BDO
28062709,Heembouw Holding B.V.,2019,BDO
28062709,Heembouw Holding B.V.,2020,BDO
28062709,Heembouw Holding B.V.,2021,BDO
28062709,Heembouw Holding B.V.,2022,BDO
28062709,Heembouw Holding B.V.,2023,BDO
28062709,Heembouw Holding B.V.,2024,BDO
28062709,Heembouw Holding B.V.,2025,BDO
95733825,Heemskerk Flowers Group B.V.,2024,BDO
18021203,Heerkens van Bavel Bouw B.V.,2017,BDO
18021203,Heerkens van Bavel Bouw B.V.,2018,BDO
18021203,Heerkens van Bavel Bouw B.V.,2019,BDO
33140698,Heitma Holding B.V.,2017,BDO
33140698,Heitma Holding B.V.,2018,BDO
33140698,Heitma Holding B.V.,2019,BDO
33140698,Heitma Holding B.V.,2020,BDO
33140698,Heitma Holding B.V.,2021,BDO
33140698,Heitma Holding B.V.,2022,BDO
33140698,Heitma Holding B.V.,2023,BDO
33140698,Heitma Holding B.V.,2024,BDO
37105117,Helder Vastgoed B.V.,2018,BDO
37105117,Helder Vastgoed B.V.,2020,BDO
37105117,Helder Vastgoed B.V.,2022,BDO
37105117,Helder Vastgoed B.V.,2023,BDO
09089628,Helmink Beheer B.V.,2017,BDO
09089628,Helmink Beheer B.V.,2018,BDO
09089628,Helmink Beheer B.V.,2019,BDO
09089628,Helmink Beheer B.V.,2023,BDO
13029510,Hendrix Genetics B.V.,2017,BDO
13029510,Hendrix Genetics B.V.,2018,BDO
13029510,Hendrix Genetics B.V.,2019,BDO
13029510,Hendrix Genetics B.V.,2020,BDO
13029510,Hendrix Genetics B.V.,2021,BDO
13029510,Hendrix Genetics B.V.,2022,BDO
13029510,Hendrix Genetics B.V.,2023,BDO
13029510,Hendrix Genetics B.V.,2024,BDO
13029510,Hendrix Genetics B.V.,2025,BDO
84515384,Hendrix Genetics Holding B.V.,2023,BDO
84515384,Hendrix Genetics Holding B.V.,2024,BDO
84515384,Hendrix Genetics Holding B.V.,2025,BDO
16073215,Henkelman B.V.,2018,BDO
16046843,Henkelman Beheer B.V.,2018,BDO
18117402,Henri B.V.,2017,BDO
39053828,Henry Schein Dental B.V.,2017,BDO
39053828,Henry Schein Dental B.V.,2018,BDO
39053828,Henry Schein Dental B.V.,2019,BDO
39053828,Henry Schein Dental B.V.,2020,BDO
39053828,Henry Schein Dental B.V.,2022,BDO
39053828,Henry Schein Dental B.V.,2023,BDO
39053828,Henry Schein Dental B.V.,2024,BDO
39053828,Henry Schein Dental B.V.,2025,BDO
32143623,Henry Schein European Finance B.V.,2017,BDO
32143623,Henry Schein European Finance B.V.,2019,BDO
32143623,Henry Schein European Finance B.V.,2020,BDO
30082267,Henry Schein European Holding B.V.,2021,BDO
24484286,HENS Vermogensbeheer B.V.,2017,BDO
16072955,Hercuton,2018,BDO
16072955,Hercuton,2019,BDO
16072955,Hercuton,2020,BDO
16072955,Hercuton,2021,BDO
16072955,Hercuton,2022,BDO
16072955,Hercuton,2023,BDO
16072955,Hercuton,2024,BDO
16072955,Hercuton,2025,BDO
16072955,Hercuton B.V.,2017,BDO
63832690,HERE International B.V.,2024,BDO
20105055,Heros Sluiskil B.V.,2017,BDO
20105055,Heros Sluiskil B.V.,2018,BDO
20105055,Heros Sluiskil B.V.,2019,BDO
20105055,Heros Sluiskil B.V.,2020,BDO
20105055,Heros Sluiskil B.V.,2021,BDO
20105055,Heros Sluiskil B.V.,2022,BDO
20105055,Heros Sluiskil B.V.,2023,BDO
20105055,Heros Sluiskil B.V.,2024,BDO
20105055,Heros Sluiskil B.V.,2025,BDO
41155766,Hersenstichting Nederland,2018,BDO
41155766,Hersenstichting Nederland,2019,BDO
41155766,Hersenstichting Nederland,2020,BDO
41155766,Hersenstichting Nederland,2021,BDO
41155766,Hersenstichting Nederland,2022,BDO
41155766,Hersenstichting Nederland,2023,BDO
41155766,Hersenstichting Nederland,2024,BDO
41125094,Hervormde Stichting Bejaardenzorg Capelle aan den IJssel,2018,BDO
16040316,Hesdo B.V.,2019,BDO
16040316,Hesdo B.V.,2020,BDO
16040316,Hesdo B.V.,2021,BDO
37099737,Hessing B.V.,2017,BDO
37099737,Hessing B.V.,2018,BDO
37099737,Hessing B.V.,2019,BDO
37099737,Hessing B.V.,2020,BDO
37099737,Hessing B.V.,2021,BDO
37099737,Hessing B.V.,2023,BDO
37099737,Hessing B.V.,2024,BDO
12034519,Hessing Belfeld B.V.,2023,BDO
28049536,Het Anker Beheer B.V.,2022,BDO
28049536,Het Anker Beheer B.V.,2023,BDO
28049536,Het Anker Beheer B.V.,2024,BDO
78127785,Hetomotoruth B.V.,2021,BDO
78127785,Hetomotoruth B.V.,2022,BDO
78127785,Hetomotoruth B.V.,2023,BDO
78127785,Hetomotoruth B.V.,2024,BDO
78127785,Hetomotoruth B.V.,2025,BDO
02330130,Heuvelman Ibis B.V.,2017,BDO
63838885,Heuvelman Ibis Holding B.V.,2018,BDO
17168095,Hezelaer Energy,2024,BDO
04033093,Hezias B.V.,2019,BDO
14058799,HFC Holding B.V.,2021,BDO
39063985,HG International B.V.,2023,BDO
37113012,Hibernia BWI B.V.,2018,BDO
66739160,Hilco Netherlands B.V.,2022,BDO
05028639,Hilding Anders Netherlands B.V.,2018,BDO
05028639,Hilding Anders Netherlands B.V.,2019,BDO
05028639,Hilding Anders Netherlands B.V.,2021,BDO
05028639,Hilding Anders Netherlands B.V.,2022,BDO
05028639,Hilding Anders Netherlands B.V.,2023,BDO
34154107,Hilfiger Stores B.V.,2018,BDO
34154107,Hilfiger Stores B.V.,2021,BDO
67382355,Hill Capital B.V.,2019,BDO
67382355,Hill Capital B.V.,2020,BDO
84955147,Hill FL 2022-1 B.V.,2022,BDO
84955147,Hill FL 2022-1 B.V.,2023,BDO
84955147,Hill FL 2022-1 B.V.,2024,BDO
70233675,Hillebrand B.V.,2020,BDO
70233675,Hillebrand B.V.,2021,BDO
32105047,HIN Zorg B.V.,2025,BDO
34245542,HKS Tiel B.V.,2018,BDO
34245542,HKS Tiel B.V.,2019,BDO
09050597,Hoco Parts,2018,BDO
18063431,Holding 24 B.V.,2018,BDO
18063431,Holding 24 B.V.,2019,BDO
18063431,Holding 24 B.V.,2020,BDO
18063431,Holding 24 B.V.,2021,BDO
18063431,Holding 24 B.V.,2022,BDO
18063431,Holding 24 B.V.,2023,BDO
17167921,Holding Hezelaer B.V.,2023,BDO
17167921,Holding Hezelaer B.V.,2024,BDO
17167921,Holding Hezelaer B.V.,2025,BDO
06050342,Holding Nieuwenhuis Rijssen B.V.,2017,BDO
06050342,Holding Nieuwenhuis Rijssen B.V.,2018,BDO
06050342,Holding Nieuwenhuis Rijssen B.V.,2019,BDO
06050342,Holding Nieuwenhuis Rijssen B.V.,2020,BDO
06050342,Holding Nieuwenhuis Rijssen B.V.,2021,BDO
72711124,Holding Plantise B.V.,2019,BDO
72711124,Holding Plantise B.V.,2020,BDO
72711124,Holding Plantise B.V.,2021,BDO
72711124,Holding Plantise B.V.,2022,BDO
33280000,Holding PricewaterhouseCoopers Nederland B.V.,2018,BDO
33280000,Holding PricewaterhouseCoopers Nederland B.V.,2019,BDO
33280000,Holding PricewaterhouseCoopers Nederland B.V.,2020,BDO
33280000,Holding PricewaterhouseCoopers Nederland B.V.,2021,BDO
33280000,Holding PricewaterhouseCoopers Nederland B.V.,2023,BDO
33280000,Holding PricewaterhouseCoopers Nederland B.V.,2024,BDO
33280000,Holding PricewaterhouseCoopers Nederland B.V.,2025,BDO
27126172,Holding Stokvis B.V.,2017,BDO
27126172,Holding Stokvis B.V.,2018,BDO
13043197,Holding Voergroep Zuid Voeders B.V.,2017,BDO
72366826,Holding West B.V.,2019,BDO
72366826,Holding West B.V.,2020,BDO
04033091,Holding Zias B.V.,2020,BDO
04033091,Holding Zias B.V.,2021,BDO
04033091,Holding Zias B.V.,2023,BDO
04033091,Holding Zias B.V.,2024,BDO
04033091,Holding Zias B.V.,2025,BDO
17214709,Holla N.V.,2020,BDO
17214709,Holla N.V.,2021,BDO
17214709,Holla N.V.,2022,BDO
17214709,Holla N.V.,2023,BDO
17214709,Holla Poelman Van Leeuwen Advocaten N.V.,2017,BDO
17214709,Holla Poelman Van Leeuwen Advocaten N.V.,2018,BDO
30194753,Holland Basis Fondsen,2018,BDO
27283738,Holland Groep Westland B.V.,2019,BDO
58653473,Holland Proton Therapy Centre,2025,BDO
17113572,Hollanddak B.V.,2017,BDO
17113572,Hollanddak B.V.,2019,BDO
17113572,Hollanddak B.V.,2020,BDO
17195956,Hollanddak Groep B.V.,2019,BDO
17195956,Hollanddak Groep B.V.,2020,BDO
34286046,Holmes Place Europe B.V.,2017,BDO
08128102,Homar B.V.,2017,BDO
08128102,Homar B.V.,2019,BDO
08128102,Homar B.V.,2020,BDO
08070950,Homar Vastgoed B.V.,2017,BDO
08070950,Homar Vastgoed B.V.,2018,BDO
08070950,Homar Vastgoed B.V.,2019,BDO
08070950,Homar Vastgoed B.V.,2020,BDO
86814729,Homerun Technologies B.V.,2023,BDO
86814729,Homerun Technologies B.V.,2024,BDO
41235528,Hoofdkantoor Stichting Kinderopvang Purmerend,2019,BDO
41235528,Hoofdkantoor Stichting Kinderopvang Purmerend,2020,BDO
41235528,Hoofdkantoor Stichting Kinderopvang Purmerend,2021,BDO
24237716,Hoofdman-Roodzant B.V.,2017,BDO
29037613,Hooftman Autobedrijf B.V.,2017,BDO
29037613,Hooftman Autobedrijf B.V.,2020,BDO
29037613,Hooftman Autobedrijf B.V.,2022,BDO
29037613,Hooftman Autobedrijf B.V.,2023,BDO
08099583,HOOG,2021,BDO
08099583,HOOG,2022,BDO
08099583,HOOG,2024,BDO
18034290,Hoppenbrouwers Techniek B.V.,2017,BDO
18034290,Hoppenbrouwers Techniek B.V.,2018,BDO
18034290,Hoppenbrouwers Techniek B.V.,2019,BDO
18034290,Hoppenbrouwers Techniek B.V.,2020,BDO
18034290,Hoppenbrouwers Techniek B.V.,2021,BDO
18034290,Hoppenbrouwers Techniek B.V.,2023,BDO
18034290,Hoppenbrouwers Techniek B.V.,2024,BDO
17150085,Hoppenbrouwers Techniek Holding B.V.,2019,BDO
17150085,Hoppenbrouwers Techniek Holding B.V.,2020,BDO
17150085,Hoppenbrouwers Techniek Holding B.V.,2023,BDO
17150085,Hoppenbrouwers Techniek Holding B.V.,2024,BDO
17150085,Hoppenbrouwers Techniek Holding B.V.,2025,BDO
09068062,Horedo Doetinchem B.V.,2017,BDO
09068062,Horedo Doetinchem B.V.,2018,BDO
09068062,Horedo Doetinchem B.V.,2019,BDO
09068062,Horedo Doetinchem B.V.,2020,BDO
09068062,Horedo Doetinchem B.V.,2022,BDO
09068062,Horedo Doetinchem B.V.,2023,BDO
09068062,Horedo Doetinchem B.V.,2024,BDO
09068062,Horedo Doetinchem B.V.,2025,BDO
61612782,Horizon Midden Brabant B.V.,2021,BDO
61612782,Horizon Midden Brabant B.V.,2023,BDO
33017446,Hoshino Europe B.V.,2021,BDO
33017446,Hoshino Europe B.V.,2023,BDO
27283030,Hot Bath B.V.,2019,BDO
27283030,Hot Bath B.V.,2020,BDO
27283030,Hot Bath B.V.,2021,BDO
27283030,Hot Bath B.V.,2022,BDO
27283030,Hot Bath B.V.,2024,BDO
18016253,Houdstermaatschappij T.G.F. B.V.,2018,BDO
18016253,Houdstermaatschappij T.G.F. B.V.,2019,BDO
18016253,Houdstermaatschappij T.G.F. B.V.,2020,BDO
18016253,Houdstermaatschappij T.G.F. B.V.,2022,BDO
18016253,Houdstermaatschappij T.G.F. B.V.,2023,BDO
18016253,Houdstermaatschappij T.G.F. B.V.,2024,BDO
34273766,Houdstermaatschappij Vitesse B.V.,2018,BDO
24282403,Houdstermij P. Mulder B.V.,2017,BDO
24282403,Houdstermij P. Mulder B.V.,2018,BDO
24282403,Houdstermij P. Mulder B.V.,2019,BDO
24282403,Houdstermij P. Mulder B.V.,2020,BDO
24282403,Houdstermij P. Mulder B.V.,2022,BDO
58882693,HousingAnywhere B.V.,2025,BDO
34216182,Houthoff Coöperatief U.A.,2017,BDO
34216182,Houthoff Coöperatief U.A.,2018,BDO
34216182,Houthoff Coöperatief U.A.,2019,BDO
34216182,Houthoff Coöperatief U.A.,2020,BDO
34216182,Houthoff Coöperatief U.A.,2021,BDO
34216182,Houthoff Coöperatief U.A.,2022,BDO
34216182,Houthoff Coöperatief U.A.,2023,BDO
34216182,Houthoff Coöperatief U.A.,2024,BDO
34216182,Houthoff Coöperatief U.A.,2025,BDO
09107206,Howden Thomassen Compressors B.V.,2017,BDO
09107206,Howden Thomassen Compressors B.V.,2018,BDO
80855571,HOYNG ROKH MONEGIER B.V.,2021,BDO
80855571,HOYNG ROKH MONEGIER B.V.,2022,BDO
81135149,HOYNG ROKH MONEGIER Coöperatief U.A.,2022,BDO
54416752,HR Via Care Holding B.V.,2020,BDO
54416752,HR Via Care Holding B.V.,2021,BDO
10148136,HSF Logistics Nijmegen B.V.,2017,BDO
08035771,HSF Logistics Winterswijk B.V.,2017,BDO
14088067,Huisartsen Chronische Zorg B.V.,2018,BDO
14088067,Huisartsen Chronische Zorg B.V.,2019,BDO
14088067,Huisartsen Chronische Zorg B.V.,2022,BDO
14088067,Huisartsen Chronische Zorg B.V.,2025,BDO
14092693,Huisartsen Diagnostisch en Behandel Centrum B.V.,2018,BDO
14092693,Huisartsen Diagnostisch en Behandel Centrum B.V.,2019,BDO
14092693,Huisartsen Diagnostisch en Behandel Centrum B.V.,2020,BDO
14092693,Huisartsen Diagnostisch en Behandel Centrum B.V.,2021,BDO
14083686,Huisartsen OZL Holding B.V.,2018,BDO
14083686,Huisartsen OZL Holding B.V.,2019,BDO
14083686,Huisartsen OZL Holding B.V.,2021,BDO
14083686,Huisartsen OZL Holding B.V.,2022,BDO
14083686,Huisartsen OZL Holding B.V.,2024,BDO
14083686,Huisartsen OZL Holding B.V.,2025,BDO
14061700,Huisartsen Spoedpost Oostelijk Zuid-Limburg,2022,BDO
57662967,Huisartsenpost de Gelderse Vallei B.V.,2024,BDO
24322945,Huisartsenpost Midden-Holland B.V.,2018,BDO
24322945,Huisartsenpost Midden-Holland B.V.,2019,BDO
24322945,Huisartsenpost Midden-Holland B.V.,2020,BDO
24342302,Huisartsenposten Rijnmond,2018,BDO
88571874,Huisartsenpraktijk A. Baelde B.V.,2023,BDO
81580452,Huisartsenpraktijk De Ligne,2024,BDO
81580452,Huisartsenpraktijk De Ligne,2025,BDO
09188499,Huisartsenpraktijk de Linie,2024,BDO
17269123,Huisartsenpraktijk de Ypelaer,2024,BDO
90726782,Huisartsenpraktijk Franken en Baaijens,2023,BDO
70372586,Huisartsenpraktijk Het Kompas,2023,BDO
27356959,Huisartsenpraktijk Prelude,2022,BDO
27356959,Huisartsenpraktijk Prelude,2024,BDO
91939682,Huisartsenpraktijk Robberstraat,2024,BDO
32152846,Huisartsenpraktijk Swifterbant,2024,BDO
32152846,Huisartsenpraktijk Swifterbant,2025,BDO
88111679,Huisartsenpraktijk Van Eerdenbrugh en Van den Broek,2023,BDO
08155584,Huisartsenzorg Twente B.V.,2025,BDO
24060882,Huisman Equipment B.V.,2023,BDO
24060882,Huisman Equipment B.V.,2024,BDO
10043384,Humphrey's Beheer B.V.,2019,BDO
10043384,Humphrey's Beheer B.V.,2020,BDO
09157071,Hunland Impex B.V.,2017,BDO
18031949,HvB Groep B.V.,2018,BDO
92703143,HVG Law B.V.,2025,BDO
93145829,HVG Law Coöperatief U.A.,2025,BDO
22044036,Hydrauvision Beheer B.V.,2018,BDO
22044036,Hydrauvision Beheer B.V.,2019,BDO
22044036,Hydrauvision Beheer B.V.,2020,BDO
59790970,Hypersolid Corporate B.V.,2018,BDO
59790970,Hypersolid Corporate B.V.,2019,BDO
59790970,Hypersolid Corporate B.V.,2020,BDO
81211201,Hypersolid Topco B.V.,2021,BDO
81211201,Hypersolid Topco B.V.,2022,BDO
81211201,Hypersolid Topco B.V.,2023,BDO
81211201,Hypersolid Topco B.V.,2024,BDO
81211201,Hypersolid Topco B.V.,2025,BDO
14077501,Hödlmayr Logistics Nederland B.V.,2021,BDO
71688633,i-team Global,2018,BDO
71688633,i-team Global,2019,BDO
71688633,i-team Global,2020,BDO
71688633,i-team Global,2021,BDO
71688633,i-team Global,2022,BDO
58299416,i-team Professional,2020,BDO
58299416,i-team Professional,2021,BDO
06068073,I.L.M. Participatie en Beheer B.V.,2018,BDO
17117248,I.P.S. B.V.,2019,BDO
24257892,I.R.F. Holding B.V.,2023,BDO
24257892,I.R.F. Holding B.V.,2024,BDO
17144998,ICS Groep B.V.,2017,BDO
17144998,ICS Groep B.V.,2018,BDO
17144998,ICS Groep B.V.,2019,BDO
17144998,ICS Groep B.V.,2020,BDO
17144998,ICS Groep B.V.,2021,BDO
17144998,ICS Groep B.V.,2022,BDO
17144998,ICS Groep B.V.,2023,BDO
32078189,ICT Concept B.V.,2021,BDO
32078189,ICT Concept B.V.,2022,BDO
32078189,ICT Concept B.V.,2024,BDO
32078189,ICT Concept B.V.,2025,BDO
52003248,ID Logistics Benelux B.V.,2018,BDO
52003248,ID Logistics Benelux B.V.,2019,BDO
52003248,ID Logistics Benelux B.V.,2020,BDO
62319574,ID Logistics Tilburg B.V.,2017,BDO
62319574,ID Logistics Tilburg B.V.,2019,BDO
62319574,ID Logistics Tilburg B.V.,2020,BDO
58522174,ID&T Holding B.V.,2019,BDO
58522174,ID&T Holding B.V.,2020,BDO
58522174,ID&T Holding B.V.,2021,BDO
17191669,idverde Realisatie B.V.,2018,BDO
20010279,IEO Transformatoren B.V.,2017,BDO
08078507,IFS Ultimo Group B.V.,2018,BDO
08078507,IFS Ultimo Group B.V.,2019,BDO
08078507,IFS Ultimo Group B.V.,2020,BDO
08078507,IFS Ultimo Group B.V.,2021,BDO
08078507,IFS Ultimo Group B.V.,2022,BDO
08078507,IFS Ultimo Group B.V.,2023,BDO
08078507,IFS Ultimo Group B.V.,2024,BDO
08078507,IFS Ultimo Group B.V.,2025,BDO
30167195,IG&H Consulting B.V.,2018,BDO
30167195,IG&H Consulting B.V.,2019,BDO
30167195,IG&H Consulting B.V.,2020,BDO
30167195,IG&H Consulting B.V.,2021,BDO
30167195,IG&H Consulting B.V.,2022,BDO
30167199,IG&H Holding B.V.,2019,BDO
30167199,IG&H Holding B.V.,2020,BDO
30167199,IG&H Holding B.V.,2021,BDO
30167199,IG&H Holding B.V.,2022,BDO
30167199,IG&H Holding B.V.,2023,BDO
86993755,IG&H International Holding B.V.,2022,BDO
86993755,IG&H International Holding B.V.,2023,BDO
86993755,IG&H International Holding B.V.,2024,BDO
86993755,IG&H International Holding B.V.,2025,BDO
82236607,IGNITE TOPCO B.V.,2022,BDO
71705058,Ignition Topco B.V.,2018,BDO
71705058,Ignition Topco B.V.,2019,BDO
71705058,Ignition Topco B.V.,2020,BDO
71705058,Ignition Topco B.V.,2021,BDO
71705058,Ignition Topco B.V.,2022,BDO
20091643,IJspaleis Holding B.V.,2018,BDO
20091643,IJspaleis Holding B.V.,2019,BDO
20091643,IJspaleis Holding B.V.,2020,BDO
20091643,IJspaleis Holding B.V.,2022,BDO
20091643,IJspaleis Holding B.V.,2023,BDO
08025155,IJsseldal Wonen,2019,BDO
08025155,IJsseldal Wonen,2020,BDO
08025155,IJsseldal Wonen,2022,BDO
24302888,IJsselkids B.V.,2020,BDO
93286139,ILC Topco XI B.V.,2024,BDO
34036185,Illinois Tool Works (ITW) Nederland B.V.,2018,BDO
34036185,Illinois Tool Works (ITW) Nederland B.V.,2019,BDO
34036185,Illinois Tool Works (ITW) Nederland B.V.,2020,BDO
34036185,Illinois Tool Works (ITW) Nederland B.V.,2021,BDO
34018873,Imbema-Holland B.V.,2017,BDO
34018873,Imbema-Holland B.V.,2018,BDO
34018873,Imbema-Holland B.V.,2019,BDO
34018873,Imbema-Holland B.V.,2020,BDO
34018873,Imbema-Holland B.V.,2021,BDO
34018873,Imbema-Holland B.V.,2022,BDO
34018873,Imbema-Holland B.V.,2023,BDO
34018873,Imbema-Holland B.V.,2024,BDO
90948459,IMC Benelux B.V.,2023,BDO
90948459,IMC Benelux B.V.,2024,BDO
55272169,Impatients N.V.,2023,BDO
55272169,Impatients N.V.,2024,BDO
80002129,InAdmin RiskCo Holding B.V.,2020,BDO
52850404,Incubeta Group NL B.V.,2023,BDO
71043241,Indigo Star B.V.,2023,BDO
20082905,Industrial Technologies & Services Etten-Leur,2018,BDO
18030385,Industrie- en Handelsonderneming Textaafoam B.V.,2017,BDO
18030385,Industrie- en Handelsonderneming Textaafoam B.V.,2018,BDO
18030385,Industrie- en Handelsonderneming Textaafoam B.V.,2019,BDO
18030385,Industrie- en Handelsonderneming Textaafoam B.V.,2020,BDO
18030385,Industrie- en Handelsonderneming Textaafoam B.V.,2021,BDO
18030385,Industrie- en Handelsonderneming Textaafoam B.V.,2022,BDO
18030385,Industrie- en Handelsonderneming Textaafoam B.V.,2023,BDO
18030385,Industrie- en Handelsonderneming Textaafoam B.V.,2024,BDO
30174889,Inergy B.V.,2019,BDO
30174889,Inergy B.V.,2020,BDO
30174889,Inergy B.V.,2021,BDO
30174889,Inergy B.V.,2022,BDO
68876793,Inergy Holding B.V.,2018,BDO
68876793,Inergy Holding B.V.,2019,BDO
68876793,Inergy Holding B.V.,2020,BDO
68876793,Inergy Holding B.V.,2021,BDO
68876793,Inergy Holding B.V.,2022,BDO
34347931,Inland Terminals B.V.,2018,BDO
34347931,Inland Terminals B.V.,2019,BDO
34347931,Inland Terminals B.V.,2021,BDO
34347931,Inland Terminals B.V.,2022,BDO
83032592,Inland Terminals Group B.V.,2022,BDO
83032592,Inland Terminals Group B.V.,2023,BDO
83032592,Inland Terminals Group B.V.,2024,BDO
69771863,Innova Global Europe B.V.,2019,BDO
77134699,Inspiring Generations Holding B.V.,2022,BDO
77134699,Inspiring Generations Holding B.V.,2023,BDO
77134699,Inspiring Generations Holding B.V.,2024,BDO
28049973,Installatie Bedrijf P.Th. Vink & Zonen B.V.,2018,BDO
28049973,Installatie Bedrijf P.Th. Vink & Zonen B.V.,2020,BDO
28049973,Installatie Bedrijf P.Th. Vink & Zonen B.V.,2022,BDO
16080941,Institut de Sélection Animale B.V.,2017,BDO
16080941,Institut de Sélection Animale B.V.,2019,BDO
16080941,Institut de Sélection Animale B.V.,2020,BDO
70798273,Insulet Netherlands B.V.,2020,BDO
70798273,Insulet Netherlands B.V.,2021,BDO
70798273,Insulet Netherlands B.V.,2022,BDO
70798273,Insulet Netherlands B.V.,2023,BDO
37123126,Intal B.V.,2017,BDO
37123126,Intal B.V.,2018,BDO
37121395,Intal Beheer B.V.,2018,BDO
08159284,Integrale Zorg Huisartsenzorg Twente B.V.,2024,BDO
06091119,Integrated Mechanization Solutions B.V.,2018,BDO
06091119,Integrated Mechanization Solutions B.V.,2019,BDO
06091119,Integrated Mechanization Solutions B.V.,2020,BDO
06090082,Integrated Mechanization Solutions Holding B.V.,2018,BDO
06090082,Integrated Mechanization Solutions Holding B.V.,2019,BDO
06090082,Integrated Mechanization Solutions Holding B.V.,2020,BDO
06090082,Integrated Mechanization Solutions Holding B.V.,2022,BDO
06090082,Integrated Mechanization Solutions Holding B.V.,2023,BDO
06090082,Integrated Mechanization Solutions Holding B.V.,2024,BDO
37106381,Inter Investment Group B.V.,2018,BDO
37050707,Interbosch B.V.,2023,BDO
63265516,InterConsulting Group B.V.,2018,BDO
63265516,InterConsulting Group B.V.,2019,BDO
63265516,InterConsulting Group B.V.,2020,BDO
63265516,InterConsulting Group B.V.,2021,BDO
09064240,Interface Europe B.V.,2017,BDO
09064240,Interface Europe B.V.,2018,BDO
09064240,Interface Europe B.V.,2019,BDO
09064240,Interface Europe B.V.,2020,BDO
09064240,Interface Europe B.V.,2021,BDO
09064240,Interface Europe B.V.,2022,BDO
09064240,Interface Europe B.V.,2023,BDO
09064240,Interface Europe B.V.,2024,BDO
34327616,Interior Service Group Netherlands B.V.,2017,BDO
34327616,Interior Service Group Netherlands B.V.,2018,BDO
34327616,Interior Service Group Netherlands B.V.,2019,BDO
34327616,Interior Service Group Netherlands B.V.,2020,BDO
34327616,Interior Service Group Netherlands B.V.,2021,BDO
36007275,Internationaal Transportbedrijf Moeijes B.V.,2017,BDO
36007275,Internationaal Transportbedrijf Moeijes B.V.,2018,BDO
36007275,Internationaal Transportbedrijf Moeijes B.V.,2019,BDO
36007275,Internationaal Transportbedrijf Moeijes B.V.,2022,BDO
36007275,Internationaal Transportbedrijf Moeijes B.V.,2023,BDO
36007275,Internationaal Transportbedrijf Moeijes B.V.,2024,BDO
24171095,International Lashing Service B.V.,2017,BDO
24171095,International Lashing Service B.V.,2018,BDO
61443166,International Private Equity Initiative B.V.,2019,BDO
61443166,International Private Equity Initiative B.V.,2020,BDO
24384183,International Road Ferry B.V.,2023,BDO
86347276,International Software Group Holding B.V.,2022,BDO
69019258,International Ventures C.V.,2023,BDO
30206952,Interrail B.V.,2018,BDO
30206952,Interrail B.V.,2020,BDO
30206952,Interrail B.V.,2022,BDO
30206952,Interrail B.V.,2024,BDO
30048912,Intersteel,2019,BDO
30048912,Intersteel,2020,BDO
30048912,Intersteel,2023,BDO
78207703,Intersteel Group B.V.,2020,BDO
78207703,Intersteel Group B.V.,2021,BDO
78207703,Intersteel Group B.V.,2022,BDO
78207703,Intersteel Group B.V.,2023,BDO
78207703,Intersteel Group B.V.,2024,BDO
74152513,Intertoys B.V.,2020,BDO
02075241,Interwinngroep B.V.,2018,BDO
57068003,Intralot Global Holdings B.V.,2024,BDO
24346612,Invention Works B.V.,2017,BDO
24346612,Invention Works B.V.,2018,BDO
24346612,Invention Works B.V.,2019,BDO
28111611,Inzowijs,2022,BDO
28111611,Inzowijs,2023,BDO
28111611,Inzowijs,2024,BDO
28111611,Inzowijs,2025,BDO
72285060,IPCS B.V.,2018,BDO
72285060,IPCS B.V.,2019,BDO
72285060,IPCS B.V.,2020,BDO
24304498,Irado,2022,BDO
24304498,Irado,2023,BDO
24304498,Irado,2024,BDO
28044045,Ismr-Groep B.V.,2017,BDO
59226765,ITR Benelux B.V.,2023,BDO
67345093,ITW Nederland B.V.,2022,BDO
67345093,ITW Nederland B.V.,2023,BDO
67345093,ITW Nederland B.V.,2024,BDO
32090058,Ivanti Software B.V.,2018,BDO
32090058,Ivanti Software B.V.,2020,BDO
20147546,IW Brabant Zeeland Holding B.V.,2018,BDO
17238977,IW Brabant Zeeland Scholing B.V.,2017,BDO
37122470,IW Noord-Holland B.V.,2019,BDO
37122470,IW Noord-Holland B.V.,2020,BDO
37122470,IW Noord-Holland B.V.,2022,BDO
37122470,IW Noord-Holland B.V.,2023,BDO
37122470,IW Noord-Holland B.V.,2024,BDO
20147546,IW Zuid & Midden Holding B.V.,2020,BDO
20147546,IW Zuid & Midden Holding B.V.,2022,BDO
17238977,IW Zuid & Midden Leren & Werken,2018,BDO
17238977,IW Zuid & Midden Leren & Werken,2020,BDO
17238977,IW Zuid & Midden Leren & Werken,2021,BDO
17238977,IW Zuid & Midden Leren & Werken,2022,BDO
10016643,J. Bongers Drankengroothandel B.V.,2017,BDO
10016643,J. Bongers Drankengroothandel B.V.,2018,BDO
10016643,J. Bongers Drankengroothandel B.V.,2019,BDO
27229631,J. van Vliet Bloemenexport B.V.,2017,BDO
34150950,J.G.H. Zantingh Holding B.V.,2018,BDO
34150950,J.G.H. Zantingh Holding B.V.,2019,BDO
34150950,J.G.H. Zantingh Holding B.V.,2020,BDO
34150950,J.G.H. Zantingh Holding B.V.,2021,BDO
34150950,J.G.H. Zantingh Holding B.V.,2023,BDO
28086004,J.H. Blom Holding B.V.,2017,BDO
28086004,J.H. Blom Holding B.V.,2018,BDO
28086004,J.H. Blom Holding B.V.,2019,BDO
28086004,J.H. Blom Holding B.V.,2020,BDO
28086004,J.H. Blom Holding B.V.,2022,BDO
28086004,J.H. Blom Holding B.V.,2023,BDO
28086004,J.H. Blom Holding B.V.,2024,BDO
33006758,J.H.F. Schopman en Zonen B.V.,2018,BDO
33006758,J.H.F. Schopman en Zonen B.V.,2019,BDO
33006758,J.H.F. Schopman en Zonen B.V.,2020,BDO
33006758,J.H.F. Schopman en Zonen B.V.,2021,BDO
33006758,J.H.F. Schopman en Zonen B.V.,2022,BDO
33006758,J.H.F. Schopman en Zonen B.V.,2023,BDO
23034558,J.M. de Jong Verenigde Werkplaatsen Beheer B.V.,2017,BDO
37040294,J.M. Punt Beheer B.V.,2022,BDO
37040294,J.M. Punt Beheer B.V.,2024,BDO
37035824,J.P. Beemsterboer Food Traders B.V.,2017,BDO
37035824,J.P. Beemsterboer Food Traders B.V.,2018,BDO
37035824,J.P. Beemsterboer Food Traders B.V.,2019,BDO
55647693,Jababeka International B.V.,2020,BDO
55647693,Jababeka International B.V.,2021,BDO
10143670,Jabo Beheer B.V.,2017,BDO
10143670,Jabo Beheer B.V.,2019,BDO
17094991,JAJO,2019,BDO
17094991,JAJO,2020,BDO
17094991,JAJO,2021,BDO
17094991,JAJO,2022,BDO
17094991,JAJO,2023,BDO
17094991,JAJO,2025,BDO
77749855,JAKKS Europe B.V.,2023,BDO
12059837,Jalema B.V.,2017,BDO
12059837,Jalema B.V.,2018,BDO
12059837,Jalema B.V.,2019,BDO
06063669,Jan Arends B.V.,2020,BDO
06063669,Jan Arends B.V.,2021,BDO
06063669,Jan Arends B.V.,2022,BDO
06063669,Jan Arends B.V.,2023,BDO
06063669,Jan Arends B.V.,2024,BDO
06063669,Jan Arends B.V.,2025,BDO
37138342,Jan Hessing Beleggingen B.V.,2024,BDO
35015483,Jan Schoemaker B.V.,2017,BDO
34070289,Janaka Holding B.V.,2017,BDO
34070289,Janaka Holding B.V.,2018,BDO
34070289,Janaka Holding B.V.,2019,BDO
34070289,Janaka Holding B.V.,2020,BDO
34070289,Janaka Holding B.V.,2022,BDO
34070289,Janaka Holding B.V.,2023,BDO
34070289,Janaka Holding B.V.,2024,BDO
51707160,Janssen de Jong Bouw Oost B.V.,2017,BDO
51707160,Janssen de Jong Bouw Oost B.V.,2019,BDO
51707160,Janssen de Jong Bouw Oost B.V.,2021,BDO
51707179,Janssen de Jong Eindhoven B.V.,2019,BDO
51707179,Janssen de Jong Eindhoven B.V.,2021,BDO
51707179,Janssen de Jong Eindhoven B.V.,2023,BDO
51707179,Janssen de Jong Eindhoven B.V.,2024,BDO
17094991,Janssen De Jong Groep B.V.,2017,BDO
17094991,Janssen De Jong Groep B.V.,2018,BDO
81129289,Janssen de Jong OnderhoudPlus B.V.,2021,BDO
81129289,Janssen de Jong OnderhoudPlus B.V.,2023,BDO
81129289,Janssen de Jong OnderhoudPlus B.V.,2024,BDO
81129289,Janssen de Jong OnderhoudPlus B.V.,2025,BDO
17065163,Janssen de Jong Projectontwikkeling B.V.,2017,BDO
20039702,Janus Groep B.V.,2019,BDO
20039702,Janus Groep B.V.,2020,BDO
20039702,Janus Groep B.V.,2021,BDO
55390110,Jarr B.V.,2019,BDO
55390110,Jarr B.V.,2021,BDO
55390110,Jarr B.V.,2022,BDO
55390110,Jarr B.V.,2023,BDO
20039702,Javedi Beheer B.V.,2017,BDO
20039702,Javedi Beheer B.V.,2018,BDO
24230020,Jean Madern Holding B.V.,2017,BDO
24230020,Jean Madern Holding B.V.,2018,BDO
24230020,Jean Madern Holding B.V.,2019,BDO
24230020,Jean Madern Holding B.V.,2020,BDO
24230020,Jean Madern Holding B.V.,2021,BDO
24230020,Jean Madern Holding B.V.,2023,BDO
01080154,Jifmar Marine Services B.V.,2018,BDO
01080154,Jifmar Marine Services B.V.,2020,BDO
01080154,Jifmar Marine Services B.V.,2022,BDO
01080154,Jifmar Marine Services B.V.,2023,BDO
01080154,Jifmar Marine Services B.V.,2024,BDO
77636635,JoKi-C B.V.,2022,BDO
77636635,JoKi-C B.V.,2025,BDO
34288231,Jones Lang LaSalle B.V.,2017,BDO
34288231,Jones Lang LaSalle B.V.,2019,BDO
24114554,Jones Lang LaSalle Holding B.V.,2018,BDO
24114554,Jones Lang LaSalle Holding B.V.,2019,BDO
24246034,Jones Lang LaSalle Services B.V.,2019,BDO
37104857,Jongens Beheer II B.V.,2018,BDO
37104857,Jongens Beheer II B.V.,2019,BDO
37104857,Jongens Beheer II B.V.,2020,BDO
37104857,Jongens Beheer II B.V.,2023,BDO
37104857,Jongens Beheer II B.V.,2024,BDO
85233277,Jordaan Bidco B.V.,2023,BDO
85233277,Jordaan Bidco B.V.,2024,BDO
12000101,Joseph van de Loo B.V.,2017,BDO
36041158,Joz B.V.,2017,BDO
36041158,Joz B.V.,2018,BDO
56939426,JPK en De Tater Holding B.V.,2018,BDO
56939426,JPK en De Tater Holding B.V.,2019,BDO
56939426,JPK en De Tater Holding B.V.,2020,BDO
56939426,JPK en De Tater Holding B.V.,2021,BDO
56939426,JPK en De Tater Holding B.V.,2022,BDO
56072155,JPW Holding B.V.,2017,BDO
56072155,JPW Holding B.V.,2018,BDO
35015483,JS Cocoa,2019,BDO
35015483,JS Cocoa,2020,BDO
35015483,JS Cocoa,2021,BDO
35015483,JS Cocoa,2022,BDO
35015483,JS Cocoa,2023,BDO
69596905,JS Cocoa Holding B.V.,2019,BDO
69596905,JS Cocoa Holding B.V.,2020,BDO
69596905,JS Cocoa Holding B.V.,2022,BDO
69596905,JS Cocoa Holding B.V.,2023,BDO
30244124,Julius Clinical Research B.V.,2023,BDO
27314301,Jura Holding B.V.,2018,BDO
27314301,Jura Holding B.V.,2019,BDO
27314301,Jura Holding B.V.,2021,BDO
27314301,Jura Holding B.V.,2022,BDO
27168192,Jura Nederland B.V.,2024,BDO
36039654,Jureda Holding B.V.,2018,BDO
36039654,Jureda Holding B.V.,2020,BDO
36039654,Jureda Holding B.V.,2021,BDO
36039654,Jureda Holding B.V.,2022,BDO
36039654,Jureda Holding B.V.,2023,BDO
36039654,Jureda Holding B.V.,2024,BDO
33241012,Just Brands B.V.,2017,BDO
33241012,Just Brands B.V.,2018,BDO
33241012,Just Brands B.V.,2019,BDO
33241012,Just Brands B.V.,2020,BDO
33241012,Just Brands B.V.,2022,BDO
33241012,Just Brands B.V.,2023,BDO
33241012,Just Brands B.V.,2024,BDO
24323647,Just Retail B.V.,2019,BDO
24323647,Just Retail B.V.,2020,BDO
24323647,Just Retail B.V.,2021,BDO
24323647,Just Retail B.V.,2022,BDO
24323647,Just Retail B.V.,2023,BDO
41102035,Juzt locatie Laanzicht,2018,BDO
41102035,Juzt locatie Laanzicht,2020,BDO
24343415,K & N Beheer B.V.,2018,BDO
24343415,K & N Beheer B.V.,2019,BDO
24343415,K & N Beheer B.V.,2021,BDO
24343415,K & N Beheer B.V.,2022,BDO
24343415,K & N Beheer B.V.,2023,BDO
24343415,K & N Beheer B.V.,2024,BDO
36007828,K.B.K. Beheer B.V.,2017,BDO
01085518,K.I.G. Heerenveen B.V.,2017,BDO
34286078,K12 International Holdings B.V.,2018,BDO
27244554,K3 Business Solutions B.V.,2017,BDO
27244554,K3 Business Solutions B.V.,2023,BDO
37070494,K_Dekker bouw & infra b.v.,2017,BDO
08065542,Kabinet Holding B.V.,2018,BDO
68170580,Kadans Holding B.V.,2018,BDO
68170580,Kadans Holding B.V.,2019,BDO
68170580,Kadans Holding B.V.,2020,BDO
09075357,Kaemingk B.V.,2019,BDO
11065569,Kaldenberg Onroerende Zaken B.V.,2018,BDO
11065569,Kaldenberg Onroerende Zaken B.V.,2020,BDO
11065569,Kaldenberg Onroerende Zaken B.V.,2022,BDO
11065569,Kaldenberg Onroerende Zaken B.V.,2023,BDO
11065569,Kaldenberg Onroerende Zaken B.V.,2024,BDO
28027749,Kampeercentrum De Jong B.V.,2018,BDO
17178272,Kanteel Beheer B.V.,2017,BDO
17178272,Kanteel Beheer B.V.,2018,BDO
17178272,Kanteel Beheer B.V.,2019,BDO
17178293,Kanteel Kinderopvang B.V.,2017,BDO
17178293,Kanteel Kinderopvang B.V.,2019,BDO
17055158,Karcher B.V.,2017,BDO
17055158,Karcher B.V.,2018,BDO
17055158,Karcher B.V.,2020,BDO
17055158,Karcher B.V.,2021,BDO
17055158,Karcher B.V.,2022,BDO
55008887,Karl Lagerfeld Group B.V.,2019,BDO
55008887,Karl Lagerfeld Group B.V.,2020,BDO
55008887,Karl Lagerfeld Group B.V.,2021,BDO
34392229,Karl Lagerfeld Holding B.V.,2017,BDO
34392229,Karl Lagerfeld Holding B.V.,2018,BDO
34392229,Karl Lagerfeld Holding B.V.,2019,BDO
34392229,Karl Lagerfeld Holding B.V.,2020,BDO
34392229,Karl Lagerfeld Holding B.V.,2021,BDO
34392229,Karl Lagerfeld Holding B.V.,2022,BDO
36012956,KBK Bouw B.V.,2017,BDO
16071631,KBM Affilips B.V.,2021,BDO
16071631,KBM Affilips B.V.,2022,BDO
02325066,KBM Master Alloys B.V.,2021,BDO
02325066,KBM Master Alloys B.V.,2022,BDO
02325066,KBM Master Alloys B.V.,2023,BDO
24232218,Kekkilä-BVB De Lier B.V.,2017,BDO
12014417,Kekkilä-BVB Grubbenvorst B.V.,2017,BDO
64032884,Kentech Moerdijk B.V.,2017,BDO
64032884,Kentech Moerdijk B.V.,2018,BDO
64034216,Kentech Pernis B.V.,2017,BDO
34105805,Kenter Jeugdhulp,2018,BDO
34105805,Kenter Jeugdhulp,2019,BDO
34105805,Kenter Jeugdhulp,2020,BDO
35017286,Kenz Crane Services B.V.,2017,BDO
35009215,Kenz Cranes B.V.,2017,BDO
66462657,Kenz FG Holding B.V.,2017,BDO
66462657,Kenz FG Holding B.V.,2018,BDO
66462657,Kenz FG Holding B.V.,2019,BDO
66462657,Kenz FG Holding B.V.,2020,BDO
66462657,Kenz FG Holding B.V.,2021,BDO
54136288,Kenz Figee Group B.V.,2017,BDO
54136288,Kenz Figee Group B.V.,2018,BDO
54136288,Kenz Figee Group B.V.,2019,BDO
54136288,Kenz Figee Group B.V.,2020,BDO
27301745,Kern Kinderopvang B.V.,2020,BDO
57668981,Ketenzorg de Gelderse Vallei B.V.,2024,BDO
01120271,Ketenzorg Friesland B.V.,2020,BDO
01120271,Ketenzorg Friesland B.V.,2022,BDO
01120271,Ketenzorg Friesland B.V.,2025,BDO
61370398,Keyloop (Nederland) B.V.,2021,BDO
61370398,Keyloop (Nederland) B.V.,2022,BDO
61370398,Keyloop (Nederland) B.V.,2023,BDO
58724265,Keysight Technologies Netherlands B.V.,2017,BDO
58724265,Keysight Technologies Netherlands B.V.,2018,BDO
58724265,Keysight Technologies Netherlands B.V.,2019,BDO
58724265,Keysight Technologies Netherlands B.V.,2020,BDO
58724265,Keysight Technologies Netherlands B.V.,2022,BDO
58724265,Keysight Technologies Netherlands B.V.,2023,BDO
58724265,Keysight Technologies Netherlands B.V.,2024,BDO
06075778,Kienhuis Legal Beheer B.V.,2020,BDO
06075778,Kienhuis Legal Beheer B.V.,2021,BDO
08124589,Kienhuis Legal N.V.,2019,BDO
08124589,Kienhuis Legal N.V.,2020,BDO
08124589,Kienhuis Legal N.V.,2021,BDO
06075778,KienhuisHoving Beheer B.V.,2018,BDO
08124589,KienhuisHoving N.V.,2018,BDO
27289675,"Kifid, Stichting Klachteninstituut Financiële Dienstverlening",2018,BDO
27289675,"Kifid, Stichting Klachteninstituut Financiële Dienstverlening",2019,BDO
27289675,"Kifid, Stichting Klachteninstituut Financiële Dienstverlening",2020,BDO
27289675,"Kifid, Stichting Klachteninstituut Financiële Dienstverlening",2021,BDO
27289675,"Kifid, Stichting Klachteninstituut Financiële Dienstverlening",2022,BDO
27289675,"Kifid, Stichting Klachteninstituut Financiële Dienstverlening",2023,BDO
27289675,"Kifid, Stichting Klachteninstituut Financiële Dienstverlening",2024,BDO
27289675,"Kifid, Stichting Klachteninstituut Financiële Dienstverlening",2025,BDO
32080403,KIH B.V.,2018,BDO
32080403,KIH B.V.,2019,BDO
32080403,KIH B.V.,2020,BDO
32080403,KIH B.V.,2021,BDO
01011199,Kijlstra B.V.,2017,BDO
02333054,Kijlstra Bestrating B.V.,2018,BDO
02333054,Kijlstra Bestrating B.V.,2019,BDO
02333054,Kijlstra Bestrating B.V.,2020,BDO
02333054,Kijlstra Bestrating B.V.,2022,BDO
02333054,Kijlstra Bestrating B.V.,2023,BDO
02333054,Kijlstra Bestrating B.V.,2024,BDO
02333054,Kijlstra Bestrating B.V.,2025,BDO
01011199,Kijlstra Onroerend Goed,2018,BDO
01011199,Kijlstra Onroerend Goed,2019,BDO
01011199,Kijlstra Onroerend Goed,2020,BDO
01011199,Kijlstra Onroerend Goed,2022,BDO
61621102,KIKO Nederland B.V.,2022,BDO
61621102,KIKO Nederland B.V.,2023,BDO
66450756,Kinder Company,2022,BDO
89409264,Kinder Company B.V.,2023,BDO
89409264,Kinder Company B.V.,2024,BDO
41136075,KindeRdam Groep Holding B.V.,2019,BDO
41136075,KindeRdam Groep Holding B.V.,2020,BDO
24384799,KindeRdam Kinderopvang B.V.,2017,BDO
24384799,KindeRdam Kinderopvang B.V.,2018,BDO
24384799,KindeRdam Kinderopvang B.V.,2019,BDO
24384799,KindeRdam Kinderopvang B.V.,2020,BDO
24384799,KindeRdam Kinderopvang B.V.,2021,BDO
24384799,KindeRdam Kinderopvang B.V.,2022,BDO
24384799,KindeRdam Kinderopvang B.V.,2023,BDO
24384799,KindeRdam Kinderopvang B.V.,2024,BDO
33303797,Kindergarden Nederland B.V.,2017,BDO
33303797,Kindergarden Nederland B.V.,2018,BDO
33303797,Kindergarden Nederland B.V.,2019,BDO
33303797,Kindergarden Nederland B.V.,2020,BDO
33303797,Kindergarden Nederland B.V.,2022,BDO
33303797,Kindergarden Nederland B.V.,2023,BDO
33303797,Kindergarden Nederland B.V.,2024,BDO
33303797,Kindergarden Nederland B.V.,2025,BDO
41135920,Kinderopvang BijDeHand B.V.,2017,BDO
09158347,KinderThuisZorg B.V.,2018,BDO
09158347,KinderThuisZorg B.V.,2020,BDO
09158347,KinderThuisZorg B.V.,2022,BDO
32074436,Kinect Energy Netherlands B.V.,2023,BDO
69204764,King Louie Holding B.V.,2018,BDO
02042135,Kinwell B.V.,2019,BDO
02042135,Kinwell B.V.,2020,BDO
02042135,Kinwell B.V.,2021,BDO
02042135,Kinwell B.V.,2022,BDO
09164288,Kion Holding B.V.,2019,BDO
09164288,Kion Holding B.V.,2020,BDO
09164288,Kion Holding B.V.,2021,BDO
09164288,Kion Holding B.V.,2023,BDO
09164288,Kion Holding B.V.,2024,BDO
09166969,KION Kinderopvang B.V.,2017,BDO
09166969,KION Kinderopvang B.V.,2018,BDO
09166969,KION Kinderopvang B.V.,2019,BDO
09166969,KION Kinderopvang B.V.,2020,BDO
09166969,KION Kinderopvang B.V.,2021,BDO
09166969,KION Kinderopvang B.V.,2022,BDO
09166969,KION Kinderopvang B.V.,2023,BDO
09166969,KION Kinderopvang B.V.,2025,BDO
37117836,Kistos NL1 B.V.,2021,BDO
37117836,Kistos NL1 B.V.,2022,BDO
63654954,Kistos NL2 B.V.,2021,BDO
63654954,Kistos NL2 B.V.,2022,BDO
63654954,Kistos NL2 B.V.,2023,BDO
36030353,Kivo Plastic Verpakkingen B.V.,2017,BDO
36030353,Kivo Plastic Verpakkingen B.V.,2018,BDO
36030353,Kivo Plastic Verpakkingen B.V.,2019,BDO
36030353,Kivo Plastic Verpakkingen B.V.,2020,BDO
36030353,Kivo Plastic Verpakkingen B.V.,2021,BDO
36030353,Kivo Plastic Verpakkingen B.V.,2022,BDO
36030353,Kivo Plastic Verpakkingen B.V.,2023,BDO
36030353,Kivo Plastic Verpakkingen B.V.,2024,BDO
36030353,Kivo Plastic Verpakkingen B.V.,2025,BDO
09125017,Kiwitz Megchelen Junioren B.V.,2019,BDO
36036035,Klaas Puul B.V.,2022,BDO
36036035,Klaas Puul B.V.,2023,BDO
36036035,Klaas Puul B.V.,2024,BDO
36036035,Klaas Puul B.V.,2025,BDO
33002950,Klap b.v.,2017,BDO
32045623,Klaria Beheer B.V.,2017,BDO
11032895,Kleyn Group B.V.,2018,BDO
11032895,Kleyn Group B.V.,2019,BDO
11032895,Kleyn Group B.V.,2020,BDO
11032895,Kleyn Group B.V.,2021,BDO
11032895,Kleyn Group B.V.,2022,BDO
11032895,Kleyn Group B.V.,2023,BDO
11032895,Kleyn Group B.V.,2024,BDO
11032895,Kleyn Group B.V.,2025,BDO
06005765,KLK Kolb Specialties B.V.,2019,BDO
06005765,KLK Kolb Specialties B.V.,2020,BDO
06005765,KLK Kolb Specialties B.V.,2022,BDO
06005765,KLK Kolb Specialties B.V.,2023,BDO
06005765,KLK Kolb Specialties B.V.,2024,BDO
34073893,Kloosbeheer B.V.,2020,BDO
34073893,Kloosbeheer B.V.,2021,BDO
34085027,Kloosterboer Group B.V.,2020,BDO
34327462,Kloosterboer Vlissingen B.V.,2020,BDO
17175694,KMWE Aerospace B.V.,2019,BDO
17175694,KMWE Aerospace B.V.,2020,BDO
17212501,KMWE Group B.V.,2017,BDO
17212501,KMWE Group B.V.,2018,BDO
17212501,KMWE Group B.V.,2019,BDO
17212501,KMWE Group B.V.,2020,BDO
17212501,KMWE Group B.V.,2021,BDO
17212501,KMWE Group B.V.,2022,BDO
17212501,KMWE Group B.V.,2023,BDO
17212501,KMWE Group B.V.,2024,BDO
95784683,KMWE Holding B.V.,2025,BDO
17054389,KMWE Precision B.V.,2017,BDO
17054389,KMWE Precision B.V.,2018,BDO
17054389,KMWE Precision B.V.,2019,BDO
17054389,KMWE Precision B.V.,2020,BDO
30051670,Knauf B.V.,2017,BDO
20038161,Knauf Insulation B.V.,2017,BDO
40530560,KNHB,2018,BDO
40530560,KNHB,2019,BDO
40530560,KNHB,2020,BDO
40530560,KNHB,2021,BDO
40530560,KNHB,2022,BDO
27177094,KNMP Holding B.V.,2017,BDO
27177094,KNMP Holding B.V.,2018,BDO
27177094,KNMP Holding B.V.,2019,BDO
27177094,KNMP Holding B.V.,2020,BDO
14050072,Kobelco Welding of Europe B.V.,2017,BDO
14050072,Kobelco Welding of Europe B.V.,2018,BDO
14050072,Kobelco Welding of Europe B.V.,2019,BDO
14050072,Kobelco Welding of Europe B.V.,2020,BDO
14050072,Kobelco Welding of Europe B.V.,2021,BDO
14050072,Kobelco Welding of Europe B.V.,2022,BDO
14050072,Kobelco Welding of Europe B.V.,2023,BDO
14050072,Kobelco Welding of Europe B.V.,2024,BDO
20125402,Kober groep,2018,BDO
20125402,Kober groep,2019,BDO
20125402,Kober groep,2020,BDO
20125402,Kober groep,2021,BDO
20125402,Kober groep,2022,BDO
20047424,Koel- en Vriestransport Voesenek B.V.,2017,BDO
20047424,Koel- en Vriestransport Voesenek B.V.,2018,BDO
20047424,Koel- en Vriestransport Voesenek B.V.,2020,BDO
20047424,Koel- en Vriestransport Voesenek B.V.,2022,BDO
20047424,Koel- en Vriestransport Voesenek B.V.,2023,BDO
20047424,Koel- en Vriestransport Voesenek B.V.,2024,BDO
81625391,Koestr Groep B.V.,2022,BDO
81625391,Koestr Groep B.V.,2023,BDO
27081075,Koestr Onderhoud B.V.,2023,BDO
27081075,Koestr Onderhoud B.V.,2024,BDO
24175670,Koestr Vastgoedzorg B.V.,2025,BDO
37059808,Koks Group Holding B.V.,2019,BDO
37059808,Koks Group Holding B.V.,2020,BDO
37059808,Koks Group Holding B.V.,2021,BDO
37059808,Koks Group Holding B.V.,2022,BDO
37059808,Koks Group Holding B.V.,2023,BDO
37080413,Koks Industrie B.V.,2021,BDO
37080413,Koks Industrie B.V.,2022,BDO
37080413,Koks Industrie B.V.,2023,BDO
67312888,Koks Real Estate B.V.,2021,BDO
67312888,Koks Real Estate B.V.,2022,BDO
67312888,Koks Real Estate B.V.,2023,BDO
30073863,Kolan Holding B.V.,2018,BDO
29036017,Konecranes Port Services B.V.,2024,BDO
30211392,Konica Minolta Sensing Europe B.V.,2019,BDO
30211392,Konica Minolta Sensing Europe B.V.,2021,BDO
30211392,Konica Minolta Sensing Europe B.V.,2022,BDO
30211392,Konica Minolta Sensing Europe B.V.,2023,BDO
30211392,Konica Minolta Sensing Europe B.V.,2024,BDO
30211392,Konica Minolta Sensing Europe B.V.,2025,BDO
34222312,Koning & Hartman B.V.,2018,BDO
51245353,Koninklijke A-ware Food Group B.V.,2017,BDO
51245353,Koninklijke A-ware Food Group B.V.,2018,BDO
51245353,Koninklijke A-ware Food Group B.V.,2019,BDO
51245353,Koninklijke A-ware Food Group B.V.,2020,BDO
51245353,Koninklijke A-ware Food Group B.V.,2021,BDO
51245353,Koninklijke A-ware Food Group B.V.,2022,BDO
51245353,Koninklijke A-ware Food Group B.V.,2023,BDO
51245353,Koninklijke A-ware Food Group B.V.,2024,BDO
37094070,Koninklijke Boon Edam International B.V.,2017,BDO
37094070,Koninklijke Boon Edam International B.V.,2018,BDO
37094070,Koninklijke Boon Edam International B.V.,2019,BDO
37094070,Koninklijke Boon Edam International B.V.,2020,BDO
37094070,Koninklijke Boon Edam International B.V.,2021,BDO
37094070,Koninklijke Boon Edam International B.V.,2022,BDO
37094070,Koninklijke Boon Edam International B.V.,2023,BDO
37094070,Koninklijke Boon Edam International B.V.,2024,BDO
37094070,Koninklijke Boon Edam International B.V.,2025,BDO
27027520,Koninklijke Dekker B.V.,2018,BDO
27027520,Koninklijke Dekker B.V.,2020,BDO
27027520,Koninklijke Dekker B.V.,2021,BDO
27027520,Koninklijke Dekker B.V.,2022,BDO
27027520,Koninklijke Dekker B.V.,2023,BDO
08027912,Koninklijke Euroma B.V.,2017,BDO
08027912,Koninklijke Euroma B.V.,2018,BDO
08027912,Koninklijke Euroma B.V.,2019,BDO
08027912,Koninklijke Euroma B.V.,2020,BDO
18128285,Koninklijke Hakkers Groep B.V.,2018,BDO
34000247,Koninklijke Joh. Enschedé B.V.,2023,BDO
33004934,Koninklijke Jumbo B.V.,2023,BDO
33004934,Koninklijke Jumbo B.V.,2024,BDO
32040646,Koninklijke Moorman Karton Weesp B.V.,2017,BDO
32040646,Koninklijke Moorman Karton Weesp B.V.,2018,BDO
40516738,Koninklijke Nederlandse Lawn Tennis Bond,2017,BDO
40516738,Koninklijke Nederlandse Lawn Tennis Bond,2018,BDO
40516738,Koninklijke Nederlandse Lawn Tennis Bond,2019,BDO
40516738,Koninklijke Nederlandse Lawn Tennis Bond,2020,BDO
40409373,Koninklijke Nederlandse Maatschappij ter bevordering der Pharmacie,2018,BDO
40409373,Koninklijke Nederlandse Maatschappij ter bevordering der Pharmacie,2019,BDO
40409373,Koninklijke Nederlandse Maatschappij ter bevordering der Pharmacie,2022,BDO
40409373,Koninklijke Nederlandse Maatschappij ter bevordering der Pharmacie,2023,BDO
24154333,Koninklijke Peitsman B.V.,2017,BDO
30097260,Koninklijke Rijnja B.V.,2019,BDO
30097260,Koninklijke Rijnja B.V.,2020,BDO
08007332,Koninklijke Schut N.V.,2023,BDO
08007332,Koninklijke Schut N.V.,2024,BDO
23011404,Koninklijke Van der Wees Groep B.V.,2018,BDO
23051306,Koninklijke Woudenberg,2018,BDO
23051306,Koninklijke Woudenberg,2019,BDO
23051306,Koninklijke Woudenberg,2020,BDO
23051306,Koninklijke Woudenberg,2022,BDO
23051306,Koninklijke Woudenberg,2023,BDO
23051306,Koninklijke Woudenberg,2024,BDO
23051306,Koninklijke Woudenberg,2025,BDO
23051306,Koninklijke Woudenberg Ameide B.V.,2017,BDO
14087832,Koobra Invest B.V.,2018,BDO
77804481,KOOPman B.V.,2021,BDO
27251317,Koppert Cress B.V.,2017,BDO
27251317,Koppert Cress B.V.,2018,BDO
27251317,Koppert Cress B.V.,2019,BDO
27251317,Koppert Cress B.V.,2020,BDO
27251317,Koppert Cress B.V.,2023,BDO
27251317,Koppert Cress B.V.,2024,BDO
56773277,Koppert Cress Group B.V.,2018,BDO
56773277,Koppert Cress Group B.V.,2019,BDO
56773277,Koppert Cress Group B.V.,2020,BDO
56773277,Koppert Cress Group B.V.,2021,BDO
56773277,Koppert Cress Group B.V.,2022,BDO
56773277,Koppert Cress Group B.V.,2023,BDO
56773277,Koppert Cress Group B.V.,2024,BDO
12032751,Koramic Building Products B.V.,2019,BDO
12032751,Koramic Building Products B.V.,2020,BDO
12032751,Koramic Building Products B.V.,2021,BDO
12032751,Koramic Building Products B.V.,2022,BDO
12032751,Koramic Building Products B.V.,2023,BDO
12032751,Koramic Building Products B.V.,2024,BDO
52861791,KORE Wireless Nederland B.V.,2020,BDO
52861791,KORE Wireless Nederland B.V.,2022,BDO
52861791,KORE Wireless Nederland B.V.,2023,BDO
17125104,Korein B.V.,2023,BDO
17125104,Korein B.V.,2024,BDO
17125104,Korein B.V.,2025,BDO
08147747,Koskamp B.V.,2018,BDO
08147747,Koskamp B.V.,2024,BDO
08147740,Koskamp Exploitatie B.V.,2018,BDO
08147740,Koskamp Exploitatie B.V.,2019,BDO
08147740,Koskamp Exploitatie B.V.,2020,BDO
08147740,Koskamp Exploitatie B.V.,2021,BDO
08147740,Koskamp Exploitatie B.V.,2022,BDO
08147740,Koskamp Exploitatie B.V.,2023,BDO
08147740,Koskamp Exploitatie B.V.,2024,BDO
33263683,KPMG Accountants N.V.,2018,BDO
33263683,KPMG Accountants N.V.,2020,BDO
33263683,KPMG Accountants N.V.,2021,BDO
33263682,KPMG Advisory N.V.,2018,BDO
33263682,KPMG Advisory N.V.,2019,BDO
33263682,KPMG Advisory N.V.,2020,BDO
33263682,KPMG Advisory N.V.,2021,BDO
34153857,KPMG N.V.,2018,BDO
34153857,KPMG N.V.,2019,BDO
34153857,KPMG N.V.,2020,BDO
34153857,KPMG N.V.,2021,BDO
34153857,KPMG N.V.,2022,BDO
34153857,KPMG N.V.,2023,BDO
34153861,KPMG Staffing & Facility Services B.V.,2017,bdo
34153861,KPMG Staffing & Facility Services B.V.,2018,BDO
34153861,KPMG Staffing & Facility Services B.V.,2019,BDO
34153861,KPMG Staffing & Facility Services B.V.,2020,BDO
34153861,KPMG Staffing & Facility Services B.V.,2021,BDO
34153861,KPMG Staffing & Facility Services B.V.,2022,BDO
66813638,KPN Security B.V.,2017,BDO
77462505,KPNL Bidco B.V.,2023,BDO
77462505,KPNL Bidco B.V.,2024,BDO
77455924,KPNL Holdco B.V.,2024,BDO
77455924,KPNL Holdco B.V.,2025,BDO
36034879,Kras Recycling B.V.,2017,BDO
36034879,Kras Recycling B.V.,2018,BDO
36034879,Kras Recycling B.V.,2019,BDO
36034879,Kras Recycling B.V.,2020,BDO
36034879,Kras Recycling B.V.,2021,BDO
36034879,Kras Recycling B.V.,2023,BDO
36034879,Kras Recycling B.V.,2024,BDO
32045469,Kraton Chemical B.V.,2017,BDO
32045469,Kraton Chemical B.V.,2018,BDO
32045469,Kraton Chemical B.V.,2019,BDO
32045469,Kraton Chemical B.V.,2020,BDO
32045469,Kraton Chemical B.V.,2022,BDO
24294675,Kraton Polymers Nederland B.V.,2017,BDO
24294675,Kraton Polymers Nederland B.V.,2018,BDO
24294675,Kraton Polymers Nederland B.V.,2019,BDO
24294675,Kraton Polymers Nederland B.V.,2020,BDO
24203009,Kreber Beheer B.V.,2022,BDO
92325548,Kroymans Familieholding B.V.,2023,BDO
92325548,Kroymans Familieholding B.V.,2024,BDO
77543106,Kroymans Holding B.V.,2022,BDO
77543106,Kroymans Holding B.V.,2023,BDO
77543106,Kroymans Holding B.V.,2024,BDO
28038672,Kroymans Leasing B.V.,2022,BDO
28038672,Kroymans Leasing B.V.,2023,BDO
28038672,Kroymans Leasing B.V.,2024,BDO
05085297,Kruitbosch Cycle Universe Holding B.V.,2018,BDO
05085297,Kruitbosch Cycle Universe Holding B.V.,2019,BDO
05014212,Kruitbosch Zwolle B.V.,2017,BDO
05014212,Kruitbosch Zwolle B.V.,2018,BDO
05014212,Kruitbosch Zwolle B.V.,2019,BDO
34239948,KSYOS Expertise Centrum (EC®) B.V.,2017,BDO
34239948,KSYOS Expertise Centrum (EC®) B.V.,2018,BDO
34239948,KSYOS Expertise Centrum (EC®) B.V.,2019,BDO
09175375,KTZ Groep B.V.,2018,BDO
09175375,KTZ Groep B.V.,2019,BDO
09175375,KTZ Groep B.V.,2020,BDO
09175375,KTZ Groep B.V.,2021,BDO
09175375,KTZ Groep B.V.,2022,BDO
27273563,Kubo Greenhouse Projects,2018,BDO
27273563,Kubo Greenhouse Projects,2019,BDO
27273563,Kubo Greenhouse Projects,2020,BDO
27273563,Kubo Greenhouse Projects,2021,BDO
27273563,Kubo Greenhouse Projects,2022,BDO
27273563,Kubo Greenhouse Projects,2023,BDO
27273563,Kubo Greenhouse Projects,2024,BDO
27273563,Kubo Greenhouse Projects,2025,BDO
27273563,Kubo Greenhouse Projects B.V.,2017,BDO
50502077,Kubo Projects B.V.,2023,BDO
17156496,Kuijpers Beveiligingssystemen B.V.,2017,BDO
14050984,Kuijpers Cargo Service B.V.,2017,BDO
14050984,Kuijpers Cargo Service B.V.,2018,BDO
14050984,Kuijpers Cargo Service B.V.,2020,BDO
14050984,Kuijpers Cargo Service B.V.,2021,BDO
14050984,Kuijpers Cargo Service B.V.,2022,BDO
14050984,Kuijpers Cargo Service B.V.,2023,BDO
14050984,Kuijpers Cargo Service B.V.,2024,BDO
17238263,Kuijpers Centrale Projecten B.V.,2017,BDO
17173282,Kuijpers Exploitatie & Beheer B.V.,2017,BDO
17089143,Kuijpers Industrie B.V.,2017,BDO
14057073,Kuijpers Logistieke Diensten B.V.,2017,BDO
14057073,Kuijpers Logistieke Diensten B.V.,2018,BDO
14057073,Kuijpers Logistieke Diensten B.V.,2020,BDO
30082611,Kuijpers Utiliteit Midden-Noord B.V.,2017,BDO
17040131,Kuijpers Utiliteit Zuid B.V.,2017,BDO
96083727,Kuin Groep B.V.,2024,BDO
36046148,Kuin Vastgoedontwikkeling,2018,BDO
36046148,Kuin Vastgoedontwikkeling,2020,BDO
36046148,Kuin Vastgoedontwikkeling,2021,BDO
36046148,Kuin Vastgoedontwikkeling,2023,BDO
36046148,Kuin Vastgoedontwikkeling B.V.,2017,BDO
24118236,KuiperCompagnons B.V.,2022,BDO
17078573,Kulicke & Soffa Netherlands B.V.,2023,BDO
08017845,Kwik-Fit,2019,BDO
08017845,Kwik-Fit,2020,BDO
08017845,Kwik-Fit,2021,BDO
08017845,Kwik-Fit Nederland B.V.,2017,BDO
08017845,Kwik-Fit Nederland B.V.,2018,BDO
14613271,König Stahl Holding B.V.,2018,BDO
14613271,König Stahl Holding B.V.,2019,BDO
14613271,König Stahl Holding B.V.,2020,BDO
14613271,König Stahl Holding B.V.,2021,BDO
14613271,König Stahl Holding B.V.,2023,BDO
14613271,König Stahl Holding B.V.,2024,BDO
14083253,L'Ortye B.V.,2018,BDO
14083253,L'Ortye B.V.,2019,BDO
14083253,L'Ortye B.V.,2020,BDO
14083253,L'Ortye B.V.,2022,BDO
14083253,L'Ortye B.V.,2023,BDO
14083253,L'Ortye B.V.,2024,BDO
14083253,L'Ortye B.V.,2025,BDO
14025427,L'Ortye Transportbedrijf B.V.,2018,BDO
14025427,L'Ortye Transportbedrijf B.V.,2020,BDO
14025427,L'Ortye Transportbedrijf B.V.,2022,BDO
14025427,L'Ortye Transportbedrijf B.V.,2023,BDO
14025427,L'Ortye Transportbedrijf B.V.,2024,BDO
14025427,L'Ortye Transportbedrijf B.V.,2025,BDO
14032951,Laboratorium Born B.V.,2017,BDO
09077294,Land- en Tuinbouwcoöperatie AgruniekRijnvallei U.A.,2018,BDO
09077294,Land- en Tuinbouwcoöperatie AgruniekRijnvallei U.A.,2019,BDO
09077294,Land- en Tuinbouwcoöperatie AgruniekRijnvallei U.A.,2020,BDO
09077294,Land- en Tuinbouwcoöperatie AgruniekRijnvallei U.A.,2021,BDO
09077294,Land- en Tuinbouwcoöperatie AgruniekRijnvallei U.A.,2022,BDO
09077294,Land- en Tuinbouwcoöperatie AgruniekRijnvallei U.A.,2023,BDO
09077294,Land- en Tuinbouwcoöperatie AgruniekRijnvallei U.A.,2024,BDO
09077294,Land- en Tuinbouwcoöperatie AgruniekRijnvallei U.A.,2025,BDO
16058485,Language Institute Regina Coeli B.V.,2017,BDO
16058485,Language Institute Regina Coeli B.V.,2018,BDO
16058485,Language Institute Regina Coeli B.V.,2019,BDO
16058485,Language Institute Regina Coeli B.V.,2020,BDO
16058485,Language Institute Regina Coeli B.V.,2021,BDO
17091235,Lapp Benelux B.V.,2018,BDO
17091235,Lapp Benelux B.V.,2019,BDO
17091235,Lapp Benelux B.V.,2020,BDO
17091235,Lapp Benelux B.V.,2021,BDO
17091235,Lapp Benelux B.V.,2023,BDO
17091235,Lapp Benelux B.V.,2024,BDO
17091235,Lapp Benelux B.V.,2025,BDO
73857092,LAPP Insulators Redwitz B.V.,2018,BDO
01043050,Lasaulec Holding B.V.,2022,BDO
01043050,Lasaulec Holding B.V.,2023,BDO
01043050,Lasaulec Holding B.V.,2024,BDO
14051619,Laura Metaal Eygelshoven B.V.,2017,BDO
14051619,Laura Metaal Eygelshoven B.V.,2018,BDO
14051619,Laura Metaal Eygelshoven B.V.,2019,BDO
14023833,Laura Metaal Holding B.V.,2017,BDO
14023833,Laura Metaal Holding B.V.,2018,BDO
14023833,Laura Metaal Holding B.V.,2019,BDO
14633040,Laura Staalcenter Maastricht B.V.,2017,BDO
14633040,Laura Staalcenter Maastricht B.V.,2018,BDO
14633040,Laura Staalcenter Maastricht B.V.,2019,BDO
14633040,Laura Staalcenter Maastricht B.V.,2020,BDO
02329849,LCW Beheer B.V.,2018,BDO
02329849,LCW Beheer B.V.,2019,BDO
02329849,LCW Beheer B.V.,2020,BDO
02329849,LCW Beheer B.V.,2021,BDO
02067612,LCW Groningen B.V.,2017,BDO
02067612,LCW Groningen B.V.,2018,BDO
02067612,LCW Groningen B.V.,2019,BDO
02067612,LCW Groningen B.V.,2020,BDO
18119877,LDM B.V.,2017,BDO
18119877,LDM B.V.,2018,BDO
61164496,LeaderMed B.V.,2022,BDO
61164496,LeaderMed B.V.,2023,BDO
83121439,Leads B.V.,2022,BDO
83121439,Leads B.V.,2023,BDO
83121439,Leads B.V.,2024,BDO
58379754,leads.io B.V.,2019,BDO
58379754,leads.io B.V.,2020,BDO
58379754,leads.io B.V.,2021,BDO
59384360,Leads.io Benelux B.V.,2022,BDO
59384360,Leads.io Benelux B.V.,2023,BDO
59384360,Leads.io Benelux B.V.,2024,BDO
20050581,Lecot voor Bouw en Industrie,2022,BDO
27118743,Leen Menken Foodservice Logistics B.V.,2017,BDO
27118743,Leen Menken Foodservice Logistics B.V.,2018,BDO
27118743,Leen Menken Foodservice Logistics B.V.,2019,BDO
27118743,Leen Menken Foodservice Logistics B.V.,2020,BDO
27118743,Leen Menken Foodservice Logistics B.V.,2021,BDO
27118743,Leen Menken Foodservice Logistics B.V.,2023,BDO
27118743,Leen Menken Foodservice Logistics B.V.,2024,BDO
86387359,Leerdam Crisal Group B.V.,2022,BDO
86387359,Leerdam Crisal Group B.V.,2023,BDO
86387359,Leerdam Crisal Group B.V.,2024,BDO
24390750,Leesland Investment B.V.,2020,BDO
34021213,Legerstede Vastgoed B.V.,2019,BDO
34021213,Legerstede Vastgoed B.V.,2020,BDO
34021213,Legerstede Vastgoed B.V.,2021,BDO
34021213,Legerstede Vastgoed B.V.,2022,BDO
34021213,Legerstede Vastgoed B.V.,2023,BDO
34021213,Legerstede Vastgoed B.V.,2024,BDO
33267322,Lehman Brothers Treasury Co. B.V.,2018,BDO
33267322,Lehman Brothers Treasury Co. B.V. in liquidatie,2019,BDO
33267322,Lehman Brothers Treasury Co. B.V. in liquidatie,2020,BDO
33267322,Lehman Brothers Treasury Co. B.V. in liquidatie,2021,BDO
33267322,Lehman Brothers Treasury Co. B.V. in liquidatie,2022,BDO
33267322,Lehman Brothers Treasury Co. B.V. in liquidatie,2023,BDO
33267322,Lehman Brothers Treasury Co. B.V. in liquidatie,2024,BDO
24242227,Leidsche Verzekering Maatschappij N.V.,2021,BDO
28007673,Leidse Onderwijsinstellingen B.V.,2017,BDO
28007673,Leidse Onderwijsinstellingen B.V.,2021,BDO
23036735,Lekstede Wonen,2018,BDO
23036735,Lekstede Wonen,2019,BDO
23036735,Lekstede Wonen,2021,BDO
23036735,Lekstede Wonen,2023,BDO
16030531,Lenze B.V.,2018,BDO
16030531,Lenze B.V.,2019,BDO
16030531,Lenze B.V.,2020,BDO
16030531,Lenze B.V.,2021,BDO
16030531,Lenze B.V.,2023,BDO
16030531,Lenze B.V.,2024,BDO
55005624,Lepu Medical (Europe) Coöperatief U.A.,2019,BDO
17144996,Leviza B.V.,2017,BDO
17144996,Leviza B.V.,2018,BDO
17144996,Leviza B.V.,2019,BDO
17144996,Leviza B.V.,2020,BDO
17144996,Leviza B.V.,2021,BDO
17144996,Leviza B.V.,2022,BDO
34238535,Levéo Care B.V.,2018,BDO
34238535,Levéo Groep B.V.,2019,BDO
34238535,Levéo Groep B.V.,2020,BDO
34238535,Levéo Groep B.V.,2021,BDO
34238535,Levéo Groep B.V.,2022,BDO
34238535,Levéo Groep B.V.,2025,BDO
17259872,Levéo Specialisten B.V.,2018,BDO
18028418,Leystromen,2019,BDO
18028418,Leystromen,2020,BDO
18028418,Leystromen,2021,BDO
18028418,Leystromen,2022,BDO
18028418,Leystromen,2023,BDO
18028418,Leystromen,2024,BDO
18028418,Leystromen,2025,BDO
37140128,Libra Energy B.V.,2018,BDO
37140128,Libra Energy B.V.,2019,BDO
37140128,Libra Energy B.V.,2020,BDO
37140128,Libra Energy B.V.,2021,BDO
37131175,Libra Energy International B.V.,2018,BDO
37131175,Libra Energy International B.V.,2019,BDO
37131175,Libra Energy International B.V.,2020,BDO
37131175,Libra Energy International B.V.,2022,BDO
41047145,Liefkenshoek,2020,BDO
41047145,Liefkenshoek,2021,BDO
75857502,Lieftink Groep B.V.,2019,BDO
75857502,Lieftink Groep B.V.,2020,BDO
75857502,Lieftink Groep B.V.,2021,BDO
75857502,Lieftink Groep B.V.,2022,BDO
09177659,Liemerije,2019,BDO
09177659,Liemerije,2020,BDO
09177659,Liemerije,2021,BDO
09177659,Liemerije,2022,BDO
09177659,Liemerije,2023,BDO
09177659,Liemerije,2025,BDO
66317509,Life & Mobility Holdco B.V.,2019,BDO
66317509,Life & Mobility Holdco B.V.,2020,BDO
66317509,Life & Mobility Holdco B.V.,2022,BDO
66317509,Life & Mobility Holdco B.V.,2023,BDO
66317509,Life & Mobility Holdco B.V.,2024,BDO
66317509,Life & Mobility Holdco B.V.,2025,BDO
09155788,Life & Mobility Holding B.V.,2018,BDO
80775330,Life Science One B.V.,2021,BDO
80775330,Life Science One B.V.,2022,BDO
28105685,Lightmakers B.V.,2017,BDO
28105685,Lightmakers B.V.,2018,BDO
28105685,Lightmakers B.V.,2019,BDO
60895535,Linex Prefab Daksystemen B.V.,2017,BDO
60895535,Linex Prefab Daksystemen B.V.,2019,BDO
60895535,Linex Prefab Daksystemen B.V.,2020,BDO
60895535,Linex Prefab Daksystemen B.V.,2021,BDO
60895535,Linex Prefab Daksystemen B.V.,2022,BDO
55932908,Linex Real Estate B.V.,2019,BDO
55932908,Linex Real Estate B.V.,2020,BDO
72167521,Lingehorst Beheer B.V.,2019,BDO
72167521,Lingehorst Beheer B.V.,2021,BDO
72167521,Lingehorst Beheer B.V.,2022,BDO
65631609,Linx Telecommunications Holding B.V.,2017,BDO
65631609,Linx Telecommunications Holding B.V.,2018,BDO
65631609,Linx Telecommunications Holding B.V.,2019,BDO
65631609,Linx Telecommunications Holding B.V.,2020,BDO
65631609,Linx Telecommunications Holding B.V.,2021,BDO
10041575,Linxens (the Netherlands) B.V.,2018,BDO
58967702,LiveStyle International Holdings B.V.,2018,BDO
24482820,Loffos Invest B.V.,2017,BDO
24482820,Loffos Invest B.V.,2018,BDO
24482820,Loffos Invest B.V.,2019,BDO
24482820,Loffos Invest B.V.,2020,BDO
34359767,LS ELECTRIC Europe B.V.,2019,BDO
34359767,LS ELECTRIC Europe B.V.,2020,BDO
34359767,LS ELECTRIC Europe B.V.,2022,BDO
20071557,Lubron Beheer B.V.,2017,BDO.
20071557,Lubron Beheer B.V.,2018,BDO
20079767,Lubron Holding B.V.,2018,BDO
72608358,Luiten Coöperatief Beheer U.A.,2020,BDO
72608358,Luiten Coöperatief Beheer U.A.,2021,BDO
72608358,Luiten Coöperatief Beheer U.A.,2022,BDO
72608358,Luiten Coöperatief Beheer U.A.,2023,BDO
17096691,Luiten van der Valk Beheer B.V.,2017,BDO
17096691,Luiten van der Valk Beheer B.V.,2018,BDO
17096691,Luiten van der Valk Beheer B.V.,2019,BDO
17096691,Luiten van der Valk Beheer B.V.,2020,BDO
17096691,Luiten van der Valk Beheer B.V.,2022,BDO
17096691,Luiten van der Valk Beheer B.V.,2023,BDO
28071932,Lumi Parts B.V.,2018,BDO
28071932,Lumi Parts B.V.,2020,BDO
56778678,Lumi Parts Beheer B.V.,2018,BDO
56778678,Lumi Parts Beheer B.V.,2019,BDO
56778678,Lumi Parts Beheer B.V.,2020,BDO
17144573,Lunet zorg/Centraal kantoor,2024,BDO
17144573,Lunet zorg/Centraal kantoor,2025,BDO
39085937,LX Pantos Netherlands B.V.,2017,BDO
39085937,LX Pantos Netherlands B.V.,2018,BDO
39085937,LX Pantos Netherlands B.V.,2019,BDO
39085937,LX Pantos Netherlands B.V.,2020,BDO
57556156,LydisPlus B.V.,2024,BDO
24064894,M. & R. de Monchy N.V.,2022,BDO
24064894,M. & R. de Monchy N.V.,2024,BDO
22032716,M.D. Davidse Beheer B.V.,2018,BDO
22032716,M.D. Davidse Beheer B.V.,2019,BDO
22032716,M.D. Davidse Beheer B.V.,2020,BDO
10044498,M.L.M. Beheer B.V.,2017,BDO
10044498,M.L.M. Beheer B.V.,2019,BDO
10044498,M.L.M. Beheer B.V.,2020,BDO
27147020,M.W.G. den Heijer Werkmaatschappij B.V.,2018,BDO
27147020,M.W.G. den Heijer Werkmaatschappij B.V.,2019,BDO
27147020,M.W.G. den Heijer Werkmaatschappij B.V.,2020,BDO
27147020,M.W.G. den Heijer Werkmaatschappij B.V.,2023,BDO
08016258,Maars Holding B.V.,2017,BDO
94747628,Maarsen Groep Holding B.V.,2024,BDO
40348027,Maaskoepel,2017,BDO
24154785,Maasmond Application Holding B.V.,2018,BDO
24154785,Maasmond Application Holding B.V.,2019,BDO
06079891,Maats B.V.,2017,BDO
06079891,Maats B.V.,2018,BDO
06079891,Maats B.V.,2019,BDO
06079891,Maats B.V.,2020,BDO
06079891,Maats B.V.,2022,BDO
06079891,Maats B.V.,2023,BDO
06055566,Maats Beheer B.V.,2017,BDO
06055566,Maats Beheer B.V.,2018,BDO
06055566,Maats Beheer B.V.,2019,BDO
06055566,Maats Beheer B.V.,2020,BDO
06055566,Maats Beheer B.V.,2023,BDO
08091516,Maats European Pipeline Rentals B.V.,2017,BDO
08091516,Maats European Pipeline Rentals B.V.,2018,BDO
17270217,Maatschap Huisartsen 's-Hertogenbosch Noord,2022,BDO
24226178,Machinefabriek Kreber B.V.,2022,BDO
62216546,Madern Automation B.V.,2024,BDO
84406445,Madern Industries Holding B.V.,2023,BDO
84406445,Madern Industries Holding B.V.,2024,BDO
84406445,Madern Industries Holding B.V.,2025,BDO
24221070,Madern International B.V.,2017,BDO
24221070,Madern International B.V.,2018,BDO
24221070,Madern International B.V.,2019,BDO
24221070,Madern International B.V.,2020,BDO
24221070,Madern International B.V.,2021,BDO
24221070,Madern International B.V.,2022,BDO
24221070,Madern International B.V.,2023,BDO
24221070,Madern International B.V.,2024,BDO
24231680,Madern SSC B.V.,2022,BDO
27154032,Madurodam B.V.,2017,BDO
27154032,Madurodam B.V.,2018,BDO
27154032,Madurodam B.V.,2020,BDO
27154032,Madurodam B.V.,2021,BDO
34166462,Main Capital II B.V.,2020,BDO
55290922,Main Capital III B.V.,2020,BDO
55290922,Main Capital III B.V.,2022,BDO
55290922,Main Capital III B.V.,2023,BDO
55505902,Main Capital III Funders B.V.,2020,BDO
55505902,Main Capital III Funders B.V.,2023,BDO
63236192,Main Capital IV B.V.,2020,BDO
63236192,Main Capital IV B.V.,2022,BDO
63236192,Main Capital IV B.V.,2023,BDO
63236192,Main Capital IV B.V.,2024,BDO
63314886,Main Capital IV Funders B B.V.,2020,BDO
63314886,Main Capital IV Funders B B.V.,2023,BDO
63314886,Main Capital IV Funders B B.V.,2024,BDO
63297027,Main Capital IV Funders B.V.,2020,BDO
63297027,Main Capital IV Funders B.V.,2022,BDO
63297027,Main Capital IV Funders B.V.,2024,BDO
33294313,Main Capital Partners B.V.,2020,BDO
33294313,Main Capital Partners B.V.,2021,BDO
33294313,Main Capital Partners B.V.,2022,BDO
33294313,Main Capital Partners B.V.,2023,BDO
33294313,Main Capital Partners B.V.,2024,BDO
82596018,Main Capital VII Coöperatief U.A.,2023,BDO
82596018,Main Capital VII Coöperatief U.A.,2024,BDO
91475376,Main Capital VIII Coöperatief U.A.,2024,BDO
80227988,Main Foundation I Coöperatief U.A.,2023,BDO
80227988,Main Foundation I Coöperatief U.A.,2024,BDO
91485991,Main Foundation II Coöperatief U.A.,2024,BDO
88223388,Main VII Co-Investment Fund I Coöperatief U.A.,2024,BDO
33248527,Maine B.V.,2018,BDO
33248527,Maine B.V.,2019,BDO
51997665,MakeSense Derivatives B.V.,2023,BDO
51997665,MakeSense Derivatives B.V.,2024,BDO
20123406,Makz Kalkzandsteen B.V.,2017,BDO
20123406,Makz Kalkzandsteen B.V.,2018,BDO
20123406,Makz Kalkzandsteen B.V.,2019,BDO
20123406,Makz Kalkzandsteen B.V.,2020,BDO
20123406,Makz Kalkzandsteen B.V.,2021,BDO
20078612,Maltha Groep B.V.,2021,BDO
20078612,Maltha Groep B.V.,2023,BDO
20078612,Maltha Groep B.V.,2024,BDO
20078612,Maltha Groep B.V.,2025,BDO
23053765,Mampaey Dordrecht Beheer B.V.,2017,BDO
23053765,Mampaey Dordrecht Beheer B.V.,2018,BDO
23053765,Mampaey Dordrecht Beheer B.V.,2019,BDO
23053765,Mampaey Dordrecht Beheer B.V.,2020,BDO
23053765,Mampaey Dordrecht Beheer B.V.,2022,BDO
39026658,Marfo B.V.,2017,BDO
39026658,Marfo B.V.,2018,BDO
39026658,Marfo B.V.,2019,BDO
53191730,Marfo Food Group Holding B.V.,2018,BDO
01133974,Mark Group B.V.,2023,BDO
08089010,Markenhof,2019,BDO
08089010,Markenhof,2020,BDO
08089010,Markenhof,2021,BDO
08089010,Markenhof,2022,BDO
08089010,Markenhof,2023,BDO
08089010,Markenhof,2024,BDO
08089010,Markenhof,2025,BDO
24193290,Marlow Navigation Netherlands B.V.,2017,BDO
51471388,Marshal B.V.,2019,BDO
56558163,Martini Apotheek B.V.,2022,BDO
24233169,Martson B.V.,2020,BDO
24233169,Martson B.V.,2022,BDO
24233169,Martson B.V.,2023,BDO
24233169,Martson B.V.,2024,BDO
67646131,Martson Beheer B.V.,2020,BDO
67646131,Martson Beheer B.V.,2021,BDO
33230020,Mastervolt B.V.,2017,BDO
24148957,Matrans Marine Services B.V.,2017,BDO
24148957,Matrans Marine Services B.V.,2018,BDO
24254252,Matrans Terminal Holding B.V.,2018,BDO
04060388,Matser Beheer B.V.,2017,BDO
04060388,Matser Beheer B.V.,2018,BDO
04060388,Matser Beheer B.V.,2019,BDO
04060388,Matser Beheer B.V.,2020,BDO
04060388,Matser Beheer B.V.,2021,BDO
09073537,Matser Beheer B.V.,2022,BDO
04060388,Matser Beheer B.V.,2022,BDO
04060388,Matser Beheer B.V.,2023,BDO
04060388,Matser Beheer B.V.,2024,BDO
17038042,Mauna N.V.,2019,BDO
17038042,Mauna N.V.,2020,BDO
17038042,Mauna N.V.,2021,BDO
17038042,Mauna N.V.,2022,BDO
17038042,Mauna N.V.,2023,BDO
17038042,Mauna N.V.,2024,BDO
17038042,Mauna N.V.,2025,BDO
06084000,Max Ernst GGZ,2020,BDO
06084000,Max Ernst GGZ,2021,BDO
06084000,Max Ernst GGZ,2022,BDO
06084000,Max Ernst GGZ,2023,BDO
06084000,Max Ernst GGZ,2024,BDO
06084000,Max Ernst GGZ,2025,BDO
09115082,Maxibas B.V.,2017,BDO
09115082,Maxibas B.V.,2018,BDO
09115082,Maxibas B.V.,2019,BDO
06051466,Maxon Motor Benelux B.V.,2017,BDO
06051466,Maxon Motor Benelux B.V.,2018,BDO
33088314,Maxxium Nederland,2023,BDO
33088314,Maxxium Nederland,2024,BDO
33088314,Maxxium Nederland,2025,BDO
68246528,MC Box B.V.,2019,BDO
68246528,MC Box B.V.,2020,BDO
68246528,MC Box B.V.,2021,BDO
68167938,MC Talent B.V.,2018,BDO
91893895,MCP Co-Investment Fund III Coöperatief U.A.,2024,BDO
65580044,MDF Infra B.V.,2024,BDO
67415067,Meat Holdco B.V.,2019,BDO
67415067,Meat Holdco B.V.,2020,BDO
28031394,Meat Import Zandbergen Brothers B.V.,2018,BDO
28031394,Meat Import Zandbergen Brothers B.V.,2020,BDO
28031394,Meat Import Zandbergen Brothers B.V.,2021,BDO
28031394,Meat Import Zandbergen Brothers B.V.,2022,BDO
28031394,Meat Import Zandbergen Brothers B.V.,2023,BDO
58290893,MECC Maastricht B.V.,2017,BDO
33139088,Media Partners Group B.V.,2017,BDO
52072797,Medical Developers Coöperatief U.A.,2019,BDO
06070224,Medical Measurement Systems B.V.,2017,BDO
05068437,Medische Regio Groep B.V.,2017,BDO
05068437,MEDISCHE REGIO GROEP B.V.,2018,BDO
05068437,MEDISCHE REGIO GROEP B.V.,2020,BDO
05068437,MEDISCHE REGIO GROEP B.V.,2021,BDO
05068437,MEDISCHE REGIO GROEP B.V.,2022,BDO
05068437,MEDISCHE REGIO GROEP B.V.,2024,BDO
05068437,MEDISCHE REGIO GROEP B.V.,2025,BDO
76800679,Mediterranean Bakery Group B.V.,2019,BDO
76400190,Medusa Holding B.V.,2020,BDO
76400190,Medusa Holding B.V.,2021,BDO
41216711,MEE Amstel en Zaan,2021,BDO
41216711,MEE Amstel en Zaan,2022,BDO
41216711,MEE Amstel en Zaan,2023,BDO
30152505,MEE Dichtbij,2023,BDO
30152505,MEE Dichtbij,2024,BDO
55762522,Meemaken B.V.,2018,BDO
55762522,Meemaken B.V.,2019,BDO
55762522,Meemaken B.V.,2021,BDO
34098938,Meerlanden Holding N.V.,2018,BDO
34098938,Meerlanden Holding N.V.,2019,BDO
34098938,Meerlanden Holding N.V.,2020,BDO
61098078,MEET Strukton B.V.,2020,BDO
61098078,MEET Strukton B.V.,2022,BDO
61098078,MEET Strukton B.V.,2023,BDO
61095532,MEET Strukton Holding B.V.,2019,BDO
61095532,MEET Strukton Holding B.V.,2020,BDO
01051841,Melkweg|Fritom,2020,BDO
01051841,Melkweg|Fritom,2022,BDO
01051841,Melkweg|Fritom B.V.,2017,BDO
24412411,Meneba B.V.,2017,BDO
24397511,MERA Trans B.V.,2017,BDO
24397511,MERA Trans B.V.,2018,BDO
24397511,MERA Trans B.V.,2019,BDO
24397511,MERA Trans B.V.,2020,BDO
24397511,MERA Trans B.V.,2021,BDO
09127273,MercaChem B.V.,2017,BDO
39024407,Mercatus,2019,BDO
39024407,Mercatus,2020,BDO
39024407,Mercatus,2021,BDO
39024407,Mercatus,2022,BDO
39024407,Mercatus,2023,BDO
39024407,Mercatus,2024,BDO
30148169,Mercell Nederland B.V.,2021,BDO
23080466,Merck Life Science N.V.,2018,BDO
23080466,Merck Life Science N.V.,2019,BDO
08008994,Mercurius Schadeverzekeringen N.V.,2017,BDO
08008994,Mercurius Schadeverzekeringen N.V.,2018,BDO
08008994,Mercurius Schadeverzekeringen N.V.,2019,BDO
08008994,Mercurius Schadeverzekeringen N.V.,2020,BDO
23057853,Merford Holding B.V.,2017,bdo
23057853,Merford Holding B.V.,2018,BDO
23057853,Merford Holding B.V.,2019,BDO
24091840,Merkartikel-Verkoopkantoor Swartberg,2023,BDO
87921588,Merseyside B.V.,2024,BDO
23057855,Merto Holding B.V.,2018,BDO
02100277,Mesdag,2022,BDO
02100277,Mesdag,2023,BDO
02100277,Mesdag,2024,BDO
02100277,Mesdag,2025,BDO
17038062,Metals International B.V.,2018,BDO
17038062,Metals International B.V.,2019,BDO
91252598,MetMaya,2024,BDO
91252598,MetMaya,2025,BDO
33178683,Metro Finance B.V.,2017,BDO
27104894,Metterwoon Holding B.V.,2023,BDO
27104894,Metterwoon Holding B.V.,2024,BDO
27104894,Metterwoon Holding B.V.,2025,BDO
14093873,Mexma Food B.V.,2017,BDO
14093873,Mexma Food B.V.,2018,BDO
14093873,Mexma Food B.V.,2019,BDO
14093873,Mexma Food B.V.,2020,BDO
80128181,MF I Funders Coöperatief U.A.,2023,BDO
80128181,MF I Funders Coöperatief U.A.,2024,BDO
34167717,MHB.HEER B.V.,2018,BDO
12066734,Michel Oprey & Beisterveld Natuursteen B.V.,2017,BDO
12066734,Michel Oprey & Beisterveld Natuursteen B.V.,2018,BDO
12066734,Michel Oprey & Beisterveld Natuursteen B.V.,2019,BDO
12066734,Michel Oprey & Beisterveld Natuursteen B.V.,2020,BDO
12066734,Michel Oprey & Beisterveld Natuursteen B.V.,2021,BDO
12066734,Michel Oprey & Beisterveld Natuursteen B.V.,2022,BDO
12066734,Michel Oprey & Beisterveld Natuursteen B.V.,2023,BDO
12066734,Michel Oprey & Beisterveld Natuursteen B.V.,2024,BDO
14080933,Microz B.V.,2022,BDO
14080933,Microz B.V.,2024,BDO
70552444,Microz Holding B.V.,2021,BDO
70552444,Microz Holding B.V.,2022,BDO
70552444,Microz Holding B.V.,2024,BDO
01014708,Miedema,2018,BDO
01014708,Miedema,2020,BDO
01014708,Miedema,2022,BDO
41032244,Mijande Wonen,2018,BDO
41047309,Mildred Clinics Arnhem,2024,BDO
41047309,Mildred Clinics Arnhem,2025,BDO
14046918,Millhill Beheer B.V.,2017,BDO
24357886,Mimaki Europe B.V.,2021,BDO
24357886,Mimaki Europe B.V.,2022,BDO
24357886,Mimaki Europe B.V.,2023,BDO
24357886,Mimaki Europe B.V.,2024,BDO
24357886,Mimaki Europe B.V.,2025,BDO
75643650,Mindler B.V.,2020,BDO
75643650,Mindler B.V.,2021,BDO
08060780,Minteq B.V.,2017,BDO
24143367,Mirador Holding B.V.,2022,BDO
24143367,Mirador Holding B.V.,2023,BDO
24143367,Mirador Holding B.V.,2024,BDO
69648557,Mitek Holding B.V.,2023,BDO
63313316,MMAZ Den Bosch Coöperatief U.A.,2020,BDO
63313316,MMAZ Den Bosch Coöperatief U.A.,2021,BDO
63313316,MMAZ Den Bosch Coöperatief U.A.,2022,BDO
63335522,MMZ Properties Adam One Coöperatief U.A.,2018,BDO
63335522,MMZ Properties Adam One Coöperatief U.A.,2019,BDO
63335522,MMZ Properties Adam One Coöperatief U.A.,2020,BDO
61569542,MMZ Properties Alaska Haarlem Coöperatief U.A.,2018,BDO
61569542,MMZ Properties Alaska Haarlem Coöperatief U.A.,2019,BDO
61569542,MMZ Properties Alaska Haarlem Coöperatief U.A.,2020,BDO
61569542,MMZ Properties Alaska Haarlem Coöperatief U.A.,2022,BDO
60725176,MMZ Properties B.V.,2018,BDO
60725176,MMZ Properties B.V.,2019,BDO
60725176,MMZ Properties B.V.,2020,BDO
60725176,MMZ Properties B.V.,2021,BDO
60725176,MMZ Properties B.V.,2022,BDO
59374675,Mobiliteitsfabriek B.V.,2020,BDO
59374675,Mobiliteitsfabriek B.V.,2022,BDO
59319046,Mobility Invest Group B.V.,2020,BDO
59319046,Mobility Invest Group B.V.,2022,BDO
59319046,Mobility Invest Group B.V.,2023,BDO
34270669,Mobiquity B.V.,2020,BDO
08055138,ModusLink B.V.,2017,BDO
08055138,ModusLink B.V.,2019,BDO
20156776,Moerdijk Container Terminals B.V.,2018,BDO
80098843,Momentum B.V.,2022,BDO
80098843,Momentum B.V.,2023,BDO
51617560,Monocrystal N.V.,2018,BDO
34126934,Monster Worldwide Netherlands B.V.,2017,BDO
16061756,Monte Stelvio B.V.,2017,BDO
32037562,Moorman Karton Weesp Beheer B.V.,2017,BDO
32037562,Moorman Karton Weesp Beheer B.V.,2018,BDO
36052388,Moso International B.V.,2017,BDO
36052388,Moso International B.V.,2018,BDO
36052388,Moso International B.V.,2021,BDO
36052388,Moso International B.V.,2023,BDO
22038837,Moving Intelligence B.V.,2022,BDO
22038837,Moving Intelligence B.V.,2023,BDO
24463615,Movio Holding B.V.,2018,BDO
21014044,Mowi Netherlands B.V.,2021,BDO
21014044,Mowi Netherlands B.V.,2022,BDO
21014044,Mowi Netherlands B.V.,2024,BDO
70503087,MPH Investments B.V.,2018,BDO
70503087,MPH Investments B.V.,2019,BDO
66776732,MSBH B.V.,2018,BDO
66776732,MSBH B.V.,2019,BDO
66776732,MSBH B.V.,2020,BDO
66776732,MSBH B.V.,2021,BDO
66776732,MSBH B.V.,2022,BDO
66776732,MSBH B.V.,2024,BDO
65811976,MSNL B.V.,2018,BDO
65811976,MSNL B.V.,2019,BDO
65811976,MSNL B.V.,2020,BDO
65811976,MSNL B.V.,2024,BDO
72831952,MSP Topco B.V.,2019,BDO
72831952,MSP Topco B.V.,2020,BDO
72831952,MSP Topco B.V.,2021,BDO
23066371,MSQ Groep,2018,BDO
23066371,MSQ Groep,2019,BDO
23066371,MSQ Groep,2020,BDO
11067418,MSQUARED Holding B.V.,2018,BDO
11067418,MSQUARED Holding B.V.,2019,BDO
11067418,MSQUARED Holding B.V.,2020,BDO
17124287,MSX International Netherlands B.V.,2020,BDO
17124287,MSX International Netherlands B.V.,2021,BDO
22046602,Muller Maritime Holding,2020,BDO
22046602,Muller Maritime Holding,2021,BDO
22046602,Muller Maritime Holding,2022,BDO
22046602,Muller Maritime Holding,2023,BDO
22046602,Muller Maritime Holding,2024,BDO
22046602,Muller Maritime Holding,2025,BDO
33158643,Muller's Drukkerij B.V.,2017,BDO
83778373,Multi Corporation Holding B.V.,2023,BDO
83778373,Multi Corporation Holding B.V.,2024,BDO
28005863,Multi Energy B.V.,2017,BDO
23053018,Multi-Post Beheer B.V.,2018,BDO
28005863,MultiEnergy,2019,BDO
28005863,MultiEnergy,2022,BDO
08045524,Multipurpose B.V.,2018,BDO
08045524,Multipurpose B.V.,2019,BDO
08045524,Multipurpose B.V.,2020,BDO
08045524,Multipurpose B.V.,2022,BDO
21013792,Multraship,2021,BDO
22057648,Multraship Ocean Towage B.V.,2020,BDO
22057648,Multraship Ocean Towage B.V.,2021,BDO
83531882,Multy Beheer B.V.,2022,BDO
41120560,Museum JAN,2020,BDO
27082487,"Mutual Insurance Association ""Munis"" (Onderlinge Verzekeringsmaatschappij ""Munis"") U.A.",2018,BDO
27082487,"Mutual Insurance Association ""Munis"" (Onderlinge Verzekeringsmaatschappij ""Munis"") U.A.",2019,BDO
27082487,"Mutual Insurance Association ""Munis"" (Onderlinge Verzekeringsmaatschappij ""Munis"") U.A.",2020,BDO
27082487,"Mutual Insurance Association ""Munis"" (Onderlinge Verzekeringsmaatschappij ""Munis"") U.A.",2021,BDO
27082487,"Mutual Insurance Association ""Munis"" (Onderlinge Verzekeringsmaatschappij ""Munis"") U.A.",2022,BDO
27082487,"Mutual Insurance Association ""Munis"" (Onderlinge Verzekeringsmaatschappij ""Munis"") U.A.",2023,BDO
27082487,"Mutual Insurance Association ""Munis"" (Onderlinge Verzekeringsmaatschappij ""Munis"") U.A.",2024,BDO
27082487,Mutual Insurance Association 'Munis' (Onderlinge Verzekeringsmaatschappij 'Munis') U.A.,2017,BDO
14041873,MVJ Holding B.V.,2018,BDO
14041873,MVJ Holding B.V.,2019,BDO
14041873,MVJ Holding B.V.,2020,BDO
14041873,MVJ Holding B.V.,2022,BDO
14052142,MVJ Ontwikkelingen B.V.,2019,BDO
14052142,MVJ Ontwikkelingen B.V.,2020,BDO
14091323,MVJ Woningen B.V.,2018,BDO
14091323,MVJ Woningen B.V.,2019,BDO
14091323,MVJ Woningen B.V.,2021,BDO
20135240,MVO Holding B.V.,2019,BDO
08104915,Myne Circular Metals B.V.,2023,BDO
08104915,Myne Circular Metals B.V.,2024,BDO
08165996,Myne Holding B.V.,2018,BDO
08165996,Myne Holding B.V.,2019,BDO
08165996,Myne Holding B.V.,2020,BDO
08165996,Myne Holding B.V.,2021,BDO
62293923,Mytilus B.V.,2019,BDO
62293923,Mytilus B.V.,2020,BDO
62293923,Mytilus B.V.,2021,BDO
62293923,Mytilus B.V.,2022,BDO
32055247,N.O.K. Nederlandse Obesitas Kliniek B.V.,2022,BDO
32055247,N.O.K. Nederlandse Obesitas Kliniek B.V.,2023,BDO
32055247,N.O.K. Nederlandse Obesitas Kliniek B.V.,2024,BDO
32055247,N.O.K. Nederlandse Obesitas Kliniek B.V.,2025,BDO
27225354,N.V. Juva,2018,BDO
27225354,N.V. Juva,2019,BDO
27225354,N.V. Juva,2020,BDO
27225354,N.V. Juva,2021,BDO
27225354,N.V. Juva,2022,BDO
27225354,N.V. Juva,2023,BDO
27225354,N.V. Juva,2024,BDO
27225354,N.V. Juva,2025,BDO
81174853,N.V. RENDO (Regionaal Nutsbedrijf voor Zuid Drenthe en Noord Overijssel),2022,BDO
81174853,N.V. RENDO (Regionaal Nutsbedrijf voor Zuid Drenthe en Noord Overijssel),2023,BDO
81174853,N.V. RENDO (Regionaal Nutsbedrijf voor Zuid Drenthe en Noord Overijssel),2024,BDO
04052476,N.V. RENDO Holding,2022,BDO
04052476,N.V. RENDO Holding,2023,BDO
04052476,N.V. RENDO Holding,2024,BDO
04052476,N.V. RENDO Holding,2025,BDO
24155189,N.V. Schadeverzekeringsmaatschappij Maas Lloyd,2022,BDO
24155189,N.V. Schadeverzekeringsmaatschappij Maas Lloyd,2024,BDO
31047474,"N.V. Sport, Recreatie en Onderwijsvoorzieningen(S.R.O.)",2017,BDO
31047474,N.V. SRO,2018,BDO
31047474,N.V. SRO,2019,BDO
31047474,N.V. SRO,2020,BDO
31047474,N.V. SRO,2021,BDO
31047474,N.V. SRO,2022,BDO
31047474,N.V. SRO,2023,BDO
31047474,N.V. SRO,2024,BDO
09062425,"N.V. Verzekering Maatschappij ""De Burcht""",2018,BDO
09062425,"N.V. Verzekering Maatschappij ""De Burcht""",2019,BDO
09062425,"N.V. Verzekering Maatschappij ""De Burcht""",2020,BDO
09062425,"N.V. Verzekering Maatschappij ""De Burcht""",2021,BDO
09062425,"N.V. Verzekering Maatschappij ""De Burcht""",2022,BDO
09062425,"N.V. Verzekering Maatschappij ""De Burcht""",2023,BDO
09062425,"N.V. Verzekering Maatschappij ""De Burcht""",2024,BDO
09062425,N.V. Verzekering Maatschappij 'De Burcht',2017,BDO
24315371,NAB Bliksembeveiliging B.V.,2022,BDO
24315371,NAB Bliksembeveiliging B.V.,2023,BDO
10000160,Nabor B.V.,2022,E & Y ; BDO
67752004,Nationale en Internationale Wegvervoer Organisatie,2018,BDO
67752004,Nationale en Internationale Wegvervoer Organisatie,2019,BDO
67752004,Nationale en Internationale Wegvervoer Organisatie,2020,BDO
67752004,Nationale en Internationale Wegvervoer Organisatie,2025,BDO
08017412,Natudis Nederland B.V.,2018,BDO
51425777,Natural Habitats Group,2020,BDO
51425777,Natural Habitats Group,2021,BDO
73864218,Naura Group B.V.,2023,BDO
73864218,Naura Group B.V.,2024,BDO
33230020,Navico Group EMEA B.V.,2018,BDO
33230020,Navico Group EMEA B.V.,2019,BDO
33230020,Navico Group EMEA B.V.,2020,BDO
33230020,Navico Group EMEA B.V.,2021,BDO
33230020,Navico Group EMEA B.V.,2022,BDO
33230020,Navico Group EMEA B.V.,2023,BDO
33230020,Navico Group EMEA B.V.,2024,BDO
24404345,Navico Logistics Europe B.V.,2023,BDO
95332898,Navy Topco B.V.,2024,BDO
95332898,Navy Topco B.V.,2025,BDO
11020020,NCAB Group Benelux B.V.,2018,BDO
11020020,NCAB Group Benelux B.V.,2019,BDO
11020020,NCAB Group Benelux B.V.,2020,BDO
23063774,Nebest Adviesgroep B.V.,2017,BDO
23046375,Nebest B.V.,2017,BDO
10041575,NedCard B.V.,2017,BDO
41198970,Nederlands Philharmonisch Orkest,2018,BDO
41198970,Nederlands Philharmonisch Orkest,2019,BDO
41198970,Nederlands Philharmonisch Orkest,2020,BDO
41198970,Nederlands Philharmonisch Orkest,2021,BDO
41198970,Nederlands Philharmonisch Orkest,2022,BDO
41198970,Nederlands Philharmonisch Orkest,2023,BDO
31007947,Nederlandsche Algemeene Maatschappij van Levensverzekering 'Conservatrix' N.V.,2017,BDO
31007947,Nederlandsche Algemeene Maatschappij van Levensverzekering 'Conservatrix' N.V.,2018,BDO
41222331,Nederlandse Brandwonden Stichting,2017,BDO
41222331,Nederlandse Brandwonden Stichting,2018,BDO
41222331,Nederlandse Brandwonden Stichting,2019,BDO
41222331,Nederlandse Brandwonden Stichting,2020,BDO
41222331,Nederlandse Brandwonden Stichting,2021,BDO
41222331,Nederlandse Brandwonden Stichting,2022,BDO
41222331,Nederlandse Brandwonden Stichting,2023,BDO
41222331,Nederlandse Brandwonden Stichting,2024,BDO
08023884,Nederlandse Expert Groep,2018,BDO
08023884,Nederlandse Expert Groep,2020,BDO
08023884,Nederlandse Expert Groep,2024,BDO
30060779,Nederlandse Frees Maatschappij B.V.,2017,BDO
30271806,Nederlandse Obesitas Kliniek West B.V.,2022,BDO
30271806,Nederlandse Obesitas Kliniek West B.V.,2023,BDO
30271806,Nederlandse Obesitas Kliniek West B.V.,2024,BDO
30271806,Nederlandse Obesitas Kliniek West B.V.,2025,BDO
75248948,Nederlandse Obesitas Kliniek Zeeland B.V.,2023,BDO
58180540,Nederlandse Obesitas Kliniek Zuid B.V.,2022,BDO
58180540,Nederlandse Obesitas Kliniek Zuid B.V.,2023,BDO
58180540,Nederlandse Obesitas Kliniek Zuid B.V.,2024,BDO
58180540,Nederlandse Obesitas Kliniek Zuid B.V.,2025,BDO
01009304,Nederlandse Onttinningsfabriek B.V.,2017,BDO
01009304,Nederlandse Onttinningsfabriek B.V.,2020,BDO
01009304,Nederlandse Onttinningsfabriek B.V.,2022,BDO
33061871,Nederlandse Spellenfabriek B.V.,2022,BDO
33061871,Nederlandse Spellenfabriek B.V.,2023,BDO
33061871,Nederlandse Spellenfabriek B.V.,2024,BDO
40530150,Nederlandse Vereniging tot Bescherming van Vogels,2017,BDO
40530150,Nederlandse Vereniging tot Bescherming van Vogels,2018,BDO
40530150,Nederlandse Vereniging tot Bescherming van Vogels,2019,BDO
40530150,Nederlandse Vereniging tot Bescherming van Vogels,2020,BDO
40530150,Nederlandse Vereniging tot Bescherming van Vogels,2022,BDO
40530150,Nederlandse Vereniging tot Bescherming van Vogels,2023,BDO
40530150,Nederlandse Vereniging tot Bescherming van Vogels,2024,BDO
67504302,Nedflex AK Detachering B.V.,2022,BDO
17186480,Nedflex B.V.,2022,BDO
34244342,Nedflex HRM B.V.,2019,BDO
24349454,Nedspice Holding B.V.,2018,BDO
24349454,Nedspice Holding B.V.,2019,BDO
24349454,Nedspice Holding B.V.,2020,BDO
24349454,Nedspice Holding B.V.,2022,BDO
24349454,Nedspice Holding B.V.,2023,BDO
17067114,NedZink B.V.,2017,BDO
17067114,NedZink B.V.,2018,BDO
31049394,NEH Group B.V.,2018,BDO
32105698,NEH ICT Solutions B.V.,2019,BDO
32105698,NEH ICT Solutions B.V.,2020,BDO
32105698,NEH ICT Solutions B.V.,2021,BDO
32105698,NEH ICT Solutions B.V.,2022,BDO
32105698,NEH ICT Solutions B.V.,2023,BDO
34022079,Nelson Schoenen B.V.,2017,BDO
34022079,Nelson Schoenen B.V.,2018,BDO
34022079,Nelson Schoenen B.V.,2019,BDO
34022079,Nelson Schoenen B.V.,2020,BDO
34022079,Nelson Schoenen B.V.,2023,BDO
34022079,Nelson Schoenen B.V.,2024,BDO
86238922,NEM Energy,2022,BDO
86238922,NEM Energy,2023,BDO
64985563,Neptunus B.V.,2018,BDO
64985563,Neptunus B.V.,2021,BDO
64985563,Neptunus B.V.,2022,BDO
64985563,Neptunus B.V.,2024,BDO
53428048,Neptunus Beheer B.V.,2022,BDO
53428048,Neptunus Beheer B.V.,2023,BDO
53428048,Neptunus Beheer B.V.,2024,BDO
64984079,Neptunus Central Services B.V.,2018,BDO
64984079,Neptunus Central Services B.V.,2019,BDO
64984079,Neptunus Central Services B.V.,2020,BDO
64984079,Neptunus Central Services B.V.,2021,BDO
64984079,Neptunus Central Services B.V.,2024,BDO
64985245,Neptunus Equipment B.V.,2019,BDO
64985245,Neptunus Equipment B.V.,2023,BDO
12039103,Neptunus Holding B.V.,2018,BDO
12039103,Neptunus Holding B.V.,2019,BDO
12039103,Neptunus Holding B.V.,2020,BDO
12029183,Neptunus International Holding B.V.,2017,BDO
12029183,Neptunus International Holding B.V.,2018,BDO
24383116,Neques Holding B.V.,2018,BDO
24383116,Neques Holding B.V.,2019,BDO
32120334,Ness Europe Technologies B.V.,2024,BDO
69444641,Nest Coöperatief U.A.,2022,BDO
69444641,Nest Coöperatief U.A.,2023,BDO
69444641,Nest Coöperatief U.A.,2024,BDO.
69444641,Nest Coöperatief U.A.,2024,BDO
24467515,Neuroscan B.V.,2017,BDO
24467515,Neuroscan B.V.,2018,BDO
24467515,Neuroscan B.V.,2019,BDO
24467515,Neuroscan B.V.,2020,BDO
24467515,Neuroscan B.V.,2021,BDO
24467515,Neuroscan B.V.,2022,BDO
82846405,New Amsterdam Invest N.V.,2021,BDO
82846405,New Amsterdam Invest N.V.,2022,BDO
82846405,New Amsterdam Invest N.V.,2023,BDO
82846405,New Amsterdam Invest N.V.,2024,BDO
82846405,New Amsterdam Invest N.V.,2025,BDO
68652518,nexeye holding B.V.,2019,BDO
68652518,nexeye holding B.V.,2020,BDO
68652518,nexeye holding B.V.,2021,BDO
86983741,Next Level Automotive Support Group B.V.,2025,BDO
60332565,Nexus Enterprise Diagnostics Holding B.V.,2019,BDO
51252848,Ney Investments B.V.,2018,BDO
51252848,Ney Investments B.V.,2019,BDO
51252848,Ney Investments B.V.,2020,BDO
24221591,Nico Holding B.V.,2017,BDO
24205501,Nielson Belegging en Beheer B.V.,2018,BDO
41197093,Nierstichting Nederland,2023,BDO
41197093,Nierstichting Nederland,2024,BDO
60886854,Nieuwcom B.V.,2018,BDO
34283727,Nieuwe Gragt Assendelft B.V.,2018,BDO
34283727,Nieuwe Gragt Assendelft B.V.,2019,BDO
34283727,Nieuwe Gragt Assendelft B.V.,2020,BDO
34283727,Nieuwe Gragt Assendelft B.V.,2021,BDO
34283727,Nieuwe Gragt Assendelft B.V.,2022,BDO
06060753,Nieuwe Weme Technische Montages B.V.,2017,BDO
06060753,Nieuwe Weme Technische Montages B.V.,2018,BDO
84785411,Nieuwenhuis Groep B.V.,2021,BDO
84785411,Nieuwenhuis Groep B.V.,2023,BDO
37063313,Nieuwko Holding B.V.,2018,BDO
36031511,Nijdra Beheer B.V.,2017,BDO
34276269,Nijenburg Beheer B.V.,2018,BDO
34276269,Nijenburg Beheer B.V.,2019,BDO
34276269,Nijenburg Beheer B.V.,2020,BDO
34276269,Nijenburg Beheer B.V.,2022,BDO
34276269,Nijenburg Beheer B.V.,2023,BDO
24218512,Nijman/Zeetank Holding B.V.,2018,BDO
24218512,Nijman/Zeetank Holding B.V.,2019,BDO
24218512,Nijman/Zeetank Holding B.V.,2020,BDO
24218512,Nijman/Zeetank Holding B.V.,2021,BDO
24218512,Nijman/Zeetank Holding B.V.,2022,BDO
24218512,Nijman/Zeetank Holding B.V.,2023,BDO
24218512,Nijman/Zeetank Holding B.V.,2024,BDO
92909051,Nimes Bidco B.V.,2024,BDO
92893430,Nimes Holdco B.V.,2024,BDO
14047976,Nippon Carbide Industries (Netherlands) B.V.,2019,BDO
14047976,Nippon Carbide Industries (Netherlands) B.V.,2020,BDO
14047976,Nippon Carbide Industries (Netherlands) B.V.,2022,BDO
14047976,Nippon Carbide Industries (Netherlands) B.V.,2023,BDO
34182827,Nippon Seiki (Europe) B.V.,2017,BDO
34182827,Nippon Seiki (Europe) B.V.,2018,BDO
34182827,Nippon Seiki (Europe) B.V.,2020,BDO
34182827,Nippon Seiki (Europe) B.V.,2022,BDO
61041874,Nivoma Automotive Beheer B.V.,2018,BDO
61041874,Nivoma Automotive Beheer B.V.,2019,BDO
61041874,Nivoma Automotive Beheer B.V.,2020,BDO
61041874,Nivoma Automotive Beheer B.V.,2021,BDO
61041874,Nivoma Automotive Beheer B.V.,2022,BDO
61041874,Nivoma Automotive Beheer B.V.,2023,BDO
08077461,Nivora Holding B.V.,2018,BDO
08077461,Nivora Holding B.V.,2019,BDO
08077461,Nivora Holding B.V.,2020,BDO
08077461,Nivora Holding B.V.,2021,BDO
08077461,Nivora Holding B.V.,2022,BDO
08077461,Nivora Holding B.V.,2023,BDO
08077461,Nivora Holding B.V.,2024,BDO
51669250,NMF Beheer B.V.,2018,BDO
27330069,NN Claims Services B.V.,2017,BDO
28073689,Noble Mobility B.V.,2017,BDO
28073689,Noble Mobility B.V.,2018,BDO
28073689,Noble Mobility B.V.,2019,BDO
28073689,Noble Mobility B.V.,2020,BDO
28073689,Noble Mobility B.V.,2021,BDO
28073689,Noble Mobility B.V.,2022,BDO
28073689,Noble Mobility B.V.,2024,BDO
53030672,NOF Holding B.V.,2018,BDO
53030672,NOF Holding B.V.,2022,BDO
97727598,NOK Enterprises Holding B.V.,2025,BDO
81618808,NOK5 B.V.,2022,BDO
81618808,NOK5 B.V.,2023,BDO
81618808,NOK5 B.V.,2024,BDO
81618808,NOK5 B.V.,2025,BDO
92793525,NOK5 Holding B.V.,2024,BDO
92793525,NOK5 Holding B.V.,2025,BDO
27083910,Nolten,2020,BDO
72988681,Nomios Group Operations B.V.,2019,BDO
72988681,Nomios Group Operations B.V.,2020,BDO
72988681,Nomios Group Operations B.V.,2021,BDO
72988681,Nomios Group Operations B.V.,2022,BDO
28098276,Nomios Netherlands B.V.,2019,BDO
28098276,Nomios Netherlands B.V.,2020,BDO
28098276,Nomios Netherlands B.V.,2021,BDO
28098276,Nomios Netherlands B.V.,2022,BDO
04005859,Noorderdierenpark,2019,BDO
04005859,Noorderdierenpark,2022,BDO
04005859,Noorderdierenpark,2023,BDO
04005859,Noorderdierenpark B.V.,2017,BDO
02059959,Noorderimpact B.V.,2019,BDO
02059959,Noorderimpact B.V.,2021,BDO
41241807,"Noordwest Ziekenhuisgroep, locatie Alkmaar",2020,BDO
41241807,"Noordwest Ziekenhuisgroep, locatie Alkmaar",2021,BDO
41241807,"Noordwest Ziekenhuisgroep, locatie Alkmaar",2022,BDO
41241807,"Noordwest Ziekenhuisgroep, locatie Alkmaar",2023,BDO
41241807,"Noordwest Ziekenhuisgroep, locatie Alkmaar",2024,BDO
34084966,Nordic Group B.V.,2018,BDO
31020246,Norit Nederland B.V.,2018,BDO
27148142,North Actionsports,2023,BDO
27148142,North Actionsports,2024,BDO
32105882,North Actionsports Group B.V.,2021,BDO
32105882,North Actionsports Group B.V.,2022,BDO
73183687,North Topco B.V.,2019,BDO
73183687,North Topco B.V.,2021,BDO
75264250,Novogene (NL) International Holding B.V.,2022,BDO
30080019,nox NightTimeExpress,2018,BDO
30080019,nox NightTimeExpress,2019,BDO
30080019,nox NightTimeExpress Netherlands B.V.,2017,BDO
24232909,NTZ Nederland B.V.,2019,BDO
24232909,NTZ Nederland B.V.,2020,BDO
57653232,NVIDIA Dutch B.V.,2026,BDO
40407122,"NVVE, Nederlandse Vereniging voor een Vrijwillig Levenseinde",2018,BDO
40407122,"NVVE, Nederlandse Vereniging voor een Vrijwillig Levenseinde",2019,BDO
40407122,"NVVE, Nederlandse Vereniging voor een Vrijwillig Levenseinde",2020,BDO
40407122,"NVVE, Nederlandse Vereniging voor een Vrijwillig Levenseinde",2021,BDO
40407122,"NVVE, Nederlandse Vereniging voor een Vrijwillig Levenseinde",2022,BDO
40407122,"NVVE, Nederlandse Vereniging voor een Vrijwillig Levenseinde",2023,BDO
40407122,"NVVE, Nederlandse Vereniging voor een Vrijwillig Levenseinde",2024,BDO
29010639,Oasen N.V.,2017,BDO
29010639,Oasen N.V.,2018,BDO
29010639,Oasen N.V.,2019,BDO
29010639,Oasen N.V.,2020,BDO
29010639,Oasen N.V.,2021,BDO
29010639,Oasen N.V.,2022,BDO
29010639,Oasen N.V.,2023,BDO
29010639,Oasen N.V.,2024,BDO
32079591,Obesitas Nederland B.V.,2018,BDO
32079591,Obesitas Nederland B.V.,2019,BDO
32079591,Obesitas Nederland B.V.,2020,BDO
32079591,Obesitas Nederland B.V.,2021,BDO
32079591,Obesitas Nederland B.V.,2022,BDO
32079591,Obesitas Nederland B.V.,2023,BDO
32079591,Obesitas Nederland B.V.,2024,BDO
32079591,Obesitas Nederland B.V.,2025,BDO
66409160,OBI Group B.V.,2020,BDO
66409160,OBI Group B.V.,2021,BDO
20028328,Obot,2020,BDO
20028328,Obot,2022,BDO
20028328,Obot,2023,BDO
08151412,OC NL Invest Coöperatief U.A.,2017,BDO
08151412,OC NL Invest Coöperatief U.A.,2019,BDO
08151412,OC NL Invest Coöperatief U.A.,2020,BDO
08151412,OC NL Invest Coöperatief U.A.,2021,BDO
28083526,OCLC EMEA B.V.,2018,BDO
28083526,OCLC EMEA B.V.,2020,BDO
28083526,OCLC EMEA B.V.,2021,BDO
28083526,OCLC EMEA B.V.,2022,BDO
28083526,OCLC EMEA B.V.,2024,BDO
18045507,Odek Holland B.V.,2017,BDO
08218257,Odin Groep B.V.,2018,BDO
08218257,Odin Groep B.V.,2019,BDO
08218257,Odin Groep B.V.,2020,BDO
08218257,Odin Groep B.V.,2021,BDO
08218257,Odin Groep B.V.,2022,BDO
08218257,Odin Groep B.V.,2023,BDO
08218257,Odin Groep B.V.,2024,BDO
08218257,Odin Groep B.V.,2025,BDO
70301190,Odin Groep Holding B.V.,2020,BDO
18114254,Oerlemans Plastics B.V.,2017,BDO
18114254,Oerlemans Plastics B.V.,2018,BDO
18114254,Oerlemans Plastics B.V.,2019,BDO
18114254,Oerlemans Plastics B.V.,2020,BDO
18114254,Oerlemans Plastics B.V.,2021,BDO
18114254,Oerlemans Plastics B.V.,2022,BDO
18114254,Oerlemans Plastics B.V.,2023,BDO
18114254,Oerlemans Plastics B.V.,2025,BDO
33258526,Off the Fence B.V.,2022,BDO
55378323,OGD Beheer B.V.,2018,BDO
55378323,OGD Beheer B.V.,2019,BDO
55378323,OGD Beheer B.V.,2020,BDO
55378323,OGD Beheer B.V.,2021,BDO
55378323,OGD Beheer B.V.,2022,BDO
83708782,OGD Holding B.V.,2022,BDO
83708782,OGD Holding B.V.,2023,BDO
83708782,OGD Holding B.V.,2024,BDO
31020744,"OIKOCREDIT, Ecumenical Development Cooperative Society U.A.",2025,BDO
77029720,Okta Identity Netherlands B.V.,2025,BDO
91900727,Old John Founders B.V.,2024,BDO
02333583,Oldenburger|Fritom,2017,BDO
02333583,Oldenburger|Fritom,2019,BDO
02333583,Oldenburger|Fritom,2021,BDO
04034779,Olijslager Groep B.V.,2018,BDO
04034779,Olijslager Groep B.V.,2019,BDO
58599606,Oliver James Associates B.V.,2018,BDO
58599606,Oliver James Associates B.V.,2019,BDO
39048914,Olthuis Beheer B.V.,2018,BDO
39048914,Olthuis Beheer B.V.,2019,BDO
24482823,Olympic Food Group B.V.,2018,BDO
24304443,Olympic Fruit B.V.,2018,BDO
24304443,Olympic Fruit B.V.,2020,BDO
02068137,OMC Noord B.V.,2018,BDO
34215654,Omegam,2019,BDO
34215654,Omegam,2020,BDO
51291010,Omgevingsdienst Zuid-Holland Zuid,2023,BDO
51291010,Omgevingsdienst Zuid-Holland Zuid,2024,BDO
51291010,Omgevingsdienst Zuid-Holland Zuid,2025,BDO
30146552,"Onderlinge Verzekeringmaatschappij ""SOM"" U.A.",2023,BDO
30146552,"Onderlinge Verzekeringmaatschappij ""SOM"" U.A.",2024,BDO
30146552,"Onderlinge Verzekeringmaatschappij ""SOM"" U.A.",2025,BDO
02011217,"Onderlinge Verzekerings-Maatschappij ""Noord Nederlandsche P&I Club"" U.A.",2018,BDO
02011217,"Onderlinge Verzekerings-Maatschappij ""Noord Nederlandsche P&I Club"" U.A.",2020,BDO
02011217,"Onderlinge Verzekerings-Maatschappij ""Noord Nederlandsche P&I Club"" U.A.",2022,BDO
27048039,Onderlinge Verzekeringsmaatschappij AgriVer U.A.,2018,BDO
27048039,Onderlinge Verzekeringsmaatschappij AgriVer U.A.,2019,BDO
27048039,Onderlinge Verzekeringsmaatschappij AgriVer U.A.,2020,BDO
27048039,Onderlinge Verzekeringsmaatschappij AgriVer U.A.,2021,BDO
27048039,Onderlinge Verzekeringsmaatschappij AgriVer U.A.,2023,BDO
71739432,One Diversified Netherlands Holding B.V.,2019,BDO
71739432,One Diversified Netherlands Holding B.V.,2024,BDO
71739432,One Diversified Netherlands Holding B.V.,2025,BDO
30092792,OneXillium B.V.,2018,BDO
30137738,OneXillium Group B.V.,2018,BDO
28009956,Online Education B.V.,2018,BDO
28009956,Online Education B.V.,2021,BDO
51190486,OnLogic,2023,BDO
90030338,OnLogic International B.V.,2023,BDO
08025640,"Ons Huis, Woningstichting",2017,BDO
08025640,"Ons Huis, Woningstichting",2018,BDO
08025640,"Ons Huis, Woningstichting",2019,BDO
08025640,"Ons Huis, Woningstichting",2020,BDO
08025640,"Ons Huis, Woningstichting",2022,BDO
08025640,"Ons Huis, Woningstichting",2023,BDO
08025640,"Ons Huis, Woningstichting",2024,BDO
08025640,"Ons Huis, Woningstichting",2025,BDO
28030814,Ontwikkelings- Advies- en Coördinatiebureau Holland B.V.,2017,BDO
06060570,Ontwikkelingsmaatschappij Oost-Nederland N.V.,2019,BDO
06060570,Ontwikkelingsmaatschappij Oost-Nederland N.V.,2020,BDO
06060570,Ontwikkelingsmaatschappij Oost-Nederland N.V.,2021,BDO
06060570,Ontwikkelingsmaatschappij Oost-Nederland N.V.,2022,BDO
06060570,Ontwikkelingsmaatschappij Oost-Nederland N.V.,2023,BDO
06060570,Ontwikkelingsmaatschappij Oost-Nederland N.V.,2025,BDO
64277178,Onze Huisartsen B.V.,2018,BDO
64277178,Onze Huisartsen B.V.,2019,BDO
64277178,Onze Huisartsen B.V.,2020,BDO
64277178,Onze Huisartsen B.V.,2022,BDO
64277178,Onze Huisartsen B.V.,2023,BDO
64277178,Onze Huisartsen B.V.,2024,BDO
09172241,Onze Huisartsen Coöperatie U.A.,2019,BDO
09172241,Onze Huisartsen Coöperatie U.A.,2022,BDO
27111654,OOM Global Care N.V.,2018,BDO
27111654,OOM Global Care N.V.,2019,BDO
27111654,OOM Global Care N.V.,2021,BDO
27111654,OOM Global Care N.V.,2023,BDO
27111654,OOM Global Care N.V.,2024,BDO
27194193,OOM Holding N.V.,2018,BDO
27194193,OOM Holding N.V.,2019,BDO
27194193,OOM Holding N.V.,2020,BDO
27194193,OOM Holding N.V.,2021,BDO
27194193,OOM Holding N.V.,2022,BDO
27194193,OOM Holding N.V.,2023,BDO
27194193,OOM Holding N.V.,2024,BDO
27194193,OOM Holding N.V.,2025,BDO
27155593,OOM Schadeverzekering N.V.,2018,BDO
27155593,OOM Schadeverzekering N.V.,2019,BDO
27155593,OOM Schadeverzekering N.V.,2020,BDO
27155593,OOM Schadeverzekering N.V.,2023,BDO
27155593,OOM Schadeverzekering N.V.,2025,BDO
01182897,Oosterwoldense Plastic Industrie B.V.,2017,BDO
01182897,Oosterwoldense Plastic Industrie B.V.,2018,BDO
01182897,Oosterwoldense Plastic Industrie B.V.,2020,BDO
01182897,Oosterwoldense Plastic Industrie B.V.,2021,BDO
01182897,Oosterwoldense Plastic Industrie B.V.,2022,BDO
01182897,Oosterwoldense Plastic Industrie B.V.,2023,BDO
01182897,Oosterwoldense Plastic Industrie B.V.,2025,BDO
69660786,Oostingh Staalbouw B.V.,2020,BDO
17285381,Opack Holding B.V.,2018,BDO
17285381,Opack Holding B.V.,2019,BDO
17285381,Opack Holding B.V.,2020,BDO
17285381,Opack Holding B.V.,2021,BDO
17285381,Opack Holding B.V.,2022,BDO
17285381,Opack Holding B.V.,2023,BDO
17285381,Opack Holding B.V.,2024,BDO
17285381,Opack Holding B.V.,2025,BDO
09129229,Opella,2018,BDO
09129229,Opella,2019,BDO
09129229,Opella,2020,BDO
09129229,Opella,2021,BDO
09129229,Opella,2022,BDO
09129229,Opella,2023,BDO
09129229,Opella,2024,BDO
09129229,Opella,2025,BDO
41197851,Openbare Bibliotheek Amsterdam,2020,BDO
41197851,Openbare Bibliotheek Amsterdam,2022,BDO
41197851,Openbare Bibliotheek Amsterdam,2023,BDO
41197851,Openbare Bibliotheek Amsterdam,2024,BDO
41197851,Openbare Bibliotheek Amsterdam,2025,BDO
27227223,Operator Groep Delft B.V.,2017,BDO
27227223,Operator Groep Delft B.V.,2018,BDO
27227223,Operator Groep Delft B.V.,2019,BDO
27227223,Operator Groep Delft B.V.,2020,BDO
27227223,Operator Groep Delft B.V.,2021,BDO
27227223,Operator Groep Delft B.V.,2022,BDO
27227223,Operator Groep Delft B.V.,2023,BDO
27227223,Operator Groep Delft B.V.,2024,BDO
55382649,Opgroeiconsult,2023,BDO
02038933,Ophtec Holding B.V.,2018,BDO
02038933,Ophtec Holding B.V.,2019,BDO
02038933,Ophtec Holding B.V.,2020,BDO
02038933,Ophtec Holding B.V.,2021,BDO
02038933,Ophtec Holding B.V.,2023,BDO
02038933,Ophtec Holding B.V.,2024,BDO
08106419,Opra Technologies B.V.,2018,BDO
08106419,Opra Technologies B.V.,2019,BDO
08106419,Opra Technologies B.V.,2020,BDO
06066590,Opra Turbines B.V.,2019,BDO
34064005,Opticon Sensors Europe B.V.,2017,BDO
34064005,Opticon Sensors Europe B.V.,2018,BDO
34064005,Opticon Sensors Europe B.V.,2019,BDO
34064005,Opticon Sensors Europe B.V.,2020,BDO
34064005,Opticon Sensors Europe B.V.,2021,BDO
34064005,Opticon Sensors Europe B.V.,2023,BDO
16050842,Orangeworks B.V.,2017,BDO
16050842,Orangeworks B.V.,2018,BDO
16050842,Orangeworks B.V.,2019,BDO
16050842,Orangeworks B.V.,2020,BDO
16050842,Orangeworks B.V.,2021,BDO
16050842,Orangeworks B.V.,2022,BDO
16050834,Orangeworks Groep B.V.,2019,BDO
16050834,Orangeworks Groep B.V.,2020,BDO
16050834,Orangeworks Groep B.V.,2022,BDO
16050834,Orangeworks Groep B.V.,2023,BDO
17113671,Oranjedak B.V.,2017,BDO
17113671,Oranjedak B.V.,2018,BDO
17113671,Oranjedak B.V.,2019,BDO
17113671,Oranjedak B.V.,2020,BDO
17113671,Oranjedak B.V.,2021,BDO
17113671,Oranjedak B.V.,2023,BDO
17113671,Oranjedak B.V.,2024,BDO
23038132,Oranjedak West B.V.,2017,BDO
23038132,Oranjedak West B.V.,2018,BDO
23038132,Oranjedak West B.V.,2020,BDO
23038132,Oranjedak West B.V.,2021,BDO
23038132,Oranjedak West B.V.,2022,BDO
23038132,Oranjedak West B.V.,2023,BDO
23038132,Oranjedak West B.V.,2024,BDO
78761425,Oreades Holding B.V.,2021,BDO
78761425,Oreades Holding B.V.,2023,BDO
78761425,Oreades Holding B.V.,2024,BDO
84501545,Oribi Groep B.V.,2025,BDO
08132755,Origin International Enterprises B.V.,2018,BDO
08132755,Origin International Enterprises B.V.,2019,BDO
08132755,Origin International Enterprises B.V.,2020,BDO
27308934,Oryx Chemical B.V.,2018,BDO
27308934,Oryx Chemical B.V.,2019,BDO
17193378,Osperon B.V.,2021,BDO
17193378,Osperon B.V.,2022,BDO
17193378,Osperon B.V.,2023,BDO
17193378,Osperon B.V.,2024,BDO
17193378,Osperon B.V.,2025,BDO
58134492,Osperon II B.V.,2022,BDO
58134492,Osperon II B.V.,2024,BDO
83096671,Otri B.V.,2021,BDO
83096671,Otri B.V.,2022,BDO
83096671,Otri B.V.,2023,BDO
83096671,Otri B.V.,2024,BDO
18022051,Otto B.V.,2018,BDO
18022051,Otto B.V.,2019,BDO
18022051,Otto B.V.,2020,BDO
18022051,Otto B.V.,2021,BDO
18022051,Otto B.V.,2023,BDO
69425752,Outdoor Garden Group B.V.,2020,BDO
69425752,Outdoor Garden Group B.V.,2021,BDO
69425752,Outdoor Garden Group B.V.,2022,BDO
28030592,Ovivo Holland B.V.,2023,BDO
28030592,Ovivo Holland B.V.,2024,BDO
08037383,Owens Corning Veil Netherlands B.V.,2017,BDO
08037383,Owens-Corning Veil Netherlands B.V.,2018,BDO
08037383,Owens-Corning Veil Netherlands B.V.,2019,BDO
08037383,Owens-Corning Veil Netherlands B.V.,2020,BDO
08037383,Owens-Corning Veil Netherlands B.V.,2021,BDO
08037383,Owens-Corning Veil Netherlands B.V.,2022,BDO
08037383,Owens-Corning Veil Netherlands B.V.,2023,BDO
08037383,Owens-Corning Veil Netherlands B.V.,2024,BDO
84313595,P&V Panels Nederland B.V.,2024,BDO
84313595,P&V Panels Nederland B.V.,2025,BDO
36020647,P. Aker Zaden en Bloembollen B.V.,2018,BDO
36020647,P. Aker Zaden en Bloembollen B.V.,2021,BDO
36020647,P. Aker Zaden en Bloembollen B.V.,2022,BDO
27236457,P. en R. Holding B.V.,2018,BDO
27236457,P. en R. Holding B.V.,2019,BDO
78413311,P. en R. Vastgoed B.V.,2020,BDO
78413311,P. en R. Vastgoed B.V.,2021,BDO
78413311,P. en R. Vastgoed B.V.,2022,BDO
78413311,P. en R. Vastgoed B.V.,2023,BDO
78413311,P. en R. Vastgoed B.V.,2024,BDO
27214137,P.F. Onings B.V.,2019,BDO
27214137,P.F. Onings B.V.,2020,BDO
27214137,P.F. Onings B.V.,2022,BDO
27214137,P.F. Onings B.V.,2023,BDO
27214137,P.F. Onings B.V.,2024,BDO
76994546,P.F. Onings Groep B.V.,2019,BDO
76994546,P.F. Onings Groep B.V.,2020,BDO
76994546,P.F. Onings Groep B.V.,2022,BDO
76994546,P.F. Onings Groep B.V.,2023,BDO
36012739,P.F.M. Aker Holding B.V.,2017,BDO
36012739,P.F.M. Aker Holding B.V.,2018,BDO
36012739,P.F.M. Aker Holding B.V.,2020,BDO
36012739,P.F.M. Aker Holding B.V.,2021,BDO
17005759,P.G. Kuijpers & Zonen B.V.,2017,BDO
28001886,P.Th.H. Bakker Holding B.V.,2017,BDO
28001886,P.Th.H. Bakker Holding B.V.,2018,BDO
28001886,P.Th.H. Bakker Holding B.V.,2019,BDO
28001886,P.Th.H. Bakker Holding B.V.,2020,BDO
28001886,P.Th.H. Bakker Holding B.V.,2021,BDO
28001886,P.Th.H. Bakker Holding B.V.,2022,BDO
28001886,P.Th.H. Bakker Holding B.V.,2023,BDO
28001886,P.Th.H. Bakker Holding B.V.,2024,BDO
70645884,P1 Travel,2023,BDO
70645884,P1 Travel,2024,BDO
04025095,Paas Beheer B.V.,2018,BDO
61143936,pack2pack International B.V.,2018,BDO
13034736,Packagegroup Moonen B.V.,2017,BDO
17117610,Pala Group B.V.,2017,BDO
17117610,Pala Group B.V.,2018,BDO
34043463,Panalpina World Transport B.V.,2019,BDO
37056126,Paper Investments B.V.,2018,BDO
37056126,Paper Investments B.V.,2020,BDO
01116912,Paques Holding B.V.,2020,BDO
01116912,Paques Holding B.V.,2021,BDO
01116912,Paques Holding B.V.,2022,BDO
01116912,Paques Holding B.V.,2023,BDO
01116912,Paques Holding B.V.,2024,BDO
01035327,Paques Technology B.V.,2020,BDO
01035327,Paques Technology B.V.,2021,BDO
33206308,PAREXEL Nederland B.V.,2018,BDO
33206308,PAREXEL Nederland B.V.,2019,BDO
33206308,PAREXEL Nederland B.V.,2020,BDO
33206308,PAREXEL Nederland B.V.,2021,BDO
09067735,Park Apotheek Elst,2024,BDO
50053647,PARK NOW Group Holding B.V.,2020,BDO
50550721,Park Triangel Beheer B.V.,2022,BDO
50047426,ParkLane Insight B.V.,2017,BDO
50047426,ParkLane Insight B.V.,2018,BDO
50047426,ParkLane Insight B.V.,2019,BDO
50047426,ParkLane Insight B.V.,2020,BDO
50047426,ParkLane Insight B.V.,2021,BDO
50047426,ParkLane Insight B.V.,2022,BDO
50047426,ParkLane Insight B.V.,2023,BDO
50047426,ParkLane Insight B.V.,2024,BDO
50047426,ParkLane Insight B.V.,2025,BDO
16065977,Paro Beheer B.V.,2018,BDO
16065977,Paro Beheer B.V.,2019,BDO
16065977,Paro Beheer B.V.,2020,BDO
16065977,Paro Beheer B.V.,2022,BDO
60390867,Participatiefonds Duurzame Economie Noord-Holland B.V.,2024,BDO
27231743,Participatiemaatschappij Onings B.V.,2018,BDO
27231743,Participatiemaatschappij Onings B.V.,2019,BDO
30218597,Partou Holding B.V.,2018,BDO
30218597,Partou Holding B.V.,2019,BDO
24298658,Parts Express B.V.,2017,BDO
24298658,Parts Express B.V.,2018,BDO
24298658,Parts Express B.V.,2019,BDO
24298658,Parts Express B.V.,2020,BDO
24298658,Parts Express B.V.,2022,BDO
24298658,Parts Express B.V.,2023,BDO
02044695,Pastoor Beheer B.V.,2017,BDO
02044695,Pastoor Beheer B.V.,2018,BDO
02044695,Pastoor Beheer B.V.,2019,BDO
02044695,Pastoor Beheer B.V.,2020,BDO
02044695,Pastoor Beheer B.V.,2021,BDO
02044695,Pastoor Beheer B.V.,2022,BDO
54410150,Patients First B.V.,2019,BDO
54410150,Patients First B.V.,2021,BDO
54410150,Patients First B.V.,2022,BDO
34072425,Patina Dakbedekkingen Beverwijk B.V.,2023,BDO
51824922,Patina Groep B.V.,2020,BDO
51824922,Patina Groep B.V.,2021,BDO
51824922,Patina Groep B.V.,2022,BDO
51824922,Patina Groep B.V.,2023,BDO
51824922,Patina Groep B.V.,2024,BDO
24108167,Patrimonium Barendrecht,2024,BDO
34231781,Paula's Choice Europe B.V.,2019,BDO
34231781,Paula's Choice Europe B.V.,2020,BDO
34231781,Paula's Choice Europe B.V.,2021,BDO
34231781,Paula's Choice Europe B.V.,2022,BDO
34231781,Paula's Choice Europe B.V.,2023,BDO
34231781,Paula's Choice Europe B.V.,2024,BDO
01161115,Paylogic Holding B.V.,2017,BDO
24064937,PB Holding N.V.,2024,BDO
24064937,PB Holding N.V.,2025,BDO
68262620,Peaks B.V.,2017,BDO
68262620,Peaks B.V.,2018,BDO
68262620,Peaks B.V.,2019,BDO
68262620,Peaks B.V.,2020,BDO
68262620,Peaks B.V.,2021,BDO
68262620,Peaks B.V.,2022,BDO
68262620,Peaks B.V.,2023,BDO
68262620,Peaks B.V.,2024,BDO
68262620,Peaks B.V.,2025,BDO
56577419,Peal B.V.,2018,BDO
56577419,Peal B.V.,2019,BDO
56577419,Peal B.V.,2020,BDO
56577419,Peal B.V.,2021,BDO
72450037,Pearl Paint Group Holding B.V.,2019,BDO
72450037,Pearl Paint Group Holding B.V.,2020,BDO Audit & Assurance
72450037,Pearl Paint Group Holding B.V.,2021,BDO
72450037,Pearl Paint Group Holding B.V.,2022,BDO
72450037,Pearl Paint Group Holding B.V.,2023,BDO
72450037,Pearl Paint Group Holding B.V.,2024,BDO
04037216,PearlPaint Group B.V.,2017,BDO
04037216,PearlPaint Group B.V.,2018,BDO
72428368,Peat Beheer B.V.,2018,BDO
72428368,Peat Beheer B.V.,2020,BDO
40061020,PEC Zwolle B.V.,2017,BDO
40061020,PEC Zwolle B.V.,2018,BDO
40061020,PEC Zwolle B.V.,2019,BDO
40061020,PEC Zwolle B.V.,2020,BDO
40061020,PEC Zwolle B.V.,2023,BDO
40061020,PEC Zwolle B.V.,2024,BDO
40061020,PEC Zwolle B.V.,2025,BDO
28036589,Pecege Beheer B.V.,2018,BDO
28036589,Pecege Beheer B.V.,2019,BDO
28036589,Pecege Beheer B.V.,2020,BDO
34301840,Pegasystems B.V.,2018,BDO
34301840,Pegasystems B.V.,2020,BDO
24169020,Pehamij Rotterdam B.V.,2017,BDO
24169020,Pehamij Rotterdam B.V.,2018,BDO
24169020,Pehamij Rotterdam B.V.,2019,BDO
61075124,PEIBV Holdings Coöperatief U.A.,2019,BDO
61075124,PEIBV Holdings Coöperatief U.A.,2021,BDO
61075124,PEIBV Holdings Coöperatief U.A.,2023,BDO
61075124,PEIBV Holdings Coöperatief U.A.,2024,BDO
61075124,PEIBV Holdings Coöperatief U.A.,2025,BDO
24127475,Peinemann Equipment B.V.,2020,BDO
24127475,Peinemann Equipment B.V.,2024,BDO
66723213,Peinemann Holding B.V.,2020,BDO
66723213,Peinemann Holding B.V.,2021,BDO
66723213,Peinemann Holding B.V.,2022,BDO
66723213,Peinemann Holding B.V.,2023,BDO
24175469,Peinemann Mobilift Groep B.V.,2019,BDO
24175469,Peinemann Mobilift Groep B.V.,2020,BDO
24175469,Peinemann Mobilift Groep B.V.,2021,BDO
24175469,Peinemann Mobilift Groep B.V.,2022,BDO
24175469,Peinemann Mobilift Groep B.V.,2023,BDO
24175469,Peinemann Mobilift Groep B.V.,2024,BDO
30167828,Penguin Ventures B.V.,2018,BDO
30167828,Penguin Ventures B.V.,2022,BDO
30167828,Penguin Ventures B.V.,2023,BDO
24484242,Perfect World Europe B.V.,2022,BDO
24484242,Perfect World Europe B.V.,2023,BDO
34273766,Performance Management Holding B.V.,2019,BDO
34273766,Performance Management Holding B.V.,2020,BDO
34273766,Performance Management Holding B.V.,2021,BDO
17259872,Perspectief B.V.,2019,BDO
17259872,Perspectief B.V.,2020,BDO
17259872,Perspectief B.V.,2021,BDO
17259872,Perspectief B.V.,2023,BDO
18084743,Pet Supplies Beheer B.V.,2019,BDO
18084743,Pet Supplies Beheer B.V.,2020,BDO
18084743,Pet Supplies Beheer B.V.,2022,BDO
18084743,Pet Supplies Beheer B.V.,2023,BDO
59600888,Peter Appel Logistics Holding B.V.,2018,BDO
59600888,Peter Appel Logistics Holding B.V.,2019,BDO
59600888,Peter Appel Logistics Holding B.V.,2020,BDO
12028033,Peutz B.V.,2018,BDO
12028033,Peutz B.V.,2019,BDO
12028033,Peutz B.V.,2020,BDO
12028033,Peutz B.V.,2022,BDO
12034468,Peutz Group,2018,BDO
12034468,Peutz Group,2019,BDO
12034468,Peutz Group,2020,BDO
12034468,Peutz Group,2022,BDO
24175221,PF Beheer B.V.,2018,BDO
30157193,Pharma Zorg B.V.,2024,BDO
20101482,Pharmades Apotheken B.V.,2022,BDO
36009984,Philadelphia Holding B.V.,2018,BDO
36009984,Philadelphia Holding B.V.,2019,BDO
92110460,Phoenix Digital Bidco B.V.,2024,BDO
09071668,Phoenix Mecano B.V.,2021,BDO
09071668,Phoenix Mecano B.V.,2022,BDO
20075107,PK Beheer B.V.,2017,BDO
20075107,PK Beheer B.V.,2018,BDO
20075108,pk trucks B.V.,2017,BDO
24334989,PKF Heinenoord B.V.,2017,BDO
24080925,PKF Holding B.V.,2017,BDO
17054019,Planef II B.V.,2017,BDO
10145547,Planon B.V.,2019,BDO
10145547,Planon B.V.,2020,BDO
10145547,Planon B.V.,2022,BDO
10145547,Planon B.V.,2023,BDO
10145547,Planon B.V.,2024,BDO
10044507,Planon Beheer B.V.,2019,BDO
10044507,Planon Beheer B.V.,2020,BDO
10044507,Planon Beheer B.V.,2021,BDO
10044507,Planon Beheer B.V.,2022,BDO
10044507,Planon Beheer B.V.,2023,BDO
10044507,Planon Beheer B.V.,2024,BDO
09151677,Planon Group B.V.,2019,BDO
09151677,Planon Group B.V.,2020,BDO
09102087,Planon International B.V.,2023,BDO
09102087,Planon International B.V.,2024,BDO
27225729,Plantise B.V.,2019,BDO
27225729,Plantise B.V.,2020,BDO
27225729,Plantise B.V.,2021,BDO
28039811,Plasthill,2020,BDO
28039811,Plasthill,2022,BDO
28039811,Plasthill,2023,BDO
28039811,Plasthill,2025,BDO
28039811,Plasthill B.V.,2017,BDO
28039811,Plasthill B.V.,2018,BDO
09043274,Plavei,2019,BDO
09043274,Plavei,2020,BDO
09043274,Plavei,2022,BDO
09043274,Plavei,2023,BDO
09043274,Plavei,2024,BDO
55938736,PlayGreen B.V.,2019,BDO
09143377,Plaza Food B.V.,2017,BDO
05077842,Pleasantville B.V.,2018,BDO
05077842,Pleasantville B.V.,2019,BDO
05077842,Pleasantville B.V.,2022,BDO
05077842,Pleasantville B.V.,2023,BDO
05077842,Pleasantville B.V.,2024,BDO
24423335,PLI (Netherlands) B.V.,2018,BDO
08020323,Ploeger Logistics Holding B.V.,2017,BDO
08020323,Ploeger Logistics Holding B.V.,2018,BDO
08061509,Pluimveeslachterij G.P. Remkes B.V.,2018,BDO
08061509,Pluimveeslachterij G.P. Remkes B.V.,2021,BDO
08061509,Pluimveeslachterij G.P. Remkes B.V.,2022,BDO
08061509,Pluimveeslachterij G.P. Remkes B.V.,2023,BDO
06054870,PNO Consultants,2017,BDO
06054870,PNO Consultants,2018,BDO
60864338,PNO Consultants B.V.,2019,BDO
60864338,PNO Consultants B.V.,2020,BDO
60864338,PNO Consultants B.V.,2021,BDO
60864338,PNO Consultants B.V.,2022,BDO
60864338,PNO Consultants B.V.,2023,BDO
60864338,PNO Consultants B.V.,2024,BDO
64781887,PNO Group Holding B.V.,2018,BDO
64781887,PNO Group Holding B.V.,2019,BDO
81245750,PNO Group Topholding B.V.,2020,BDO
81245750,PNO Group Topholding B.V.,2021,BDO
81245750,PNO Group Topholding B.V.,2022,BDO
59791675,PNO Nederland B.V.,2018,BDO
33133708,Pogen International B.V.,2020,BDO
01167963,Poliklinische Apotheek Nij Smellinghe B.V.,2024,BDO
20134671,Pollux Personeelsdiensten B.V.,2017,BDO
20134671,Pollux Personeelsdiensten B.V.,2018,BDO
20134671,Pollux Personeelsdiensten B.V.,2019,BDO
34291835,PolyPeptide Laboratories Holding B.V.,2019,BDO
34291835,PolyPeptide Laboratories Holding B.V.,2020,BDO
18031585,Pondres Direct Mail B.V.,2017,BDO
63071088,Pondres Holding B.V.,2018,BDO
39047256,Pont Packaging B.V.,2017,BDO
74285831,Pop Vriend Holding B.V.,2019,BDO
37129904,Pop Vriend Production B.V.,2018,BDO
37129904,Pop Vriend Production B.V.,2019,BDO
18049237,Possehl Electronics N.V.,2018,BDO
16039874,Possehl Electronics Nederland B.V.,2017,BDO
16039874,Possehl Electronics Nederland B.V.,2018,BDO
16039874,Possehl Electronics Nederland B.V.,2019,BDO
16039874,Possehl Electronics Nederland B.V.,2021,BDO
16039874,Possehl Electronics Nederland B.V.,2022,BDO
16039874,Possehl Electronics Nederland B.V.,2023,BDO
16039874,Possehl Electronics Nederland B.V.,2024,BDO
64401650,Power Generation B.V.,2018,BDO
64401650,Power Generation B.V.,2019,BDO
64401650,Power Generation B.V.,2020,BDO
64401650,Power Generation B.V.,2022,BDO
69473706,Powersports Distribution Group B.V.,2018,BDO
69473706,Powersports Distribution Group B.V.,2019,BDO
69473706,Powersports Distribution Group B.V.,2020,BDO
69473706,Powersports Distribution Group B.V.,2023,BDO
69473706,Powersports Distribution Group B.V.,2024,BDO
69473706,Powersports Distribution Group B.V.,2025,BDO
17273081,PoZoB Zorgprogramma's B.V.,2017,BDO
34180285,PricewaterhouseCoopers Accountants N.V.,2018,BDO
34180285,PricewaterhouseCoopers Accountants N.V.,2019,BDO
34180285,PricewaterhouseCoopers Accountants N.V.,2020,BDO
34180285,PricewaterhouseCoopers Accountants N.V.,2021,BDO
34180285,PricewaterhouseCoopers Accountants N.V.,2023,BDO
34180285,PricewaterhouseCoopers Accountants N.V.,2024,BDO
34180285,PricewaterhouseCoopers Accountants N.V.,2025,BDO
34180287,PricewaterhouseCoopers Advisory N.V.,2018,BDO
34180287,PricewaterhouseCoopers Advisory N.V.,2019,BDO
34180287,PricewaterhouseCoopers Advisory N.V.,2020,BDO
34180287,PricewaterhouseCoopers Advisory N.V.,2023,BDO
34180287,PricewaterhouseCoopers Advisory N.V.,2024,BDO
34180287,PricewaterhouseCoopers Advisory N.V.,2025,BDO
34180289,PricewaterhouseCoopers B.V.,2018,BDO
34180289,PricewaterhouseCoopers B.V.,2019,BDO
34180289,PricewaterhouseCoopers B.V.,2021,BDO
34180289,PricewaterhouseCoopers B.V.,2022,BDO
34180289,PricewaterhouseCoopers B.V.,2023,BDO
34180289,PricewaterhouseCoopers B.V.,2024,BDO
34180289,PricewaterhouseCoopers B.V.,2025,BDO
34180284,PricewaterhouseCoopers Belastingadviseurs N.V.,2018,BDO
34180284,PricewaterhouseCoopers Belastingadviseurs N.V.,2019,BDO
34180284,PricewaterhouseCoopers Belastingadviseurs N.V.,2020,BDO
34180284,PricewaterhouseCoopers Belastingadviseurs N.V.,2021,BDO
34180284,PricewaterhouseCoopers Belastingadviseurs N.V.,2023,BDO
34180284,PricewaterhouseCoopers Belastingadviseurs N.V.,2024,BDO
34180284,PricewaterhouseCoopers Belastingadviseurs N.V.,2025,BDO
61616745,PricewaterhouseCoopers IT Services (NL) B.V.,2018,BDO
61616745,PricewaterhouseCoopers IT Services (NL) B.V.,2019,BDO
02058479,PRIMA Personeel B.V.,2017,BDO
70050317,Primevest Capital Partners Holding B.V.,2022,BDO
70050317,Primevest Capital Partners Holding B.V.,2023,BDO
70050317,Primevest Capital Partners Holding B.V.,2024,BDO
70050317,Primevest Capital Partners Holding B.V.,2025,BDO
68209002,Primo Capital B.V.,2018,BDO
68209002,Primo Capital B.V.,2019,BDO
68209002,Primo Capital B.V.,2020,BDO
68209002,Primo Capital B.V.,2021,BDO
68209002,Primo Capital B.V.,2022,BDO
68209002,Primo Capital B.V.,2023,BDO
72969563,Primutec HollandCo I B.V.,2018,BDO
68775237,Primutec Solutions Group B.V.,2018,BDO
68775237,Primutec Solutions Group B.V.,2019,BDO
68775237,Primutec Solutions Group B.V.,2020,BDO
68775237,Primutec Solutions Group B.V.,2021,BDO
68775237,Primutec Solutions Group B.V.,2022,BDO
68775237,Primutec Solutions Group B.V.,2023,BDO
68775237,Primutec Solutions Group B.V.,2024,BDO
62574833,Prins Metallurgische Producten B.V.,2018,BDO
62574833,Prins Metallurgische Producten B.V.,2020,BDO
62574833,Prins Metallurgische Producten B.V.,2021,BDO
62574833,Prins Metallurgische Producten B.V.,2022,BDO
62574833,Prins Metallurgische Producten B.V.,2023,BDO
34140090,Print2door B.V.,2017,BDO
34140090,Print2door B.V.,2018,BDO
34140090,Print2door B.V.,2019,BDO
34140090,Print2door B.V.,2020,BDO
09087750,Prinzen B.V.,2018,BDO
09087750,Prinzen B.V.,2020,BDO
09087750,Prinzen B.V.,2021,BDO
09087750,Prinzen B.V.,2022,BDO
35000213,Probat B.V.,2017,BDO
35000213,Probat B.V.,2019,BDO
35000213,Probat B.V.,2020,BDO
35000213,Probat B.V.,2021,BDO
35000213,Probat B.V.,2022,BDO
35000213,Probat B.V.,2023,BDO
35025582,Prodalim B.V.,2017,BDO
27315308,Prodeba B.V.,2018,BDO
27315308,Prodeba B.V.,2019,BDO
27315308,Prodeba B.V.,2020,BDO
17115658,Prodware Nederland B.V.,2017,BDO
17115658,Prodware Nederland B.V.,2018,BDO
17115658,Prodware Nederland B.V.,2019,BDO
33301809,Profcore Business Services B.V.,2017,BDO
30168746,Profile International N.V.,2023,BDO
30168746,Profile International N.V.,2024,BDO
71186549,Project Forum Holding B.V.,2022,BDO
62865072,Prolyte Holding B.V.,2017,BDO
02055000,Prolyte Sales B.V.,2017,BDO
65975812,Proponent Netherlands B.V.,2019,BDO
62999338,Prothya Biosolutions Netherlands B.V.,2021,BDO
62999338,Prothya Biosolutions Netherlands B.V.,2022,BDO
62999338,Prothya Biosolutions Netherlands B.V.,2023,BDO
17056762,ProViande B.V.,2017,BDO
01179514,Provincie Drenthe,2025,BDO
01178978,Provincie Fryslân,2022,BDO
01178978,Provincie Fryslân,2023,BDO
01178978,Provincie Fryslân,2024,BDO
51048329,Provincie Overijssel,2024,BDO
51048329,Provincie Overijssel,2025,BDO
41041780,ProWonen,2019,BDO
41041780,ProWonen,2020,BDO
41041780,ProWonen,2021,BDO
41041780,ProWonen,2022,BDO
41041780,ProWonen,2023,BDO
41041780,ProWonen,2024,BDO
41041780,ProWonen,2025,BDO
17104199,PSV N.V.,2017,BDO
17104199,PSV N.V.,2018,BDO
17104199,PSV N.V.,2019,BDO
17104199,PSV N.V.,2020,BDO
17104199,PSV N.V.,2021,BDO
17104199,PSV N.V.,2023,BDO
17104199,PSV N.V.,2024,BDO
17104199,PSV N.V.,2025,BDO
62235079,PTI Netherlands Holdings B.V.,2019,BDO
09089514,Putman Groep B.V.,2017,BDO
09089514,Putman Groep B.V.,2018,BDO
54590612,PVH Brands Netherlands B.V.,2018,BDO
54590612,PVH Brands Netherlands B.V.,2020,BDO
54590612,PVH Brands Netherlands B.V.,2021,BDO
54590612,PVH Brands Netherlands B.V.,2022,BDO
34180064,QAD Europe (Netherlands) B.V.,2022,BDO
34180064,QAD Europe (Netherlands) B.V.,2023,BDO
34180064,QAD Europe (Netherlands) B.V.,2024,BDO
34081924,QAD Europe B.V.,2022,BDO
34081924,QAD Europe B.V.,2023,BDO
30152748,QAD Netherlands B.V.,2025,BDO
30119041,QBuild Calamiteiten Herstel B.V.,2018,BDO
30119041,QBuild Calamiteiten Herstel B.V.,2019,BDO
55380395,QBuild Holding B.V.,2017,BDO
55380395,QBuild Holding B.V.,2018,BDO
55380395,QBuild Holding B.V.,2019,BDO
24252336,Qi ict B.V.,2017,BDO
27172813,Quality Produce International (Q.P.I.) B.V.,2024,BDO
14068579,Quantum Controls B.V.,2017,BDO
14068579,Quantum Controls B.V.,2018,BDO
14068579,Quantum Controls B.V.,2019,BDO
14068579,Quantum Controls B.V.,2021,BDO
14068579,Quantum Controls B.V.,2022,BDO
14068579,Quantum Controls B.V.,2023,BDO
14068579,Quantum Controls B.V.,2024,BDO
33295534,QubicaAMF B.V.,2017,BDO
09083432,Queens Products,2018,BDO
09083432,Queens Products,2019,BDO
09083432,Queens Products B.V.,2017,BDO
16068147,R & H Nederland,2018,BDO
16068147,R & H Nederland,2019,BDO
16068147,R & H Nederland,2020,BDO
16068147,R & H Nederland,2021,BDO
16068147,R & H Nederland,2022,BDO
16068147,R & H Nederland,2023,BDO
16068147,R & H Nederland B.V.,2017,BDO
27234403,R. Wiersma B.V.,2018,BDO
35018983,R.H. Bakker Beheer B.V.,2017,BDO
35018983,R.H. Bakker Beheer B.V.,2018,BDO
35018983,R.H. Bakker Beheer B.V.,2020,BDO
35018983,R.H. Bakker Beheer B.V.,2021,BDO
27236023,R.J. Verkade Installaties B.V.,2017,BDO
73330272,R.J. Verkade Vastgoed B.V.,2019,BDO
73330272,R.J. Verkade Vastgoed B.V.,2021,BDO
30039108,R.K. Woningbouwstichting Zeist,2018,BDO
30039108,R.K. Woningbouwstichting Zeist,2019,BDO
30039108,R.K. Woningbouwstichting Zeist,2020,BDO
30039108,R.K. Woningbouwstichting Zeist,2021,BDO
30039108,R.K. Woningbouwstichting Zeist,2022,BDO
06032993,R.K. Woningstichting Ons Huis,2022,BDO
06032993,R.K. Woningstichting Ons Huis,2023,BDO
06032993,R.K. Woningstichting Ons Huis,2024,BDO
06032993,R.K. Woningstichting Ons Huis,2025,BDO
41152262,Radio West,2018,BDO
41152262,Radio West,2019,BDO
41152262,Radio West,2021,BDO
41152262,Radio West,2022,BDO
41152262,Radio West,2023,BDO
41152262,Radio West,2024,BDO
56840276,"Radiotherapiegroep, locatie Arnhem, Ede",2019,BDO
56840276,"Radiotherapiegroep, locatie Arnhem, Ede",2020,BDO
56840276,"Radiotherapiegroep, locatie Arnhem, Ede",2021,BDO
56840276,"Radiotherapiegroep, locatie Arnhem, Ede",2022,BDO
56840276,"Radiotherapiegroep, locatie Arnhem, Ede",2023,BDO
56840276,"Radiotherapiegroep, locatie Arnhem, Ede",2024,BDO
56840276,"Radiotherapiegroep, locatie Arnhem, Ede",2025,BDO
10028676,Rafti B.V.,2017,BDO
10028676,Rafti B.V.,2020,BDO
10028676,Rafti B.V.,2021,BDO
10028676,Rafti B.V.,2022,BDO
10028676,Rafti B.V.,2023,BDO
10028676,Rafti B.V.,2024,BDO
30115741,Ram Mobile Data (Netherlands) B.V.,2017,BDO
30115741,Ram Mobile Data (Netherlands) B.V.,2018,BDO
30115741,Ram Mobile Data (Netherlands) B.V.,2019,BDO
30115741,Ram Mobile Data (Netherlands) B.V.,2020,BDO
30115741,Ram Mobile Data (Netherlands) B.V.,2021,BDO
30115741,Ram Mobile Data (Netherlands) B.V.,2022,BDO
30115741,Ram Mobile Data (Netherlands) B.V.,2023,BDO
30115741,Ram Mobile Data (Netherlands) B.V.,2024,BDO
24256806,Raritan Europe B.V.,2017,BDO
24256806,Raritan Europe B.V.,2019,BDO
24256806,Raritan Europe B.V.,2020,BDO
24256806,Raritan Europe B.V.,2021,BDO
24256806,Raritan Europe B.V.,2022,BDO
24256806,Raritan Europe B.V.,2023,BDO
24256806,Raritan Europe B.V.,2024,BDO
06027142,RATM B.V.,2020,BDO
06027142,RATM B.V.,2021,BDO
06027142,RATM B.V.,2022,BDO
06027142,RATM B.V.,2023,BDO
28075330,Ravensbergen Food B.V.,2018,BDO
28053957,Reco Holding B.V.,2017,BDO
28053957,RECO Holding B.V.,2018,BDO
28053957,RECO Holding B.V.,2019,BDO
28053957,RECO Holding B.V.,2020,BDO
28053957,RECO Holding B.V.,2021,BDO
28053957,RECO Holding B.V.,2022,BDO
28053957,RECO Holding B.V.,2023,BDO
28053957,RECO Holding B.V.,2024,BDO
20089070,Recoll,2024,BDO
20089070,Recoll,2025,BDO
34140909,Reconi Holding,2021,BDO
34140909,Reconi Holding,2022,BDO
34140909,Reconi Holding,2023,BDO
34140909,Reconi Holding,2024,BDO
37116089,Recycling Holding Volendam B.V.,2018,BDO
37116089,Recycling Holding Volendam B.V.,2019,BDO
37116089,Recycling Holding Volendam B.V.,2020,BDO
37116089,Recycling Holding Volendam B.V.,2021,BDO
37116089,Recycling Holding Volendam B.V.,2022,BDO
37116089,Recycling Holding Volendam B.V.,2023,BDO
37116089,Recycling Holding Volendam B.V.,2024,BDO
09072075,Redeahold Apeldoorn,2022,BDO
09072075,Redeahold Apeldoorn,2023,BDO
09072075,Redeahold Apeldoorn,2024,BDO
85124885,Reducate EdTech Group B.V.,2022,BDO
85124885,Reducate EdTech Group B.V.,2023,BDO
85124885,Reducate EdTech Group B.V.,2024,BDO
93286295,Reducate Group Holdings B.V.,2024,BDO
93286295,Reducate Group Holdings B.V.,2025,BDO
30140039,Reducate Services,2019,BDO
30140039,Reducate Services,2020,BDO
30140039,Reducate Services,2021,BDO
60197900,Regeneron Capital International B.V.,2020,BDO
52483738,Regionaal Instituut voor Ontwikkelingsproblemen B.V.,2018,BDO
52483738,Regionaal Instituut voor Ontwikkelingsproblemen B.V.,2019,BDO
52483738,Regionaal Instituut voor Ontwikkelingsproblemen B.V.,2020,BDO
52483738,Regionaal Instituut voor Ontwikkelingsproblemen B.V.,2021,BDO
52483738,Regionaal Instituut voor Ontwikkelingsproblemen B.V.,2022,BDO
52483738,Regionaal Instituut voor Ontwikkelingsproblemen B.V.,2023,BDO
52483738,Regionaal Instituut voor Ontwikkelingsproblemen B.V.,2024,BDO
52483738,Regionaal Instituut voor Ontwikkelingsproblemen B.V.,2025,BDO
27177778,Regionale Ontwikkelingsmaatschappij voor het Noordzeekanaalgebied N.V.,2019,BDO
27177778,Regionale Ontwikkelingsmaatschappij voor het Noordzeekanaalgebied N.V.,2020,BDO
76548279,Regiozorg NU B.V.,2024,BDO
52719421,Reinigingsdiensten Rd4,2018,BDO
52719421,Reinigingsdiensten Rd4,2019,BDO
52719421,Reinigingsdiensten Rd4,2020,BDO
08214083,Remkes Poultry B.V.,2021,BDO
08214083,Remkes Poultry B.V.,2022,BDO
09138896,REMONDIS B.V.,2017,BDO
09138896,REMONDIS B.V.,2018,BDO
09138896,REMONDIS B.V.,2019,BDO
09138896,REMONDIS B.V.,2020,BDO
09138896,REMONDIS B.V.,2021,BDO
17071183,REMONDIS Containers B.V.,2023,BDO
17071183,REMONDIS Containers B.V.,2024,BDO
09138922,REMONDIS Dusseldorp Rioolservice B.V.,2017,BDO
08040910,REMONDIS Gevaarlijk Afval B.V.,2019,BDO
08040910,REMONDIS Gevaarlijk Afval B.V.,2020,BDO
08040910,REMONDIS Gevaarlijk Afval B.V.,2024,BDO
75551268,REMONDIS Maintenance & Services B.V.,2019,BDO
75551268,REMONDIS Maintenance & Services B.V.,2020,BDO
75551268,REMONDIS Maintenance & Services B.V.,2022,BDO
75551268,REMONDIS Maintenance & Services B.V.,2023,BDO
75551268,REMONDIS Maintenance & Services B.V.,2024,BDO
09165371,REMONDIS Nederland B.V.,2017,BDO
09165371,REMONDIS Nederland B.V.,2018,BDO
09165371,REMONDIS Nederland B.V.,2019,BDO
09165371,REMONDIS Nederland B.V.,2020,BDO
09165371,REMONDIS Nederland B.V.,2021,BDO
09165371,REMONDIS Nederland B.V.,2022,BDO
09165371,REMONDIS Nederland B.V.,2023,BDO
09165371,REMONDIS Nederland B.V.,2024,BDO
20036910,Remondis PMR B.V.,2017,BDO
20036910,Remondis PMR B.V.,2018,BDO
20036910,Remondis PMR B.V.,2019,BDO
20036910,Remondis PMR B.V.,2020,BDO
20036910,Remondis PMR B.V.,2021,BDO
20036910,Remondis PMR B.V.,2022,BDO
20036910,Remondis PMR B.V.,2024,BDO
20036910,Remondis PMR B.V.,2025,BDO
17078781,REMONDIS Recycling B.V.,2024,BDO
09138922,REMONDIS Smart Infra B.V.,2018,BDO
09138922,REMONDIS Smart Infra B.V.,2019,BDO
09138922,REMONDIS Smart Infra B.V.,2020,BDO
09138922,REMONDIS Smart Infra B.V.,2021,BDO
09138922,REMONDIS Smart Infra B.V.,2022,BDO
09138922,REMONDIS Smart Infra B.V.,2023,BDO
09138922,REMONDIS Smart Infra B.V.,2024,BDO
09138922,REMONDIS Smart Infra B.V.,2025,BDO
08069776,Renard Beheer B.V.,2017,BDO
08069776,Renard Beheer B.V.,2018,BDO
58314989,Renewi Netherlands Holdings B.V.,2021,BDO
58314989,Renewi Netherlands Holdings B.V.,2022,BDO
58314989,Renewi Netherlands Holdings B.V.,2023,BDO
58314989,Renewi Netherlands Holdings B.V.,2024,BDO
58314989,Renewi Netherlands Holdings B.V.,2025,BDO
08122977,Rengelink Beheer B.V.,2018,BDO
08122977,Rengelink Beheer B.V.,2019,BDO
08122977,Rengelink Beheer B.V.,2020,BDO
08122977,Rengelink Beheer B.V.,2022,BDO
08122977,Rengelink Beheer B.V.,2023,BDO
08122977,Rengelink Beheer B.V.,2024,BDO
36013690,Renolit Nederland B.V.,2017,bdo
36013690,Renolit Nederland B.V.,2018,BDO
36013690,Renolit Nederland B.V.,2019,BDO
36013690,Renolit Nederland B.V.,2020,BDO
36013690,Renolit Nederland B.V.,2021,BDO
36013690,Renolit Nederland B.V.,2022,BDO
36013690,Renolit Nederland B.V.,2023,BDO
36013690,Renolit Nederland B.V.,2024,BDO
36013690,Renolit Nederland B.V.,2025,BDO
29029641,Rensa Groep B.V.,2018,BDO
29029641,Rensa Groep B.V.,2019,BDO
29029641,Rensa Groep B.V.,2020,BDO
29029641,Rensa Groep B.V.,2022,BDO
29029641,Rensa Groep B.V.,2023,BDO
29029641,Rensa Groep B.V.,2024,BDO
29029641,Rensa Groep B.V.,2025,BDO
67722431,Repak Holding B.V.,2017,BDO
67722431,Repak Holding B.V.,2018,BDO
67722431,Repak Holding B.V.,2019,BDO
67722431,Repak Holding B.V.,2020,BDO
69069166,RES Acquisition Holdco B.V.,2022,BDO
32065283,RES Holding B.V.,2017,BDO
32065283,RES Holding B.V.,2022,BDO
83608826,Resato Hydrogen Technology B.V.,2024,BDO
01157512,Resato Industries Holding B.V.,2018,BDO.
01157512,Resato Industries Holding B.V.,2018,BDO
04059439,Resato International B.V.,2017,BDO
04059439,Resato International B.V.,2018,BDO
04059439,Resato International B.V.,2019,BDO
04059439,Resato International B.V.,2020,BDO
04059439,Resato International B.V.,2021,BDO
04059439,Resato International B.V.,2022,BDO
04059439,Resato International B.V.,2023,BDO
68652518,Retina Holdco B.V.,2018,BDO
08187280,Reukema Group B.V.,2018,BDO
08187280,Reukema Group B.V.,2019,BDO
08187280,Reukema Group B.V.,2020,BDO
08187280,Reukema Group B.V.,2021,BDO
08187280,Reukema Group B.V.,2022,BDO
08187280,Reukema Group B.V.,2023,BDO
08187280,Reukema Group B.V.,2024,BDO
24123287,Reva Taxi B.V.,2018,BDO
24123287,Reva Taxi B.V.,2020,BDO
17114469,Revah European,2020,BDO
17114469,Revah European,2023,BDO
17114469,Revah European,2024,BDO
31038541,Reym,2020,BDO
31038541,Reym,2021,BDO
16074383,RHD Holding B.V.,2020,BDO
16074383,RHD Holding B.V.,2021,BDO
16074383,RHD Holding B.V.,2022,BDO
16074383,RHD Holding B.V.,2023,BDO
16074383,RHD Holding B.V.,2024,BDO
51393069,RHEA System B.V.,2017,BDO
30141504,Rhenam Wonen,2022,BDO
30141504,Rhenam Wonen,2023,BDO
30141504,Rhenam Wonen,2024,BDO
30141504,Rhenam Wonen,2025,BDO
24270422,Rhumveld Winter & Konijn B.V.,2022,BDO
24270422,Rhumveld Winter & Konijn B.V.,2023,BDO
24270422,Rhumveld Winter & Konijn B.V.,2024,BDO
33202209,Richardson Electronics Benelux B.V.,2017,BDO
33202209,Richardson Electronics Benelux B.V.,2019,BDO
33202209,Richardson Electronics Benelux B.V.,2020,BDO
33202209,Richardson Electronics Benelux B.V.,2021,BDO
33202209,Richardson Electronics Benelux B.V.,2022,BDO
33202209,Richardson Electronics Benelux B.V.,2023,BDO
34249036,Richardson Electronics Global Holdings B.V.,2023,BDO
34249033,"Richardson Electronics Netherlands, B.V.",2021,BDO
34249033,"Richardson Electronics Netherlands, B.V.",2022,BDO
34249033,"Richardson Electronics Netherlands, B.V.",2023,BDO
09120190,RID,2018,BDO
09120190,RID,2019,BDO
09120190,RID,2020,BDO
09120190,RID,2021,BDO
09120190,RID,2022,BDO
09120190,RID,2023,BDO
09120190,RID,2024,BDO
08011503,Ridder Beheer B.V.,2024,BDO
08011503,Ridder Beheer B.V.,2025,BDO
62763458,Ridder Climate Screens B.V.,2024,BDO
27152523,Ridder Growing Solutions Holding B.V.,2018,BDO
27152523,Ridder Growing Solutions Holding B.V.,2019,BDO
27152523,Ridder Growing Solutions Holding B.V.,2020,BDO
27152523,Ridder Growing Solutions Holding B.V.,2021,BDO
27152523,Ridder Growing Solutions Holding B.V.,2022,BDO
27152523,Ridder Growing Solutions Holding B.V.,2023,BDO
08198943,Ridder Holding Harderwijk B.V.,2018,BDO
08198943,Ridder Holding Harderwijk B.V.,2019,BDO
08198943,Ridder Holding Harderwijk B.V.,2020,BDO
08198943,Ridder Holding Harderwijk B.V.,2021,BDO
08198943,Ridder Holding Harderwijk B.V.,2022,BDO
08198943,Ridder Holding Harderwijk B.V.,2023,BDO
08198943,Ridder Holding Harderwijk B.V.,2024,BDO
28023118,Rijnhart Wonen,2018,BDO
28023118,Rijnhart Wonen,2019,BDO
41125236,Rijnmond,2018,BDO
41125236,Rijnmond,2019,BDO
41125236,Rijnmond,2020,BDO
09164949,Rijnstate Apotheek B.V.,2022,BDO
28084531,Rijnweyde Beheer B.V.,2018,BDO
28084531,Rijnweyde Beheer B.V.,2019,BDO
28084531,Rijnweyde Beheer B.V.,2020,BDO
28084531,Rijnweyde Beheer B.V.,2022,BDO
28084531,Rijnweyde Beheer B.V.,2023,BDO
28084531,Rijnweyde Beheer B.V.,2024,BDO
28084531,Rijnweyde Beheer B.V.,2025,BDO
34241343,Riverbed Technology B.V.,2021,BDO
30061125,RIZ Bouw B.V.,2018,BDO
30061125,RIZ Bouw B.V.,2019,BDO
50719319,RIZ Vastgoed B.V.,2018,BDO
50719319,RIZ Vastgoed B.V.,2019,BDO
62108913,RM Holdings B.V.,2017,BDO
62108913,RM Holdings B.V.,2018,BDO
62108913,RM Holdings B.V.,2019,BDO
61965006,RM Invest B.V.,2018,BDO
61965006,RM Invest B.V.,2019,BDO
61965006,RM Invest B.V.,2020,BDO
30040652,Roba Holding B.V.,2021,BDO
30040652,Roba Holding B.V.,2022,BDO
30040652,Roba Holding B.V.,2023,BDO
30040652,Roba Holding B.V.,2024,BDO
30040652,Roba Holding B.V.,2025,BDO
30073109,Roba Metals B.V.,2021,BDO
30073109,Roba Metals B.V.,2022,BDO
30073109,Roba Metals B.V.,2023,BDO
30073109,Roba Metals B.V.,2024,BDO
30073109,Roba Metals B.V.,2025,BDO
09030502,Roba Metals Plate Center B.V.,2022,BDO
09030502,Roba Metals Plate Center B.V.,2023,BDO
33300326,Robert Walters,2019,BDO
33300326,Robert Walters,2021,BDO
33300326,Robert Walters,2022,BDO
33300326,Robert Walters,2025,BDO
34143155,Robert Walters B.V.,2019,BDO
34143155,Robert Walters B.V.,2020,BDO
34143155,Robert Walters B.V.,2021,BDO
34143155,Robert Walters B.V.,2022,BDO
34143155,Robert Walters B.V.,2025,BDO
91850606,Robyn Investments B.V.,2024,BDO
30186306,Roche Finance Europe B.V.,2023,BDO
30186306,Roche Finance Europe B.V.,2025,BDO
34394655,Rockspring Property Asset Management,2017,BDO
41222777,Rode Kruis Ziekenhuis B.V.,2023,BDO
41222777,Rode Kruis Ziekenhuis B.V.,2024,BDO
41222777,Rode Kruis Ziekenhuis B.V.,2025,BDO
67664008,Rolande Holding B.V.,2024,BDO
78171717,ROM Regio Utrecht B.V.,2024,BDO
78171717,ROM Regio Utrecht B.V.,2025,BDO
37129934,Romariës B.V.,2017,BDO
37129934,Romariës B.V.,2018,BDO
68954514,Rosefield Holding B.V.,2019,BDO
68954514,Rosefield Holding B.V.,2020,BDO
62124234,Rosefield Watches B.V.,2018,BDO
62124234,Rosefield Watches B.V.,2019,BDO
62124234,Rosefield Watches B.V.,2020,BDO
65615085,Rotla B.V.,2022,BDO
65615085,Rotla B.V.,2023,BDO
65615085,Rotla B.V.,2024,BDO
65615085,Rotla B.V.,2025,BDO
38005799,Roto Smeets Deventer B.V.,2017,BDO
20024886,Roto Smeets Etten B.V.,2017,BDO
32055676,Roto Smeets Group B.V.,2017,BDO
13003085,Roto Smeets Weert B.V.,2017,BDO
59569506,Rotterdam Port Holding B.V.,2018,BDO
58430326,ROX Capital B.V.,2020,BDO
58430326,ROX Capital B.V.,2022,BDO
58430326,ROX Capital B.V.,2023,BDO
58430326,ROX Capital B.V.,2024,BDO
01051597,Royal De Boer Stalinrichtingen B.V.,2021,BDO
01051597,Royal De Boer Stalinrichtingen B.V.,2022,BDO
01051597,Royal De Boer Stalinrichtingen B.V.,2023,BDO
34069612,Royal De Ree Holland B.V.,2018,BDO
34069612,Royal De Ree Holland B.V.,2020,BDO
34069612,Royal De Ree Holland B.V.,2021,BDO
34069612,Royal De Ree Holland B.V.,2022,BDO
34069612,Royal De Ree Holland B.V.,2023,BDO
23034558,Royal J.M. de Jong Group,2018,BDO
09003085,Royal Lovink Industries B.V.,2018,BDO
09003085,Royal Lovink Industries B.V.,2019,BDO
09003085,Royal Lovink Industries B.V.,2021,BDO
09003085,Royal Lovink Industries B.V.,2022,BDO
18070513,Royal Pride Group B.V.,2018,BDO
18070513,Royal Pride Group B.V.,2019,BDO
18070513,Royal Pride Group B.V.,2020,BDO
18070513,Royal Pride Group B.V.,2021,BDO
18070513,Royal Pride Group B.V.,2022,BDO
18082234,Royal Pride Holland B.V.,2018,BDO
18082234,Royal Pride Holland B.V.,2019,BDO
18082234,Royal Pride Holland B.V.,2020,BDO
18082234,Royal Pride Holland B.V.,2023,BDO
18082234,Royal Pride Holland B.V.,2024,BDO
01044522,Royal Steensma B.V.,2017,BDO
09076981,RSR Revalidatieservice B.V.,2017,BDO
09076981,RSR Revalidatieservice B.V.,2018,BDO
09076981,RSR Revalidatieservice B.V.,2019,BDO
17105596,Rubicon B.V.,2017,BDO
17105596,Rubicon B.V.,2018,BDO
17105596,Rubicon B.V.,2019,BDO
17105596,Rubicon B.V.,2020,BDO
17105596,Rubicon B.V.,2021,BDO
17105596,Rubicon B.V.,2022,BDO
17105596,Rubicon B.V.,2023,BDO
17105596,Rubicon B.V.,2024,BDO
68995350,Rubicon Holding B.V.,2018,BDO
68995350,Rubicon Holding B.V.,2019,BDO
68995350,Rubicon Holding B.V.,2020,BDO
68995350,Rubicon Holding B.V.,2021,BDO
68995350,Rubicon Holding B.V.,2022,BDO
68995350,Rubicon Holding B.V.,2023,BDO
68995350,Rubicon Holding B.V.,2024,BDO
05072810,Rubitech Group B.V.,2018,BDO
05072810,Rubitech Group B.V.,2019,BDO
05072810,Rubitech Group B.V.,2020,BDO
89845919,S&H Huisartsen,2024,BDO
89845919,S&H Huisartsen,2025,BDO
59297832,S. de Leeuw Holding B.V.,2019,BDO
59297832,S. de Leeuw Holding B.V.,2020,BDO
01089021,S.C. Heerenveen Holding B.V.,2021,BDO
01089021,S.C. Heerenveen Holding B.V.,2022,BDO
01089021,S.C. Heerenveen Holding B.V.,2023,BDO
01089021,S.C. Heerenveen Holding B.V.,2024,BDO
01089021,S.C. Heerenveen Holding B.V.,2025,BDO
30105495,S.O.M. Samenwerkende Onderlinge Verzekeringsmaatschappijen Coöperatie U.A.,2023,BDO
54938325,S4G B.V.,2018,BDO
54938325,S4G B.V.,2019,BDO
54938325,S4G B.V.,2020,BDO
54938325,S4G B.V.,2022,BDO
34035480,SAB CATERING B.V.,2017,BDO
34035480,SAB CATERING B.V.,2018,BDO
20056214,Sacobel World Leather Confections B.V.,2017,BDO
20056214,Sacobel World Leather Confections B.V.,2018,BDO
20056214,Sacobel World Leather Confections B.V.,2019,BDO
56618301,SafanDarley Holding B.V.,2018,BDO
56618301,SafanDarley Holding B.V.,2019,BDO
56618301,SafanDarley Holding B.V.,2020,BDO
56618301,SafanDarley Holding B.V.,2021,BDO
56618301,SafanDarley Holding B.V.,2023,BDO
56618301,SafanDarley Holding B.V.,2024,BDO
30214022,Safire B.V.,2024,BDO
30214019,Safire Holding B.V.,2024,BDO
75259877,SAIC MOTOR Europe B.V.,2019,BDO
75259877,SAIC MOTOR Europe B.V.,2020,BDO
20122736,Sakko Commercial B.V.,2017,BDO
20122736,Sakko Commercial B.V.,2020,BDO
20122736,Sakko Commercial B.V.,2021,BDO
20122736,Sakko Commercial B.V.,2022,BDO
20122736,Sakko Commercial B.V.,2024,BDO
33274890,Sakko Holding B.V.,2018,BDO
33274890,Sakko Holding B.V.,2019,BDO
33274890,Sakko Holding B.V.,2020,BDO
33274890,Sakko Holding B.V.,2022,BDO
33274890,Sakko Holding B.V.,2023,BDO
33274890,Sakko Holding B.V.,2024,BDO
65589297,Salute Mission Critical Europe Holding B.V.,2024,BDO
65589297,Salute Mission Critical Europe Holding B.V.,2025,BDO
08200090,Samenwerking Glasverzekering N.V.,2017,BDO
08200090,Samenwerking Glasverzekering N.V.,2018,BDO
64305635,Samotics B.V.,2023,BDO
78399122,Samotics Holding B.V.,2023,BDO
78399122,Samotics Holding B.V.,2024,BDO
16086320,Sanders | Fritom,2019,BDO
16086320,Sanders | Fritom,2020,BDO
16086320,Sanders | Fritom,2022,BDO
16086320,Sanders | Fritom B.V.,2017,BDO
32043244,Sas Institute B.V.,2017,BDO
32043244,Sas Institute B.V.,2018,BDO
32043244,Sas Institute B.V.,2019,BDO
32043244,Sas Institute B.V.,2020,BDO
32043244,Sas Institute B.V.,2022,BDO
32043244,Sas Institute B.V.,2023,BDO
65037022,Sas van Vreeswijk B.V.,2023,BDO
60762144,Savannah Resources B.V.,2021,BDO
60762144,Savannah Resources B.V.,2023,BDO
60762144,Savannah Resources B.V.,2024,BDO
24277660,Saville Holding B.V.,2020,BDO
24277660,Saville Holding B.V.,2021,BDO
24277660,Saville Holding B.V.,2022,BDO
24277660,Saville Holding B.V.,2023,BDO
24277660,Saville Holding B.V.,2024,BDO
33223550,Sawadee Amsterdam B.V.,2017,BDO
33223550,Sawadee Amsterdam B.V.,2019,BDO
33223550,Sawadee Amsterdam B.V.,2020,BDO
33223550,Sawadee Amsterdam B.V.,2021,BDO
33223550,Sawadee Amsterdam B.V.,2022,BDO
33223550,Sawadee Amsterdam B.V.,2023,BDO
33223550,Sawadee Amsterdam B.V.,2024,BDO
29032800,Schakel Beheer en Beleggingsmaatschappij B.V.,2017,BDO
69708452,Schakenbosch Zorg voor Jeugdigen B.V.,2019,BDO
69708452,Schakenbosch Zorg voor Jeugdigen B.V.,2020,BDO
69708452,Schakenbosch Zorg voor Jeugdigen B.V.,2021,BDO
69708452,Schakenbosch Zorg voor Jeugdigen B.V.,2022,BDO
69708452,Schakenbosch Zorg voor Jeugdigen B.V.,2023,BDO
69708452,Schakenbosch Zorg voor Jeugdigen B.V.,2024,BDO
69708452,Schakenbosch Zorg voor Jeugdigen B.V.,2025,BDO
35010690,Schavemaker Beheer B.V.,2020,BDO
35010690,Schavemaker Beheer B.V.,2022,BDO
35010690,Schavemaker Beheer B.V.,2023,BDO
92577970,Schavemaker Holding B.V.,2024,BDO
34026729,Schavemaker Logistics B.V.,2017,BDO
34026729,Schavemaker Logistics B.V.,2018,BDO
34026729,Schavemaker Logistics B.V.,2019,BDO
34026729,Schavemaker Logistics B.V.,2020,BDO
34026729,Schavemaker Logistics B.V.,2022,BDO
34026729,Schavemaker Logistics B.V.,2023,BDO
34159038,Scheldezoom Farmacie B.V.,2017,BDO
34159038,Scheldezoom Farmacie B.V.,2018,BDO
34159038,Scheldezoom Farmacie B.V.,2019,BDO
64753743,Schierog B.V.,2017,BDO
64753743,Schierog B.V.,2018,BDO
34139115,Schiphol Travel B.V.,2019,BDO
34139115,Schiphol Travel B.V.,2020,BDO
34139115,Schiphol Travel B.V.,2022,BDO
34139115,Schiphol Travel B.V.,2024,BDO
34281819,Schiphol Travel Group B.V.,2019,BDO
34281819,Schiphol Travel Group B.V.,2020,BDO
34281819,Schiphol Travel Group B.V.,2022,BDO
34281819,Schiphol Travel Group B.V.,2023,BDO
34281819,Schiphol Travel Group B.V.,2024,BDO
34281819,Schiphol Travel Group B.V.,2025,BDO
05041082,Schipper Kozijnen B.V.,2017,BDO
05041082,Schipper Kozijnen B.V.,2018,BDO
05041082,Schipper Kozijnen B.V.,2020,BDO
05041082,Schipper Kozijnen B.V.,2021,BDO
05041082,Schipper Kozijnen B.V.,2024,BDO
36011723,Schipper Kozijnen Holding B.V.,2018,BDO
36011723,Schipper Kozijnen Holding B.V.,2019,BDO
36011723,Schipper Kozijnen Holding B.V.,2020,BDO
36011723,Schipper Kozijnen Holding B.V.,2021,BDO
36011723,Schipper Kozijnen Holding B.V.,2022,BDO
36011723,Schipper Kozijnen Holding B.V.,2023,BDO
36011723,Schipper Kozijnen Holding B.V.,2024,BDO
36011723,Schipper Kozijnen Holding B.V.,2025,BDO
27243825,Schlumberger Finance B.V.,2020,BDO
27243825,Schlumberger Finance B.V.,2023,BDO
27243825,Schlumberger Finance B.V.,2024,BDO
24064058,Schmidt Zeevis Rotterdam B.V.,2017,BDO
24064058,Schmidt Zeevis Rotterdam B.V.,2018,BDO
24064058,Schmidt Zeevis Rotterdam B.V.,2019,BDO
24064058,Schmidt Zeevis Rotterdam B.V.,2020,BDO
24064058,Schmidt Zeevis Rotterdam B.V.,2021,BDO
24064058,Schmidt Zeevis Rotterdam B.V.,2022,BDO
35002428,Schoemaker Beheer B.V.,2018,BDO
35002428,Schoemaker Beheer B.V.,2019,BDO
35002428,Schoemaker Beheer B.V.,2021,BDO
35002428,Schoemaker Beheer B.V.,2022,BDO
35002428,Schoemaker Beheer B.V.,2023,BDO
06061188,Schoenaker Holding B.V.,2017,BDO
20049827,SCHOLLE IPN EUROPE HOLDING B.V.,2019,BDO
34164265,SCHOLLE IPN HOLDING B.V.,2019,BDO
56063784,SCHOLLE IPN NETHERLANDS B.V.,2023,BDO
65145321,Scholtens Bouw Wognum B.V.,2018,BDO
65145321,Scholtens Bouw Wognum B.V.,2019,BDO
37088885,Scholtens Holding Groep B.V.,2018,BDO
37088885,Scholtens Holding Groep B.V.,2019,BDO
36041275,Scholtens Projecten B.V.,2018,BDO
28043061,Schoonderbeek Installatie B.V.,2017,BDO
28043061,Schoonderbeek Installatie B.V.,2018,BDO
36047299,Schouten Blokker B.V.,2018,BDO
36006695,Schouten Techniek B.V.,2018,BDO
06030839,Schuitemaker Machines B.V.,2017,BDO
28031763,Schulte & Lestraden B.V.,2017,BDO
53020863,Scotch & Soda Group B.V.,2020,BDO
53020863,Scotch & Soda Group B.V.,2021,BDO
53020863,Scotch & Soda Group B.V.,2022,BDO
24330159,SEAM Investments B.V.,2017,BDO
20055188,Seara Holdings (Europe) B.V.,2018,BDO
20055188,Seara Holdings (Europe) B.V.,2019,BDO
06049620,Selekthuis Bouw B.V.,2017,BDO
06049620,SelektHuis Bouw B.V.,2018,BDO
06049620,SelektHuis Bouw B.V.,2019,BDO
06049620,SelektHuis Bouw B.V.,2020,BDO
06049620,SelektHuis Bouw B.V.,2021,BDO
06049620,SelektHuis Bouw B.V.,2022,BDO
88087239,SelektHuis Holding B.V.,2022,BDO
34093575,Selmers B.V.,2017,BDO
34093575,Selmers B.V.,2018,BDO
34093575,Selmers B.V.,2019,BDO
34093575,Selmers B.V.,2020,BDO
34093608,Selmers Holding B.V.,2018,BDO
34093608,Selmers Holding B.V.,2019,BDO
34093608,Selmers Holding B.V.,2020,BDO
34093616,Selmers Industrial B.V.,2017,BDO
34093616,Selmers Industrial B.V.,2019,BDO
34093616,Selmers Industrial B.V.,2021,BDO
09037629,Senefelder Misset B.V.,2017,BDO
27310396,Senior Mobility Investment Group B.V.,2020,BDO
34065996,Sensys Gatso Netherlands B.V.,2017,BDO
34065996,Sensys Gatso Netherlands B.V.,2018,BDO
34065996,Sensys Gatso Netherlands B.V.,2019,BDO
34065996,Sensys Gatso Netherlands B.V.,2020,BDO
34065996,Sensys Gatso Netherlands B.V.,2021,BDO
34065996,Sensys Gatso Netherlands B.V.,2022,BDO
34065996,Sensys Gatso Netherlands B.V.,2023,BDO
04079998,Sent Waninge Holding B.V.,2018,BDO
04079998,Sent Waninge Holding B.V.,2019,BDO
04079998,Sent Waninge Holding B.V.,2020,BDO
34155692,Serinus B.V.,2020,BDO
60677902,Service Apotheek de Bosrand,2024,BDO
04052387,Service Kunststof Kozijnen B.V.,2019,BDO
04052387,Service Kunststof Kozijnen B.V.,2020,BDO
04052387,Service Kunststof Kozijnen B.V.,2021,BDO
04052387,Service Kunststof Kozijnen B.V.,2022,BDO
24349984,Service Terminal Rotterdam B.V.,2019,BDO
24349984,Service Terminal Rotterdam B.V.,2020,BDO
24349984,Service Terminal Rotterdam B.V.,2022,BDO
24349984,Service Terminal Rotterdam B.V.,2023,BDO
24349984,Service Terminal Rotterdam B.V.,2024,BDO
01082181,Servicebureau Stichting voor Openbaar Voortgezet Onderwijs Fryslân-Noord,2018,BDO
01082181,Servicebureau Stichting voor Openbaar Voortgezet Onderwijs Fryslân-Noord,2019,BDO
27321808,Servicekantoor Ipse de Bruggen | Ipse de Bruggen Jeugdwet,2019,BDO
27321808,Servicekantoor Ipse de Bruggen | Ipse de Bruggen Jeugdwet,2020,BDO
27321808,Servicekantoor Ipse de Bruggen | Ipse de Bruggen Jeugdwet,2021,BDO
27321808,Servicekantoor Ipse de Bruggen | Ipse de Bruggen Jeugdwet,2022,BDO
27321808,Servicekantoor Ipse de Bruggen | Ipse de Bruggen Jeugdwet,2023,BDO
27321808,Servicekantoor Ipse de Bruggen | Ipse de Bruggen Jeugdwet,2024,BDO
27321808,Servicekantoor Ipse de Bruggen | Ipse de Bruggen Jeugdwet,2025,BDO
74996207,SEVER Life Sciences B.V.,2019,BDO
74996207,SEVER Life Sciences B.V.,2020,BDO
74996207,SEVER Life Sciences B.V.,2021,BDO
74996207,SEVER Life Sciences B.V.,2022,BDO
74996207,SEVER Life Sciences B.V.,2023,BDO
74996207,SEVER Life Sciences B.V.,2024,BDO
23089944,SFA Packaging B.V.,2022,BDO
23089944,SFA Packaging B.V.,2023,BDO
59780193,SFA Packaging Holding B.V.,2022,BDO
59780193,SFA Packaging Holding B.V.,2023,BDO
71529543,SFS Group B.V.,2018,BDO
71529543,SFS Group B.V.,2019,BDO
30105045,SGS Brightsight B.V.,2018,BDO
30105045,SGS Brightsight B.V.,2019,BDO
30105045,SGS Brightsight B.V.,2020,BDO
34083276,SHI B.V.,2017,BDO
34083276,SHI B.V.,2018,BDO
34083276,SHI B.V.,2019,BDO
34083276,SHI B.V.,2020,BDO
34083276,SHI B.V.,2021,BDO
34083276,SHI B.V.,2023,BDO
34083276,SHI B.V.,2024,BDO
64915255,SHI Holding B.V.,2018,BDO
64915255,SHI Holding B.V.,2019,BDO
71712364,SHIPA B.V.,2018,BDO
71712364,SHIPA B.V.,2019,BDO
71712364,SHIPA B.V.,2020,BDO
71881271,SHIPA Holding B.V.,2018,BDO
71881271,SHIPA Holding B.V.,2019,BDO
71881271,SHIPA Holding B.V.,2020,BDO
71881271,SHIPA Holding B.V.,2021,BDO
63986981,Shop Apotheke Europe N.V.,2018,BDO
62113607,Siegwerk Netherlands B.V.,2019,BDO
62113607,Siegwerk Netherlands B.V.,2021,BDO
62113607,Siegwerk Netherlands B.V.,2022,BDO
62113607,Siegwerk Netherlands B.V.,2023,BDO
13016026,Sif Holding N.V.,2025,BDO
76420728,SIG Netherlands Solutions B.V.,2020,BDO
76420728,SIG Netherlands Solutions B.V.,2021,BDO
23080466,Sigma-Aldrich Chemie N.V.,2017,BDO
73266132,Sigmax Group B.V.,2018,BDO
73266132,Sigmax Group B.V.,2019,BDO
73266132,Sigmax Group B.V.,2020,BDO
73266132,Sigmax Group B.V.,2021,BDO
08099213,Sigmax Holding B.V.,2022,BDO
27224747,Silverbeij B.V.,2023,BDO
27224747,Silverbeij B.V.,2024,BDO
34110949,Silversteyn Beheer B.V.,2023,BDO
51167352,Silverstream Technologies B.V.,2023,BDO
17057712,Simac Techniek N.V.,2017,BDO
17057712,Simac Techniek N.V.,2018,BDO
17057712,Simac Techniek N.V.,2019,BDO
17057712,Simac Techniek N.V.,2020,BDO
17057712,Simac Techniek N.V.,2021,BDO
17057712,Simac Techniek N.V.,2022,BDO
17057712,Simac Techniek N.V.,2023,BDO
17057712,Simac Techniek N.V.,2024,BDO
17057712,Simac Techniek N.V.,2025,BDO
37147521,Simon Loos B.V.,2018,BDO
37147521,Simon Loos B.V.,2019,BDO
37147521,Simon Loos B.V.,2020,BDO
37147521,Simon Loos B.V.,2021,BDO
37147521,Simon Loos B.V.,2022,BDO
81998511,Simon Loos Groep B.V.,2021,BDO
81998511,Simon Loos Groep B.V.,2022,BDO
81998511,Simon Loos Groep B.V.,2023,BDO
81998511,Simon Loos Groep B.V.,2024,BDO
81988842,Simon Loos Holding B.V.,2021,BDO
81988842,Simon Loos Holding B.V.,2023,BDO
81988842,Simon Loos Holding B.V.,2024,BDO
81988842,Simon Loos Holding B.V.,2025,BDO
29045174,Simon Loos Logistiek B.V.,2017,BDO
29045174,Simon Loos Logistiek B.V.,2018,BDO
29045174,Simon Loos Logistiek B.V.,2019,BDO
29045174,Simon Loos Logistiek B.V.,2020,BDO
37153696,Simon Loos Vastgoed B.V.,2018,BDO
37153696,Simon Loos Vastgoed B.V.,2019,BDO
37153696,Simon Loos Vastgoed B.V.,2020,BDO
05070630,Sint Jozef,2019,BDO
05070630,Sint Jozef,2020,BDO
05070630,Sint Jozef,2021,BDO
05070630,Sint Jozef,2022,BDO
17121277,Sioux Group B.V.,2022,BDO
69980551,Sioux Group B.V.,2024,BDO
76235831,Sioux Technologies Assembly B.V.,2023,BDO
81023006,Sioux Technologies B.V.,2021,BDO
81023006,Sioux Technologies B.V.,2022,BDO
81023006,Sioux Technologies B.V.,2023,BDO
81023006,Sioux Technologies B.V.,2024,BDO
34293213,Siteserv B.V.,2024,BDO
09055542,Sité Woondiensten,2018,BDO
09055542,Sité Woondiensten,2019,BDO
09055542,Sité Woondiensten,2020,BDO
09055542,Sité Woondiensten,2021,BDO
09055542,Sité Woondiensten,2022,BDO
09055542,Sité Woondiensten,2023,BDO
09055542,Sité Woondiensten,2024,BDO
41039179,"Sius, De Lichtenvoorde, 4Jeugd ZorgEigen",2019,BDO
41039179,"Sius, De Lichtenvoorde, 4Jeugd ZorgEigen",2020,BDO
41039179,"Sius, De Lichtenvoorde, 4Jeugd ZorgEigen",2021,BDO
41039179,"Sius, De Lichtenvoorde, 4Jeugd ZorgEigen",2022,BDO
41039179,"Sius, De Lichtenvoorde, 4Jeugd ZorgEigen",2023,BDO
41039179,"Sius, De Lichtenvoorde, 4Jeugd ZorgEigen",2024,BDO
41039179,"Sius, De Lichtenvoorde, 4Jeugd ZorgEigen",2025,BDO
20093880,Sivomatic B.V.,2019,BDO
20093880,Sivomatic B.V.,2021,BDO
20093880,Sivomatic B.V.,2023,BDO
11029109,Sivomatic Holding B.V.,2018,BDO
11029109,Sivomatic Holding B.V.,2019,BDO
11029109,Sivomatic Holding B.V.,2021,BDO
24237128,SJB Petroleum Products B.V.,2017,BDO
09151688,Skar B.V.,2024,BDO
09151688,Skar B.V.,2025,BDO
18068748,Skechers USA Benelux B.V.,2017,bdo
18068748,Skechers USA Benelux B.V.,2019,BDO
18068748,Skechers USA Benelux B.V.,2023,BDO
18068748,Skechers USA Benelux B.V.,2024,BDO
66638054,Skil B.V.,2021,BDO
66638054,Skil B.V.,2022,BDO
66638054,Skil B.V.,2023,BDO
59010118,Skillco B.V.,2019,BDO
70349479,SKK Beheer B.V.,2019,BDO
70349479,SKK Beheer B.V.,2021,BDO
41012651,SKSG,2018,BDO
41012651,SKSG,2020,BDO
41012651,SKSG,2021,BDO
41012651,SKSG,2022,BDO
41012651,SKSG,2023,BDO
41012651,SKSG,2024,BDO
11023744,Slagerij Kaldenberg B.V.,2017,BDO
11023744,Slagerij Kaldenberg B.V.,2018,BDO
11023744,Slagerij Kaldenberg B.V.,2019,BDO
11023744,Slagerij Kaldenberg B.V.,2020,BDO
11023744,Slagerij Kaldenberg B.V.,2021,BDO
11023744,Slagerij Kaldenberg B.V.,2022,BDO
11023744,Slagerij Kaldenberg B.V.,2023,BDO
11023744,Slagerij Kaldenberg B.V.,2024,BDO
32032742,Slokker Bouwgroep B.V.,2023,BDO
32032742,Slokker Bouwgroep B.V.,2024,BDO
32024722,Slokker Holding B.V.,2023,BDO
32024722,Slokker Holding B.V.,2024,BDO
32094582,Slokker Vastgoed Groep B.V.,2024,BDO
09092433,SMF Management Consultants B.V.,2019,BDO
56486960,SMT Europe B.V.,2018,BDO
63606860,SMT Netherlands B.V.,2022,BDO
63606860,SMT Netherlands B.V.,2023,BDO
63606860,SMT Netherlands B.V.,2024,BDO
57932069,Smulders Projects Netherlands B.V.,2024,BDO
50209027,Snack Connection B.V.,2017,BDO
50209027,Snack Connection B.V.,2018,BDO
50209027,Snack Connection B.V.,2019,BDO
39039138,SnowWorld B.V.,2019,BDO
39039138,SnowWorld B.V.,2020,BDO
39039138,SnowWorld B.V.,2021,BDO
27251497,SnowWorld Leisure N.V.,2018,BDO
27251497,SnowWorld Leisure N.V.,2019,BDO
27251497,SnowWorld Leisure N.V.,2020,BDO
39039138,SnowWorld N.V.,2017,BDO
39039138,SnowWorld N.V.,2018,BDO
67514251,Società Boboli B.V.,2018,BDO
67514251,Società Boboli B.V.,2019,BDO
16070573,Sockshouse B.V.,2017,BDO
16070573,Sockshouse B.V.,2018,BDO
16070573,Sockshouse B.V.,2019,BDO
16070573,Sockshouse B.V.,2020,BDO
11032512,Software AG Nederland B.V.,2017,BDO
11032512,Software AG Nederland B.V.,2020,BDO
11032512,Software AG Nederland B.V.,2021,BDO
11032512,Software AG Nederland B.V.,2022,BDO
11032512,Software AG Nederland B.V.,2023,BDO
11032512,Software AG Nederland B.V.,2024,BDO
27281340,Sole Technology Europe B.V.,2018,BDO
27281340,Sole Technology Europe B.V.,2019,BDO
27281340,Sole Technology Europe B.V.,2021,BDO
64686914,Soles Group B.V.,2023,BDO
71223274,Solutalks B.V.,2021,BDO
71223274,Solutalks B.V.,2022,BDO
71223274,Solutalks B.V.,2023,BDO
54290775,SomnoMed Netherlands B.V.,2019,BDO
54290775,SomnoMed Netherlands B.V.,2020,BDO
08081845,Sonah B.V.,2019,BDO
08081845,Sonah B.V.,2021,BDO
08081845,Sonah B.V.,2022,BDO
34083605,Sopheon N.V.,2021,BDO
34083605,Sopheon N.V.,2022,BDO
73271152,Sophia 247 Bidco B.V.,2019,BDO
73271152,Sophia 247 Bidco B.V.,2020,BDO
73271152,Sophia 247 Bidco B.V.,2021,BDO
73271152,Sophia 247 Bidco B.V.,2022,BDO
74083937,Sophia 247 Midco B.V.,2019,BDO
74083937,Sophia 247 Midco B.V.,2020,BDO
74083937,Sophia 247 Midco B.V.,2021,BDO
74083937,Sophia 247 Midco B.V.,2022,BDO
24185744,SOR,2019,BDO
24185744,SOR,2020,BDO
51123592,Source Photonics B.V.,2019,BDO
37129413,Spaansen Groep B.V.,2017,BDO
37129413,Spaansen Groep B.V.,2018,BDO
37129413,Spaansen Groep B.V.,2019,BDO
37129413,Spaansen Groep B.V.,2020,BDO
37129413,Spaansen Groep B.V.,2021,BDO
37129413,Spaansen Groep B.V.,2022,BDO
37129413,Spaansen Groep B.V.,2024,BDO
24328552,Sparta Beheer B.V.,2018,BDO
02333984,Specsavers B.V.,2018,BDO
02333984,Specsavers B.V.,2020,BDO
24197657,Specsavers Holding B.V.,2018,BDO
02334162,Specsavers International B.V.,2018,BDO
02334162,Specsavers International B.V.,2019,BDO
02334162,Specsavers International B.V.,2020,BDO
02334162,Specsavers International B.V.,2021,BDO
02334162,Specsavers International B.V.,2023,BDO
02334162,Specsavers International B.V.,2024,BDO
02334162,Specsavers International B.V.,2025,BDO
24197657,Specsavers Opticiens,2019,BDO
24197657,Specsavers Opticiens,2020,BDO
32065659,Speer Infra B.V.,2024,BDO
59110090,Spilberg Development B.V.,2019,BDO
17061117,Spirotech B.V.,2022,BDO
17061117,Spirotech B.V.,2023,BDO
17061117,Spirotech B.V.,2025,BDO
77679857,Spoedpost Utrecht Stad B.V.,2022,BDO
77679857,Spoedpost Utrecht Stad B.V.,2024,BDO
08086454,Spoedposten Huisartsenzorg Twente,2024,BDO
08086454,Spoedposten Huisartsenzorg Twente,2025,BDO
77541901,Spoedzorg NU B.V.,2022,BDO
77541901,Spoedzorg NU B.V.,2024,BDO
77541901,Spoedzorg NU B.V.,2025,BDO
24448509,Spoorhaven Hoofdkantoor B.V.,2018,BDO
54739918,Sport Medisch Centrum Oegstgeest,2022,BDO
54739918,Sport Medisch Centrum Oegstgeest,2024,BDO
54739918,Sport Medisch Centrum Oegstgeest,2025,BDO
20067591,Sprangers Bouwbedrijf B.V.,2017,BDO
20067591,Sprangers Bouwbedrijf B.V.,2018,BDO
20005979,Sprangers Nederland B.V.,2018,BDO
52199177,Sprangk Groep B.V.,2018,BDO
52199177,Sprangk Groep B.V.,2019,BDO
52199177,Sprangk Groep B.V.,2020,BDO
52199177,Sprangk Groep B.V.,2021,BDO
52199177,Sprangk Groep B.V.,2022,BDO
52199177,Sprangk Groep B.V.,2023,BDO
52199177,Sprangk Groep B.V.,2024,BDO
04029567,SPX Flow Technology Assen B.V.,2017,BDO
04029567,SPX Flow Technology Assen B.V.,2020,BDO
04029567,SPX Flow Technology Assen B.V.,2022,BDO
04029567,SPX Flow Technology Assen B.V.,2023,BDO
20082905,SPX Flow Technology Etten-Leur B.V.,2017,BDO
32090798,SRO Amersfoort B.V.,2019,BDO
32090798,SRO Amersfoort B.V.,2022,BDO
32090798,SRO Amersfoort B.V.,2023,BDO
32090798,SRO Amersfoort B.V.,2024,BDO
32129705,SRO Kennemerland B.V.,2022,BDO
32129705,SRO Kennemerland B.V.,2023,BDO
32129705,SRO Kennemerland B.V.,2024,BDO
30092565,SSH Utrecht,2018,BDO
30092565,SSH Utrecht,2019,BDO
41055121,SSHN,2021,BDO
41055121,SSHN,2022,BDO
41055121,SSHN,2023,BDO
34175729,SSP Nederland B.V.,2020,BDO
34175729,SSP Nederland B.V.,2021,BDO
34175729,SSP Nederland B.V.,2022,BDO
34175729,SSP Nederland B.V.,2023,BDO
34175729,SSP Nederland B.V.,2024,BDO
56708874,St. Barbara,2020,BDO
56708874,St. Barbara,2021,BDO
56708874,St. Barbara,2022,BDO
56708874,St. Barbara,2023,BDO
56708874,St. Barbara,2024,BDO
56708874,St. Barbara,2025,BDO
41068375,St. Jans Gasthuis Weert B.V.,2019,BDO
41068375,St. Jans Gasthuis Weert B.V.,2020,BDO
41068375,St. Jans Gasthuis Weert B.V.,2021,BDO
41068375,St. Jans Gasthuis Weert B.V.,2022,BDO
41068375,St. Jans Gasthuis Weert B.V.,2023,BDO
41068375,St. Jans Gasthuis Weert B.V.,2024,BDO
41068375,St. Jans Gasthuis Weert B.V.,2025,BDO
27178008,Staal Satelliet II-8 B.V.,2017,BDO
04084016,Stad & Esch Lyceum,2018,BDO
04084016,Stad & Esch Lyceum,2019,BDO
20164965,Stadhuis gemeente Oosterhout,2021,BDO
50320408,Stadhuis Weert,2020,BDO
50320408,Stadhuis Weert,2024,BDO
34157947,Stadium Grow Lighting,2018,BDO
34157947,Stadium Grow Lighting,2020,BDO
34157947,Stadium Grow Lighting B.V.,2017,BDO
59028254,Stadswerk 072 N.V.,2021,BDO
59028254,Stadswerk 072 N.V.,2022,BDO
59028254,Stadswerk 072 N.V.,2024,BDO
59432039,Standard Tubing B.V.,2019,BDO
23010001,Standic B.V.,2017,BDO
23010001,Standic B.V.,2020,BDO
23010001,Standic B.V.,2021,BDO
23010001,Standic B.V.,2022,BDO
23010001,Standic B.V.,2023,BDO
23010001,Standic B.V.,2024,BDO
86385801,Staring Apotheek B.V.,2022,BDO
50848542,Starlet DC,2019,BDO
50848542,Starlet DC,2022,BDO
50848542,Starlet DC,2023,BDO
50848542,Starlet DC,2024,BDO
86325922,STAXS Holding B.V.,2023,BDO
01060865,STAXS The Netherlands B.V.,2018,BDO
01060865,STAXS The Netherlands B.V.,2019,BDO
01060865,STAXS The Netherlands B.V.,2020,BDO
01060865,STAXS The Netherlands B.V.,2021,BDO
01060865,STAXS The Netherlands B.V.,2022,BDO
01060865,STAXS The Netherlands B.V.,2023,BDO
01060865,STAXS The Netherlands B.V.,2024,BDO
34236341,Stedelijk Museum,2019,BDO
34236341,Stedelijk Museum,2021,BDO
58186867,STEED Capital B.V.,2020,BDO
11014483,Steenfabriek De Rijswaard B.V.,2017,BDO
11014483,Steenfabriek De Rijswaard B.V.,2018,BDO
11014483,Steenfabriek De Rijswaard B.V.,2019,BDO
11014483,Steenfabriek De Rijswaard B.V.,2020,BDO
11014483,Steenfabriek De Rijswaard B.V.,2022,BDO
24226980,Steensma Vlaardingen B.V.,2017,BDO
85065641,Sterkz.org B.V.,2022,BDO
85065641,Sterkz.org B.V.,2023,BDO
85065641,Sterkz.org B.V.,2024,BDO
32080464,Stertil Group Enterprises B.V.,2022,BDO
32080464,Stertil Group Enterprises B.V.,2023,BDO
32080464,Stertil Group Enterprises B.V.,2024,BDO
08094960,Stichting 'De Twentse Zorgcentra',2018,BDO
41207079,Stichting 't Kabouterhuis,2017,BDO
41207079,Stichting 't Kabouterhuis,2018,BDO
41207079,Stichting 't Kabouterhuis,2019,BDO
41207079,Stichting 't Kabouterhuis,2020,BDO
41207079,Stichting 't Kabouterhuis,2021,BDO
41207079,Stichting 't Kabouterhuis,2023,BDO
41207079,Stichting 't Kabouterhuis,2024,BDO
41207079,Stichting 't Kabouterhuis,2025,BDO
27212938,Stichting 3B Wonen,2017,BDO
02319720,Stichting Acantus,2024,BDO
02319720,Stichting Acantus,2025,BDO
27307515,Stichting ActiVite,2018,BDO
27307515,Stichting ActiVite,2020,BDO
27307515,Stichting ActiVite,2021,BDO
27307515,Stichting ActiVite,2022,BDO
27307515,Stichting ActiVite,2023,BDO
27307515,Stichting ActiVite,2024,BDO
27307515,Stichting ActiVite,2025,BDO
41199273,Stichting Advies- en Begeleidings-Centrum voor het Onderwijs in Amsterdam,2017,BDO
41199273,Stichting Advies- en Begeleidings-Centrum voor het Onderwijs in Amsterdam,2018,BDO
34148682,Stichting AFEW International,2018,BDO
34148682,Stichting AFEW International,2019,BDO
34148682,Stichting AFEW International,2020,BDO
34148682,Stichting AFEW International,2021,BDO
34148682,Stichting AFEW International,2022,BDO
34148682,Stichting AFEW International,2023,BDO
34229026,Stichting Aflatoun International,2019,BDO
34229026,Stichting Aflatoun International,2021,BDO
40532007,Stichting AFS Nederland,2017,BDO
17264705,Stichting Alexander Monro Ziekenhuis,2018,BDO
17264705,Stichting Alexander Monro Ziekenhuis,2021,BDO
22054145,Stichting Allévo,2018,BDO
22054145,Stichting Allévo,2019,BDO
22054145,Stichting Allévo,2020,BDO
22054145,Stichting Allévo,2021,BDO
22054145,Stichting Allévo,2022,BDO
22054145,Stichting Allévo,2023,BDO
22054145,Stichting Allévo,2024,BDO
22054145,Stichting Allévo,2025,BDO
41261594,Stichting Amaidhi-Hulp aan India,2018,BDO
41261594,Stichting Amaidhi-Hulp aan India,2019,BDO
41261594,Stichting Amaidhi-Hulp aan India,2020,BDO
41261594,Stichting Amaidhi-Hulp aan India,2021,BDO
41261594,Stichting Amaidhi-Hulp aan India,2024,BDO
09144748,Stichting Andros Mannenkliniek/Gynos Vrouwenkliniek,2018,BDO
41001007,Stichting Antonius Ziekenhuis / Antonius Ziekenhuis Zuidwest-Friesland,2019,BDO
41001007,Stichting Antonius Ziekenhuis / Antonius Ziekenhuis Zuidwest-Friesland,2020,BDO
41001007,Stichting Antonius Ziekenhuis / Antonius Ziekenhuis Zuidwest-Friesland,2022,BDO
41001007,Stichting Antonius Ziekenhuis / Antonius Ziekenhuis Zuidwest-Friesland,2023,BDO
41001007,Stichting Antonius Ziekenhuis / Antonius Ziekenhuis Zuidwest-Friesland,2024,BDO
41001007,Stichting Antonius Ziekenhuis / Antonius Ziekenhuis Zuidwest-Friesland,2025,BDO
01121064,Stichting Antonius Zorggroep,2020,BDO
01121064,Stichting Antonius Zorggroep,2021,BDO
08184378,Stichting Apeldoorns Voortgezet Openbaar Onderwijs,2019,BDO
08184378,Stichting Apeldoorns Voortgezet Openbaar Onderwijs,2020,BDO
27248417,Stichting Aqua for All,2019,BDO
27248417,Stichting Aqua for All,2020,BDO
27248417,Stichting Aqua for All,2021,BDO
27212889,STICHTING ARCADE mensen en wonen,2017,BDO
27212889,STICHTING ARCADE mensen en wonen,2018,BDO
27212889,STICHTING ARCADE mensen en wonen,2019,BDO
27212889,STICHTING ARCADE mensen en wonen,2020,BDO
24383768,Stichting Argos Zorggroep,2017,BDO
24383768,Stichting Argos Zorggroep,2018,BDO
24383768,Stichting Argos Zorggroep,2019,BDO
24383768,Stichting Argos Zorggroep,2020,BDO
24383768,Stichting Argos Zorggroep,2021,BDO
41151492,Stichting ATD VIERDE WERELD NEDERLAND,2020,BDO
41151492,Stichting ATD VIERDE WERELD NEDERLAND,2022,BDO
41151492,Stichting ATD VIERDE WERELD NEDERLAND,2024,BDO
08089010,Stichting Atlant Zorggroep,2018,BDO
59494271,Stichting Avedan,2018,BDO
08085995,Stichting Avedan Maatschappelijk Werk,2018,BDO
08141575,Stichting Avedan Welzijn,2018,BDO
08154161,Stichting Aveleijn,2022,BDO
08154161,Stichting Aveleijn,2023,BDO
08154161,Stichting Aveleijn,2024,BDO
08154161,Stichting Aveleijn,2025,BDO
09129243,Stichting Azora,2018,BDO
40001507,Stichting Beatrixoord Noord-Nederland,2017,BDO
40001507,Stichting Beatrixoord Noord-Nederland,2018,BDO
40001507,Stichting Beatrixoord Noord-Nederland,2019,BDO
41199582,Stichting Bedrijfstakpensioenfonds voor de Betonproductenindustrie,2019,BDO
41199582,Stichting Bedrijfstakpensioenfonds voor de Betonproductenindustrie,2020,BDO
41199582,Stichting Bedrijfstakpensioenfonds voor de Betonproductenindustrie,2021,BDO
41199582,Stichting Bedrijfstakpensioenfonds voor de Betonproductenindustrie,2022,BDO
41199582,Stichting Bedrijfstakpensioenfonds voor de Betonproductenindustrie,2023,BDO
41199582,Stichting Bedrijfstakpensioenfonds voor de Betonproductenindustrie,2024,BDO
32127481,Stichting Beste Zorg,2024,BDO
41224688,Stichting Bevordering Maatschappelijke Participatie,2018,BDO
41224688,Stichting Bevordering Maatschappelijke Participatie,2019,BDO
41224688,Stichting Bevordering Maatschappelijke Participatie,2020,BDO
02069819,Stichting Biblionet Groningen,2018,BDO
02069819,Stichting Biblionet Groningen,2019,BDO
30002710,Stichting Bo-Ex '91,2023,BDO
30002710,Stichting Bo-Ex '91,2024,BDO
30002710,Stichting Bo-Ex '91,2025,BDO
41177680,Stichting Boogh,2018,BDO
16024144,Stichting Brabantwonen,2017,BDO
16024144,Stichting Brabantwonen,2018,BDO
16024144,Stichting Brabantwonen,2019,BDO
16024144,Stichting Brabantwonen,2020,BDO
16024144,Stichting Brabantwonen,2021,BDO
16024144,Stichting Brabantwonen,2022,BDO
16024144,Stichting Brabantwonen,2023,BDO
16024144,Stichting Brabantwonen,2024,BDO
16024144,Stichting Brabantwonen,2025,BDO
08142671,Stichting Buurtzorg Nederland,2023,BDO
08142671,Stichting Buurtzorg Nederland,2024,BDO
08142671,Stichting Buurtzorg Nederland,2025,BDO
77085558,Stichting CACN Verslavingszorg,2021,BDO
77085558,Stichting CACN Verslavingszorg,2022,BDO
77085558,Stichting CACN Verslavingszorg,2023,BDO
41231194,Stichting Calidus,2025,BDO
41177930,Stichting Calpam-Pensioenfonds,2018,BDO
41177930,Stichting Calpam-Pensioenfonds,2019,BDO
41177930,Stichting Calpam-Pensioenfonds,2020,BDO
41177930,Stichting Calpam-Pensioenfonds,2021,BDO
41177930,Stichting Calpam-Pensioenfonds,2022,BDO
41177930,Stichting Calpam-Pensioenfonds,2023,BDO
05082174,Stichting Carinova Groep,2018,BDO
05070630,Stichting Carinova Thuiszorg,2018,BDO
08089405,Stichting Carinova Woonzorg,2018,BDO
08089405,Stichting Carinova Woonzorg,2019,BDO
08089405,Stichting Carinova Woonzorg,2020,BDO
08089405,Stichting Carinova Woonzorg,2021,BDO
08089405,Stichting Carinova Woonzorg,2022,BDO
41051592,Stichting Catharina,2018,BDO
30201987,Stichting CED-Groep,2019,BDO
30201987,Stichting CED-Groep,2020,BDO
61649198,Stichting Changes GGZ,2017,BDO
34214338,"Stichting ChildRight Fund, Nobel Prizewinners  Children's Fund",2018,BDO
34214338,"Stichting ChildRight Fund, Nobel Prizewinners  Children's Fund",2019,BDO
34214338,"Stichting ChildRight Fund, Nobel Prizewinners  Children's Fund",2020,BDO
41035024,Stichting Christelijk Algemeen Ziekenhuis Noordwest-Veluwe,2018,BDO
08099770,Stichting Christelijk Voortgezet Onderwijs in Apeldoorn en Omgeving,2019,BDO
02028562,Stichting Christelijke Woongroep Marenland,2017,BDO
02028562,Stichting Christelijke Woongroep Marenland,2018,BDO
02028562,Stichting Christelijke Woongroep Marenland,2019,BDO
02028562,Stichting Christelijke Woongroep Marenland,2020,BDO
02028562,Stichting Christelijke Woongroep Marenland,2021,BDO
02028562,Stichting Christelijke Woongroep Marenland,2022,BDO
21011288,Stichting Clavis,2023,BDO
41188219,Stichting Cocon Wonen,2022,BDO
39075012,Stichting Coloriet,2018,BDO
39075012,Stichting Coloriet,2019,BDO
39075012,Stichting Coloriet,2020,BDO
39075012,Stichting Coloriet,2021,BDO
39075012,Stichting Coloriet,2022,BDO
39075012,Stichting Coloriet,2023,BDO
39075012,Stichting Coloriet,2024,BDO
39075012,Stichting Coloriet,2025,BDO
69217432,Stichting Combiwel Buurtteams,2021,BDO
69217432,Stichting Combiwel Buurtteams,2023,BDO
69217203,Stichting Combiwel Buurtwerk,2020,BDO
69217203,Stichting Combiwel Buurtwerk,2021,BDO
69217203,Stichting Combiwel Buurtwerk,2022,BDO
69217203,Stichting Combiwel Buurtwerk,2023,BDO
56622562,Stichting Combiwel Projecten,2020,BDO
56622562,Stichting Combiwel Projecten,2021,BDO
56622562,Stichting Combiwel Projecten,2023,BDO
69217440,Stichting Combiwel voor Kinderen,2020,BDO
69217440,Stichting Combiwel voor Kinderen,2021,BDO
69217440,Stichting Combiwel voor Kinderen,2023,BDO
71726438,Stichting Connection SGGZ,2019,BDO
71726438,Stichting Connection SGGZ,2020,BDO
71726438,Stichting Connection SGGZ,2021,BDO
71726438,Stichting Connection SGGZ,2022,BDO
17280768,Stichting Da Vinci Kliniek,2018,BDO
17280768,Stichting Da Vinci Kliniek,2019,BDO
17280768,Stichting Da Vinci Kliniek,2020,BDO
17280768,Stichting Da Vinci Kliniek,2021,BDO
17263912,Stichting De Bollebozen Weekendschool 's-Hertogenbosch,2018,BDO
24453199,Stichting De Buitenwereld,2018,BDO
41149113,Stichting De Hoogstraat Revalidatie,2018,BDO
41039179,Stichting De Lichtenvoorde,2018,BDO
41027823,Stichting De Museumfabriek,2018,BDO
41027823,Stichting De Museumfabriek,2019,BDO
37085246,Stichting De Oversteek,2020,BDO
30161679,Stichting De Rading,2018,BDO
30161679,Stichting De Rading,2020,BDO
30161679,Stichting De Rading,2021,BDO
30161679,Stichting De Rading,2022,BDO
30161679,Stichting De Rading,2023,BDO
30161679,Stichting De Rading,2024,BDO
30161679,Stichting De Rading,2025,BDO
41210264,Stichting de Thuiskopie,2018,BDO
41210264,Stichting de Thuiskopie,2019,BDO
41210264,Stichting de Thuiskopie,2021,BDO
08094960,Stichting De Twentse Zorgcentra,2019,BDO
08094960,Stichting De Twentse Zorgcentra,2020,BDO
08094960,Stichting De Twentse Zorgcentra,2021,BDO
08094960,Stichting De Twentse Zorgcentra,2022,BDO
08094960,Stichting De Twentse Zorgcentra,2023,BDO
08094960,Stichting De Twentse Zorgcentra,2024,BDO
08094960,Stichting De Twentse Zorgcentra,2025,BDO
41032279,Stichting De Warme Huizen,2020,BDO
41032279,Stichting De Warme Huizen,2021,BDO
41032279,Stichting De Warme Huizen,2022,BDO
41032279,Stichting De Warme Huizen,2023,BDO
41032279,Stichting De Warme Huizen,2024,BDO
08025175,Stichting de Woonmensen,2020,BDO
08025175,Stichting de Woonmensen,2021,BDO
08025175,Stichting de Woonmensen,2022,BDO
08025175,Stichting de Woonmensen,2023,BDO
08025175,Stichting de Woonmensen,2024,BDO
08025175,Stichting de Woonmensen,2025,BDO
36004130,Stichting De Woonschakel Westfriesland,2017,BDO
02058791,Stichting De Zijlen,2017,BDO
05003860,Stichting deltaWonen,2018,BDO
05003860,Stichting deltaWonen,2019,BDO
05003860,Stichting deltaWonen,2020,BDO
05003860,Stichting deltaWonen,2021,BDO
05003860,Stichting deltaWonen,2022,BDO
05003860,Stichting deltaWonen,2023,BDO
05003860,Stichting deltaWonen,2024,BDO
05003860,Stichting deltaWonen,2025,BDO
17141900,Stichting Diagnostisch Centrum & Trombosedienst Ziekenhuis Bernhoven,2018,BDO
17141900,Stichting Diagnostisch Centrum & Trombosedienst Ziekenhuis Bernhoven,2019,BDO
17141900,Stichting Diagnostisch Centrum & Trombosedienst Ziekenhuis Bernhoven,2020,BDO
62167235,Stichting Dienstapotheken Noord-Limburg,2025,BDO
41051510,Stichting Dierentehuis Arnhem en Omstreken,2024,BDO
04017296,Stichting Domesta,2018,BDO
04017296,Stichting Domesta,2019,BDO
04017296,Stichting Domesta,2020,BDO
09221030,Stichting DrieGasthuizenGroep,2018,BDO
41051592,Stichting DrieGasthuizenGroep,2020,BDO
09221030,Stichting DrieGasthuizenGroep,2020,BDO
09221030,Stichting DrieGasthuizenGroep,2021,BDO
41051592,Stichting DrieGasthuizenGroep,2021,BDO
09221030,Stichting DrieGasthuizenGroep,2022,BDO
41051592,Stichting DrieGasthuizenGroep,2022,BDO
41051592,Stichting DrieGasthuizenGroep,2023,BDO
41051592,Stichting DrieGasthuizenGroep,2024,BDO
41051592,Stichting DrieGasthuizenGroep,2025,BDO
09077651,Stichting Driestroom,2018,BDO
09077651,Stichting Driestroom,2019,BDO
09077651,Stichting Driestroom,2020,BDO
09077651,Stichting Driestroom,2021,BDO
09077651,Stichting Driestroom,2022,BDO
09077651,Stichting Driestroom,2024,BDO
09077651,Stichting Driestroom,2025,BDO
32023773,Stichting Dudok Wonen,2017,BDO
32023773,Stichting Dudok Wonen,2018,BDO
32023773,Stichting Dudok Wonen,2019,BDO
32023773,Stichting Dudok Wonen,2020,BDO
32023773,Stichting Dudok Wonen,2022,BDO
32023773,Stichting Dudok Wonen,2023,BDO
32023773,Stichting Dudok Wonen,2024,BDO
32023773,Stichting Dudok Wonen,2025,BDO
31015064,Stichting Eemland Wonen,2017,BDO
38005507,Stichting Eigen Bouw,2017,BDO
38005507,Stichting Eigen Bouw,2018,BDO
38005507,Stichting Eigen Bouw,2019,BDO
38005507,Stichting Eigen Bouw,2020,BDO
38005507,Stichting Eigen Bouw,2022,BDO
59649518,Stichting Elver,2018,BDO
02079631,Stichting Energy Delta Institute,2018,BDO
41125908,Stichting Erasmus Sport,2017,BDO
41238099,Stichting Esdégé-Reigersdaal,2024,BDO
41238099,Stichting Esdégé-Reigersdaal,2025,BDO
53496914,Stichting Eucura,2022,BDO
53496914,Stichting Eucura,2023,BDO
83204881,Stichting European Open Rivers Programme,2024,BDO
37096206,Stichting Exploitatie Hospice Alkmaar,2018,BDO
41027783,Stichting FC Twente '65,2018,BDO
41027783,Stichting FC Twente '65,2020,BDO
41027783,Stichting FC Twente '65,2021,BDO
41027783,Stichting FC Twente '65,2022,BDO
41027783,Stichting FC Twente '65,2023,BDO
23027876,Stichting Fien Wonen,2017,BDO
23027876,Stichting Fien Wonen,2018,BDO
23027876,Stichting Fien Wonen,2019,BDO
41009300,Stichting Fokus Exploitatie,2018,BDO
41009300,Stichting Fokus Exploitatie,2020,BDO
41009300,Stichting Fokus Exploitatie,2021,BDO
41009300,Stichting Fokus Exploitatie,2022,BDO
41009300,Stichting Fokus Exploitatie,2023,BDO
41009300,Stichting Fokus Exploitatie,2024,BDO
41009300,Stichting Fokus Exploitatie,2025,BDO
41149296,Stichting Fonds Gehandicaptensport,2018,BDO
41149296,Stichting Fonds Gehandicaptensport,2019,BDO
41149296,Stichting Fonds Gehandicaptensport,2020,BDO
41155922,Stichting Fonds Slachtofferhulp,2017,BDO
41155922,Stichting Fonds Slachtofferhulp,2018,BDO
41155922,Stichting Fonds Slachtofferhulp,2019,BDO
41155922,Stichting Fonds Slachtofferhulp,2020,BDO
41155922,Stichting Fonds Slachtofferhulp,2022,BDO
41155922,Stichting Fonds Slachtofferhulp,2023,BDO
41155922,Stichting Fonds Slachtofferhulp,2024,BDO
05067463,Stichting FRION,2017,BDO
05067463,Stichting FRION,2018,BDO
41049260,Stichting Future For Nature (Engels: Future forNature Foundation),2024,BDO
91054109,Stichting GelijkGezond,2024,BDO
41200415,Stichting Greenpeace International,2021,BDO
41200415,Stichting Greenpeace International,2022,BDO
41200415,Stichting Greenpeace International,2023,BDO
41200415,Stichting Greenpeace International,2024,BDO
41200415,Stichting Greenpeace International,2025,BDO
24343616,Stichting gro-up,2022,BDO
24343616,Stichting gro-up,2023,BDO
24480876,Stichting gro-up in de zorg,2022,BDO
24480876,Stichting gro-up in de zorg,2023,BDO
24480876,Stichting gro-up in de zorg,2024,BDO
41102418,Stichting Groenhuysen,2018,BDO
41102418,Stichting Groenhuysen,2019,BDO
41102418,Stichting Groenhuysen,2020,BDO
41102418,Stichting Groenhuysen,2021,BDO
81723776,Stichting Groot Rotterdam,2024,BDO
55954294,Stichting Gynaecologisch Centrum Alkmaar,2018,BDO
55954294,Stichting Gynaecologisch Centrum Alkmaar,2019,BDO
55954294,Stichting Gynaecologisch Centrum Alkmaar,2020,BDO
55954294,Stichting Gynaecologisch Centrum Alkmaar,2021,BDO
30038801,Stichting HABION,2017,BDO
30038801,Stichting HABION,2018,BDO
30038801,Stichting HABION,2019,BDO
30038801,Stichting HABION,2020,BDO
30038801,Stichting HABION,2022,BDO
30038801,Stichting HABION,2023,BDO
41131575,Stichting Halt,2018,BDO
41131575,Stichting Halt,2019,BDO
41131575,Stichting Halt,2020,BDO
41131575,Stichting Halt,2022,BDO
41131575,Stichting Halt,2023,BDO
65136225,Stichting Heelkunde Friesland,2018,BDO
65136225,Stichting Heelkunde Friesland / Proctologie Friesland locatie Sunenz,2019,BDO
51531100,Stichting Helder Kliniek,2018,BDO
41199273,Stichting Het ABC,2019,BDO
41160081,Stichting Het Nationale Theater,2018,BDO
41160081,Stichting Het Nationale Theater,2019,BDO
41160081,Stichting Het Nationale Theater,2020,BDO
41152170,Stichting het Residentie Orkest,2017,BDO
41152170,Stichting het Residentie Orkest,2018,BDO
41152170,Stichting het Residentie Orkest,2019,BDO
41198677,Stichting Hivos (Humanistisch Instituut voor Ontwikkelings Samenwerking),2024,BDO
41198677,Stichting Hivos (Humanistisch Instituut voor Ontwikkelings Samenwerking),2025,BDO
41106900,Stichting Homeplan,2018,BDO
41106900,Stichting Homeplan,2019,BDO
20102987,Stichting Huisartsenposten West-Brabant,2024,BDO
20102987,Stichting Huisartsenposten West-Brabant,2025,BDO
41012114,Stichting Huisvesting Vredewold,2018,BDO
41012114,Stichting Huisvesting Vredewold,2019,BDO
08090143,Stichting Humanitas Onder Dak Twente,2018,BDO
08090143,Stichting Humanitas Onder Dak Twente,2019,BDO
08090143,Stichting Humanitas Onder Dak Twente,2020,BDO
34148173,Stichting HVO-Querido,2018,BDO
34148173,Stichting HVO-Querido,2019,BDO
34148173,Stichting HVO-Querido,2020,BDO
34148173,Stichting HVO-Querido,2021,BDO
34148173,Stichting HVO-Querido,2022,BDO
34148173,Stichting HVO-Querido,2023,BDO
34148173,Stichting HVO-Querido,2024,BDO
34148173,Stichting HVO-Querido,2025,BDO
08025155,Stichting IJsseldal Wonen,2017,BDO
08025155,Stichting IJsseldal Wonen,2018,BDO
41010935,Stichting Ilmarinen,2018,BDO
41149733,Stichting Inovum,2018,BDO
09181367,Stichting Insula Dei Huize Kohlmann,2021,BDO
09181367,Stichting Insula Dei Huize Kohlmann,2022,BDO
09181367,Stichting Insula Dei Huize Kohlmann,2024,BDO
41197411,Stichting Internationaal Belasting Documentatie Bureau,2017,BDO
27321808,Stichting Ipse de Bruggen,2018,BDO
37121709,Stichting IW Noord-Holland,2022,BDO
27255600,Stichting Jeugdformaat,2019,BDO
27255600,Stichting Jeugdformaat,2020,BDO
27255600,Stichting Jeugdformaat,2021,BDO
27255600,Stichting Jeugdformaat,2022,BDO
27255600,Stichting Jeugdformaat,2024,BDO
27255600,Stichting Jeugdformaat,2025,BDO
41169344,Stichting Joyce Tol Fonds,2024,BDO
69682852,Stichting Juridisch Eigenaar Duinweide Woningen,2021,BDO
41042145,Stichting Katholiek Basis- En Speciaal Onderwijs Oost-Veluwe,2019,BDO
41042145,Stichting Katholiek Basis- En Speciaal Onderwijs Oost-Veluwe,2020,BDO
41040764,Stichting Katholiek Voortgezet Onderwijs Apeldoorn en omgeving,2018,BDO
41040764,Stichting Katholiek Voortgezet Onderwijs Apeldoorn en omgeving,2019,BDO
41040764,Stichting Katholiek Voortgezet Onderwijs Apeldoorn en omgeving,2020,BDO
41223799,Stichting KennemerHart,2019,BDO
41223799,Stichting KennemerHart,2020,BDO
41223799,Stichting KennemerHart,2021,BDO
41223799,Stichting KennemerHart,2022,BDO
41223799,Stichting KennemerHart,2023,BDO
41223799,Stichting KennemerHart,2024,BDO
41223799,Stichting KennemerHart,2025,BDO
34173893,Stichting Kinderen Kankervrij,2023,BDO
34173893,Stichting Kinderen Kankervrij,2024,BDO
34173893,Stichting Kinderen Kankervrij,2025,BDO
27179025,Stichting Kinderopvang 2Samen,2019,BDO
27179025,Stichting Kinderopvang 2Samen,2020,BDO
27179025,Stichting Kinderopvang 2Samen,2022,BDO
27179025,Stichting Kinderopvang 2Samen,2023,BDO
41238909,Stichting Kinderopvang Den Helder,2021,BDO
41238909,Stichting Kinderopvang Den Helder,2022,BDO
41238909,Stichting Kinderopvang Den Helder,2024,BDO
41156673,Stichting Kinderopvang Morgen,2018,BDO
41156673,Stichting Kinderopvang Morgen,2019,BDO
41058609,Stichting Kinderopvang Nijmegen (Kion),2017,BDO
41058609,Stichting Kinderopvang Nijmegen (Kion),2018,BDO
41058609,Stichting Kinderopvang Nijmegen (Kion),2019,BDO
41058609,Stichting Kinderopvang Nijmegen (Kion),2020,BDO
41058609,Stichting Kinderopvang Nijmegen (Kion),2021,BDO
41058609,Stichting Kinderopvang Nijmegen (Kion),2022,BDO
41058609,Stichting Kinderopvang Nijmegen (Kion),2023,BDO
41012651,Stichting Kinderopvang Stad Groningen,2017,BDO
22046874,Stichting Kinderopvang Walcheren,2022,BDO
22046874,Stichting Kinderopvang Walcheren,2023,BDO
22046874,Stichting Kinderopvang Walcheren,2024,BDO
22046874,Stichting Kinderopvang Walcheren,2025,BDO
09180780,Stichting KinderThuisZorg,2018,BDO
09180780,Stichting KinderThuisZorg,2019,BDO
09180780,Stichting KinderThuisZorg,2020,BDO
09180780,Stichting KinderThuisZorg,2021,BDO
09180780,Stichting KinderThuisZorg,2022,BDO
54249317,Stichting Kinos,2017,BDO
54249317,Stichting Kinos,2018,BDO
40156630,Stichting KleurrijkWonen,2022,BDO
40156630,Stichting KleurrijkWonen,2023,BDO
40156630,Stichting KleurrijkWonen,2024,BDO
40156630,Stichting KleurrijkWonen,2025,BDO
68156480,Stichting Klots,2022,BDO
59649097,Stichting kom Leren,2020,BDO
41127574,Stichting Kunstzinnige Vorming Rotterdam,2019,BDO
41035167,Stichting LabDiagonaal,2019,BDO
41035167,Stichting LabDiagonaal,2020,BDO
41035167,Stichting LabDiagonaal,2021,BDO
41035167,Stichting LabDiagonaal,2023,BDO
56708874,stichting Laverhof,2018,BDO
41210097,Stichting Leenrecht,2018,BDO
41210097,Stichting Leenrecht,2019,BDO
41210097,Stichting Leenrecht,2020,BDO
41210097,Stichting Leenrecht,2021,BDO
41210097,Stichting Leenrecht,2022,BDO
23028047,Stichting Lek en Waard Wonen,2017,BDO
23028047,Stichting Lek en Waard Wonen,2018,BDO
23028047,Stichting Lek en Waard Wonen,2019,BDO
23028047,Stichting Lek en Waard Wonen,2020,BDO
23028047,Stichting Lek en Waard Wonen,2022,BDO
23036735,Stichting LEKSTEDEwonen,2017,BDO
56861478,Stichting LEVANTOgroep,2018,BDO
56861478,Stichting LEVANTOgroep,2019,BDO
41077793,Stichting LEVANTOgroep,2019,BDO
41077793,Stichting LEVANTOgroep,2020,BDO
41077793,Stichting LEVANTOgroep,2021,BDO
41077793,Stichting LEVANTOgroep,2022,BDO
41077793,Stichting LEVANTOgroep,2023,BDO
41077793,Stichting LEVANTOgroep,2024,BDO
41077793,Stichting LEVANTOgroep,2025,BDO
85048674,Stichting LEVANTOgroep-NOVIzorg,2023,BDO
41235221,Stichting Leviaan,2018,BDO
41235221,Stichting Leviaan,2019,BDO
41235221,Stichting Leviaan,2020,BDO
41235221,Stichting Leviaan,2021,BDO
41235221,Stichting Leviaan,2022,BDO
41235221,Stichting Leviaan,2023,BDO
41235221,Stichting Leviaan,2024,BDO
41235221,Stichting Leviaan,2025,BDO
41210822,Stichting Levvel,2019,BDO
41210822,Stichting Levvel,2020,BDO
41210822,Stichting Levvel,2021,BDO
41210822,Stichting Levvel,2022,BDO
41210822,Stichting Levvel,2023,BDO
41210822,Stichting Levvel,2024,BDO
41210822,Stichting Levvel,2025,BDO
18028418,Stichting Leystromen,2018,BDO
09177659,Stichting Liemerije,2018,BDO
41205902,Stichting Lira,2018,BDO
41205902,Stichting Lira,2019,BDO
41205902,Stichting Lira,2020,BDO
41205902,Stichting Lira,2021,BDO
41205902,Stichting Lira,2022,BDO
41210369,Stichting Lira Fonds,2018,BDO
41210369,Stichting Lira Fonds,2019,BDO
41210369,Stichting Lira Fonds,2020,BDO
41210369,Stichting Lira Fonds,2022,BDO
61370630,Stichting Lokalis,2018,BDO
61370630,Stichting Lokalis,2019,BDO
61370630,Stichting Lokalis,2020,BDO
01031931,Stichting Lyaemer Wonen,2017,BDO
41098121,"Stichting Maatschappelijke Opvang Midden-Brabant, Traverse",2018,BDO
34112551,Stichting Madifonds,2019,BDO
41159113,Stichting Madurodam Kinderfonds,2018,BDO
41152797,Stichting Madurodam Vermogensfonds,2018,BDO
41152797,Stichting Madurodam Vermogensfonds,2019,BDO
41152797,Stichting Madurodam Vermogensfonds,2020,BDO
41152797,Stichting Madurodam Vermogensfonds,2022,BDO
28102621,Stichting Marente,2018,BDO
28102621,Stichting Marente,2020,BDO
28102621,Stichting Marente,2021,BDO
28102621,Stichting Marente,2022,BDO
55394132,Stichting Marie-Stella-Maris Foundation,2018,BDO
55394132,Stichting Marie-Stella-Maris Foundation,2019,BDO
55394132,Stichting Marie-Stella-Maris Foundation,2020,BDO
55394132,Stichting Marie-Stella-Maris Foundation,2021,BDO
55394132,Stichting Marie-Stella-Maris Foundation,2023,BDO
41198048,Stichting Medisch Comité Nederland-Vietnam,2018,BDO
41198048,Stichting Medisch Comité Nederland-Vietnam,2019,BDO
41198048,Stichting Medisch Comité Nederland-Vietnam,2020,BDO
59327871,Stichting MEE Samen,2018,BDO
59327871,Stichting MEE Samen,2019,BDO
59327871,Stichting MEE Samen,2020,BDO
59327871,Stichting MEE Samen,2021,BDO
59327871,Stichting MEE Samen,2022,BDO
59327871,Stichting MEE Samen,2023,BDO
41227384,Stichting Meerwaarde,2017,BDO
28032485,Stichting MeerWonen,2017,BDO
39024407,Stichting Mercatus,2017,BDO
39024407,Stichting Mercatus,2018,BDO
41032244,Stichting Mijande Wonen,2017,BDO
09159628,Stichting Mikado,2018,BDO
17208147,Stichting Milo: Wegbereiders in communicatie,2018,BDO
17208147,Stichting Milo: Wegbereiders in communicatie,2019,BDO
17208147,Stichting Milo: Wegbereiders in communicatie,2020,BDO
17208147,Stichting Milo: Wegbereiders in communicatie,2022,BDO
30136131,Stichting Mitros,2017,BDO
41151186,Stichting Nationale en Internationale Wegvervoer Organisatie (NIWO),2018,BDO
41151186,Stichting Nationale en Internationale Wegvervoer Organisatie (NIWO),2019,BDO
41151186,Stichting Nationale en Internationale Wegvervoer Organisatie (NIWO),2020,BDO
41151186,Stichting Nationale en Internationale Wegvervoer Organisatie (NIWO),2021,BDO
41151186,Stichting Nationale en Internationale Wegvervoer Organisatie (NIWO),2022,BDO
41169515,Stichting Naturalis Biodiversity Center,2017,BDO
41169515,Stichting Naturalis Biodiversity Center,2018,BDO
41169515,Stichting Naturalis Biodiversity Center,2019,BDO
41169515,Stichting Naturalis Biodiversity Center,2020,BDO
41202171,Stichting Nederlands Fonds voor Podiumkunsten,2020,BDO
41197577,Stichting Nederlandse Vrienden der SOS-Kinderdorpen,2017,BDO
41197577,Stichting Nederlandse Vrienden der SOS-Kinderdorpen,2019,BDO
41197577,Stichting Nederlandse Vrienden der SOS-Kinderdorpen,2020,BDO
41197577,Stichting Nederlandse Vrienden der SOS-Kinderdorpen,2021,BDO
41197577,Stichting Nederlandse Vrienden der SOS-Kinderdorpen,2023,BDO
41197577,Stichting Nederlandse Vrienden der SOS-Kinderdorpen,2024,BDO
30176667,Stichting Nidos,2021,BDO
30176667,Stichting Nidos,2022,BDO
41223176,Stichting Nieuw Unicum,2018,BDO
41223176,Stichting Nieuw Unicum,2020,BDO
41223176,Stichting Nieuw Unicum,2021,BDO
41223176,Stichting Nieuw Unicum,2022,BDO
41223176,Stichting Nieuw Unicum,2023,BDO
41223176,Stichting Nieuw Unicum,2024,BDO
41223176,Stichting Nieuw Unicum,2025,BDO
02028204,Stichting Nijestee,2017,BDO
02028204,Stichting Nijestee,2018,BDO
02028204,Stichting Nijestee,2019,BDO
02028204,Stichting Nijestee,2020,BDO
02028204,Stichting Nijestee,2022,BDO
02028204,Stichting Nijestee,2023,BDO
02028204,Stichting Nijestee,2024,BDO
87450720,Stichting NijZ,2025,BDO
41241807,Stichting Noordwest Ziekenhuisgroep,2018,BDO
41188191,Stichting Norit Pensioenfonds,2018,BDO
37096206,Stichting Oase Palliatieve Zorg,2020,BDO
41094118,Stichting Oktober,2023,BDO
41094118,Stichting Oktober,2025,BDO
41236583,Stichting Omring,2018,BDO
41236583,Stichting Omring,2019,BDO
41236583,Stichting Omring,2020,BDO
41236583,Stichting Omring,2021,BDO
41236583,Stichting Omring,2022,BDO
41236583,Stichting Omring,2023,BDO
41236583,Stichting Omring,2024,BDO
41236583,Stichting Omring,2025,BDO
37087266,Stichting Omring Beheer,2018,BDO
37087266,Stichting Omring Beheer,2019,BDO
37087266,Stichting Omring Beheer,2021,BDO
37087266,Stichting Omring Beheer,2022,BDO
37087266,Stichting Omring Beheer,2023,BDO
31015064,Stichting Omthuis,2018,BDO
31015064,Stichting Omthuis,2019,BDO
31015064,Stichting Omthuis,2020,BDO
31015064,Stichting Omthuis,2021,BDO
31015064,Stichting Omthuis,2022,BDO
41184450,Stichting Ontwikkelen Sterke Jeugd,2022,BDO
27027106,Stichting OOM Verzekeringen,2021,BDO
27027106,Stichting OOM Verzekeringen,2022,BDO
27027106,Stichting OOM Verzekeringen,2023,BDO
27027106,Stichting OOM Verzekeringen,2024,BDO
39024884,Stichting Oost Flevoland Woondiensten,2023,BDO
39024884,Stichting Oost Flevoland Woondiensten,2024,BDO
05042873,Stichting Openbaar Belang,2019,BDO
05042873,Stichting Openbaar Belang,2020,BDO
05042873,Stichting Openbaar Belang,2021,BDO
05042873,Stichting Openbaar Belang,2022,BDO
05042873,Stichting Openbaar Belang,2023,BDO
05042873,Stichting Openbaar Belang,2024,BDO
05042873,Stichting Openbaar Belang,2025,BDO
41149373,Stichting Opleidings- en Ontwikkelingsfonds Bouw & Infra,2017,BDO
41149373,Stichting Opleidings- en Ontwikkelingsfonds Bouw & Infra,2018,BDO
41149373,Stichting Opleidings- en Ontwikkelingsfonds Bouw & Infra,2019,BDO
41149373,Stichting Opleidings- en Ontwikkelingsfonds Bouw & Infra,2020,BDO
41149373,Stichting Opleidings- en Ontwikkelingsfonds Bouw & Infra,2022,BDO
41149373,Stichting Opleidings- en Ontwikkelingsfonds Bouw & Infra,2023,BDO
41149373,Stichting Opleidings- en Ontwikkelingsfonds Bouw & Infra,2025,BDO
24185744,Stichting Ouderenhuisvesting Rotterdam,2017,BDO
37093903,Stichting Ouderenzorg Wilgaerden,2018,BDO
37093903,Stichting Ouderenzorg Wilgaerden,2019,BDO
33250395,Stichting Paradiso Amsterdam,2018,BDO
33250395,Stichting Paradiso Amsterdam,2019,BDO
33250395,Stichting Paradiso Amsterdam,2020,BDO
41199839,Stichting Pensioenfonds A.C. Nielsen (Nederland) B.V.,2018,BDO
41199839,Stichting Pensioenfonds A.C. Nielsen (Nederland) B.V.,2019,BDO
41199839,Stichting Pensioenfonds A.C. Nielsen (Nederland) B.V.,2020,BDO
41199839,Stichting Pensioenfonds A.C. Nielsen (Nederland) B.V.,2021,BDO
41199839,Stichting Pensioenfonds A.C. Nielsen (Nederland) B.V.,2022,BDO
34117670,Stichting Pensioenfonds AT&T Nederland in liquidatie,2018,BDO
34117670,Stichting Pensioenfonds AT&T Nederland in liquidatie,2019,BDO
34117670,Stichting Pensioenfonds AT&T Nederland in liquidatie,2020,BDO
34117670,Stichting Pensioenfonds AT&T Nederland in liquidatie,2021,BDO
34117670,Stichting Pensioenfonds AT&T Nederland in liquidatie,2022,BDO
34117670,Stichting Pensioenfonds AT&T Nederland in liquidatie,2023,BDO
34117670,Stichting Pensioenfonds AT&T Nederland in liquidatie,2024,BDO
41200895,Stichting Pensioenfonds Citigroup Nederland,2020,BDO
41200895,Stichting Pensioenfonds Citigroup Nederland,2021,BDO
41200895,Stichting Pensioenfonds Citigroup Nederland,2022,BDO
41200895,Stichting Pensioenfonds Citigroup Nederland,2023,BDO
41200895,Stichting Pensioenfonds Citigroup Nederland,2024,BDO
41200895,Stichting Pensioenfonds Citigroup Nederland,2025,BDO
24419271,Stichting Pensioenfonds Croda,2021,BDO
24419271,Stichting Pensioenfonds Croda,2022,BDO
34193355,Stichting Pensioenfonds De Fracties,2018,BDO
34193355,Stichting Pensioenfonds De Fracties,2019,BDO
34193355,Stichting Pensioenfonds De Fracties,2020,BDO
34193355,Stichting Pensioenfonds De Fracties,2021,BDO
34193355,Stichting Pensioenfonds De Fracties,2022,BDO
41231178,Stichting Pensioenfonds Forbo,2021,BDO
41231178,Stichting Pensioenfonds Forbo,2022,BDO
41231178,Stichting Pensioenfonds Forbo,2023,BDO
41231178,Stichting Pensioenfonds Forbo,2024,BDO
41231178,Stichting Pensioenfonds Forbo,2025,BDO
41198994,Stichting Pensioenfonds KLM-Cabinepersoneel,2024,BDO
41198994,Stichting Pensioenfonds KLM-Cabinepersoneel,2025,BDO
41199734,Stichting Pensioenfonds Mercurius Amsterdam,2018,BDO
41011600,Stichting Pensioenfonds PostNL,2024,BDO
41011600,Stichting Pensioenfonds PostNL,2025,BDO
41160246,Stichting Pensioenfonds Recreatie (Pensioenfonds Recreatie),2022,BDO
41194876,Stichting Pensioenfonds Sagittarius,2018,BDO
41194876,Stichting Pensioenfonds Sagittarius,2019,BDO
41194876,Stichting Pensioenfonds Sagittarius,2020,BDO
41194876,Stichting Pensioenfonds Sagittarius,2021,BDO
41194876,Stichting Pensioenfonds Sagittarius,2022,BDO
41194876,Stichting Pensioenfonds Sagittarius,2023,BDO
41194876,Stichting Pensioenfonds Sagittarius,2024,BDO
41178388,Stichting Pensioenfonds voor Dierenartsen,2021,BDO
41178388,Stichting Pensioenfonds voor Dierenartsen,2022,BDO
41178388,Stichting Pensioenfonds voor Dierenartsen,2023,BDO
41178388,Stichting Pensioenfonds voor Dierenartsen,2024,BDO
05083803,Stichting Pento,2018,BDO
09043274,Stichting Plavei,2017,BDO
09043274,Stichting Plavei,2018,BDO
09125621,Stichting Pleyade,2018,BDO
41159711,Stichting Probiblio,2020,BDO
41159711,Stichting Probiblio,2021,BDO
41159711,Stichting Probiblio,2022,BDO
41159711,Stichting Probiblio,2023,BDO
41126544,Stichting Protestants Christelijk Ziekenhuis Ikazia,2018,BDO
41126544,Stichting Protestants Christelijk Ziekenhuis Ikazia,2020,BDO
41126544,Stichting Protestants Christelijk Ziekenhuis Ikazia,2021,BDO
41126544,Stichting Protestants Christelijk Ziekenhuis Ikazia,2022,BDO
41126544,Stichting Protestants Christelijk Ziekenhuis Ikazia,2023,BDO
41126544,Stichting Protestants Christelijk Ziekenhuis Ikazia,2024,BDO
41126544,Stichting Protestants Christelijk Ziekenhuis Ikazia,2025,BDO
08154553,Stichting Protestants Christelijke Woonzorg    Unie Veluwe,2018,BDO
34061728,Stichting Pré Wonen,2023,BDO
34061728,Stichting Pré Wonen,2024,BDO
34061728,Stichting Pré Wonen,2025,BDO
13032969,Stichting PSW,2018,BDO
41217603,Stichting Publicatie- en Reproductierechten Organisatie (PRO),2018,BDO
41217603,Stichting Publicatie- en Reproductierechten Organisatie (PRO),2019,BDO
41217603,Stichting Publicatie- en Reproductierechten Organisatie (PRO),2020,BDO
41217603,Stichting Publicatie- en Reproductierechten Organisatie (PRO),2021,BDO
41217603,Stichting Publicatie- en Reproductierechten Organisatie (PRO),2022,BDO
41236445,Stichting Purmerendse ScholenGroep,2018,BDO
08183535,Stichting Qredits Microfinanciering Nederland,2017,BDO
08183535,Stichting Qredits Microfinanciering Nederland,2021,BDO
08183535,Stichting Qredits Microfinanciering Nederland,2023,BDO
08183535,Stichting Qredits Microfinanciering Nederland,2024,BDO
41053607,Stichting Quadraam,2018,BDO
41053607,Stichting Quadraam,2019,BDO
41053607,Stichting Quadraam,2020,BDO
41053607,Stichting Quadraam,2021,BDO
14072124,Stichting RADAR,2017,BDO
14072124,Stichting RADAR,2018,BDO
14072124,Stichting RADAR,2019,BDO
14072124,Stichting RADAR,2020,BDO
14072124,Stichting RADAR,2021,BDO
14072124,Stichting RADAR,2022,BDO
14072124,Stichting RADAR,2023,BDO
14072124,Stichting RADAR,2024,BDO
14072124,Stichting RADAR,2025,BDO
06033011,Stichting Reggewoon,2017,BDO
02081077,Stichting Regionale Ambulancevoorziening Groningen,2018,BDO
41077793,Stichting Regionale Instelling voor Beschermende Woonvormen Heuvelland en Maasvallei,2017,BDO
41077793,Stichting Regionale Instelling voor Beschermende Woonvormen Heuvelland en Maasvallei,2018,BDO
14630017,Stichting Reinaert Kliniek,2017,BDO
34383930,Stichting Repair Café International,2018,BDO
34383930,Stichting Repair Café International,2019,BDO
41197499,Stichting Reprorecht,2018,BDO
41197499,Stichting Reprorecht,2019,BDO
41197499,Stichting Reprorecht,2020,BDO
41197499,Stichting Reprorecht,2021,BDO
41197499,Stichting Reprorecht,2022,BDO
41099141,Stichting Residentie Molenwijck,2018,BDO
41099141,Stichting Residentie Molenwijck,2019,BDO
41099141,Stichting Residentie Molenwijck,2020,BDO
41099141,Stichting Residentie Molenwijck,2022,BDO
41099141,Stichting Residentie Molenwijck,2023,BDO
41099141,Stichting Residentie Molenwijck,2024,BDO
41099141,Stichting Residentie Molenwijck,2025,BDO
66986974,Stichting Reva Clinic,2018,BDO
66986974,Stichting Reva Clinic,2019,BDO
66986974,Stichting Reva Clinic,2020,BDO
41031556,Stichting Rijksmuseum Twenthe,2018,BDO
41031556,Stichting Rijksmuseum Twenthe,2019,BDO
28023118,Stichting Rijnhart Wonen,2017,BDO
09110875,Stichting Rijnstate,2018,BDO
09110875,Stichting Rijnstate,2020,BDO
09110875,Stichting Rijnstate,2021,BDO
09110875,Stichting Rijnstate,2022,BDO
09110875,Stichting Rijnstate,2025,BDO
41073394,Stichting RIMO,2017,BDO
41073394,Stichting RIMO,2018,BDO
08202329,Stichting Roombeek Musea Fonds,2018,BDO
08202329,Stichting Roombeek Musea Fonds,2019,BDO
41133236,Stichting Rotterdams Wijktheater,2018,BDO
41133236,Stichting Rotterdams Wijktheater,2019,BDO
41133236,Stichting Rotterdams Wijktheater,2020,BDO
41133236,Stichting Rotterdams Wijktheater,2021,BDO
41133236,Stichting Rotterdams Wijktheater,2022,BDO
41133236,Stichting Rotterdams Wijktheater,2023,BDO
41193594,Stichting Rutgers,2023,BDO
41193594,Stichting Rutgers,2024,BDO
41080189,Stichting SAAM Scholen,2018,BDO
41047145,Stichting Samen Zorgen,2018,BDO
27302841,Stichting Samenwerkende Hulporganisaties,2018,BDO
27302841,Stichting Samenwerkende Hulporganisaties,2019,BDO
27302841,Stichting Samenwerkende Hulporganisaties,2020,BDO
27302841,Stichting Samenwerkende Hulporganisaties,2021,BDO
27302841,Stichting Samenwerkende Hulporganisaties,2022,BDO
59197331,Stichting Samenwerkingsverband PO Weert-Nederweert,2018,BDO
59197331,Stichting Samenwerkingsverband PO Weert-Nederweert,2019,BDO
59109351,Stichting Samenwerkingsverband Primair Passend Onderwijs Parkstad,2019,BDO
12040937,Stichting Samenwerkingsverband vovso Noord-Limburg,2019,BDO
09110174,Stichting Sensire,2018,BDO
09110174,Stichting Sensire,2019,BDO
09110174,Stichting Sensire,2020,BDO
09110174,Stichting Sensire,2021,BDO
09110174,Stichting Sensire,2022,BDO
09110174,Stichting Sensire,2023,BDO
09110174,Stichting Sensire,2024,BDO
09110174,Stichting Sensire,2025,BDO
41088260,Stichting Severinus,2018,BDO
41206454,Stichting SEZO/Buurtteam Amsterdam Nieuw-West,2018,BDO
24350379,Stichting Sinfonia Rotterdam,2018,BDO
24350379,Stichting Sinfonia Rotterdam,2020,BDO
59075783,Stichting Sintvoorieder1,2022,BDO
59075783,Stichting Sintvoorieder1,2023,BDO
59075783,Stichting Sintvoorieder1,2024,BDO
09055542,Stichting Sité Woondiensten,2017,BDO
41181708,Stichting Skal,2020,BDO
41181708,Stichting Skal,2022,BDO
41181708,Stichting Skal,2023,BDO
41181708,Stichting Skal,2024,BDO
41181708,Stichting Skal,2025,BDO
41152786,Stichting SNV Nederlandse Ontwikkelingsorganisatie,2017,BDO
41152786,Stichting SNV Nederlandse Ontwikkelingsorganisatie,2018,BDO
41152786,Stichting SNV Nederlandse Ontwikkelingsorganisatie,2019,BDO
41152786,Stichting SNV Nederlandse Ontwikkelingsorganisatie,2020,BDO
41152786,Stichting SNV Nederlandse Ontwikkelingsorganisatie,2022,BDO
41152786,Stichting SNV Nederlandse Ontwikkelingsorganisatie,2023,BDO
41152786,Stichting SNV Nederlandse Ontwikkelingsorganisatie,2024,BDO
41152786,Stichting SNV Nederlandse Ontwikkelingsorganisatie,2025,BDO
65994787,Stichting Sociale Wijkteams,2018,BDO
41150103,Stichting SOMA College,2018,BDO
41150103,Stichting SOMA College,2019,BDO
41210822,Stichting Spirit,2018,BDO
34137992,Stichting Spirit,2018,BDO
34137992,Stichting Spirit,2019,BDO
41053628,Stichting Sravana,2021,BDO
41053628,Stichting Sravana,2022,BDO
41053628,Stichting Sravana,2023,BDO
33011078,Stichting Stadgenoot,2018,BDO
33011078,Stichting Stadgenoot,2019,BDO
33011078,Stichting Stadgenoot,2020,BDO
33011078,Stichting Stadgenoot,2021,BDO
33011078,Stichting Stadgenoot,2022,BDO
33011078,Stichting Stadgenoot,2023,BDO
33011078,Stichting Stadgenoot,2024,BDO
33011078,Stichting Stadgenoot,2025,BDO
41153154,Stichting Stadsomroep Den Haag,2018,BDO
34236341,Stichting Stedelijk Museum Amsterdam,2018,BDO
17239482,Stichting Sterk Huis,2018,BDO
17239482,Stichting Sterk Huis,2020,BDO
17239482,Stichting Sterk Huis,2021,BDO
17239482,Stichting Sterk Huis,2022,BDO
17239482,Stichting Sterk Huis,2023,BDO
17239482,Stichting Sterk Huis,2025,BDO
37152737,Stichting Stille Pieter,2018,BDO
41040021,Stichting Stimenz,2020,BDO
41157415,Stichting Stokroos,2018,BDO
41157415,Stichting Stokroos,2019,BDO
41157415,Stichting Stokroos,2020,BDO
41157415,Stichting Stokroos,2021,BDO
30092565,Stichting Studenten Huisvesting,2017,BDO
24388693,Stichting Swinhove Groep,2018,BDO
24388693,Stichting Swinhove Groep,2019,BDO
24388693,Stichting Swinhove Groep,2020,BDO
24388693,Stichting Swinhove Groep,2021,BDO
24388693,Stichting Swinhove Groep,2022,BDO
24388693,Stichting Swinhove Groep,2023,BDO
37109605,Stichting Sylta,2021,BDO
37109605,Stichting Sylta,2022,BDO
10017157,Stichting Talis,2017,BDO
10017157,Stichting Talis,2018,BDO
20135179,Stichting tanteLouise,2024,BDO
41194330,STICHTING TER EXPLOITATIE VAN NABURIGE RECHTEN (SENA),2018,BDO
41169654,Stichting Teylingereind,2018,BDO
41169654,Stichting Teylingereind,2020,BDO
59291109,Stichting Theater De Vest en Grote Sint Laurenskerk,2022,BDO
59291109,Stichting Theater De Vest en Grote Sint Laurenskerk,2023,BDO
59291109,Stichting Theater De Vest en Grote Sint Laurenskerk,2024,BDO
59291109,Stichting Theater De Vest en Grote Sint Laurenskerk,2025,BDO
41095003,Stichting Thebe Midden-Brabant,2018,BDO
20120577,Stichting Thebe West-Brabant,2018,BDO
11011893,Stichting Thius,2018,BDO
11011893,Stichting Thius,2019,BDO
11011893,Stichting Thius,2021,BDO
11011893,Stichting Thius,2022,BDO
11011893,Stichting Thius,2023,BDO
41005373,Stichting Thuiszorg Zuidwest Friesland,2019,BDO
41005373,Stichting Thuiszorg Zuidwest Friesland,2020,BDO
41106856,Stichting Traverse Groep,2018,BDO
41106856,Stichting Traverse Groep,2019,BDO
41106856,Stichting Traverse Groep,2020,BDO
41106856,Stichting Traverse Groep,2022,BDO
40594957,Stichting TWijs,2018,BDO
41039838,Stichting Urtica,2018,BDO
41039838,Stichting Urtica,2019,BDO
08012356,Stichting UWOON,2023,BDO
08012356,Stichting UWOON,2024,BDO
08012356,Stichting UWOON,2025,BDO
01031631,Stichting v/h De Bouwvereniging,2017,BDO
41093916,Stichting Vakantiehuis De Sprinkhaan,2018,BDO
41093916,Stichting Vakantiehuis De Sprinkhaan,2019,BDO
41093916,Stichting Vakantiehuis De Sprinkhaan,2021,BDO
30050804,Stichting Vastgoed zorgsector,2018,BDO
30050804,Stichting Vastgoed zorgsector,2019,BDO
30050804,Stichting Vastgoed zorgsector,2020,BDO
64770478,Stichting Veilig Thuis Midden-Brabant,2018,BDO
64770478,Stichting Veilig Thuis Midden-Brabant,2020,BDO
64770478,Stichting Veilig Thuis Midden-Brabant,2022,BDO
64770478,Stichting Veilig Thuis Midden-Brabant,2023,BDO
64770478,Stichting Veilig Thuis Midden-Brabant,2024,BDO
34090425,Stichting Velison Wonen,2017,BDO
17159909,Stichting Velthuis Kliniek,2018,BDO
17159909,Stichting Velthuis Kliniek,2019,BDO
17159909,Stichting Velthuis Kliniek,2020,BDO
17159909,Stichting Velthuis Kliniek,2021,BDO
17159909,Stichting Velthuis Kliniek,2023,BDO
29034021,Stichting Vestia,2017,BDO
29034021,Stichting Vestia,2018,BDO
40533911,Stichting VEVAM,2019,BDO
40533911,Stichting VEVAM,2020,BDO
40533911,Stichting VEVAM,2021,BDO
40533911,Stichting VEVAM,2022,BDO
08215422,Stichting Viattence,2018,BDO
08215422,Stichting Viattence,2020,BDO
08215422,Stichting Viattence,2021,BDO
08215422,Stichting Viattence,2022,BDO
08215422,Stichting Viattence,2023,BDO
08215422,Stichting Viattence,2024,BDO
08215422,Stichting Viattence,2025,BDO
41063674,"Stichting Viecuri, Medisch Centrum voor Noord-Limburg",2018,BDO
09148035,Stichting Vilente,2018,BDO
28102947,Stichting Villa Joep,2018,BDO
28102947,Stichting Villa Joep,2019,BDO
28102947,Stichting Villa Joep,2020,BDO
28102947,Stichting Villa Joep,2022,BDO
28102947,Stichting Villa Joep,2024,BDO
17110872,Stichting Vitalis Residentiële Woonvormen,2019,BDO
17110872,Stichting Vitalis Residentiële Woonvormen,2020,BDO
17110872,Stichting Vitalis Residentiële Woonvormen,2021,BDO
17110872,Stichting Vitalis Residentiële Woonvormen,2022,BDO
17110872,Stichting Vitalis Residentiële Woonvormen,2023,BDO
17110872,Stichting Vitalis Residentiële Woonvormen,2024,BDO
17110872,Stichting Vitalis Residentiële Woonvormen,2025,BDO
09031467,Stichting Vivare,2020,BDO
09031467,Stichting Vivare,2021,BDO
09031467,Stichting Vivare,2022,BDO
09031467,Stichting Vivare,2023,BDO
09031467,Stichting Vivare,2024,BDO
09031467,Stichting Vivare,2025,BDO
06032802,Stichting Viverion,2017,BDO
06032802,Stichting Viverion,2018,BDO
06032802,Stichting Viverion,2019,BDO
06032802,Stichting Viverion,2020,BDO
06032802,Stichting Viverion,2022,BDO
06032802,Stichting Viverion,2023,BDO
30038910,Stichting Viveste,2017,BDO
30038910,Stichting Viveste,2018,BDO
30038910,Stichting Viveste,2020,BDO
30038910,Stichting Viveste,2021,BDO
30038910,Stichting Viveste,2022,BDO
24396329,Stichting Voedselbank Dordrecht,2022,BDO
24396329,Stichting Voedselbank Dordrecht,2023,BDO
24396329,Stichting Voedselbank Dordrecht,2024,BDO
41068375,Stichting voor Medische en Verpleegkundige Zorgverlening St. Jans Gasthuis,2018,BDO
41022643,Stichting Voorzieningen voor Verstandelijk en Meervoudig Gehandicapten Zwolle e.o.,2018,BDO
41022643,Stichting Voorzieningen voor Verstandelijk en Meervoudig Gehandicapten Zwolle e.o.,2019,BDO
41009570,Stichting Vredewold,2018,BDO
30234613,Stichting VSB Vermogensfonds,2018,BDO
30234613,Stichting VSB Vermogensfonds,2021,BDO
30234613,Stichting VSB Vermogensfonds,2022,BDO
30234613,Stichting VSB Vermogensfonds,2023,BDO
30234613,Stichting VSB Vermogensfonds,2024,BDO
30234613,Stichting VSB Vermogensfonds,2025,BDO
41179944,Stichting VSBfonds,2018,BDO
41179944,Stichting VSBfonds,2019,BDO
41179944,Stichting VSBfonds,2020,BDO
41179944,Stichting VSBfonds,2021,BDO
41179944,Stichting VSBfonds,2022,BDO
41179944,Stichting VSBfonds,2023,BDO
41179944,Stichting VSBfonds,2024,BDO
41179944,Stichting VSBfonds,2025,BDO
10016923,Stichting Waardwonen,2017,BDO
10016923,Stichting Waardwonen,2018,BDO
10016923,Stichting Waardwonen,2019,BDO
10016923,Stichting Waardwonen,2020,BDO
10016923,Stichting Waardwonen,2021,BDO
10016923,Stichting Waardwonen,2022,BDO
10016923,Stichting Waardwonen,2023,BDO
10016923,Stichting Waardwonen,2024,BDO
41215393,Stichting War Child,2022,BDO
41215393,Stichting War Child,2023,BDO
41215393,Stichting War Child,2024,BDO
41215393,Stichting War Child,2025,BDO
41133736,Stichting Waterweg Wonen,2017,BDO
41133736,Stichting Waterweg Wonen,2018,BDO
41133736,Stichting Waterweg Wonen,2020,BDO
41133736,Stichting Waterweg Wonen,2021,BDO
41133736,Stichting Waterweg Wonen,2022,BDO
06056970,Stichting WBO Wonen,2017,BDO
06056970,Stichting WBO Wonen,2018,BDO
06056970,Stichting WBO Wonen,2019,BDO
06056970,Stichting WBO Wonen,2020,BDO
06056970,Stichting WBO Wonen,2021,BDO
06056970,Stichting WBO Wonen,2022,BDO
06056970,Stichting WBO Wonen,2024,BDO
06032957,Stichting Welbions,2017,BDO
37126631,Stichting Welzijnswerk Enkhuizen,2018,BDO
37126631,Stichting Welzijnswerk Enkhuizen,2019,BDO
37126631,Stichting Welzijnswerk Enkhuizen,2020,BDO
37126631,Stichting Welzijnswerk Enkhuizen,2022,BDO
37126631,Stichting Welzijnswerk Enkhuizen,2023,BDO
37126631,Stichting Welzijnswerk Enkhuizen,2024,BDO
05047339,Stichting Wetland Wonen Groep,2025,BDO
68489730,Stichting WIJ Groningen,2023,BDO
68489730,Stichting WIJ Groningen,2024,BDO
41091913,Stichting Wij zijn JONG,2023,BDO
27332804,"Stichting Wijdezorg, Centraal Kantoor",2018,BDO
27332804,"Stichting Wijdezorg, Centraal Kantoor",2019,BDO
27332804,"Stichting Wijdezorg, Centraal Kantoor",2020,BDO
27332804,"Stichting Wijdezorg, Centraal Kantoor",2021,BDO
27332804,"Stichting Wijdezorg, Centraal Kantoor",2022,BDO
41038019,Stichting Wijnhuisfonds,2018,BDO
41038019,Stichting Wijnhuisfonds,2019,BDO
30229787,Stichting Women on Wings,2017,BDO
27212813,Stichting Wonen Midden-Delfland,2017,BDO
27212813,Stichting Wonen Midden-Delfland,2018,BDO
27212813,Stichting Wonen Midden-Delfland,2019,BDO
27212813,Stichting Wonen Midden-Delfland,2021,BDO
27212813,Stichting Wonen Midden-Delfland,2022,BDO
01031646,Stichting Wonen Zuidwest Friesland,2017,BDO
11011893,Stichting Woningbeheer Betuwe,2017,BDO
36005091,Stichting Woningbeheer De Vooruitgang,2017,BDO
36005091,Stichting Woningbeheer De Vooruitgang,2018,BDO
32032703,Stichting Woningcorporatie Het Gooi en Omstreken,2017,BDO
32032703,Stichting Woningcorporatie Het Gooi en Omstreken,2018,BDO
32032703,Stichting Woningcorporatie Het Gooi en Omstreken,2019,BDO
32032703,Stichting Woningcorporatie Het Gooi en Omstreken,2020,BDO
32032703,Stichting Woningcorporatie Het Gooi en Omstreken,2022,BDO
09056559,Stichting Woningcorporatie Plicht Getrouw,2018,BDO
09056559,Stichting Woningcorporatie Plicht Getrouw,2019,BDO
09056559,Stichting Woningcorporatie Plicht Getrouw,2020,BDO
09051283,Stichting Wonion,2017,BDO
09051283,Stichting Wonion,2018,BDO
09051283,Stichting Wonion,2019,BDO
09051283,Stichting Wonion,2020,BDO
41244253,Stichting Woon- en Zorgcentrum 'Humanitas',2018,BDO
41032279,Stichting Woon- en Zorgcentrum Herfstzon,2018,BDO
38013096,Stichting Woonbedrijf ieder1,2017,BDO
38013096,Stichting Woonbedrijf ieder1,2018,BDO
04031749,Stichting Woonborg,2020,BDO
04031749,Stichting Woonborg,2022,BDO
04031749,Stichting Woonborg,2023,BDO
04031749,Stichting Woonborg,2024,BDO
04031749,Stichting Woonborg,2025,BDO
24108291,Stichting Woonbron,2017,BDO
24108291,Stichting Woonbron,2018,BDO
36001723,Stichting Wooncompagnie,2017,BDO
36001723,Stichting Wooncompagnie,2018,BDO
36001723,Stichting Wooncompagnie,2019,BDO
36001723,Stichting Wooncompagnie,2020,BDO
36001723,Stichting Wooncompagnie,2021,BDO
36001723,Stichting Wooncompagnie,2022,BDO
36001723,Stichting Wooncompagnie,2023,BDO
36001723,Stichting Wooncompagnie,2024,BDO
36001723,Stichting Wooncompagnie,2025,BDO
24108743,Stichting Wooncompas,2023,BDO
24108743,Stichting Wooncompas,2024,BDO
36000577,Stichting Woondiensten Enkhuizen,2017,BDO
36000577,Stichting Woondiensten Enkhuizen,2018,BDO
36000577,Stichting Woondiensten Enkhuizen,2019,BDO
36000577,Stichting Woondiensten Enkhuizen,2020,BDO
36000577,Stichting Woondiensten Enkhuizen,2022,BDO
36000577,Stichting Woondiensten Enkhuizen,2023,BDO
36000577,Stichting Woondiensten Enkhuizen,2024,BDO
28023102,Stichting Woonforte,2019,BDO
28023102,Stichting Woonforte,2020,BDO
28023102,Stichting Woonforte,2021,BDO
28023102,Stichting Woonforte,2022,BDO
28023102,Stichting Woonforte,2023,BDO
28023102,Stichting Woonforte,2024,BDO
30136131,Stichting Woonin,2019,BDO
30136131,Stichting Woonin,2020,BDO
30136131,Stichting Woonin,2021,BDO
34057863,Stichting Woonopmaat,2020,BDO
34057863,Stichting Woonopmaat,2021,BDO
34057863,Stichting Woonopmaat,2022,BDO
34057863,Stichting Woonopmaat,2023,BDO
34057863,Stichting Woonopmaat,2024,BDO
34057863,Stichting Woonopmaat,2025,BDO
04034448,Stichting Woonservice Drenthe,2017,BDO
09056706,Stichting Woonservice IJsselland,2017,BDO
09056706,Stichting Woonservice IJsselland,2018,BDO
09056706,Stichting Woonservice IJsselland,2019,BDO
09056706,Stichting Woonservice IJsselland,2020,BDO
09056706,Stichting Woonservice IJsselland,2021,BDO
09056706,Stichting Woonservice IJsselland,2022,BDO
09056706,Stichting Woonservice IJsselland,2023,BDO
09056706,Stichting Woonservice IJsselland,2024,BDO
09056706,Stichting Woonservice IJsselland,2025,BDO
09055271,Stichting Woonstede,2017,BDO
09055271,Stichting Woonstede,2018,BDO
37030575,Stichting Woontij,2017,BDO
37080102,Stichting Woonwaard Noord-Kennemerland,2021,BDO
37080102,Stichting Woonwaard Noord-Kennemerland,2022,BDO
37080102,Stichting Woonwaard Noord-Kennemerland,2023,BDO
37080102,Stichting Woonwaard Noord-Kennemerland,2024,BDO
33107894,Stichting Woonzorg Nederland,2017,BDO
35010466,Stichting Wormerwonen,2017,BDO
35010466,Stichting Wormerwonen,2018,BDO
35010466,Stichting Wormerwonen,2019,BDO
35010466,Stichting Wormerwonen,2020,BDO
35010466,Stichting Wormerwonen,2022,BDO
35010466,Stichting Wormerwonen,2023,BDO
28032485,Stichting WYwonen,2018,BDO
28032485,Stichting WYwonen,2019,BDO
28032485,Stichting WYwonen,2020,BDO
28032485,Stichting WYwonen,2021,BDO
28032485,Stichting WYwonen,2022,BDO
28032485,Stichting WYwonen,2023,BDO
28032485,Stichting WYwonen,2024,BDO
28032485,Stichting WYwonen,2025,BDO
17234946,Stichting Xpert Clinic,2018,BDO
17234946,Stichting Xpert Clinic,2019,BDO
17234946,Stichting Xpert Clinic,2020,BDO
17234946,Stichting Xpert Clinic,2021,BDO
17234946,Stichting Xpert Clinic,2022,BDO
54249317,Stichting Xpert Clinics Revalidatie,2019,BDO
54249317,Stichting Xpert Clinics Revalidatie,2020,BDO
54249317,Stichting Xpert Clinics Revalidatie,2021,BDO
52716058,Stichting Yes We Can Clinics,2018,BDO
52716058,Stichting Yes We Can Clinics,2019,BDO
52716058,Stichting Yes We Can Clinics,2020,BDO
41212857,Stichting Ymere,2017,BDO
41212857,Stichting Ymere,2018,BDO
41212857,Stichting Ymere,2019,BDO
41212857,Stichting Ymere,2020,BDO
41212857,Stichting Ymere,2021,BDO
41212857,Stichting Ymere,2022,BDO
41212857,Stichting Ymere,2023,BDO
41212857,Stichting Ymere,2024,BDO
41212857,Stichting Ymere,2025,BDO
58934413,Stichting YOUKÉ Sterke Jeugd,2018,BDO
58934413,Stichting YOUKÉ Sterke Jeugd,2019,BDO
58934413,Stichting YOUKÉ Sterke Jeugd,2020,BDO
58934413,Stichting YOUKÉ Sterke Jeugd,2021,BDO
58934413,Stichting YOUKÉ Sterke Jeugd,2022,BDO
58934413,Stichting YOUKÉ Sterke Jeugd,2023,BDO
58934413,Stichting YOUKÉ Sterke Jeugd,2024,BDO
58934413,Stichting YOUKÉ Sterke Jeugd,2025,BDO
09123629,Stichting Yunio,2020,BDO
09123629,Stichting Yunio,2022,BDO
35010383,Stichting Zaandams Volkshuisvesting (ZVH),2017,BDO
35010383,Stichting Zaandams Volkshuisvesting (ZVH),2018,BDO
35010383,Stichting Zaandams Volkshuisvesting (ZVH),2019,BDO
35010383,Stichting Zaandams Volkshuisvesting (ZVH),2020,BDO
35010383,Stichting Zaandams Volkshuisvesting (ZVH),2022,BDO
35010383,Stichting Zaandams Volkshuisvesting (ZVH),2023,BDO
35010383,Stichting Zaandams Volkshuisvesting (ZVH),2024,BDO
16024737,Stichting Zayaz,2021,BDO
16024737,Stichting Zayaz,2022,BDO
16024737,Stichting Zayaz,2023,BDO
16024737,Stichting Zayaz,2024,BDO
16024737,Stichting Zayaz,2025,BDO
01089635,"Stichting Zeesleepboot ""Holland""",2018,BDO
01089635,"Stichting Zeesleepboot ""Holland""",2019,BDO
01089635,"Stichting Zeesleepboot ""Holland""",2021,BDO
01089635,"Stichting Zeesleepboot ""Holland""",2022,BDO
01089635,"Stichting Zeesleepboot ""Holland""",2023,BDO
41000763,Stichting Ziekenhuis 'Nij Smellinghe',2018,BDO
34142090,Stichting Zonnehuisgroep Amstelland,2025,BDO
05083451,Stichting Zorg-Samen Het Zand,2018,BDO
11044284,Stichting Zorgcentra Rivierenland,2018,BDO
11044284,Stichting Zorgcentra Rivierenland,2020,BDO
11044284,Stichting Zorgcentra Rivierenland,2021,BDO
11044284,Stichting Zorgcentra Rivierenland,2022,BDO
11044284,Stichting Zorgcentra Rivierenland,2023,BDO
09148559,Stichting Zorgcombinatie Marga Klompé,2018,BDO
09148559,Stichting Zorgcombinatie Marga Klompé,2020,BDO
09148559,Stichting Zorgcombinatie Marga Klompé,2021,BDO
09148559,Stichting Zorgcombinatie Marga Klompé,2022,BDO
09148559,Stichting Zorgcombinatie Marga Klompé,2023,BDO
09148559,Stichting Zorgcombinatie Marga Klompé,2024,BDO
09148559,Stichting Zorgcombinatie Marga Klompé,2025,BDO
34305673,Stichting Zorggroep Amsterdam-Oost,2018,BDO
11043745,Stichting Zorggroep De Betuwe,2018,BDO
08088958,Stichting Zorggroep Manna,2018,BDO
41114350,STICHTING ZORGGROEP TER WEEL,2018,BDO
41105788,Stichting Zorggroep West- en Midden-Brabant,2017,BDO
41105788,Stichting Zorggroep West- en Midden-Brabant,2018,BDO
24148164,Stichting Zovida,2024,BDO
24148164,Stichting Zovida,2025,BDO
01098504,Stichting ZuidOostZorg / Locatie Neibertilla,2025,BDO
41186583,Stichting Zuidwester,2018,BDO
41186583,Stichting Zuidwester,2019,BDO
41186583,Stichting Zuidwester,2020,BDO
30006366,Stichtsche Onderlinge Brand-Herverzekering U.A.,2023,BDO
24197542,Stockmeier Netherlands B.V.,2019,BDO
24186649,Stokvis Tapes Benelux B.V.,2019,BDO
24186649,Stokvis Tapes Benelux B.V.,2021,BDO
24186649,Stokvis Tapes Benelux B.V.,2023,BDO
62137840,Stoov Holding B.V.,2023,BDO
62137840,Stoov Holding B.V.,2025,BDO
62149342,Stoov®,2023,BDO
62149342,Stoov®,2025,BDO
18024949,Straal Beheer B.V.,2018,BDO
41115218,Strandplevierhof 27 Middelburg,2018,BDO
41038965,Streekziekenhuis Koningin Beatrix,2021,BDO
41038965,Streekziekenhuis Koningin Beatrix,2022,BDO
41038965,Streekziekenhuis Koningin Beatrix,2023,BDO
41038965,Streekziekenhuis Koningin Beatrix,2024,BDO
41038965,Streekziekenhuis Koningin Beatrix,2025,BDO
62911872,Stroomopwaarts MVS,2022,BDO
92240658,Studio Bidco B.V.,2025,BDO
36041311,Succes Holding B.V.,2018,BDO
18021519,Sunware B.V.,2017,BDO
18021519,Sunware B.V.,2018,BDO
17102792,Super Micro Computer B.V.,2025,BDO
76479420,Super Micro Computer Holdings B.V.,2025,BDO
78012368,Superpedestrian Europe B.V.,2021,BDO
83573054,Superstruct Entertainment Netherlands B.V.,2021,BDO
83573054,Superstruct Entertainment Netherlands B.V.,2022,BDO
72586699,Sustainable Market Solutions B.V.,2018,BDO
77920309,Sutherland Holding B.V.,2020,BDO
77920309,Sutherland Holding B.V.,2021,BDO
76947106,Suver Thus B.V.,2025,BDO
23084035,SUZOHAPP Netherlands B.V.,2020,BDO
23084035,SUZOHAPP Netherlands B.V.,2021,BDO
23084035,SUZOHAPP Netherlands B.V.,2022,BDO
06030839,SVgroup B.V.,2018,BDO
06055924,SVgroup Holding B.V.,2018,BDO
24006562,Swartberg Levensmiddelen Fabrieken B.V.,2018,BDO
24006562,Swartberg Levensmiddelen Fabrieken B.V.,2019,BDO
24006562,Swartberg Levensmiddelen Fabrieken B.V.,2020,BDO
24006562,Swartberg Levensmiddelen Fabrieken B.V.,2021,BDO
24006562,Swartberg Levensmiddelen Fabrieken B.V.,2022,BDO
24006562,Swartberg Levensmiddelen Fabrieken B.V.,2023,BDO
66562597,Sylvaphane Beheer B.V.,2018,BDO
66562597,Sylvaphane Beheer B.V.,2019,BDO
66562597,Sylvaphane Beheer B.V.,2020,BDO
66562597,Sylvaphane Beheer B.V.,2022,BDO
66562597,Sylvaphane Beheer B.V.,2023,BDO
66562597,Sylvaphane Beheer B.V.,2024,BDO
66562597,Sylvaphane Beheer B.V.,2025,BDO
01169325,Sylvaphane Holding B.V.,2018,BDO
01169325,Sylvaphane Holding B.V.,2019,BDO
01169325,Sylvaphane Holding B.V.,2020,BDO
01169325,Sylvaphane Holding B.V.,2021,BDO
01169325,Sylvaphane Holding B.V.,2023,BDO
09127273,Symeres Netherlands B.V.,2018,BDO
09127273,Symeres Netherlands B.V.,2020,BDO
02041105,Syncom B.V.,2020,BDO
68459440,Syncom Holding B.V.,2018,BDO
30162108,Syneos Health Netherlands B.V.,2024,BDO
18051662,SYNERGY food ingredients & processing B.V.,2017,BDO
18051662,SYNERGY food ingredients & processing B.V.,2018,BDO
18051662,SYNERGY food ingredients & processing B.V.,2019,BDO
18051662,SYNERGY food ingredients & processing B.V.,2020,BDO
18051662,SYNERGY food ingredients & processing B.V.,2023,BDO
37131823,Syngenta Finance N.V.,2024,BDO
37131823,Syngenta Finance N.V.,2025,BDO
17267567,Synopsys Netherlands B.V.,2018,BDO
57505888,Synres B.V.,2018,BDO
57505888,Synres B.V.,2020,BDO
57505888,Synres B.V.,2021,BDO
57505888,Synres B.V.,2022,BDO
57505888,Synres B.V.,2023,BDO
57505888,Synres B.V.,2024,BDO
62073567,Synres Holding B.V.,2018,BDO
62073567,Synres Holding B.V.,2019,BDO
62073567,Synres Holding B.V.,2020,BDO
17213320,Syntein Integrale Zorg B.V.,2024,BDO
17213320,Syntein Integrale Zorg B.V.,2025,BDO
10017157,Talis,2019,BDO
10017157,Talis,2020,BDO
10017157,Talis,2021,BDO
10017157,Talis,2022,BDO
10017157,Talis,2023,BDO
10017157,Talis,2024,BDO
10017157,Talis,2025,BDO
09032504,Tanatex Chemicals B.V.,2017,BDO
09032504,Tanatex Chemicals B.V.,2018,BDO
09032504,Tanatex Chemicals B.V.,2019,BDO
09032504,Tanatex Chemicals B.V.,2022,BDO
09032504,Tanatex Chemicals B.V.,2023,BDO
09032504,Tanatex Chemicals B.V.,2024,BDO
18033057,Tandartspraktijk R. van Gorp,2024,BDO
32045623,Tarak Beheer B.V.,2018,BDO
33030098,Taxa-Meter Centrale B.V.,2017,BDO
75772159,Taxi Brazil Holdings B.V.,2022,BDO
63216787,TB3 B.V.,2018,BDO
34238085,TBC Holdings B.V.,2020,BDO
24144065,TBI Beheer B.V.,2018,BDO
24144065,TBI Holdings B.V.,2023,BDO
64526380,TBL Dairy Ventures B.V.,2019,BDO
64526380,TBL Dairy Ventures B.V.,2020,BDO
64526380,TBL Dairy Ventures B.V.,2021,BDO
33175396,TD Bank N.V.,2017,BDO
33175396,TD N.V.,2018,BDO
33175396,TD N.V.,2019,BDO
33175396,TD N.V.,2020,BDO
16015883,TE Connectivity Nederland B.V.,2018,BDO
16015883,TE Connectivity Nederland B.V.,2019,BDO
16015883,TE Connectivity Nederland B.V.,2020,BDO
16015883,TE Connectivity Nederland B.V.,2021,BDO
67184154,Teamzorg B.V.,2019,BDO
67184154,Teamzorg B.V.,2020,BDO
67184154,Teamzorg B.V.,2021,BDO
67184154,Teamzorg B.V.,2022,BDO
67184154,Teamzorg B.V.,2023,BDO
67184154,Teamzorg B.V.,2024,BDO
67184154,Teamzorg B.V.,2025,BDO
05029571,Tebezo Waterbouw & Nautische Dienstverlening B.V.,2017,BDO
05029571,Tebezo Waterbouw & Nautische Dienstverlening B.V.,2018,BDO
05029571,Tebezo Waterbouw & Nautische Dienstverlening B.V.,2019,BDO
05029571,Tebezo Waterbouw & Nautische Dienstverlening B.V.,2020,BDO
05029571,Tebezo Waterbouw & Nautische Dienstverlening B.V.,2021,BDO
05029571,Tebezo Waterbouw & Nautische Dienstverlening B.V.,2023,BDO
05029571,Tebezo Waterbouw & Nautische Dienstverlening B.V.,2024,BDO
09051635,Technisch Handelsbureau 'Rensa' B.V.,2017,BDO
09051635,Technisch Handelsbureau Rensa B.V.,2018,BDO
09051635,Technisch Handelsbureau Rensa B.V.,2019,BDO
09051635,Technisch Handelsbureau Rensa B.V.,2020,BDO
09051635,Technisch Handelsbureau Rensa B.V.,2021,BDO
09051635,Technisch Handelsbureau Rensa B.V.,2023,BDO
09100471,Technocast B.V.,2018,BDO
27163402,TechnoInvest Holding B.V.,2018,BDO
51373653,Technology Base,2019,BDO
51373653,Technology Base,2020,BDO
51373653,Technology Base,2022,BDO
51373653,Technology Base,2024,BDO
29031050,Technolution B.V.,2017,BDO
29031050,Technolution B.V.,2018,BDO
50635565,Teknor Apex Coöperatief U.A.,2018,BDO
50635565,Teknor Apex Coöperatief U.A.,2019,BDO
50635565,Teknor Apex Coöperatief U.A.,2021,BDO
50635565,Teknor Apex Coöperatief U.A.,2022,BDO
50635565,Teknor Apex Coöperatief U.A.,2023,BDO
50635565,Teknor Apex Coöperatief U.A.,2024,BDO
57598517,Teleon Holding B.V.,2019,BDO
34101169,Tencourts B.V.,2020,BDO
34101169,Tencourts B.V.,2022,BDO
34101169,Tencourts B.V.,2024,BDO
34101169,Tencourts B.V.,2025,BDO
34274817,Teradata Netherlands B.V.,2017,BDO
34274817,Teradata Netherlands B.V.,2018,BDO
34274817,Teradata Netherlands B.V.,2019,BDO
34274817,Teradata Netherlands B.V.,2020,BDO
34274817,Teradata Netherlands B.V.,2021,BDO
34274817,Teradata Netherlands B.V.,2022,BDO
34274817,Teradata Netherlands B.V.,2023,BDO
34274817,Teradata Netherlands B.V.,2024,BDO
28050625,TerraSana Natuurvoeding B.V.,2022,BDO
59012161,Teva Pharmaceutical Finance Netherlands II B.V.,2018,BDO
59012161,Teva Pharmaceutical Finance Netherlands II B.V.,2020,BDO
59012161,Teva Pharmaceutical Finance Netherlands II B.V.,2022,BDO
59012161,Teva Pharmaceutical Finance Netherlands II B.V.,2024,BDO
64156729,Teva Pharmaceutical Finance Netherlands III,2019,BDO
64156729,Teva Pharmaceutical Finance Netherlands III,2020,BDO
64156729,Teva Pharmaceutical Finance Netherlands III,2023,BDO
64156729,Teva Pharmaceutical Finance Netherlands III,2024,BDO
65905954,Teva Pharmaceutical Finance Netherlands IV B.V.,2018,BDO
65905954,Teva Pharmaceutical Finance Netherlands IV B.V.,2020,BDO
65905954,Teva Pharmaceutical Finance Netherlands IV B.V.,2021,BDO
65905954,Teva Pharmaceutical Finance Netherlands IV B.V.,2024,BDO
59663863,Textkernel B.V.,2022,BDO
80319963,Textkernel Group Holding B.V.,2022,BDO
80319963,Textkernel Group Holding B.V.,2023,BDO
80319963,Textkernel Group Holding B.V.,2024,BDO
05014910,TGN|Fritom B.V.,2017,BDO
31033892,The Blue Link B.V.,2019,BDO
31033892,The Blue Link B.V.,2020,BDO
31033892,The Blue Link B.V.,2021,BDO
24171851,The Chocolate Family B.V.,2017,BDO
24171851,The Chocolate Family B.V.,2018,BDO
24171851,The Chocolate Family B.V.,2019,BDO
24171851,The Chocolate Family B.V.,2020,BDO
24171851,The Chocolate Family B.V.,2021,BDO
24171851,The Chocolate Family B.V.,2023,BDO
24171851,The Chocolate Family B.V.,2025,BDO
61960926,The Fruit Farm Group B.V.,2018,BDO
18026620,The Sting B.V.,2017,BDO
18026620,The Sting B.V.,2018,bdo
18026620,The Sting B.V.,2019,BDO
18026620,The Sting B.V.,2020,BDO
64517667,The Sting Companies B.V.,2018,BDO
64517667,The Sting Companies B.V.,2019,BDO
64517667,The Sting Companies B.V.,2020,BDO
64517667,The Sting Companies B.V.,2021,BDO
72023260,The Sting Companies Sourcing & Productions B.V.,2020,BDO
64518175,The Sting Holding B.V.,2017,BDO
64518175,The Sting Holding B.V.,2018,BDO
64518175,The Sting Holding B.V.,2019,BDO
64518175,The Sting Holding B.V.,2020,BDO
64518175,The Sting Holding B.V.,2021,BDO
18068065,Thebe Holding B.V.,2018,BDO
18046028,Thebe Wijkverpleging B.V.,2017,BDO
18046028,Thebe Wijkverpleging B.V.,2018,BDO
30063472,Theo Pouw Beheer B.V.,2018,BDO
30063472,Theo Pouw Beheer B.V.,2019,BDO
30063472,Theo Pouw Beheer B.V.,2020,BDO
30063472,Theo Pouw Beheer B.V.,2021,BDO
30063472,Theo Pouw Beheer B.V.,2022,BDO
30063472,Theo Pouw Beheer B.V.,2023,BDO
30063472,Theo Pouw Beheer B.V.,2024,BDO
30063472,Theo Pouw Beheer B.V.,2025,BDO
63825252,There Holding B.V.,2024,BDO
54351618,Think Different B.V.,2018,BDO
54351618,Think Different B.V.,2019,BDO
54351618,Think Different B.V.,2020,BDO
54351618,Think Different B.V.,2021,BDO
54351618,Think Different B.V.,2023,BDO
54351618,Think Different B.V.,2025,BDO
24272908,Thomassen Energy B.V.,2018,BDO
24272908,Thomassen Energy B.V.,2019,BDO
24272908,Thomassen Energy B.V.,2020,BDO
61817953,Thuisbioscoop B.V.,2021,BDO
61817953,Thuisbioscoop B.V.,2022,BDO
09149860,Thuiszorg Groot Gelre B.V.,2017,BDO
09149860,Thuiszorg Groot Gelre B.V.,2018,BDO
09149860,Thuiszorg Groot Gelre B.V.,2020,BDO
09149860,Thuiszorg Groot Gelre B.V.,2021,BDO
09149860,Thuiszorg Groot Gelre B.V.,2022,BDO
09149860,Thuiszorg Groot Gelre B.V.,2023,BDO
09149860,Thuiszorg Groot Gelre B.V.,2024,BDO
63803399,Thuiszorg Matilda Nederland B.V.,2019,BDO
63803399,Thuiszorg Matilda Nederland B.V.,2020,BDO
34053175,Thunnissen Bouw B.V.,2018,BDO
34053175,Thunnissen Bouw B.V.,2021,BDO
34053175,Thunnissen Bouw B.V.,2022,BDO
34053175,Thunnissen Bouw B.V.,2024,BDO
34210055,Thunnissen Finance B.V.,2018,BDO
34210055,Thunnissen Finance B.V.,2019,BDO
34210055,Thunnissen Finance B.V.,2020,BDO
34210055,Thunnissen Finance B.V.,2021,BDO
34210055,Thunnissen Finance B.V.,2022,BDO
34210055,Thunnissen Finance B.V.,2023,BDO
34210055,Thunnissen Finance B.V.,2024,BDO
34210055,Thunnissen Finance B.V.,2025,BDO
34210050,Thunnissen Groep B.V.,2018,BDO
34210050,Thunnissen Groep B.V.,2019,BDO
34210050,Thunnissen Groep B.V.,2020,BDO
34210050,Thunnissen Groep B.V.,2021,BDO
34210050,Thunnissen Groep B.V.,2022,BDO
34210050,Thunnissen Groep B.V.,2023,BDO
34210050,Thunnissen Groep B.V.,2024,BDO
34210050,Thunnissen Groep B.V.,2025,BDO
34072305,TIE Kinetix N.V.,2017,BDO
34072305,TIE Kinetix N.V.,2018,BDO
18116863,Tijlo B.V.,2018,BDO
18116863,Tijlo B.V.,2019,BDO
18116863,Tijlo B.V.,2020,BDO
29034429,Timeless Investments B.V.,2019,BDO
29034429,Timeless Investments B.V.,2021,BDO
29034429,Timeless Investments B.V.,2022,BDO
29034429,Timeless Investments B.V.,2023,BDO
29034429,Timeless Investments B.V.,2024,BDO
20094796,TimVest B.V.,2018,BDO
20094796,TimVest B.V.,2019,BDO
20094796,TimVest B.V.,2020,BDO
20094796,TimVest B.V.,2021,BDO
58749888,Titan Clean Fuels,2020,BDO
58749888,Titan Clean Fuels,2021,BDO
58749888,Titan Clean Fuels,2022,BDO
58749888,Titan Clean Fuels,2023,BDO
58749888,Titan Clean Fuels,2024,BDO
69517088,Titan Supply B.V.,2023,BDO
30247325,TivoliVredenburg,2018,BDO
30247325,TivoliVredenburg,2019,BDO
30247325,TivoliVredenburg,2020,BDO
18030601,Tiwos,2019,BDO
18030601,Tiwos,2020,BDO
18030601,Tiwos,2021,BDO
18030601,Tiwos,2022,BDO
18030601,Tiwos,2023,BDO
18030601,Tiwos,2024,BDO
18030601,Tiwos,2025,BDO
18030601,"Tiwos, Tilburgse Woonstichting",2017,BDO
18030601,"Tiwos, Tilburgse Woonstichting",2018,BDO
56592868,TNA NL Manufacturing B.V.,2019,BDO
17030574,TOAM Invest B.V.,2019,BDO
17030574,TOAM Invest B.V.,2020,BDO
37066809,ToekomstBouw B.V.,2017,BDO
37066809,ToekomstGroep Bouw B.V.,2018,BDO
37066809,ToekomstGroep Bouw B.V.,2019,BDO
37066809,ToekomstGroep Bouw B.V.,2020,BDO
37066809,ToekomstGroep Bouw B.V.,2023,BDO
36030255,ToekomstGroep Holding B.V.,2019,BDO
36030255,ToekomstGroep Holding B.V.,2020,BDO
36030255,ToekomstGroep Holding B.V.,2021,BDO
36030255,ToekomstGroep Holding B.V.,2022,BDO
36030255,ToekomstGroep Holding B.V.,2023,BDO
36030255,ToekomstGroep Holding B.V.,2024,BDO
36030255,ToekomstGroep Holding B.V.,2025,BDO
61110035,ToekomstGroep Service,2023,BDO
82456011,ToekomstParticipatie B.V.,2021,BDO
82456011,ToekomstParticipatie B.V.,2022,BDO
82456011,ToekomstParticipatie B.V.,2023,BDO
36003854,ToekomstSchilders,2018,BDO
36003854,ToekomstSchilders,2021,BDO
36003854,ToekomstSchilders,2023,BDO
36003854,ToekomstSchilders B.V.,2017,BDO
66104920,Tollenaar Industries B.V.,2018,BDO
08075576,Tomra Systems B.V.,2017,BDO
08075576,Tomra Systems B.V.,2018,BDO
27242077,Top Informatie Systemen B.V.,2018,BDO
27242077,Top Informatie Systemen B.V.,2019,BDO
27242077,Top Informatie Systemen B.V.,2020,BDO
27242077,Top Informatie Systemen B.V.,2021,BDO
27242077,Top Informatie Systemen B.V.,2023,BDO
27242077,Top Informatie Systemen B.V.,2024,BDO
56849990,TOPdesk Nederland B.V.,2017,BDO
56849990,TOPdesk Nederland B.V.,2019,BDO
56849990,TOPdesk Nederland B.V.,2023,BDO
56849990,TOPdesk Nederland B.V.,2024,BDO
58356088,Topfonds Gelderland B.V.,2023,BDO
58356088,Topfonds Gelderland B.V.,2024,BDO
17170991,Topholding Voergroep Zuid B.V.,2017,BDO
05050689,Tosec B.V.,2018,BDO
72830069,Total Specific Hosting B.V.,2018,BDO
72830069,Total Specific Hosting B.V.,2019,BDO
72830069,Total Specific Hosting B.V.,2020,BDO
72830069,Total Specific Hosting B.V.,2021,BDO
72830069,Total Specific Hosting B.V.,2022,BDO
72830069,Total Specific Hosting B.V.,2023,BDO
72830069,Total Specific Hosting B.V.,2024,BDO
28096187,TOZA B.V.,2018,BDO
28096187,TOZA B.V.,2019,BDO
28096187,TOZA B.V.,2020,BDO
28096187,TOZA B.V.,2021,BDO
28096187,TOZA B.V.,2022,BDO
28096187,TOZA B.V.,2023,BDO
28096187,TOZA B.V.,2024,BDO
28096187,TOZA B.V.,2025,BDO
34251804,TPC Holding B.V.,2018,BDO
34251804,TPC Holding B.V.,2019,BDO
34251804,TPC Holding B.V.,2023,BDO
34251804,TPC Holding B.V.,2024,BDO
06043013,TR Holland B.V.,2021,BDO
06043013,TR Holland B.V.,2022,BDO
06043013,TR Holland B.V.,2023,BDO
06043013,TR Holland B.V.,2024,BDO
30177126,Trans Link Systems B.V.,2020,BDO
30177126,Trans Link Systems B.V.,2021,BDO
30177126,Trans Link Systems B.V.,2022,BDO
30177126,Trans Link Systems B.V.,2023,BDO
30177126,Trans Link Systems B.V.,2024,BDO
30177126,Trans Link Systems B.V.,2025,BDO
24266292,Transcend Information Europe B.V.,2017,BDO
24266292,Transcend Information Europe B.V.,2018,BDO
24266292,Transcend Information Europe B.V.,2020,BDO
24274377,Transcore Rotterdam B.V.,2017,BDO
24274377,Transcore Rotterdam B.V.,2018,BDO
59739215,Transeastern Power B.V.,2021,BDO
66656648,Transfar Coöperatief U.A.,2018,BDO
66656648,Transfar Coöperatief U.A.,2019,BDO
66656648,Transfar Coöperatief U.A.,2020,BDO
66656648,Transfar Coöperatief U.A.,2021,BDO
66656648,Transfar Coöperatief U.A.,2022,BDO
20051225,Transportbedrijf Voesenek B.V.,2017,BDO
20051225,Transportbedrijf Voesenek B.V.,2018,BDO
20051225,Transportbedrijf Voesenek B.V.,2019,BDO
20051225,Transportbedrijf Voesenek B.V.,2020,BDO
20051225,Transportbedrijf Voesenek B.V.,2022,BDO
20051225,Transportbedrijf Voesenek B.V.,2023,BDO
20051225,Transportbedrijf Voesenek B.V.,2024,BDO
89409388,Trauma Care Company B.V.,2023,BDO
89409388,Trauma Care Company B.V.,2024,BDO
37134893,Treffer Personal Services B.V.,2022,BDO
14058139,TRIADE stichting voor katholiek primair onderwijs,2018,BDO
68313659,Trier Holding B.V.,2018,BDO
09126552,Triferto B.V.,2025,BDO
06039881,Trioliet B.V.,2017,BDO
06039881,Trioliet B.V.,2018,BDO
06039881,Trioliet B.V.,2019,BDO
06039881,Trioliet B.V.,2020,BDO
08038695,Trioworld,2020,BDO
08038695,Trioworld,2021,BDO
08038695,Trioworld,2023,BDO
08038695,Trioworld,2024,BDO
37081955,Triple IT B.V.,2017,BDO
37081955,Triple IT B.V.,2018,BDO
37081955,Triple IT B.V.,2019,BDO
37081955,Triple IT B.V.,2020,BDO
37081955,Triple IT B.V.,2022,BDO
37081955,Triple IT B.V.,2023,BDO
37081955,Triple IT B.V.,2024,BDO
37126434,Tromp Medical B.V.,2025,BDO
76166996,Tromp Medical House Holding B.V.,2023,BDO
67086497,Tronox International B.V.,2018,BDO
33277367,Troostwijk Groep B.V.,2018,BDO
33277367,Troostwijk Groep B.V.,2019,BDO
33277367,Troostwijk Groep B.V.,2020,BDO
24231442,Troy Chemical Company B.V.,2023,BDO
24273155,Troy Chemical Europe B.V.,2019,BDO
24273155,Troy Chemical Europe B.V.,2020,BDO
24273155,Troy Chemical Europe B.V.,2021,BDO
24273155,Troy Chemical Europe B.V.,2022,BDO
08174755,True Capital Investments B.V.,2018,BDO
08174755,True Capital Investments B.V.,2019,BDO
08174755,True Capital Investments B.V.,2020,BDO
08174755,True Capital Investments B.V.,2021,BDO
08174755,True Capital Investments B.V.,2022,BDO
08174755,True Capital Investments B.V.,2023,BDO
08174755,True Capital Investments B.V.,2024,BDO
08176502,Trust Chem Europe B.V.,2017,BDO
08176502,Trust Chem Europe B.V.,2019,BDO
08176502,Trust Chem Europe B.V.,2021,BDO
08176502,Trust Chem Europe B.V.,2024,BDO
34324881,Trustmoore Coöperatief U.A.,2022,BDO
34324881,Trustmoore Coöperatief U.A.,2023,BDO
34324881,Trustmoore Coöperatief U.A.,2024,BDO
11030182,Truston Group N.V.,2017,BDO
11030182,Truston Group N.V.,2018,BDO
11030182,Truston Group N.V.,2019,BDO
30150944,Truston Solutions B.V.,2017,BDO
30150944,Truston Solutions B.V.,2018,BDO
30150944,Truston Solutions B.V.,2019,BDO
30150944,Truston Solutions B.V.,2020,BDO
30150944,Truston Solutions B.V.,2022,BDO
33251385,TSMC Europe B.V.,2017,BDO
33251385,TSMC Europe B.V.,2018,BDO
33251385,TSMC Europe B.V.,2020,BDO
33251385,TSMC Europe B.V.,2021,BDO
33251385,TSMC Europe B.V.,2023,BDO
89934032,TT Club Mutual Insurance N.V.,2024,BDO
53388992,TVM verzekeringen N.V.,2021,BDO
53388992,TVM verzekeringen N.V.,2022,BDO
53388992,TVM verzekeringen N.V.,2023,BDO
53388992,TVM verzekeringen N.V.,2025,BDO
66865441,TWC Holding B.V.,2018,BDO
66865441,TWC Holding B.V.,2019,BDO
34274699,Twinspark B.V.,2022,BDO
34274699,Twinspark B.V.,2023,BDO
34274699,Twinspark B.V.,2024,BDO
08167169,Twinta Wonen B.V.,2021,BDO
08167169,Twinta Wonen B.V.,2022,BDO
53323017,Tétris Design & Build B.V.,2017,BDO
53323017,Tétris Design & Build B.V.,2018,BDO
53323017,Tétris Design & Build B.V.,2019,BDO
17091102,TÜV Nederland QA B.V.,2018,BDO
17091102,TÜV NORD Nederland B.V.,2019,BDO
17091102,TÜV NORD Nederland B.V.,2020,BDO
17091102,TÜV NORD Nederland B.V.,2021,BDO
17091102,TÜV NORD Nederland B.V.,2022,BDO
17091102,TÜV NORD Nederland B.V.,2023,BDO
17091102,TÜV NORD Nederland B.V.,2024,BDO
27320088,TÜV NORD Nederland Holding B.V.,2020,BDO
35029687,U.N.C. Holding B.V.,2018,BDO
35022582,U.N.C. Uitvaartzorg B.V.,2017,BDO
09125151,Uborg B.V.,2024,BDO
73217484,UK P&I Club N.V.,2019,BDO
73217484,UK P&I Club N.V.,2021,BDO
73217484,UK P&I Club N.V.,2023,BDO
73217484,UK P&I Club N.V.,2024,BDO
24417090,UniBarge Holding B.V.,2018,BDO
28043739,Unicorn B.V.,2018,BDO
81003889,Unilever Finance Netherlands B.V.,2024,BDO
24024351,Unilever Insurances N.V.,2024,BDO
24154333,Unilin Flooring Nederland B.V.,2018,BDO
24154333,Unilin Flooring Nederland B.V.,2019,BDO
24154333,Unilin Flooring Nederland B.V.,2020,BDO
24154333,Unilin Flooring Nederland B.V.,2022,BDO
34129730,Uniserver B.V.,2018,BDO
34129730,Uniserver B.V.,2019,BDO
34129730,Uniserver B.V.,2020,BDO
34129730,Uniserver B.V.,2021,BDO
34129730,Uniserver B.V.,2022,BDO
34129730,Uniserver B.V.,2023,BDO
34129730,Uniserver B.V.,2024,BDO
24340523,Unit 45 B.V.,2017,BDO
24340523,Unit 45 B.V.,2018,BDO
24340523,Unit 45 B.V.,2019,BDO
24340523,Unit 45 B.V.,2020,BDO
24340523,Unit 45 B.V.,2021,BDO
24340523,Unit 45 B.V.,2023,BDO
24340523,Unit 45 B.V.,2024,BDO
87758377,Unit 45/53 Holding B.V.,2023,BDO
87758377,Unit 45/53 Holding B.V.,2024,BDO
32089171,United Holding B.V.,2017,BDO
32089171,United Holding B.V.,2018,BDO
32089171,United Holding B.V.,2019,BDO
32089171,United Holding B.V.,2020,BDO
32089171,United Holding B.V.,2021,BDO
32089171,United Holding B.V.,2022,BDO
32089171,United Holding B.V.,2023,BDO
32089171,United Holding B.V.,2024,BDO
83211608,United Playgrounds B.V.,2023,BDO
83211608,United Playgrounds B.V.,2024,BDO
30075849,United Soft Drinks B.V.,2017,BDO
30075849,United Soft Drinks B.V.,2018,BDO
30075849,United Soft Drinks B.V.,2019,BDO
30075849,United Soft Drinks B.V.,2020,BDO
30075849,United Soft Drinks B.V.,2022,BDO
75811375,Unlimited Spare Parts International B.V.,2022,BDO
75811375,Unlimited Spare Parts International B.V.,2023,BDO
58052739,Up2You Totaalbegeleiding,2019,BDO
58052739,Up2You Totaalbegeleiding,2020,BDO
58052739,Up2You Totaalbegeleiding,2021,BDO
58052739,Up2You Totaalbegeleiding,2022,BDO
67043623,Uranus 1952 B.V.,2018,BDO
67043623,Uranus 1952 B.V.,2019,BDO
67043623,Uranus 1952 B.V.,2020,BDO
67043623,Uranus 1952 B.V.,2021,BDO
67043623,Uranus 1952 B.V.,2022,BDO
67043623,Uranus 1952 B.V.,2023,BDO
67043623,Uranus 1952 B.V.,2024,BDO
67043623,Uranus 1952 B.V.,2025,BDO
73124370,Urban Gym Group B.V.,2025,BDO
63497409,Urologen Kliniek Utrecht,2018,BDO
57113645,Utility Connect B.V.,2018,BDO
57113645,Utility Connect B.V.,2019,BDO
57113645,Utility Connect B.V.,2020,BDO
57113645,Utility Connect B.V.,2021,BDO
57113645,Utility Connect B.V.,2022,BDO
18124784,Vaessen Algemeen Bouwbedrijf B.V.,2017,BDO
18124784,Vaessen Algemeen Bouwbedrijf B.V.,2018,BDO
18124784,Vaessen Algemeen Bouwbedrijf B.V.,2019,BDO
18124784,Vaessen Algemeen Bouwbedrijf B.V.,2020,BDO
18124784,Vaessen Algemeen Bouwbedrijf B.V.,2021,BDO
20138438,Vaessen Groep B.V.,2017,BDO
20138438,Vaessen Groep B.V.,2018,BDO
20138438,Vaessen Groep B.V.,2019,BDO
33081251,Vaillant Group Netherlands B.V.,2020,BDO
33081251,Vaillant Group Netherlands B.V.,2021,BDO
33081251,Vaillant Group Netherlands B.V.,2022,BDO
33081251,Vaillant Group Netherlands B.V.,2023,BDO
33081251,Vaillant Group Netherlands B.V.,2024,BDO
68881185,Valcon Topholding B.V.,2019,BDO
24440837,Valemma B.V.,2018,BDO
24440837,Valemma B.V.,2019,BDO
24440837,Valemma B.V.,2020,BDO
37030892,Van Alckmaer,2019,BDO
27097368,Van Ameyde International B.V.,2020,BDO
27097368,Van Ameyde International B.V.,2021,BDO
27097368,Van Ameyde International B.V.,2022,BDO
27097368,Van Ameyde International B.V.,2023,BDO
27097368,Van Ameyde International B.V.,2024,BDO
27097368,Van Ameyde International B.V.,2025,BDO
33112100,Van As Beheersmaatschappij B.V.,2018,BDO
33112100,Van As Beheersmaatschappij B.V.,2019,BDO
33112100,Van As Beheersmaatschappij B.V.,2020,BDO
33112100,Van As Beheersmaatschappij B.V.,2021,BDO
33112100,Van As Beheersmaatschappij B.V.,2022,BDO
35024622,Van de Velde Packaging - Wormer B.V.,2023,BDO
17050405,Van de Ven Beheer B.V.,2017,BDO
17050405,Van de Ven Beheer B.V.,2018,BDO
17050405,Van de Ven Beheer B.V.,2019,BDO
17050405,Van de Ven Beheer B.V.,2020,BDO
17050405,Van de Ven Beheer B.V.,2021,BDO
17050405,Van de Ven Beheer B.V.,2022,BDO
17050405,Van de Ven Beheer B.V.,2023,BDO
17050405,Van de Ven Beheer B.V.,2024,BDO
17050405,Van de Ven Beheer B.V.,2025,BDO
70519919,Van den Assem Group,2018,BDO
70519919,Van den Assem Group,2019,BDO
70519919,Van den Assem Group,2020,BDO
70519919,Van den Assem Group,2021,BDO
70519919,Van den Assem Group,2022,BDO
70519919,Van den Assem Group,2023,BDO
17054352,Van den Borne B.V.,2022,BDO
17054352,Van den Borne B.V.,2023,BDO
17054352,Van den Borne B.V.,2024,BDO
16051646,Van den Bosch,2018,BDO
16051646,Van den Bosch,2019,BDO
16060911,Van den Bosch Holding B.V.,2018,BDO
16060911,Van den Bosch Holding B.V.,2019,BDO
16051646,Van den Bosch Transporten B.V.,2017,BDO
37029442,Van den Heerik Beheer Maatschappij B.V.,2017,BDO
37029442,Van den Heerik Beheer Maatschappij B.V.,2019,BDO
37029442,Van den Heerik Beheer Maatschappij B.V.,2020,BDO
37029442,Van den Heerik Beheer Maatschappij B.V.,2022,BDO
27230471,Van der Ende Pompen B.V.,2017,BDO
01056756,Van der Meulen Sneek B.V.,2018,BDO
01056756,Van der Meulen Sneek B.V.,2021,BDO
01056756,Van der Meulen Sneek B.V.,2022,BDO
01056756,Van der Meulen Sneek B.V.,2023,BDO
01056756,Van der Meulen Sneek B.V.,2024,BDO
01177511,Van der Meulen Sneek Holding B.V.,2018,BDO
01177511,Van der Meulen Sneek Holding B.V.,2020,BDO
01177511,Van der Meulen Sneek Holding B.V.,2021,BDO
01177511,Van der Meulen Sneek Holding B.V.,2022,BDO
01177511,Van der Meulen Sneek Holding B.V.,2024,BDO
23030955,Van der Waal Onroerend Goed B.V.,2017,BDO
23030955,Van der Waal Onroerend Goed B.V.,2018,BDO
23030955,Van der Waal Onroerend Goed B.V.,2019,BDO
34060496,Van Dillewijn Group B.V.,2017,BDO
34060496,Van Dillewijn Group B.V.,2018,BDO
34060496,Van Dillewijn Group B.V.,2019,BDO
34060496,Van Dillewijn Group B.V.,2020,BDO
34060496,Van Dillewijn Group B.V.,2021,BDO
71340726,Van Dillewijn Holding B.V.,2018,BDO
71340726,Van Dillewijn Holding B.V.,2019,BDO
71340726,Van Dillewijn Holding B.V.,2020,BDO
71340726,Van Dillewijn Holding B.V.,2021,BDO
17114460,van Geel holding Nederland B.V.,2017,BDO
17114460,van Geel Industrie,2018,BDO
17114460,van Geel Industrie,2019,BDO
24254660,Van Gelder Ridderkerk B.V.,2017,BDO
17006337,Van Laarhoven Holding B.V.,2017,BDO
17006337,Van Laarhoven Holding B.V.,2018,BDO
17005931,Van Laarhoven's Automobielbedrijf B.V.,2017,BDO
23043245,Van Leeuwen Schoonmaak VLS B.V.,2017,BDO
29042872,Van Leeuwen Truck Holding B.V.,2018,BDO
29042872,Van Leeuwen Truck Holding B.V.,2019,BDO
29042872,Van Leeuwen Truck Holding B.V.,2020,BDO
29042872,Van Leeuwen Truck Holding B.V.,2021,BDO
29042872,Van Leeuwen Truck Holding B.V.,2022,BDO
29018034,Van Leeuwen Truckservice B.V.,2017,BDO
29018034,Van Leeuwen Truckservice B.V.,2020,BDO
29018034,Van Leeuwen Truckservice B.V.,2021,BDO
18088987,Van Meel Holding B.V.,2019,BDO
54143446,Van Mierlo Beheer B.V.,2018,BDO
54143446,Van Mierlo Beheer B.V.,2019,BDO
57084114,Van Mierlo Bouwprojecten B.V.,2019,BDO
27347492,Van Mierlo Holding B.V.,2018,BDO
27347492,Van Mierlo Holding B.V.,2019,BDO
29008626,Van Poelgeest Gouda B.V.,2019,BDO
29008626,Van Poelgeest Gouda B.V.,2020,BDO
17055972,Van Rooi Meat B.V.,2017,BDO
17055972,Van Rooi Meat B.V.,2018,BDO
23063811,Van Sillevoldt Rijst B.V.,2019,BDO
23063811,Van Sillevoldt Rijst B.V.,2020,BDO
23063811,Van Sillevoldt Rijst B.V.,2022,BDO
23063811,Van Sillevoldt Rijst B.V.,2023,BDO
23063811,Van Sillevoldt Rijst B.V.,2024,BDO
23063811,Van Sillevoldt Rijst B.V.,2025,BDO
61094935,Van Straalen de Vries Beheer B.V.,2018,BDO
61094935,Van Straalen de Vries Beheer B.V.,2019,BDO
39043882,Van Wijk en Olthuis B.V.,2018,BDO
39043882,Van Wijk en Olthuis B.V.,2019,BDO
39031393,Van Wijk en Olthuis Beheer B.V.,2019,BDO
30055031,Van Wijk Vastgoedonderhoud B.V.,2025,BDO
24314350,Van Zanten Rotterdam B.V.,2022,BDO
24314350,Van Zanten Rotterdam B.V.,2023,BDO
24314350,Van Zanten Rotterdam B.V.,2024,BDO
66853125,Vancis C&MS B.V.,2017,BDO
66853125,Vancis C&MS B.V.,2018,BDO
66853125,Vancis C&MS B.V.,2019,BDO
66853125,Vancis C&MS B.V.,2020,BDO
66853125,Vancis C&MS B.V.,2021,BDO
66853125,Vancis C&MS B.V.,2022,BDO
66853125,Vancis C&MS B.V.,2024,BDO
66853125,Vancis C&MS B.V.,2025,BDO
65628780,Vancis Holding B.V.,2018,BDO
72831979,Vancis Topco B.V.,2018,BDO
72831979,Vancis Topco B.V.,2019,BDO
72831979,Vancis Topco B.V.,2020,BDO
72831979,Vancis Topco B.V.,2021,BDO
58399089,VANDERLINDEN AUTOMOTIVE B.V.,2018,BDO
58399089,VANDERLINDEN AUTOMOTIVE B.V.,2019,BDO
58399089,VANDERLINDEN AUTOMOTIVE B.V.,2020,BDO
58399089,VANDERLINDEN AUTOMOTIVE B.V.,2022,BDO
58399089,VANDERLINDEN AUTOMOTIVE B.V.,2023,BDO
58399089,VANDERLINDEN AUTOMOTIVE B.V.,2024,BDO
18033269,Vanesch Verf Nederland B.V.,2017,BDO
52199177,VanKracht Holding B.V.,2017,BDO
34217597,VANLOMAN B.V.,2024,BDO
34332280,Vantage Drilling Netherlands B.V.,2020,BDO
34332280,Vantage Drilling Netherlands B.V.,2023,BDO
34332280,Vantage Drilling Netherlands B.V.,2024,BDO
09074823,Varex Imaging Group Nederland B.V.,2018,BDO
09074823,Varex Imaging Group Nederland B.V.,2019,BDO
09074823,Varex Imaging Group Nederland B.V.,2020,BDO
09074823,Varex Imaging Group Nederland B.V.,2022,BDO
09066495,Varex Imaging Nederland B.V.,2023,BDO
09066495,Varex Imaging Nederland B.V.,2024,BDO
30100753,Varian Medical Systems Nederland B.V.,2017,BDO
12014417,Veenproducten-Maatschappij Euroveen B.V.,2018,BDO
01060351,Veenstra|Fritom,2019,BDO
01060351,Veenstra|Fritom,2020,BDO
01060351,Veenstra|Fritom b.v.,2017,BDO
35007604,Veerkarton B.V.,2023,BDO
01175778,Veiligheidsregio Fryslân,2024,BDO
34377971,Veiligheidsregio Kennemerland,2018,BDO
34377971,Veiligheidsregio Kennemerland,2019,BDO
34377971,Veiligheidsregio Kennemerland,2020,BDO
37158900,Veiligheidsregio Noord-Holland Noord,2018,BDO
37158900,Veiligheidsregio Noord-Holland Noord,2019,BDO
37158900,Veiligheidsregio Noord-Holland Noord,2020,BDO
34370881,Veiligheidsregio Zaanstreek-Waterland,2018,BDO
34370881,Veiligheidsregio Zaanstreek-Waterland,2019,BDO
34370881,Veiligheidsregio Zaanstreek-Waterland,2020,BDO
33181487,Velcro Holdings B.V.,2022,BDO
33181487,Velcro Holdings B.V.,2023,BDO
33181487,Velcro Holdings B.V.,2024,BDO
51797429,Veld Orthopedische Schoentechniek B.V.,2024,BDO
08184425,Veluwse Onderwijsgroep/bestuursbureau,2019,BDO
08184425,Veluwse Onderwijsgroep/bestuursbureau,2020,BDO
51132710,Venco Nederland B.V.,2017,BDO
51132710,Venco Nederland B.V.,2018,BDO
51132710,Venco Nederland B.V.,2019,BDO
51132710,Venco Nederland B.V.,2022,BDO
17080135,Vencomatic Group B.V.,2018,BDO
17080135,Vencomatic Group B.V.,2019,BDO
17080135,Vencomatic Group B.V.,2020,BDO
17080135,Vencomatic Group B.V.,2021,BDO
17080135,Vencomatic Group B.V.,2022,BDO
17080135,Vencomatic Group B.V.,2023,BDO
17080135,Vencomatic Group B.V.,2024,BDO
52657841,Veneta B.V.,2025,BDO
34205938,Venson Amsterdam B.V.,2017,BDO
34205933,Venson B.V.,2017,BDO
34205938,Venson Gold Amsterdam,2024,BDO
70409501,Venson Gold Holding B.V.,2018,BDO
70409501,Venson Gold Holding B.V.,2019,BDO
70409501,Venson Gold Holding B.V.,2021,BDO
70409501,Venson Gold Holding B.V.,2022,BDO
70409501,Venson Gold Holding B.V.,2023,BDO
70409501,Venson Gold Holding B.V.,2024,BDO
04057650,Vepa Beheer Groep B.V.,2024,BDO
04020132,"Vepa, the furniture factory",2024,BDO
30127415,Verathon Medical (Europe) B.V.,2017,BDO
30127415,Verathon Medical (Europe) B.V.,2019,BDO
30127415,Verathon Medical (Europe) B.V.,2020,BDO
30127415,Verathon Medical (Europe) B.V.,2021,BDO
27125991,"Verdonck, Klooster & Associates B.V.",2017,BDO
27125991,"Verdonck, Klooster & Associates B.V.",2018,BDO
27125991,"Verdonck, Klooster & Associates B.V.",2019,BDO
27125991,"Verdonck, Klooster & Associates B.V.",2020,BDO
27037047,Verebus Engineering B.V.,2018,BDO
76415945,Vereniging KOOS Utrecht,2021,BDO
76415945,Vereniging KOOS Utrecht,2022,BDO
76415945,Vereniging KOOS Utrecht,2023,BDO
76415945,Vereniging KOOS Utrecht,2024,BDO
76415945,Vereniging KOOS Utrecht,2025,BDO
30235217,Vereniging PO-Raad,2018,BDO
40516730,Vereniging tot Behoud van Natuurmonumenten in Nederland,2018,BDO
40516730,Vereniging tot Behoud van Natuurmonumenten in Nederland,2019,BDO
40516730,Vereniging tot Behoud van Natuurmonumenten in Nederland,2020,BDO
40516730,Vereniging tot Behoud van Natuurmonumenten in Nederland,2022,BDO
80226450,Verpakkingsindustrie Stempher B.V.,2023,BDO
80226450,Verpakkingsindustrie Stempher B.V.,2024,BDO
80226450,Verpakkingsindustrie Stempher B.V.,2025,BDO
08137342,Verpleeghuis De Voord,2018,BDO
08137342,Verpleeghuis De Voord,2020,BDO
08137342,Verpleeghuis De Voord,2021,BDO
08137342,Verpleeghuis De Voord,2022,BDO
08137342,Verpleeghuis De Voord,2023,BDO
08137342,Verpleeghuis De Voord,2024,BDO
08137342,Verpleeghuis De Voord,2025,BDO
05060683,Verpleeghuis Zandhove,2019,BDO
05060683,Verpleeghuis Zandhove,2021,BDO
05060683,Verpleeghuis Zandhove,2022,BDO
05060683,Verpleeghuis Zandhove,2023,BDO
05060683,Verpleeghuis Zandhove,2024,BDO
05060683,Verpleeghuis Zandhove,2025,BDO
13038777,Verzinkerij van Aert B.V.,2018,BDO
13038777,Verzinkerij van Aert B.V.,2019,BDO
85303607,Vestas Wind Systems Finance B.V.,2022,BDO
85303607,Vestas Wind Systems Finance B.V.,2024,BDO
29034021,Vestia Den Haag Dr. Lelykade,2019,BDO
29034021,Vestia Den Haag Dr. Lelykade,2020,BDO
35014184,VHC Jongens B.V.,2017,BDO
35014184,VHC Jongens B.V.,2018,BDO
35014184,VHC Jongens B.V.,2019,BDO
35014184,VHC Jongens B.V.,2020,BDO
35014184,VHC Jongens B.V.,2021,BDO
35014184,VHC Jongens B.V.,2022,BDO
35014184,VHC Jongens B.V.,2023,BDO
35014184,VHC Jongens B.V.,2024,BDO
36009673,VHDB B.V.,2018,BDO
36009673,VHDB B.V.,2019,BDO
36009673,VHDB B.V.,2021,BDO
36009673,VHDB B.V.,2022,BDO
36009673,VHDB B.V.,2023,BDO
36009673,VHDB B.V.,2024,BDO
08133426,Viaticus B.V.,2018,BDO
02037153,VIB Netwerken B.V.,2019,BDO
02037153,VIB Netwerken B.V.,2020,BDO
02037153,VIB Netwerken Groningen B.V.,2017,BDO
27024569,VIBA B.V.,2020,BDO
27024569,VIBA B.V.,2021,BDO
27024569,VIBA B.V.,2022,BDO
66845424,Vibe Group Holding B.V.,2019,BDO
66845424,Vibe Group Holding B.V.,2020,BDO
57708479,Vibe Group Netherlands B.V.,2019,BDO
57708479,Vibe Group Netherlands B.V.,2020,BDO
87622653,Victory House Holding B.V.,2022,BDO
52904822,Vida XL B.V.,2021,BDO
52904822,Vida XL B.V.,2023,BDO
52876861,Vida XL International B.V.,2022,BDO
74214144,vidaXL Group B.V.,2019,BDO
74214144,vidaXL Group B.V.,2020,BDO
74214144,vidaXL Group B.V.,2022,BDO
74214144,vidaXL Group B.V.,2023,BDO
41063674,VieCuri Medisch Centrum voor Noord-Limburg,2020,BDO
41063674,VieCuri Medisch Centrum voor Noord-Limburg,2021,BDO
41063674,VieCuri Medisch Centrum voor Noord-Limburg,2022,BDO
41063674,VieCuri Medisch Centrum voor Noord-Limburg,2023,BDO
41063674,VieCuri Medisch Centrum voor Noord-Limburg,2024,BDO
41063674,VieCuri Medisch Centrum voor Noord-Limburg,2025,BDO
09148035,Vilente Mooi-Land/Overdal/Servicebureau/Thuiszorg,2020,BDO
09148035,Vilente Mooi-Land/Overdal/Servicebureau/Thuiszorg,2021,BDO
09148035,Vilente Mooi-Land/Overdal/Servicebureau/Thuiszorg,2022,BDO
09148035,Vilente Mooi-Land/Overdal/Servicebureau/Thuiszorg,2023,BDO
09148035,Vilente Mooi-Land/Overdal/Servicebureau/Thuiszorg,2024,BDO
09148035,Vilente Mooi-Land/Overdal/Servicebureau/Thuiszorg,2025,BDO
28084147,Vink + Veenman B.V.,2017,BDO
76719170,Vink Installatie Groep B.V.,2019,BDO
76719170,Vink Installatie Groep B.V.,2020,BDO
76719170,Vink Installatie Groep B.V.,2022,BDO
76719170,Vink Installatie Groep B.V.,2023,BDO
76719170,Vink Installatie Groep B.V.,2024,BDO
63622378,Vinventions Ohlinger Holdings B.V.,2018,BDO
33206498,Vishandel Jan van As en Zonen B.V.,2018,BDO
33206498,Vishandel Jan van As en Zonen B.V.,2019,BDO
33206498,Vishandel Jan van As en Zonen B.V.,2020,BDO
33206498,Vishandel Jan van As en Zonen B.V.,2022,BDO
09065446,Visser Duiven B.V.,2018,BDO
09052520,Visser Duiven Holding B.V.,2018,BDO
52857107,Visser en Van Baars B.V.,2019,BDO
76886220,Vitae Group B.V.,2020,BDO
75370700,Vital Food Group B.V.,2019,BDO
75370700,Vital Food Group B.V.,2020,BDO
75370700,Vital Food Group B.V.,2022,BDO
75370700,Vital Food Group B.V.,2023,BDO
75370700,Vital Food Group B.V.,2024,BDO
88489663,Vital Food Group Holding B.V.,2022,BDO
88489663,Vital Food Group Holding B.V.,2023,BDO
88489663,Vital Food Group Holding B.V.,2025,BDO
41088255,Vitalis,2019,BDO
41088255,Vitalis,2020,BDO
41088255,Vitalis,2021,BDO
41088255,Vitalis,2022,BDO
41088255,Vitalis,2023,BDO
41088255,Vitalis,2024,BDO
70616302,Vitalys B.V.,2018,BDO
70616302,Vitalys B.V.,2021,BDO
70616302,Vitalys B.V.,2024,BDO
70616302,Vitalys B.V.,2025,BDO
09143276,Vitalys Elst,2019,BDO
09143276,Vitalys Elst,2020,BDO
09143276,Vitalys Elst,2021,BDO
09143276,Vitalys Elst,2022,BDO
09143276,Vitalys Elst,2025,BDO
06073098,Vivochem B.V.,2017,BDO
06073098,Vivochem B.V.,2018,BDO
59177829,VK Greenhouse Projects B.V.,2019,BDO
59177829,VK Greenhouse Projects B.V.,2020,BDO
59177829,VK Greenhouse Projects B.V.,2021,BDO
27283778,VKA Holding B.V.,2018,BDO
27283778,VKA Holding B.V.,2019,BDO
27283778,VKA Holding B.V.,2020,BDO
27283778,VKA Holding B.V.,2021,BDO
28098295,Vlasman Betonbewerkings- en Slooptechnieken B.V.,2017,BDO
28098295,Vlasman Betonbewerkings- en Slooptechnieken B.V.,2018,BDO
28073873,Vlasman Onroerend Goed B.V.,2018,BDO
20033109,Vleescentrale Van der Horst B.V.,2018,BDO
20033109,Vleescentrale Van der Horst B.V.,2019,BDO
20033109,Vleescentrale Van der Horst B.V.,2020,BDO
20033109,Vleescentrale Van der Horst B.V.,2022,BDO
28031393,Vleesgroothandel gebrs. Zandbergen B.V.,2019,BDO
28031393,Vleesgroothandel gebrs. Zandbergen B.V.,2020,BDO
28031393,Vleesgroothandel gebrs. Zandbergen B.V.,2022,BDO
28031393,Vleesgroothandel gebrs. Zandbergen B.V.,2023,BDO
72087641,VLI Holding B.V.,2018,BDO
72087641,VLI Holding B.V.,2019,BDO
72087641,VLI Holding B.V.,2020,BDO
27241650,Vliem Beheer B.V.,2017,BDO
30037676,Vlietjonge B.V.,2017,BDO
30037676,Vlietjonge B.V.,2018,BDO
30037676,Vlietjonge B.V.,2019,BDO
55296432,Vlietjonge Holding B.V.,2018,BDO
55296432,Vlietjonge Holding B.V.,2019,BDO
24263653,Vloertechniek Participatie B.V.,2020,BDO
23076312,VLS Groep B.V.,2017,BDO
32092788,VML Netherlands B.V.,2020,BDO
32092788,VML Netherlands B.V.,2022,BDO
32092788,VML Netherlands B.V.,2023,BDO
32092788,VML Netherlands B.V.,2024,BDO
60188995,VmR Holding B.V.,2018,BDO
60188995,VmR Holding B.V.,2019,BDO
60188995,VmR Holding B.V.,2020,BDO
60188995,VmR Holding B.V.,2023,BDO
60188995,VmR Holding B.V.,2024,BDO
09136819,VO-raad,2018,BDO
09136819,VO-raad,2019,BDO
27291632,Vobeabh B.V.,2019,BDO
27291632,Vobeabh B.V.,2020,BDO
17080238,Voergroep Zuid B.V.,2017,BDO
32040096,voestalpine Track Solutions Netherlands B.V.,2020,BDO
32040096,voestalpine Track Solutions Netherlands B.V.,2021,BDO
32040096,voestalpine Track Solutions Netherlands B.V.,2022,BDO
32040096,voestalpine Track Solutions Netherlands B.V.,2023,BDO
32040096,voestalpine Track Solutions Netherlands B.V.,2024,BDO
32040096,voestalpine Track Solutions Netherlands B.V.,2025,BDO
30131800,voestalpine Turnout Technology Netherlands B.V.,2020,BDO
30131800,voestalpine Turnout Technology Netherlands B.V.,2021,BDO
30131800,voestalpine Turnout Technology Netherlands B.V.,2023,BDO
30131800,voestalpine Turnout Technology Netherlands B.V.,2024,BDO
30131800,voestalpine Turnout Technology Netherlands B.V.,2026,BDO
74796771,VoFast B.V.,2019,BDO
74796771,VoFast B.V.,2020,BDO
74796771,VoFast B.V.,2021,BDO
74796771,VoFast B.V.,2022,BDO
74796771,VoFast B.V.,2023,BDO
33172400,Volkswagen Financial Services N.V.,2017,BDO
33172400,Volkswagen Financial Services N.V.,2018,BDO
33172400,Volkswagen Financial Services N.V.,2019,BDO
33148825,Volkswagen International Finance N.V.,2017,BDO
33148825,Volkswagen International Finance N.V.,2018,BDO
33148825,Volkswagen International Finance N.V.,2019,BDO
24445591,Vopak Terminal Eemshaven,2020,BDO
24445591,Vopak Terminal Eemshaven,2022,BDO
24445591,Vopak Terminal Eemshaven,2023,BDO
24445591,Vopak Terminal Eemshaven,2024,BDO
17247084,VPGG Beheer B.V.,2018,BDO
41105754,Vrienden van Amphia,2018,BDO
18022202,VVBHUSAN B.V.,2017,BDO
37074261,VWS Export - Import of Flowerbulbs B.V.,2019,BDO
75318458,VZM Holding B.V.,2020,BDO
75318458,VZM Holding B.V.,2021,BDO
28020075,W. Heemskerk B.V.,2018,BDO
28020075,W. Heemskerk B.V.,2019,BDO
28020075,W. Heemskerk B.V.,2020,BDO
28020075,W. Heemskerk B.V.,2021,BDO
28020075,W. Heemskerk B.V.,2022,BDO
28020075,W. Heemskerk B.V.,2023,BDO
28020075,W. Heemskerk B.V.,2024,BDO
28020075,W. Heemskerk B.V.,2025,BDO
08083244,W. Prins Holding B.V.,2017,BDO
27103817,W.G. den Heijer & Zn. B.V.,2018,BDO
27103817,W.G. den Heijer & Zn. B.V.,2019,BDO
27103817,W.G. den Heijer & Zn. B.V.,2020,BDO
27103817,W.G. den Heijer & Zn. B.V.,2022,BDO
27103817,W.G. den Heijer & Zn. B.V.,2024,BDO
67345468,W.K. Scherpenzeel Beheer B.V.,2018,BDO
55753728,Walibi Holland B.V.,2021,BDO
83012559,Wallbox N.V.,2021,BDO
83012559,Wallbox N.V.,2022,BDO
60656670,Wambersie B.V.,2018,BDO
18048853,Wandelbos Apotheek,2024,BDO
18048853,Wandelbos Apotheek,2025,BDO
20028187,Wanzl Nederland B.V.,2017,BDO
20028187,Wanzl Nederland B.V.,2018,BDO
20028187,Wanzl Nederland B.V.,2019,BDO
20028187,Wanzl Nederland B.V.,2020,BDO
20028187,Wanzl Nederland B.V.,2021,BDO
20028187,Wanzl Nederland B.V.,2022,BDO
20028187,Wanzl Nederland B.V.,2023,BDO
70358761,Warmtebedrijf Holding B.V.,2017,BDO
70358761,Warmtebedrijf Holding B.V.,2018,BDO
11032697,Warsteiner Benelux B.V.,2017,BDO
11017159,Wassenburg Medical B.V.,2023,BDO
62116037,Waterhouse Trust B.V.,2018,BDO
62116037,Waterhouse Trust B.V.,2020,BDO
62116037,Waterhouse Trust B.V.,2022,BDO
64208338,Waterschap Drents Overijsselse Delta,2020,BDO
64208338,Waterschap Drents Overijsselse Delta,2022,BDO
64208338,Waterschap Drents Overijsselse Delta,2025,BDO
67682065,Waterschap Limburg,2020,BDO
67682065,Waterschap Limburg,2022,BDO
67682065,Waterschap Limburg,2023,BDO
67682065,Waterschap Limburg,2024,BDO
67682065,Waterschap Limburg,2025,BDO
30281419,Waterschap Rivierenland,2019,BDO
30281419,Waterschap Rivierenland,2020,BDO
30281419,Waterschap Rivierenland,2022,BDO
30281419,Waterschap Rivierenland,2023,BDO
32164084,Waterschap Zuiderzeeland,2019,BDO
32164084,Waterschap Zuiderzeeland,2020,BDO
50453483,Waterschapsbedrijf Limburg,2020,BDO
50453483,Waterschapsbedrijf Limburg,2021,BDO
58972676,Waterschapshuis waterschap Vechtstromen,2018,BDO
58972676,Waterschapshuis waterschap Vechtstromen,2019,BDO
58972676,Waterschapshuis waterschap Vechtstromen,2020,BDO
58972676,Waterschapshuis waterschap Vechtstromen,2021,BDO
58972676,Waterschapshuis waterschap Vechtstromen,2024,BDO
58972676,Waterschapshuis waterschap Vechtstromen,2025,BDO
91910730,Wayfer Holding B.V.,2025,BDO
33255506,WAYSIS B.V.,2017,BDO
30091261,WE International B.V.,2017,BDO
30091261,WE International B.V.,2018,BDO
30091261,WE International B.V.,2019,BDO
30091261,WE International B.V.,2020,BDO
30091261,WE International B.V.,2021,BDO
30091261,WE International B.V.,2022,BDO
30091261,WE International B.V.,2023,BDO
30091261,WE International B.V.,2024,BDO
30091261,WE International B.V.,2025,BDO
14061652,Wealer B.V.,2017,BDO
14061652,Wealer B.V.,2018,BDO
14061652,Wealer B.V.,2019,BDO
14061652,Wealer B.V.,2020,BDO
14061652,Wealer B.V.,2021,BDO
14061652,Wealer B.V.,2022,BDO
14061652,Wealer B.V.,2023,BDO
14061652,Wealer B.V.,2024,BDO
37156102,WEBB Invest B.V.,2022,BDO
37156102,WEBB Invest B.V.,2023,BDO
37156102,WEBB Invest B.V.,2024,BDO
37156109,WEBB Traders B.V.,2022,BDO
37156109,WEBB Traders B.V.,2023,BDO
37156109,WEBB Traders B.V.,2024,BDO
37156109,WEBB Traders B.V.,2025,BDO
01098678,Weber-Stephen Holland B.V.,2017,BDO
01098678,Weber-Stephen Holland B.V.,2018,BDO
01098678,Weber-Stephen Holland B.V.,2019,BDO
01098678,Weber-Stephen Holland B.V.,2020,BDO
01098678,Weber-Stephen Holland B.V.,2021,BDO
01098678,Weber-Stephen Holland B.V.,2022,BDO
01098678,Weber-Stephen Holland B.V.,2024,BDO
04077147,Weca Holding B.V.,2018,BDO
04077147,Weca Holding B.V.,2019,BDO
04077147,Weca Holding B.V.,2020,BDO
04077147,Weca Holding B.V.,2022,BDO
34094918,Wed. G.J. Nijssen Beheer B.V.,2018,BDO
34094918,Wed. G.J. Nijssen Beheer B.V.,2019,BDO
34094918,Wed. G.J. Nijssen Beheer B.V.,2020,BDO
34094918,Wed. G.J. Nijssen Beheer B.V.,2022,BDO
34094918,Wed. G.J. Nijssen Beheer B.V.,2023,BDO
34094918,Wed. G.J. Nijssen Beheer B.V.,2024,BDO
05030394,Weekamp Deuren,2018,BDO
05030394,Weekamp Deuren B.V.,2017,BDO
63268531,Well Gear B.V.,2022,BDO
63268531,Well Gear B.V.,2023,BDO
63268531,Well Gear B.V.,2024,BDO
63263629,Well Gear Group B.V.,2019,BDO
63263629,Well Gear Group B.V.,2020,BDO
63263629,Well Gear Group B.V.,2021,BDO
63263629,Well Gear Group B.V.,2023,BDO
63263629,Well Gear Group B.V.,2024,BDO
04075920,Well Services,2023,BDO
04075920,Well Services,2024,BDO
16038826,Wemo Nederland B.V.,2017,BDO
16038826,Wemo Nederland B.V.,2018,BDO
16038826,Wemo Nederland B.V.,2019,BDO
16038826,Wemo Nederland B.V.,2020,BDO
16038826,Wemo Nederland B.V.,2022,BDO
09107831,Werk en Vakmanschap Beheer B.V.,2019,BDO
09107831,Werk en Vakmanschap Beheer B.V.,2020,BDO
09107831,Werk en Vakmanschap Beheer B.V.,2021,BDO
09107831,Werk en Vakmanschap Beheer B.V.,2022,BDO
09107831,Werk en Vakmanschap Beheer B.V.,2024,BDO
09107844,Werk en Vakmanschap Personeels B.V.,2019,BDO
09107844,Werk en Vakmanschap Personeels B.V.,2020,BDO
09107844,Werk en Vakmanschap Personeels B.V.,2024,BDO
08214160,Werkbedrijf Lucrato,2018,BDO
01149804,Werkplein Fivelingo,2017,BDO
01149804,Werkplein Fivelingo,2018,BDO
12023786,West Investment Reuver B.V.,2018,BDO
12023786,West Investment Reuver B.V.,2019,BDO
32064698,Westland Holding B.V.,2023,BDO
32064698,Westland Holding B.V.,2024,BDO
27176688,Westland Infra Netbeheer B.V.,2021,BDO
27176688,Westland Infra Netbeheer B.V.,2022,BDO
27176688,Westland Infra Netbeheer B.V.,2023,BDO
69979863,Westland Kaas B.V.,2024,BDO
69981337,Westland Kaasspecialiteiten B.V.,2023,BDO
56565178,Whaleshark Participaties B.V.,2018,BDO
82753539,White Midco B.V.,2021,BDO
82753539,White Midco B.V.,2022,BDO
82753539,White Midco B.V.,2023,BDO
82753539,White Midco B.V.,2024,BDO
08030791,Wibra Holding B.V.,2018,BDO
08030791,Wibra Holding B.V.,2019,BDO
08030791,Wibra Holding B.V.,2020,BDO
08030791,Wibra Holding B.V.,2022,BDO
08032856,Wibra Supermarkt B.V.,2017,BDO
08032856,Wibra Supermarkt B.V.,2018,BDO
08032856,Wibra Supermarkt B.V.,2019,BDO
08032856,Wibra Supermarkt B.V.,2020,BDO
08032856,Wibra Supermarkt B.V.,2022,BDO
08032856,Wibra Supermarkt B.V.,2023,BDO
08032856,Wibra Supermarkt B.V.,2024,BDO
14064878,Wiertz Company B.V.,2025,BDO
17125102,Wij zijn JONG Holding B.V.,2023,BDO
17125102,Wij zijn JONG Holding B.V.,2024,BDO
17125102,Wij zijn JONG Holding B.V.,2025,BDO
12017468,Wijnen Bouw Horst B.V.,2017,BDO
17192527,Wijnen Bouw Schijndel B.V.,2017,BDO
17033749,Wijnen Bouw Someren B.V.,2017,BDO
17112556,Wijnen Bouwgroep B.V.,2017,BDO
16053774,Wijnen Meat B.V.,2017,BDO
50209183,Wijnoud Woerden B.V.,2018,BDO
50209183,Wijnoud Woerden B.V.,2019,BDO
50209183,Wijnoud Woerden B.V.,2020,BDO
61953512,Wijori Vastgoed B.V.,2021,BDO
61953512,Wijori Vastgoed B.V.,2022,BDO
61953512,Wijori Vastgoed B.V.,2023,BDO
61953512,Wijori Vastgoed B.V.,2024,BDO
61953512,Wijori Vastgoed B.V.,2025,BDO
33192028,Wijs & Van Oostveen Beheer B.V.,2018,BDO
33192028,Wijs & Van Oostveen Beheer B.V.,2019,BDO
33192028,Wijs & Van Oostveen Beheer B.V.,2020,BDO
33192028,Wijs & Van Oostveen Beheer B.V.,2021,BDO
33192028,Wijs & Van Oostveen Beheer B.V.,2022,BDO
33192028,Wijs & Van Oostveen Beheer B.V.,2023,BDO
33192028,Wijs & Van Oostveen Beheer B.V.,2024,BDO
08031486,Wila B.V.,2017,BDO
08031486,Wila B.V.,2018,BDO
08031486,Wila B.V.,2019,BDO
08031486,Wila B.V.,2020,BDO
08031486,Wila B.V.,2021,BDO
08031486,Wila B.V.,2022,BDO
08031486,Wila B.V.,2023,BDO
08031486,Wila B.V.,2024,BDO
94849730,Wila Holding B.V.,2024,BDO
04061211,Wildlands Adventure Zoo Emmen B.V.,2023,BDO
87818760,Willem II Holding B.V.,2023,BDO
87818760,Willem II Holding B.V.,2024,BDO
18064000,Willem II Tilburg B.V.,2020,BDO
18064000,Willem II Tilburg B.V.,2021,BDO
18064000,Willem II Tilburg B.V.,2022,BDO
18064000,Willem II Tilburg B.V.,2023,BDO
34039300,Wilo Nederland B.V.,2018,BDO
34039300,Wilo Nederland B.V.,2019,BDO
34039300,Wilo Nederland B.V.,2020,BDO
34039300,Wilo Nederland B.V.,2023,BDO
62102109,Wilvo Holding B.V.,2018,BDO
17096204,WILVO Metaalbewerking B.V.,2017,BDO
17096204,WILVO Metaalbewerking B.V.,2018,BDO
17096204,WILVO Metaalbewerking B.V.,2019,BDO
17096204,WILVO Metaalbewerking B.V.,2020,BDO
17096204,WILVO Metaalbewerking B.V.,2021,BDO
17096204,WILVO Metaalbewerking B.V.,2022,BDO
17096204,WILVO Metaalbewerking B.V.,2023,BDO
31031095,WILVO Nijkerk B.V.,2022,BDO
31031095,WILVO Nijkerk B.V.,2023,BDO
09050599,Wisa B.V.,2017,BDO
09050599,Wisa B.V.,2018,BDO
09050599,Wisa B.V.,2019,BDO
23060661,Wisman Beheer,2022,BDO
23072094,Wisman Vervoercentrum Dordrecht,2020,BDO
23072094,Wisman Vervoercentrum Dordrecht,2021,BDO
23072094,Wisman Vervoercentrum Dordrecht,2022,BDO
06049339,Witzand Bouwmaterialen B.V.,2020,BDO
06049339,Witzand Bouwmaterialen B.V.,2021,BDO
06049339,Witzand Bouwmaterialen B.V.,2022,BDO
06049339,Witzand Bouwmaterialen B.V.,2023,BDO
06049339,Witzand Bouwmaterialen B.V.,2024,BDO
06049339,Witzand Bouwmaterialen B.V.,2025,BDO
06079125,Witzand Holding B.V.,2017,BDO
06079125,Witzand Holding B.V.,2018,BDO
06079125,Witzand Holding B.V.,2019,BDO
04006089,WMD Drinkwater N.V.,2023,BDO
04006089,WMD Drinkwater N.V.,2024,BDO
17038530,woCom,2018,BDO
17038530,woCom,2019,BDO
17038530,woCom,2020,BDO
17038530,woCom,2022,BDO
17038530,woCom,2023,BDO
17038530,woCom,2024,BDO
17038530,woCom,2025,BDO
06043685,Wolters Kunststoffen- en Emballage Industrie B.V.,2017,BDO
60384867,WOM Den Haag Zuidwest B.V.,2023,BDO
64385612,Womy Equipment Rental B.V.,2022,BDO
24277193,Womy equipment supply B.V.,2019,BDO
24277193,Womy equipment supply B.V.,2020,BDO
24277193,Womy equipment supply B.V.,2023,BDO
24277193,Womy equipment supply B.V.,2024,BDO
37030918,"Woningbouwvereniging ""Beter Wonen""",2020,BDO
37030918,Woningbouwvereniging 'Beter Wonen',2017,BDO
17024189,Woningbouwvereniging 'Volksbelang',2017,BDO
17024192,Woningbouwvereniging Bergopwaarts,2017,BDO
17024192,Woningbouwvereniging Bergopwaarts,2018,BDO
17024192,Woningbouwvereniging Bergopwaarts,2019,BDO
17024192,Woningbouwvereniging Bergopwaarts,2020,BDO
17024192,Woningbouwvereniging Bergopwaarts,2021,BDO
17024192,Woningbouwvereniging Bergopwaarts,2022,BDO
17024192,Woningbouwvereniging Bergopwaarts,2023,BDO
17024192,Woningbouwvereniging Bergopwaarts,2024,BDO
14031369,Woningstichting 'De Voorzorg',2017,BDO
09086671,Woningstichting Barneveld,2017,BDO
09086671,Woningstichting Barneveld,2018,BDO
09086671,Woningstichting Barneveld,2019,BDO
09086671,Woningstichting Barneveld,2020,BDO
05047411,Woningstichting Beter Wonen Vechtdal,2017,BDO
04034340,Woningstichting De Volmacht,2018,BDO
04034340,Woningstichting De Volmacht,2019,BDO
04034340,Woningstichting De Volmacht,2020,BDO
04034340,Woningstichting De Volmacht,2021,BDO
04034340,Woningstichting De Volmacht,2022,BDO
04034340,Woningstichting De Volmacht,2023,BDO
04034340,Woningstichting De Volmacht,2025,BDO
41038970,Woningstichting De Woonplaats,2020,BDO
41038970,Woningstichting De Woonplaats,2021,BDO
41038970,Woningstichting De Woonplaats,2022,BDO
41038970,Woningstichting De Woonplaats,2023,BDO
41038970,Woningstichting De Woonplaats,2024,BDO
41038970,Woningstichting De Woonplaats,2025,BDO
37030636,Woningstichting Den Helder,2017,BDO
37030636,Woningstichting Den Helder,2018,BDO
37030636,Woningstichting Den Helder,2019,BDO
37030636,Woningstichting Den Helder,2020,BDO
37030636,Woningstichting Den Helder,2021,BDO
37030636,Woningstichting Den Helder,2022,BDO
37030636,Woningstichting Den Helder,2023,BDO
39036239,Woningstichting GoedeStede,2025,BDO
37030589,Woningstichting Kennemer Wonen,2020,BDO
37030589,Woningstichting Kennemer Wonen,2021,BDO
37030589,Woningstichting Kennemer Wonen,2022,BDO
37030589,Woningstichting Kennemer Wonen,2023,BDO
11013536,Woningstichting Maasdriel,2017,BDO
11013536,Woningstichting Maasdriel,2019,BDO
41042105,Woningstichting Nijkerk,2017,BDO
41042105,Woningstichting Nijkerk,2018,BDO
08013464,Woningstichting Putten,2017,BDO
41134627,Woningstichting Ressort Wonen,2017,BDO
38013279,Woningstichting SallandWonen,2017,BDO
38013279,Woningstichting SallandWonen,2018,BDO
38013279,Woningstichting SallandWonen,2019,BDO
38013279,Woningstichting SallandWonen,2020,BDO
38013279,Woningstichting SallandWonen,2022,BDO
38013279,Woningstichting SallandWonen,2023,BDO
28036171,Woningstichting Sint Antonius van Padua,2017,BDO
28036171,Woningstichting Sint Antonius van Padua,2018,BDO
28036171,Woningstichting Sint Antonius van Padua,2019,BDO
28036171,Woningstichting Sint Antonius van Padua,2020,BDO
28036171,Woningstichting Sint Antonius van Padua,2022,BDO
28036171,Woningstichting Sint Antonius van Padua,2023,BDO
06032776,Woningstichting Sint Joseph Almelo,2020,BDO
06032776,Woningstichting Sint Joseph Almelo,2022,BDO
06032776,Woningstichting Sint Joseph Almelo,2023,BDO
06032776,Woningstichting Sint Joseph Almelo,2024,BDO
06032776,Woningstichting Sint Joseph Almelo,2025,BDO
37030892,Woningstichting Van Alckmaer voor Wonen,2017,BDO
37030892,Woningstichting Van Alckmaer voor Wonen,2018,BDO
41041816,Woningstichting Veluwonen,2017,BDO
02033956,Woningstichting Wierden en Borgen,2017,BDO
13011861,Woningvereniging St. Joseph,2017,BDO
30262310,Wooden Ships B.V.,2018,BDO
30262310,Wooden Ships B.V.,2019,BDO
30262310,Wooden Ships B.V.,2020,BDO
30262310,Wooden Ships B.V.,2021,BDO
77530470,WoodWing Group Holding B.V.,2020,BDO
77530470,WoodWing Group Holding B.V.,2021,BDO
77530470,WoodWing Group Holding B.V.,2022,BDO
77530470,WoodWing Group Holding B.V.,2023,BDO
77530470,WoodWing Group Holding B.V.,2024,BDO
34134682,WoodWing Software B.V.,2022,BDO
34134682,WoodWing Software B.V.,2023,BDO
34134682,WoodWing Software B.V.,2024,BDO
41244253,"Woon- en Zorgcentrum ""Humanitas""",2019,BDO
41244253,"Woon- en Zorgcentrum ""Humanitas""",2020,BDO
41244253,"Woon- en Zorgcentrum ""Humanitas""",2021,BDO
41244253,"Woon- en Zorgcentrum ""Humanitas""",2022,BDO
41244253,"Woon- en Zorgcentrum ""Humanitas""",2023,BDO
41244253,"Woon- en Zorgcentrum ""Humanitas""",2024,BDO
17058500,Woonbedrijf,2017,BDO
17058500,Woonbedrijf,2018,BDO
17058500,Woonbedrijf,2019,BDO
17058500,Woonbedrijf,2020,BDO
17058500,Woonbedrijf,2021,BDO
17058500,Woonbedrijf,2022,BDO
17058500,Woonbedrijf,2023,BDO
17058500,Woonbedrijf,2024,BDO
24108291,Woonbron,2019,BDO
24108291,Woonbron,2020,BDO
24108291,Woonbron,2021,BDO
24108291,Woonbron,2022,BDO
24108291,Woonbron,2023,BDO
24108291,Woonbron,2024,BDO
24108291,Woonbron,2025,BDO
08080227,Wooncentrum Veenendaal B.V.,2023,BDO
08080227,Wooncentrum Veenendaal B.V.,2024,BDO
23034176,Woongoed Goeree-Overflakkee,2017,BDO
21013149,Woongoed Zeeuws-Vlaanderen,2019,BDO
21013149,Woongoed Zeeuws-Vlaanderen,2020,BDO
21013149,Woongoed Zeeuws-Vlaanderen,2022,BDO
21013149,Woongoed Zeeuws-Vlaanderen,2023,BDO
21013149,Woongoed Zeeuws-Vlaanderen,2024,BDO
21013149,Woongoed Zeeuws-Vlaanderen,2025,BDO
17007288,Wooninc.,2020,BDO
17007288,Wooninc.,2021,BDO
17007288,Wooninc.,2022,BDO
17007288,Wooninc.,2023,BDO
17007288,Wooninc.,2024,BDO
17007288,Wooninc.,2025,BDO
23060266,Woonkracht10,2018,BDO
23060266,Woonkracht10,2019,BDO
23060266,Woonkracht10,2020,BDO
23060266,Woonkracht10,2022,BDO
23060266,Woonkracht10,2024,BDO
29045958,Woonpartners Midden-Holland,2025,BDO
09055271,Woonstede,2019,BDO
09055271,Woonstede,2020,BDO
09055271,Woonstede,2022,BDO
09055271,Woonstede,2023,BDO
09055271,Woonstede,2024,BDO
16046495,Woonstichting Charlotte van Beuningen,2019,BDO
16046495,Woonstichting Charlotte van Beuningen,2020,BDO
16046495,Woonstichting Charlotte van Beuningen,2021,BDO
16046495,Woonstichting Charlotte van Beuningen,2022,BDO
16046495,Woonstichting Charlotte van Beuningen,2023,BDO
16046495,Woonstichting Charlotte van Beuningen,2024,BDO
16024825,Woonstichting JOOST,2019,BDO
16024825,Woonstichting JOOST,2020,BDO
18115616,Woonstichting Land van Altena,2018,BDO
18115616,Woonstichting Land van Altena,2019,BDO
18115616,Woonstichting Land van Altena,2020,BDO
18115616,Woonstichting Land van Altena,2021,BDO
18115616,Woonstichting Land van Altena,2022,BDO
37030590,Woonstichting Langedijk,2017,BDO
37030590,Woonstichting Langedijk,2018,BDO
37030590,Woonstichting Langedijk,2019,BDO
16024825,Woonstichting St. Joseph,2017,BDO
28023790,Woonstichting Stek,2021,BDO
28023790,Woonstichting Stek,2022,BDO
28023790,Woonstichting Stek,2023,BDO
28023790,Woonstichting Stek,2024,BDO
08027485,Woonstichting Triada,2019,BDO
08027485,Woonstichting Triada,2020,BDO
08027485,Woonstichting Triada,2021,BDO
08027485,Woonstichting Triada,2022,BDO
08027485,Woonstichting Triada,2023,BDO
08027485,Woonstichting Triada,2024,BDO
08027485,Woonstichting Triada,2025,BDO
05047324,Woonstichting Vechthorst,2017,BDO
05047324,Woonstichting Vechthorst,2018,BDO
05047324,Woonstichting VechtHorst,2019,BDO
05047324,Woonstichting VechtHorst,2020,BDO
05047324,Woonstichting VechtHorst,2021,BDO
05047324,Woonstichting VechtHorst,2022,BDO
05047324,Woonstichting VechtHorst,2023,BDO
05047324,Woonstichting VechtHorst,2024,BDO
17024189,Woonstichting Volksbelang Helmond,2018,BDO
18115545,Woonveste,2022,BDO
18115545,Woonveste,2023,BDO
18115545,Woonveste,2024,BDO
18115545,Woonveste,2025,BDO
12012275,Woonwenz,2020,BDO
12012275,Woonwenz,2022,BDO
12012275,Woonwenz,2023,BDO
12012275,Woonwenz,2024,BDO
12012275,Woonwenz,2025,BDO
33107894,Woonzorg Nederland,2018,BDO
33107894,Woonzorg Nederland,2019,BDO
33107894,Woonzorg Nederland,2020,BDO
33107894,Woonzorg Nederland,2021,BDO
33107894,Woonzorg Nederland,2022,BDO
33107894,Woonzorg Nederland,2023,BDO
70095639,Workplanit B.V.,2018,BDO
70095639,Workplanit B.V.,2019,BDO
70095639,Workplanit B.V.,2020,BDO
70095639,Workplanit B.V.,2021,BDO
70095639,Workplanit B.V.,2022,BDO
24178577,Workships Group B.V.,2017,BDO
24178577,Workships Group B.V.,2018,BDO
24178577,Workships Group B.V.,2019,BDO
24178577,Workships Group B.V.,2021,BDO
24178577,Workships Group B.V.,2022,BDO
24178577,Workships Group B.V.,2023,BDO
24178577,Workships Group B.V.,2024,BDO
14097687,WorldOne Holding B.V.,2017,BDO
14097687,WorldOne Holding B.V.,2018,BDO
35017759,WOV,2022,BDO
35017759,WOV,2023,BDO
35017759,WOV,2024,BDO
33134100,WPG Uitgevers B.V.,2025,BDO
08087968,WTS Energy Holding B.V.,2017,BDO
08087968,WTS Energy Holding B.V.,2018,BDO
08087968,WTS Energy Holding B.V.,2020,BDO
08087968,WTS Energy Holding B.V.,2022,BDO
08087968,WTS Energy Holding B.V.,2023,BDO
08087968,WTS Energy Holding B.V.,2024,BDO
20092734,Wuppermann Staal Nederland B.V.,2017,BDO
20092734,Wuppermann Staal Nederland B.V.,2018,BDO
20092734,Wuppermann Staal Nederland B.V.,2019,BDO
20092734,Wuppermann Staal Nederland B.V.,2020,BDO
16077661,Wurth Finance International B.V.,2024,BDO
16077661,Wurth Finance International B.V.,2025,BDO
86655558,X-Fittt Healthcenter Gennep B.V.,2022,BDO
08069776,Xaja Defeat B.V.,2019,BDO
16032653,Xenos B.V.,2020,BDO
16032653,Xenos B.V.,2021,BDO
16032653,Xenos B.V.,2022,BDO
16032653,Xenos B.V.,2023,BDO
16032653,Xenos B.V.,2024,BDO
12031132,Xerographic Print Service Holding B.V.,2018,BDO
12031132,Xerographic Print Service Holding B.V.,2019,BDO
12031132,Xerographic Print Service Holding B.V.,2020,BDO
12031132,Xerographic Print Service Holding B.V.,2021,BDO
12031132,Xerographic Print Service Holding B.V.,2022,BDO
30241750,Xpert Clinics MSZ,2020,BDO
30241750,Xpert Clinics MSZ,2021,BDO
51531100,Xpert Clinics Proctologie,2019,BDO
51531100,Xpert Clinics Proctologie,2020,BDO
51531100,Xpert Clinics Proctologie,2021,BDO
71132171,XRH Beheer B.V.,2020,BDO
71132171,XRH Beheer B.V.,2021,BDO
71132171,XRH Beheer B.V.,2022,BDO
71132171,XRH Beheer B.V.,2023,BDO
71132171,XRH Beheer B.V.,2024,BDO
30092792,XTANDIT B.V.,2017,BDO
76006921,Yellow B.V.,2019,BDO
76006921,Yellow B.V.,2020,BDO
76006921,Yellow B.V.,2022,BDO
76006921,Yellow B.V.,2023,BDO
81194722,Yes We Can Beheer B.V.,2022,BDO
81194722,Yes We Can Beheer B.V.,2023,BDO
81194722,Yes We Can Beheer B.V.,2024,BDO
81194722,Yes We Can Beheer B.V.,2025,BDO
70556822,Yes We Can Clinics B.V.,2018,BDO
70556822,Yes We Can Clinics B.V.,2019,BDO
70556822,Yes We Can Clinics B.V.,2020,BDO
70556822,Yes We Can Clinics B.V.,2021,BDO
70556822,Yes We Can Clinics B.V.,2022,BDO
70556822,Yes We Can Clinics B.V.,2023,BDO
70556822,Yes We Can Clinics B.V.,2024,BDO
70556822,Yes We Can Clinics B.V.,2025,BDO
77082907,Yes We Can Healthcare Group B.V.,2020,BDO
77082907,Yes We Can Healthcare Group B.V.,2021,BDO
80780024,Yield Topco B.V.,2021,BDO
80780024,Yield Topco B.V.,2022,BDO
80780024,Yield Topco B.V.,2023,BDO
80780024,Yield Topco B.V.,2024,BDO
80780024,Yield Topco B.V.,2025,BDO
64929361,YMBA B.V.,2018,BDO
64929361,YMBA B.V.,2019,BDO
64929361,YMBA B.V.,2020,BDO
64929361,YMBA B.V.,2022,BDO
64929361,YMBA B.V.,2023,BDO
64929361,YMBA B.V.,2024,BDO
34159324,Ymere Ontwikkeling B.V.,2017,BDO
34159324,Ymere Ontwikkeling B.V.,2018,BDO
34159324,Ymere Ontwikkeling B.V.,2019,BDO
73057053,Yondr Group Holdings B.V.,2019,BDO
73057053,Yondr Group Holdings B.V.,2020,BDO
73057053,Yondr Group Holdings B.V.,2023,BDO
73057053,Yondr Group Holdings B.V.,2025,BDO
73356255,Yondr Netherlands B.V.,2020,BDO
73356255,Yondr Netherlands B.V.,2021,BDO
73356255,Yondr Netherlands B.V.,2022,BDO
24157614,Yusen Logistics (Benelux) B.V.,2017,BDO
24157614,Yusen Logistics (Benelux) B.V.,2018,BDO
24157614,Yusen Logistics Benelux,2019,BDO
24157614,Yusen Logistics Benelux,2020,BDO
70184887,Yvastgoed B.V.,2018,BDO
70184887,Yvastgoed B.V.,2020,BDO
70184887,Yvastgoed B.V.,2023,BDO
64669661,Yxion Group B.V.,2018,BDO
27223127,Zalox B.V.,2017,BDO
27223127,Zalox B.V.,2018,BDO
27223127,Zalox B.V.,2019,BDO
30163408,Zanders & Partners Holding B.V.,2017,BDO
30163408,Zanders & Partners Holding B.V.,2018,BDO
30163408,Zanders & Partners Holding B.V.,2019,BDO
30163408,Zanders & Partners Holding B.V.,2020,BDO
30163408,Zanders & Partners Holding B.V.,2022,BDO
30163408,Zanders & Partners Holding B.V.,2023,BDO
30163408,Zanders & Partners Holding B.V.,2024,BDO
30112147,Zanders B.V.,2017,BDO
30112147,Zanders B.V.,2018,BDO
30112147,Zanders B.V.,2019,BDO
30112147,Zanders B.V.,2020,BDO
30112147,Zanders B.V.,2023,BDO
30112147,Zanders B.V.,2024,BDO
73656909,Zandhandel & Overslagbedrijf van der Waal B.V.,2022,BDO
27224050,Zandvliet Vleeswaren II B.V.,2017,BDO
27224050,Zandvliet Vleeswaren II B.V.,2018,BDO
27224050,Zandvliet Vleeswaren II B.V.,2019,BDO
34041535,Zantingh B.V.,2018,BDO
34041535,Zantingh B.V.,2019,BDO
34041535,Zantingh B.V.,2020,BDO
34041535,Zantingh B.V.,2021,BDO
34041535,Zantingh B.V.,2022,BDO
34041535,Zantingh B.V.,2023,BDO
27144447,ZEbetting & Gaming Nederland B.V.,2017,BDO
02333145,Zeefbandentechniek Beheer B.V.,2020,BDO
37162492,Zero Motorcycles,2022,BDO
37162492,Zero Motorcycles,2024,BDO
39064296,Zetacom B.V.,2017,BDO
39064296,Zetacom B.V.,2018,BDO
39064296,Zetacom B.V.,2019,BDO
39064296,Zetacom B.V.,2020,BDO
57861978,Zetacom Holding B.V.,2018,BDO
57861978,Zetacom Holding B.V.,2019,BDO
57861978,Zetacom Holding B.V.,2020,BDO
20027504,Zevij,2017,BDO
20027504,Zevij,2019,BDO
20027504,Zevij,2020,BDO
20027504,Zevij,2021,BDO
20076733,Zevij-Necomij B.V.,2017,BDO
20076733,Zevij-Necomij B.V.,2018,BDO
20076733,Zevij-Necomij B.V.,2019,BDO
20076733,Zevij-Necomij B.V.,2020,BDO
20076733,Zevij-Necomij B.V.,2021,BDO
41000763,"Ziekenhuis ""Nij Smellinghe""",2019,BDO
41000763,"Ziekenhuis ""Nij Smellinghe""",2020,BDO
41000763,"Ziekenhuis ""Nij Smellinghe""",2021,BDO
41000763,"Ziekenhuis ""Nij Smellinghe""",2022,BDO
41000763,"Ziekenhuis ""Nij Smellinghe""",2023,BDO
41000763,"Ziekenhuis ""Nij Smellinghe""",2024,BDO
41000763,"Ziekenhuis ""Nij Smellinghe""",2025,BDO
09096140,"Ziekenhuis Rijnstate, locatie Arnhem Hoofdvestiging",2024,BDO
09096140,"Ziekenhuis Rijnstate, locatie Arnhem Hoofdvestiging",2025,BDO
41035024,Ziekenhuis St Jansdal,2019,BDO
41035024,Ziekenhuis St Jansdal,2020,BDO
41035024,Ziekenhuis St Jansdal,2021,BDO
41035024,Ziekenhuis St Jansdal,2023,BDO
41035024,Ziekenhuis St Jansdal,2024,BDO
41035024,Ziekenhuis St Jansdal,2025,BDO
04048379,Ziengs Schoenen B.V.,2020,BDO
04048379,Ziengs Schoenen B.V.,2021,BDO
09067662,Zijm B.V.,2017,BDO
65072987,Zilkro & Company B.V.,2018,BDO
65072987,Zilkro & Company B.V.,2019,BDO
65072987,Zilkro & Company B.V.,2020,BDO
17108930,Zinkunie B.V.,2018,BDO
17108930,Zinkunie B.V.,2019,BDO
17108930,Zinkunie B.V.,2020,BDO
17108930,Zinkunie B.V.,2021,BDO
17108930,Zinkunie B.V.,2022,BDO
17108930,Zinkunie B.V.,2023,BDO
17108930,Zinkunie B.V.,2024,BDO
82458677,Zodiac Midco B.V.,2023,BDO
82458677,Zodiac Midco B.V.,2024,BDO
31044345,Zoll International Holding B.V.,2018,BDO
31044345,Zoll International Holding B.V.,2019,BDO
31044345,Zoll International Holding B.V.,2020,BDO
31044345,Zoll International Holding B.V.,2022,BDO
31044345,Zoll International Holding B.V.,2023,BDO
31044345,Zoll International Holding B.V.,2024,BDO
31044345,Zoll International Holding B.V.,2025,BDO
09098652,Zone.college,2018,BDO
09098652,Zone.college,2020,BDO
85052264,Zorg NU Holding B.V.,2022,BDO
85052264,Zorg NU Holding B.V.,2023,BDO
85052264,Zorg NU Holding B.V.,2024,BDO
85052264,Zorg NU Holding B.V.,2025,BDO
24404232,Zorgapotheek Nederland B.V.,2018,BDO
71457925,Zorgboerderij Polderpracht,2022,BDO
71457925,Zorgboerderij Polderpracht,2023,BDO
74447130,Zorgbureau De La Vie B.V.,2018,BDO
74447130,Zorgbureau De La Vie B.V.,2019,BDO
20100046,Zorgbureau De Puzzel B.V.,2022,BDO
20100046,Zorgbureau De Puzzel B.V.,2025,BDO
11043745,Zorgcentra De Betuwe/De Valentijn,2019,BDO
11043745,Zorgcentra De Betuwe/De Valentijn,2020,BDO
11043745,Zorgcentra De Betuwe/De Valentijn,2021,BDO
11043745,Zorgcentra De Betuwe/De Valentijn,2022,BDO
11043745,Zorgcentra De Betuwe/De Valentijn,2023,BDO
11043745,Zorgcentra De Betuwe/De Valentijn,2024,BDO
11043745,Zorgcentra De Betuwe/De Valentijn,2025,BDO
17200931,Zorgcentrum Amaliazorg,2021,BDO
17200931,Zorgcentrum Amaliazorg,2022,BDO
17200931,Zorgcentrum Amaliazorg,2023,BDO
17200931,Zorgcentrum Amaliazorg,2024,BDO
17200931,Zorgcentrum Amaliazorg,2025,BDO
41114350,Zorgcentrum Ter Weel,2019,BDO
41114350,Zorgcentrum Ter Weel,2020,BDO
41114350,Zorgcentrum Ter Weel,2021,BDO
41114350,Zorgcentrum Ter Weel,2022,BDO
41114350,Zorgcentrum Ter Weel,2023,BDO
41114350,Zorgcentrum Ter Weel,2024,BDO
41114350,Zorgcentrum Ter Weel,2025,BDO
08088958,Zorggroep Manna,2019,BDO
08088958,Zorggroep Manna,2020,BDO
08088958,Zorggroep Manna,2021,BDO
08088958,Zorggroep Manna,2022,BDO
24307187,Zorgvervoercentrale Nederland B.V.,2021,BDO
24307187,Zorgvervoercentrale Nederland B.V.,2023,BDO
24307187,Zorgvervoercentrale Nederland B.V.,2024,BDO
24392976,Zovida Holding B.V.,2018,BDO
24392976,Zovida Holding B.V.,2019,BDO
24392976,Zovida Holding B.V.,2020,BDO
24396769,ZT Cruises B.V.,2017,BDO
