kvk,naam,boekjaar,accountant,sbi,plaats
05065044,Visscher Caravelle Holding B.V.,2017,Grant Thornton,70102,
62239740,VCG B.V.,2017,Grant Thornton,6420,
34298900,Windcat Workboats B.V.,2017,Grant Thornton,5010,
58152555,DWA Holding B.V.,2017,Grant Thornton,6420,
30241730,Groenendijk Bedrijfskleding B.V.,2017,Grant Thornton,46422,
30283799,Comenius Adviesburo B.V.,2017,Grant Thornton,7220,
30185134,Kenike B.V.,2017,Grant Thornton,66191,
34158661,MILIEU SERVICE NEDERLAND B.V.,2017,Grant Thornton,77399,
24463775,CTS Netherlands B.V.,2017,Grant Thornton,7112,
23048223,Iv-Holding B.V.,2017,Grant Thornton,6420,
28093235,Dammes Laban Holding B.V.,2017,Grant Thornton,6420,
53122887,Combilo B.V.,2017,Grant Thornton,46311,
30062949,Drukkerij Verweij B.V.,2017,Grant Thornton,18129,
24280207,R.M.I. Chemical Logistics B.V.,2017,Grant Thornton,52291,
55702244,BlueCielo Group B.V.,2017,Grant Thornton,70102,
56571291,Corendon Hotels & Resorts B.V.,2017,Grant Thornton,6420,
14046959,Burrows Dutch Holding B.V.,2017,Grant Thornton,6420,
54722144,Keelings Fresh International Limited,2017,Grant Thornton,46311,
50741632,Stichting Present,2019,Grant Thornton,,
30202459,Stichting Singelzicht,2020,Grant Thornton,,
29035244,Doove Care Groep B.V.,2019,Grant Thornton,46462,
29035244,Doove Care Groep B.V.,2020,Grant Thornton,46462,
29035244,Doove Care Groep B.V.,2021,Grant Thornton,46462,
29035244,Doove Care Groep B.V.,2022,Grant Thornton,46462,
29035244,Doove Care Groep B.V.,2023,Grant Thornton,46462,
56822804,SemGroup Netherlands B.V.,2020,Grant Thornton,6420,
66895332,Electro-Cirkel RETAIL B.V.,2020,Grant Thornton,46473,
66895332,Electro-Cirkel RETAIL B.V.,2021,Grant Thornton,46473,
66895332,Electro-Cirkel RETAIL B.V.,2022,Grant Thornton,46473,
62239740,VCG B.V.,2020,Grant Thornton,64210,
61296201,The Cargo Control Company B.V.,2020,Grant Thornton,64210,
61296201,The Cargo Control Company B.V.,2022,Grant Thornton,64210,
61296201,The Cargo Control Company B.V.,2023,Grant Thornton,64210,
71549242,Global Holdings Netherlands B.V.,2020,Grant Thornton,64210,
34206964,TrueNoord,2021,Grant Thornton,64210,
75462788,Eastern European Electric Company B.V.,2022,Grant Thornton,64210,
63205769,Fred Slob Holding B.V.,2022,Grant Thornton,64210,
67457134,Vakmedianet Investments B.V.,2018,Grant Thornton,64210,
59379146,PaCo B.V.,2020,Grant Thornton,64210,
24292404,Skihut Holding B.V.,2018,Grant Thornton,64210,
24292404,Skihut Holding B.V.,2017,Grant Thornton,64210,
24099628,Broekman Group B.V.,2020,Grant Thornton,52310,
24099628,Broekman Group B.V.,2022,Grant Thornton,52310,
34136068,Center Parcs Europe B.V.,2023,Grant Thornton/ E&Y,64210,
34136068,Center Parcs Europe B.V.,2024,Grant Thornton / E&Y,64210,
39095951,Moore MTH Holding B.V.,2020,Grant Thornton,,
57815534,Hayat Kimya Holding B.V.,2018,Grant Thornton,64210,
24445976,BDP Global Services B.V.,2017,Grant Thomton,52260,
34036913,KSB Nederland B.V.,2021,Grant Thornton,28130,
34307546,Unify Holdings B.V.,2020,Deloitte ; Grant Thornton,64210,
24052685,Maasvlakte Olie Terminal N.V.,2018,Grant Thornton,52101,
24052685,Maasvlakte Olie Terminal N.V.,2020,Grant Thornton,52101,
32127003,Applied Medical Distribution Europe B.V.,2018,Grant Thornton,32502,
32127003,Applied Medical Distribution Europe B.V.,2023,Grant Thornton,32502,
57221677,Walraven Mijdrecht Holding B.V.,2021,Grant Thornton,64210,
65923065,Lavrijsen Beheer B.V.,2019,Grant Thornton,64210,
65923065,Lavrijsen Beheer B.V.,2018,Grant Thornton,64210,
24120312,Aluminium & Chemie Rotterdam B.V.,2018,Grant Thornton,27900,
24120312,Aluminium & Chemie Rotterdam B.V.,2019,Grant Thornton,27900,
24120312,Aluminium & Chemie Rotterdam B.V.,2021,Grant Thornton,27900,
24120312,Aluminium & Chemie Rotterdam B.V.,2023,Grant Thornton,27900,
10028475,Het Rijk Golfbanen B.V.,2022,Grant Thornton,70102,
34045490,RPC Packaging Europe B.V.,2022,Grant Thornton,,
33187718,Synovate,2021,"Grant Thornton, Mazars",73200,
17069713,Orion Engineering B.V.,2023,Grant Thornton,71120,
29017462,Dekker Zevenhuizen B.V.,2024,Grant Thornton,46471,
28098295,Vlasman Betonbewerkings- en Slooptechnieken B.V.,2020,Grant Thornton,43990,
81250355,Final Energy Holding B.V.,2022,Grant Thornton,64210,
81250355,Final Energy Holding B.V.,2023,Grant Thornton,64210,
58177507,Unisys Global Holding B.V.,2023,Grant Thornton,64210,
16024140,Berco Holding B.V.,2018,Grant Thornton,13930,
16024140,Berco Holding B.V.,2021,Grant Thornton,13930,
05050626,Visscher Caravelle B.V.,2018,Grant Thornton,46720,
05050626,Visscher Caravelle B.V.,2020,Grant Thornton,46720,
05050626,Visscher Caravelle B.V.,2021,Grant Thornton,46720,
05050626,Visscher Caravelle B.V.,2023,Grant Thornton,46720,
63994984,Attenza B.V.,2021,Grant Thornton,87992,
54145686,AT Holdings - Europe Coöperatieve U.A.,2019,Grant Thornton,64210,
54145686,AT Holdings - Europe Coöperatieve U.A.,2022,Grant Thornton,64210,
54145686,AT Holdings - Europe Coöperatieve U.A.,2021,Grant Thornton,64210,
54145686,AT Holdings - Europe Coöperatieve U.A.,2023,Grant Thornton,64210,
54145686,AT Holdings - Europe Coöperatieve U.A.,2024,Grant Thornton,64210,
72434341,Littelfuse Netherlands B.V.,2018,Grant Thornton,64210,
24387084,Midwich B.V.,2022,Grant Thornton,46433,
27335247,Vandersterre Groep Bedrijven B.V.,2019,Grant Thornton,64210,
27335247,Vandersterre Groep Bedrijven B.V.,2020,Grant Thornton,64210,
24238365,Ecclesia Holding The Netherlands B.V.,2023,Grant Thornton,64210,
92519202,LSC Communications Global Holdings,2023,Grant Thornton,64210,
24382391,Alten Nederland B.V.,2019,Grant Thornton;KPMG,62100,
24382391,Alten Nederland B.V.,2020,Grant Thornton,62100,
34390884,TBG Holdings (Energy) B.V.,2024,Grant Thornton,64210,
27076684,Van Lochem Den Haag Totaalonderhoud B.V.,2020,Grant Thornton,41000,
27076684,Van Lochem Den Haag Totaalonderhoud B.V.,2024,Grant Thornton,41000,
27249237,TMNS,2023,KPMG; Grant Thornton,62200,
73974692,Signicast CIREX Europe B.V.,2023,Grant Thornton,64210,
73974692,Signicast CIREX Europe B.V.,2024,Grant Thornton,64210,
30231794,PsyMens B.V.,2022,Grant Thornton,86930,
30231794,PsyMens B.V.,2024,Grant Thornton,86930,
24052685,Maasvlakte Olie Terminal N.V.,2023,Grant Thornton,52101,
24266764,Van Uden Holding B.V.,2024,Grant Thornton,64210,
08115958,Enrichment Technology Nederland B.V.,2023,Grant Thornton,20130,
24393895,Diabeter Nederland B.V.,2021,Grant Thornton,86221,
27257612,Armada Holding B.V.,2017,Grant Thornton,59200,
27257612,Armada Holding B.V.,2023,Grant Thornton,59200,
76003043,GTT Communications Netherlands B.V.,2023,Grant Thornton,61100,
76003043,GTT Communications Netherlands B.V.,2024,Grant Thornton,61100,
20105850,Hortisol Holding B.V.,2018,Grant Thornton,64210,
70339554,JBS GLOBAL MEAT HOLDINGS PTY LTD,2018,Grant Thornton,64210,
62151266,Greystar Netherlands Coöperatief U.A.,2022,Grant Thornton,64210,
62151266,Greystar Netherlands Coöperatief U.A.,2023,Grant Thornton,64210,
50919679,Hill International N.V.,2021,Grant Thornton,41000,
68030096,Micro Focus Holding Finance B.V.,2019,Grant Thornton,64210,
68030096,Micro Focus Holding Finance B.V.,2021,Grant Thornton,64210,
68030096,Micro Focus Holding Finance B.V.,2022,Grant Thornton,64210,
68030096,Micro Focus Holding Finance B.V.,2024,Grant Thornton,64210,
60281758,CreditAccess India B.V.,2024,Grant Thornton,64923,
83796797,Newtone Belastingadviseurs B.V.,2023,Grant Thornton,69204,
68218737,Advanced Safety Technologies B.V.,2024,Grant Thornton,70201,
91159520,Berry Superfos Deventer B.V.,2024,Grant Thornton,64220,
60624744,Molex Korea Holdings B.V.,2022,Grant Thornton,64210,
04040443,KGH Customs Services B.V.,2020,Grant Thornton,52260,
58036008,Titan Tire Russia B.V.,2018,Grant Thornton,22110,
58036008,Titan Tire Russia B.V.,2020,Grant Thornton,22110,
01179378,Onroerend Goed De Haan B.V.,2022,Grant Thornton,70102,
80412890,Shiraz NL Acquisition B.V.,2022,Grant Thornton,64210,
55398901,Bioventus Coöperatief U.A.,2020,Grant Thornton,46461,
28058288,KSB Industries B.V.,2019,Grant Thornton,68110,
59171960,Medline International B.V.,2021,Grant Thornton,46462,
27172813,Quality Produce International (Q.P.I.) B.V.,2019,Grant Thornton,46311,
27172813,Quality Produce International (Q.P.I.) B.V.,2022,Grant Thornton,46311,
17222764,Roan Camping Holidays B.V.,2019,Grant Thornton,79110,
17222764,Roan Camping Holidays B.V.,2021,Grant Thornton,79110,
71181822,Infor (Netherlands) B.V.,2022,Grant Thornton,62100,
71181822,Infor (Netherlands) B.V.,2023,Grant Thornton,62100,
71181822,Infor (Netherlands) B.V.,2024,Grant Thornton,62100,
27031431,Pietercil Barends B.V.,2018,Grant Thornton,46390,
27031431,Pietercil Barends B.V.,2019,Grant Thornton,46390,
27031431,Pietercil Barends B.V.,2023,Grant Thornton,46390,
27031431,Pietercil Barends B.V.,2024,Grant Thornton,46390,
32115550,Applied Medical Europe B.V.,2018,Grant Thornton,32502,
32115550,Applied Medical Europe B.V.,2021,Grant Thornton,32502,
32115550,Applied Medical Europe B.V.,2022,Grant Thornton,32502,
32115550,Applied Medical Europe B.V.,2023,Grant Thornton,32502,
72552875,Walraven Europe B.V.,2020,Grant Thornton,64210,
72552875,Walraven Europe B.V.,2024,Grant Thornton,64210,
61505439,WeWork Netherlands B.V.,2023,Grant Thornton,64210,
20049412,Leyenaar Taapken Lamaker Holding B.V.,2020,Grant Thornton,64210,
08016258,Maars Holding B.V.,2019,Grant Thornton,64210,
01077394,Infor (Barneveld) B.V.,2020,Grant Thornton,64210,
01077394,Infor (Barneveld) B.V.,2022,Grant Thornton,64210,
30212330,Northwave Nederland B.V.,2024,Grant Thornton,80010,
71561544,UiPath Netherlands B.V.,2024,Grant Thornton,73200,
71561544,UiPath Netherlands B.V.,2025,Grant Thornton,73200,
33249147,Fros International B.V.,2019,Grant Thornton,46421,
33249147,Fros International B.V.,2020,Grant Thornton,46421,
33249147,Fros International B.V.,2022,Grant Thornton,46421,
33249147,Fros International B.V.,2023,Grant Thornton,46421,
30075396,Enerpac B.V.,2023,Grant Thornton,28120,
16078282,V-Wood Beheer B.V.,2024,Grant Thornton,64210,
34173620,Infor International Holdings B.V.,2020,Grant Thornton,64210,
68218737,Advanced Safety Technologies B.V.,2021,Grant Thornton,70201,
68218737,Advanced Safety Technologies B.V.,2022,Grant Thornton,70201,
77894731,GTT Holdings Netherlands B.V.,2021,Grant Thornton,62900,
33289911,Jacatin B.V.,2024,Grant Thornton,64210,
55423833,DL Logistics Group B.V.,2019,Grant Thornton,64210,
55423833,DL Logistics Group B.V.,2021,Grant Thornton,64210,
55423833,DL Logistics Group B.V.,2022,Grant Thornton,64210,
20073364,Burando Holding B.V.,2019,Grant Thornton,70102,
20073364,Burando Holding B.V.,2021,Grant Thornton,70102,
24266764,Van Uden Holding B.V.,2018,Grant Thornton,64210,
24266764,Van Uden Holding B.V.,2019,Grant Thornton,64210,
27105382,Prevent Brandbeveiliging B.V.,2022,Grant Thornton,46645,
34262183,Apco Worldwide Netherlands B.V.,2020,Grant Thornton,64210,
28110080,Stichting ''stArt'',2018,Grant Thornton,59111,
30184829,Roma Veenendaal Holding B.V.,2023,Grant Thornton,70102,
71111131,Muon B.V.,2020,Grant Thornton,64210,
84209070,Windcat Workboats International B.V.,2022,Grant Thornton,50100,
82177457,Base Logistics Group,2021,Grant Thornton,64210,
77480589,Movianto International B.V.,2024,"Forvis Mazars, Grant Thornton",64210,
73459135,Bitvavo Group B.V.,2024,Grant Thornton,64210,
29027339,Combilo Beheer B.V.,2019,Grant Thornton,64210,
23071995,TIOFARMA BEHEER B.V.,2020,Grant Thornton,68320,
28080733,Melius Cras Holding B.V.,2019,Grant Thornton,64210,
28080733,Melius Cras Holding B.V.,2021,Grant Thornton,64210,
24151616,Nedelko B.V.,2018,Grant Thornton,46500,
34178161,ACL Airshop B.V.,2019,Grant Thornton,46649,
24352072,Iv-Groep B.V.,2024,Grant Thornton,64210,
28117368,Marfrig Holdings (Europe) B.V.,2023,Grant Thornton,64210,
29027929,Beheermaatschappij LaPipack B.V.,2024,Grant Thornton,64210,
27271485,Armada Music B.V.,2019,Grant Thornton,59200,
23081946,Load-Lok International B.V.,2017,Grant Thornton,,
56645775,Alimera Sciences B.V.,2017,Grant Thornton LLP,,
30219442,Veris Bouwmaterialengroep B.V.,2018,Grant Thornton,46471,
30219442,Veris Bouwmaterialengroep B.V.,2020,Grant Thornton,46471,
30219442,Veris Bouwmaterialengroep B.V.,2023,Grant Thornton,46471,
30219442,Veris Bouwmaterialengroep B.V.,2024,Grant Thornton,46471,
29006158,Van Noort Holding B.V.,2019,Grant Thornton,,
34110202,ACN Europe B.V.,2017,Grant Thornton,82200,
34110202,ACN Europe B.V.,2018,Grant Thornton,82200,
24151794,Cornelder Holding B.V.,2018,Grant Thornton,64210,
24151794,Cornelder Holding B.V.,2020,Grant Thornton,64210,
17073774,D&M Europe B.V.,2023,Grant Thornton,46500,
32113815,PrivaZorg WMO Beheer B.V.,2018,Grant Thornton,,
28100038,Alpha Wax B.V.,2017,Grant Thornton,46751,
30104691,Biotronik Nederland B.V.,2017,Grant Thornton,46462,
34185591,TYC Europe B.V.,2017,Grant Thornton,45311,
24235286,PPF Participatie Fonds B.V.,2017,Grant Thornton,6420,
60724064,Shiloh Holdings Netherlands B.V.,2017,Grant Thornton,6420,
27084741,Samson Regeltechniek B.V.,2017,Grant Thornton,2651,
36050094,Jacquet Nederland B.V.,2017,Grant Thornton,46722,
24073651,Peterson Rotterdam B.V.,2017,Grant Thornton,52291,
23042855,IMS Nederland B.V.,2017,Grant Thornton,46722,
27259366,Buren N.V.,2017,Grant Thornton,69101,
24352072,Iv-Groep B.V.,2017,Grant Thornton,6420,
64144933,Syncasso Holding B.V.,2017,Grant Thornton,6420,
32070622,Lavide Holding N.V.,2018,Grant Thornton,6420,
24238365,Cordia H Holding B.V.,2018,Grant Thornton,6420,
64398382,Sentia Group B.V.,2017,Grant Thornton,70102,
24151794,Cornelder Holding B.V.,2017,Grant Thornton,6420,
24168542,Technisch Handelsburo Verhoef B.V.,2017,Grant Thornton,46722,
32098839,Thuiszorg van Oranje Utrecht B.V.,2017,Grant Thornton,88999,
24167752,Peterson Control Union Group B.V.,2017,Grant Thornton,6420,
52611302,Stichting Landelijk wonen Klein Houtdijk,2017,Grant Thornton,8720,
69544972,Hittech Group B.V.,2017,Grant Thornton,6420,
17069403,STAPPERT Noxon B.V.,2017,Grant Thornton,46722,
27348815,Stichting 2 help CHILDREN,2017,Grant Thornton,94996,
20129147,Boti Holding B.V.,2017,Grant Thornton,6420,
27249393,Landis+Gyr B.V.,2018,Grant Thornton,46695,
08071945,Partes B.V.,2017,Grant Thornton,6420,
24224439,Intermotor B.V.,2017,Grant Thornton,6420,
30139276,Redwood International Business Group B.V.,2017,Grant Thornton,6201,
29038279,J.J.W. Doove Holding B.V.,2017,Grant Thornton,6420,
28116302,He Space Management B.V.,2017,Grant Thornton,6420,
28089721,Rijnoever Holding B.V.,2017,Grant Thornton,70102,
28032820,Kluthe Benelux B.V.,2017,Grant Thornton,2030,
24328866,voestalpine Metal Forming Netherlands Holding B.V.,2017,Grant Thornton,6420,
27172813,Quality Produce International (Q.P.I.) B.V.,2017,Grant Thornton,46311,
28001462,Kluthe Benelux Holding B.V.,2017,Grant Thornton,6810,
28089096,Max Bögl Nederland B.V.,2017,Grant Thornton,4120,
20031711,Thetford B.V.,2017,Grant Thornton,2223,
29012283,B.V. Transportonderneming Zijderlaan,2017,Grant Thornton,4941,
32115550,Applied Medical Europe B.V.,2017,Grant Thornton,46462,
61876976,VCKG Holding B.V.,2017,Grant Thornton,70102,
30199525,Mott MacDonald B.V.,2017,Grant Thornton,70221,
30073048,Burando Holding B.V.,2017,Grant Thornton,6420,
34164265,SCHOLLE IPN HOLDING B.V.,2018,Grant Thornton,6831,
24380857,BDP Netherlands B.V.,2017,Grant Thornton,46751,
29037979,Bouwbedrijf Frans Vink en Zonen B.V.,2017,Grant Thornton,4120,
29036436,LC Packaging Netherlands B.V.,2017,Grant Thornton,46696,
28030317,Apotex Nederland B.V.,2018,Grant Thornton,2120,
30219442,Veris Bouwmaterialengroep B.V.,2017,Grant Thornton,46471,
20049827,SCHOLLE IPN EUROPE HOLDING B.V.,2017,Grant Thornton,2222,
20093525,VIP Computers Benelux B.V.,2018,Grant Thornton,4651,
11008691,Betuwe Beton Holding B.V.,2017,Grant Thornton,6612,
29007753,Vandersterre Holland B.V.,2017,Grant Thornton,46331,
66682614,Complex Bidco B.V.,2017,Grant Thornton,6420,
32113818,PrivaZorg Aanvullende Zorg B.V.,2017,Grant Thornton,88101,
27134074,Jack van Lochem Holding B.V.,2017,Grant Thornton,6420,
08062031,Cobb Europe B.V.,2017,Grant Thornton,01473,
28003642,Grofsmederij Nieuwkoop B.V.,2017,Grant Thornton,2550,
32127003,Applied Medical Distribution Europe B.V.,2017,Grant Thornton,2660,
33173631,Fintage House B.V.,2017,Grant Thornton,7740,
34062952,Dredging and Contracting Rotterdam B.V.,2017,Grant Thornton,4291,
65858190,Incluzio Hollands Kroon B.V.,2017,Grant Thornton,88991,
32113805,PrivaZorg AWBZ B.V.,2017,Grant Thornton,88101,
34036913,KSB Nederland B.V.,2017,Grant Thornton,2813,
56206623,Littelfuse Holding II B.V.,2017,Grant Thornton,6420,
61296201,The Cargo Control Company B.V.,2017,Grant Thornton,6420,
59171960,Medline International B.V.,2017,Grant Thornton,46462,
28085216,Stichting IZO,2017,Grant Thornton,88101,
54102901,Stichting Zorgorganisatie NiKo,2018,Grant Thornton,87302,
24449661,Stichting Medisch Psychiatrisch Centrum PsyTobe,2018,Grant Thornton,86913,
30231794,PsyMens B.V.,2018,Grant Thornton,86913,
29002853,Edelman B.V.,2018,Grant Thornton,46441,
34158661,MILIEU SERVICE NEDERLAND B.V.,2018,Grant Thornton,77399,
24252278,Stichting Maaszicht,2018,Grant Thornton,87902,
30283799,Comenius Adviesburo B.V.,2018,Grant Thornton,7220,
24352072,Iv-Groep B.V.,2018,Grant Thornton,6420,
37051054,Ubbink Garden B.V.,2017,Grant Thornton,46499,
60743956,Stichting Acare Thuiszorg,2018,Grant Thornton,88101,
55648118,Apollo Tyres Global R&D B.V.,2017,Grant Thornton,7112,
66895332,Electro-Cirkel RETAIL B.V.,2018,Grant Thornton,46473,
65858190,Incluzio Hollands Kroon B.V.,2018,Grant Thornton,88991,
34076792,Seabourne Express Couriers B.V.,2018,Grant Thornton,52291,
54606179,Fastned B.V.,2018,Grant Thornton,3514,
24099628,Broekman Group B.V.,2018,Grant Thornton,52291,
27259366,Buren N.V.,2018,Grant Thornton,69101,
17187876,Witlox Van den Boomen Accountants N.V.,2018,Grant Thornton,69201,
52611302,Stichting Landelijk wonen Klein Houtdijk,2018,Grant Thornton,8720,
30229933,B+B Vakmedianet B.V.,2017,Grant Thornton,70221,
62135686,Inventum Beheer B.V.,2017,Grant Thornton,66191,
06055837,Hittech Netherlands B.V.,2017,Grant Thornton,6420,
64633837,Curtec Group B.V.,2018,Grant Thornton,6420,
24216824,Van der Linden & Veldhuis Isolatie B.V.,2017,Grant Thornton,4329,
28102766,HE Space Holding B.V.,2017,Grant Thornton,6420,
06067125,Universal Electronics B.V.,2017,Grant Thornton,46432,
24238365,Cordia H Holding B.V.,2017,Grant Thornton,6420,
34322661,Stichting Betsaïda Thuiszorg Amsterdam,2017,Grant Thornton,88101,
66348773,VMN Group Holding B.V.,2017,Grant Thornton,6420,
24155006,Trefoil Trading B.V.,2017,Grant Thornton,46712,
29027339,Combilo Beheer B.V.,2018,Grant Thornton,6420,
08058711,A.W.L. Techniek Holding B.V.,2017,Grant Thornton,6420,
60743956,Stichting Acare Thuiszorg,2017,Grant Thornton,88101,
58036008,Titan Tire Russia B.V.,2017,Grant Thornton,2211,
20105850,JMB Holding B.V.,2017,Grant Thornton,6420,
09041351,Basf Finance Europe N.V.,2018,Grant Thornton,70102,
54806941,Apollo Tyres B.V.,2018,Grant Thornton,2211,
33214341,Cable and Wireless International Finance B.V.,2017,Grant Thornton,64922,
34036913,KSB Nederland B.V.,2018,Grant Thornton,2813,
29020065,Combilo International B.V.,2017,Grant Thornton,46311,
08065983,AWL-Techniek B.V.,2017,Grant Thornton,7112,
24134462,De Jong Intra Vakanties B.V.,2017,Grant Thornton,7912,
30270826,Stichting De Heem,2017,Grant Thornton,87902,
29023492,Dekker Beheer B.V.,2017,Grant Thornton,6420,
64284107,ACL Ranger Holdings B.V.,2017,Grant Thornton,6420,
29007343,Compaxo Holding B.V.,2017,Grant Thornton,6420,
34354086,SeaChange B.V.,2018,Grant Thornton,6420,
24388498,Bluehoef B.V.,2017,Grant Thornton,70102,
23035129,Amari Holdings B.V.,2017,Grant Thornton,70102,
29035244,Doove Care Groep B.V.,2017,Grant Thornton,46462,
37060260,Peterson Den Helder B.V.,2017,Grant Thornton,52291,
60316306,Simpel.nl B.V.,2017,Grant Thornton,6120,
34164265,SCHOLLE IPN HOLDING B.V.,2017,Grant Thornton,6831,
29011273,A. Bunnik B.V.,2017,Grant Thornton,4312,
20049412,Leyenaar Taapken Lamaker Holding B.V.,2017,Grant Thornton,6420,
55648118,Apollo Tyres Global R&D B.V.,2018,Grant Thornton,7112,
24283878,AND International Publishers N.V.,2018,Grant Thornton,6420,
60853182,Geboortezorg EigenWijs B.V.,2017,Grant Thornton,86911,
33304225,Envipco Holding N.V.,2018,Grant Thornton,6420,
29017462,Dekker Zevenhuizen B.V.,2017,Grant Thornton,6420,
30095930,Severs Holding B.V.,2017,Grant Thornton,70102,
12037305,Elmos Services B.V.,2017,Grant Thornton,4652,
36021170,Vandersterre Groep Packaging B.V.,2017,Grant Thornton,46331,
28101126,Apotex Europe Holding B.V.,2017,Grant Thornton,6420,
55609791,King Holding B.V.,2017,Grant Thornton,6420,
54606179,Fastned B.V.,2017,Grant Thornton,3514,
28030317,Apotex Nederland B.V.,2017,Grant Thornton,2120,
29006158,Van Noort Holding B.V.,2017,Grant Thornton,6420,
28075073,Dr. Reddy's Research and Development B.V.,2017,Grant Thornton,72193,
32030582,Aurobindo Pharma B.V.,2017,Grant Thornton,46461,
24334171,Electro-Cirkel Vastgoed B.V.,2017,Grant Thornton,68204,
24252278,Stichting Maaszicht,2017,Grant Thornton,87902,
29027929,Beheermaatschappij LaPipack B.V.,2017,Grant Thornton,6420,
27249393,Landis+Gyr B.V.,2017,Grant Thornton,46695,
34223268,Apollo Vredestein B.V.,2017,Grant Thornton,2211,
34223268,Apollo Vredestein B.V.,2018,Grant Thornton,2211,
36050094,Jacquet Nederland B.V.,2018,Grant Thornton,46722,
57221677,Walraven Mijdrecht Holding B.V.,2018,Grant Thornton,6420,
24380412,Nautilus Fitness International B.V.,2023,Grant Thornton,46496,
34137364,Jones Lang LaSalle Finance B.V.,2022,Grant Thornton,64922,
05065044,Visscher Caravelle Holding B.V.,2019,Grant Thornton,70102,
05065044,Visscher Caravelle Holding B.V.,2020,Grant Thornton,70102,
05065044,Visscher Caravelle Holding B.V.,2022,Grant Thornton,70102,
66348773,VMN Group Holding B.V.,2019,Grant Thornton,6420,
24144712,Hazera Seeds B.V.,2022,Grant Thornton,46212,
53426118,OceanGeo B.V.,2018,Grant Thornton,,
23042855,IMS Nederland B.V.,2019,Grant Thornton / E & Y,46822,
55950914,CTS Group Holding B.V.,2017,Grant Thornton,70102,
24120793,De Jong Intra Beheer B.V.,2019,Grant Thornton,64210,
28078799,Orona The Netherlands B.V.,2020,Grant Thornton,28220,
34167986,Luxury Hotels International Management Company B.V.,2019,Grant Thornton,64210,
34167986,Luxury Hotels International Management Company B.V.,2021,Grant Thornton,64210,
24252278,Stichting Maaszicht,2019,Grant Thornton,87992,
24252278,Stichting Maaszicht,2020,Grant Thornton,87992,
24252278,Stichting Maaszicht,2022,Grant Thornton,87992,
78438780,Lynk & Co Sales Netherlands B.V.,2021,Grant Thornton,47810,
69544972,Hittech Group B.V.,2020,Grant Thornton,64210,
69544972,Hittech Group B.V.,2022,Grant Thornton,64210,
16020978,PGI Nonwovens B.V.,2020,Grant Thornton,13950,
16020978,PGI Nonwovens B.V.,2021,Grant Thornton,13950,
16020978,PGI Nonwovens B.V.,2024,Grant Thornton,13950,
76981630,Makyol International Project Investments Holding B.V.,2023,Grant Thornton,70102,
33214341,Cable and Wireless International Finance B.V.,2018,Grant Thornton,,
59569573,Rollins Europe B.V.,2019,Grant Thornton,,
17069403,STAPPERT Noxon,2021,Grant Thornton / E & Y,46822,
17069403,STAPPERT Noxon,2023,Grant Thornton,46822,
34137364,Jones Lang LaSalle Finance B.V.,2024,Grant Thornton,64922,
27289069,Medeco Brands Company,2019,Grant Thornton,,
27289069,Medeco Brands Company,2020,Grant Thornton,,
27289069,Medeco Brands Company,2021,Grant Thornton,,
27289069,Medeco Brands Company,2022,Grant Thornton,,
24143675,Broekman Logistics Limburg,2019,Grant Thornton,52109,
24143675,Broekman Logistics Limburg,2020,Grant Thornton,52109,
28106259,Stichting Ondernemersfonds Leiden,2017,Grant Thornton,94110,
17069713,Orion Engineering B.V.,2019,Grant Thornton,71120,
17069713,Orion Engineering B.V.,2020,Grant Thornton,71120,
17069713,Orion Engineering B.V.,2022,Grant Thornton,71120,
70333564,Mercy Corps Netherlands,2024,Grant Thornton,94996,
24099628,Broekman Group B.V.,2024,Grant Thornton,52310,
09015748,Promens Zevenaar B.V.,2023,Grant Thornton,22260,
69288178,Outside Living Industries B.V.,2023,Grant Thornton,64210,
34062630,Air Cargo Brokers Holding B.V.,2019,Grant Thornton,,
39095983,Moore MTH,2020,Grant Thornton,,
39095983,Moore MTH,2021,Grant Thornton,,
39095983,Moore MTH,2022,Grant Thornton,,
24320173,Naardenhout Investments B.V.,2019,Grant Thornton,64210,
24320173,Naardenhout Investments B.V.,2020,Grant Thornton,64210,
67627811,Big 5 Holding B.V.,2023,Grant Thornton,64210,
67261310,Altera (Netherlands) B.V.,2018,Grant Thornton,64210,
67261310,Altera (Netherlands) B.V.,2021,Grant Thornton,64210,
20064480,DEME Offshore NL B.V.,2019,Grant Thornton,42910,
75452553,Eastern European Electric Company II B.V.,2022,Grant Thornton,64210,
24329811,Vink jr Beheer B.V.,2018,Grant Thornton,64210,
24329811,Vink jr Beheer B.V.,2020,Grant Thornton,64210,
24329811,Vink jr Beheer B.V.,2023,Grant Thornton,64210,
28003642,Grofsmederij Nieuwkoop B.V.,2021,Grant Thornton,25400,
28003642,Grofsmederij Nieuwkoop B.V.,2024,Grant Thornton,25400,
82078165,THB Holding B.V.,2023,Grant Thornton,70201,
06067599,Novoferm Nederland B.V.,2022,Grant Thornton,25120,
23010792,Coatinc Alblasserdam B.V.,2022,Grant Thornton,25510,
54127068,Stichting Bon Coeur,2020,Grant Thornton,88999,
37060260,Peterson Den Helder,2018,Grant Thornton,52250,
37060260,Peterson Den Helder,2019,Grant Thornton,52250,
37060260,Peterson Den Helder,2020,Grant Thornton,52250,
24380857,BDP Netherlands B.V.,2023,Grant Thornton,46851,
87409321,Penthol B.V.,2022,Grant Thornton,46812,
41152146,Eerstelijnszorg Zoetermeer,2022,Grant Thornton,86210,
30182868,ALT Technologies B.V.,2022,Grant Thornton,17250,
30182868,ALT Technologies B.V.,2023,Grant Thornton,17250,
62888390,DTN Global Holdings B.V.,2019,Grant Thornton,64210,
62888390,DTN Global Holdings B.V.,2022,Grant Thornton,64210,
62888390,DTN Global Holdings B.V.,2023,Grant Thornton,64210,
24319980,Center Parcs Netherlands B.V.,2023,Grant Thornton; E & Y,55201,
24319980,Center Parcs Netherlands B.V.,2024,Grant Thornton; E & Y,55201,
83796819,Newtone Adviseurs & Accountants B.V.,2022,Grant Thornton,69201,
70700249,Roadshow Group Holdings B.V.,2022,Grant Thornton,70201,
34246050,WRT B.V.,2020,Grant Thornton,46851,
24216824,Van der Linden & Veldhuis Isolatie B.V.,2021,Grant Thornton,43230,
24216824,Van der Linden & Veldhuis Isolatie B.V.,2022,Grant Thornton,43230,
81416172,WRT Holding B.V.,2020,Grant Thornton,46812,
30065779,J. van Walraven Holding B.V.,2020,Grant Thornton,70102,
30065779,J. van Walraven Holding B.V.,2021,Grant Thornton,70102,
53904877,Getronics Global Services B.V.,2017,Grant Thornton,46500,
53904877,Getronics Global Services B.V.,2018,Grant Thornton,46500,
27177604,Medisch Specialisten Coöperatief RDGG U.A.,2017,Grant Thornton,86221,
27177604,Medisch Specialisten Coöperatief RDGG U.A.,2018,Grant Thornton,86221,
28075073,Dr. Reddy's Netherlands B.V.,2018,Grant Thornton,72100,
34139814,Conduent Netherlands B.V.,2020,Grant Thornton,82200,
27143852,Strabag B.V.,2019,Grant Thornton,78202,
30283799,Comenius Adviesburo B.V.,2019,Grant Thornton,86930,
65783131,CoorsTek Netherlands B.V.,2020,Grant Thornton,23200,
66472008,Proud Fashion B.V.,2023,Grant Thornton,64210,
66472008,Proud Fashion B.V.,2024,Grant Thornton,64210,
66104742,Mosa Meat,2023,Grant Thornton,72100,
66104742,Mosa Meat,2024,Grant Thornton,72100,
55108741,FTS International Netherlands I C.V.,2018,Grant Thornton,64210,
64284107,ACL Airshop Holdings B.V.,2019,Grant Thornton,64210,
64284107,ACL Airshop Holdings B.V.,2024,Grant Thornton,64210,
64284107,ACL Airshop Holdings B.V.,2023,Grant Thornton,64210,
67279597,TrueNoord Holdings B.V.,2018,Grant Thornton,64210,
67279597,TrueNoord Holdings B.V.,2022,Grant Thornton,64210,
75834715,TrueNoord Monroe B.V.,2022,Grant Thornton,77350,
82281807,Activ Software B.V.,2021,Grant Thornton,70202,
34165401,Linde Puerto Rico B.V.,2018,Grant Thornton,20110,
32030582,Aurobindo Pharma B.V.,2019,Grant Thornton,46461,
08037746,Hittech Bihca B.V.,2019,Grant Thornton,25530,
08037746,Hittech Bihca B.V.,2023,Grant Thornton,25530,
36050094,Jacquet Nederland,2021,Grant Thornton,46822,
36050094,Jacquet Nederland,2022,Grant Thornton,46822,
72412267,Littelfuse Asia Technology B.V.,2023,Grant Thornton,27900,
28070957,Vrewood Holding B.V.,2019,Grant Thornton,64210,
58796762,Certus Port Automation B.V.,2020,Grant Thornton,33200,
34117849,180 Amsterdam B.V.,2022,Grant Thornton,73110,
56571291,Corendon Hotels & Resorts B.V.,2021,Grant Thornton,64210,
69306958,ICEE International B.V.,2023,Grant Thornton,64210,
60316306,Simpel.nl B.V.,2018,Grant Thornton,61100,
17198528,Berco Truck Components B.V.,2020,Grant Thornton,46720,
33211126,Rijsterborgh Vastgoed B.V.,2020,Grant Thornton,64310,
33211126,Rijsterborgh Vastgoed B.V.,2024,Grant Thornton,64310,
12060560,Fellowmind Netherlands B.V.,2022,Grant Thornton,62900,
30141687,Redwood Software Nederland B.V.,2022,Grant Thornton,62200,
29016745,Houthandel Houtex B.V.,2017,Grant Thornton,46831,
29016745,Houthandel Houtex B.V.,2019,Grant Thornton,46831,
24073651,Peterson Nederland B.V.,2018,Grant Thornton,52250,
24073651,Peterson Nederland B.V.,2019,Grant Thornton,52250,
24073651,Peterson Nederland B.V.,2020,Grant Thornton,52250,
11023763,dormakaba Nederland B.V.,2021,Grant Thornton,46838,
11023763,dormakaba Nederland B.V.,2022,Grant Thornton,46838,
24469736,Züblin Nederland B.V.,2018,Grant Thornton,42110,
24469736,Züblin Nederland B.V.,2019,Grant Thornton,42110,
34344559,Drew Marine Netherlands B.V.,2017,Grant Thornton,46647,
09172572,Willemsen Holding Huissen B.V.,2017,Grant Thornton,64320,
50839837,Multi Service Europe,2020,Grant Thornton,64210,
06050769,Enerpac Heavy Lifting Technology B.V.,2018,Grant Thornton,28120,
06050769,Enerpac Heavy Lifting Technology B.V.,2023,Grant Thornton,28120,
06050769,Enerpac Heavy Lifting Technology B.V.,2024,Grant Thornton,28120,
71776850,LGMG Europe B.V.,2022,Grant Thornton,46610,
69265526,Mogelijk Holding B.V.,2023,Grant Thornton,64210,
09038453,Nu-Swift Brandbeveiliging B.V.,2023,Grant Thornton,46649,
29027929,Beheermaatschappij LaPipack B.V.,2018,Grant Thornton,64210,
29027929,Beheermaatschappij LaPipack B.V.,2019,Grant Thornton,64210,
29027929,Beheermaatschappij LaPipack B.V.,2021,Grant Thornton,64210,
38021702,Bobeldijk Food Group B.V.,2025,Grant Thornton,10890,
06055837,Hittech Netherlands B.V.,2018,Grant Thornton,64210,
06055837,Hittech Netherlands B.V.,2021,Grant Thornton,64210,
06055837,Hittech Netherlands B.V.,2023,Grant Thornton,64210,
34298900,Windcat Workboats B.V.,2019,Grant Thornton,50100,
34298900,Windcat Workboats B.V.,2020,Grant Thornton,50100,
34298900,Windcat Workboats B.V.,2022,Grant Thornton,50100,
84782528,Endgame Invest B.V.,2022,Grant Thornton,64210,
55609791,King Holding B.V.,2020,Grant Thornton,64210,
55609791,King Holding B.V.,2021,Grant Thornton,64210,
24167752,Royal Peterson Control Union Group B.V.,2019,Grant Thornton,64210,
24167752,Royal Peterson Control Union Group B.V.,2020,Grant Thornton,64210,
24167752,Royal Peterson Control Union Group B.V.,2024,Grant Thornton,64210,
53984927,Nedelko Group B.V.,2018,Grant Thornton,64210,
27172237,Diebold Nixdorf B.V.,2020,Grant Thornton,62200,
61876976,VCKG Holding B.V.,2018,Grant Thornton,70102,
61876976,VCKG Holding B.V.,2019,Grant Thornton,70102,
64757374,Littelfuse Asia Sales B.V.,2021,Grant Thornton,74110,
27133487,BlueCielo ECM Solutions B.V.,2018,Grant Thornton,62100,
27133487,BlueCielo ECM Solutions B.V.,2019,Grant Thornton,62100,
29017196,Andrews Sykes B.V.,2020,Grant Thornton,77320,
24457709,Europastry Central Europe,2022,Grant Thornton,10710,
24277328,Van Uden Logistic Site Investments B.V.,2018,Grant Thornton,64210,
24277328,Van Uden Logistic Site Investments B.V.,2019,Grant Thornton,64210,
24277328,Van Uden Logistic Site Investments B.V.,2022,Grant Thornton,64210,
54102901,Woon-/ Zorgcentrum De Nieuwpoort,2019,Grant Thornton,87302,
28108545,Bavebat B.V.,2018,Grant Thornton,64210,
28108545,Bavebat B.V.,2020,Grant Thornton,64210,
28108545,Bavebat B.V.,2023,Grant Thornton,64210,
24274509,Control Union Certifications B.V.,2022,Grant Thornton,71202,
62143891,Inventum Technologies B.V.,2023,Grant Thornton,27510,
72771313,Corendon Hotels Holding Nederland B.V.,2022,Grant Thornton,64210,
72771313,Corendon Hotels Holding Nederland B.V.,2019,Grant Thornton,64210,
34218967,Goedhart B.V.,2019,Grant Thornton,64210,
34218967,Goedhart B.V.,2023,Grant Thornton,64210,
34218967,Goedhart B.V.,2024,Grant Thornton,64210,
83270698,Socotec Netherlands B.V.,2023,Grant Thornton; Mazars,64210,
71057153,RealtimeBoard,2024,Grant Thornton,62100,
71057153,RealtimeBoard,2025,Grant Thornton,62100,
22037808,Stepan Netherlands B.V.,2019,Grant Thornton,20149,
24358531,G.I.B.A. Holding B.V.,2023,Grant Thornton,64210,
29023492,Dekker Beheer B.V.,2021,Grant Thornton,64210,
29023492,Dekker Beheer B.V.,2022,Grant Thornton,64210,
29023492,Dekker Beheer B.V.,2023,Grant Thornton,64210,
29023492,Dekker Beheer B.V.,2024,Grant Thornton,64210,
29007753,Vandersterre Holland B.V.,2019,Grant Thornton,46331,
29007753,Vandersterre Holland B.V.,2020,Grant Thornton,46331,
29007753,Vandersterre Holland B.V.,2022,Grant Thornton,46331,
34105876,Arteva Specialties B.V.,2022,Grant Thornton,64210,
64633837,Curtec Group B.V.,2021,Grant Thornton,64210,
29032300,Verweij jr. Holding B.V.,2021,Grant Thornton,64210,
23048223,Iv-Holding B.V.,2020,Grant Thornton,64210,
30191754,Conclusion MBS B.V.,2020,Grant Thornton,62200,
63661438,2525 Ventures B.V.,2022,Grant Thornton,62900,
28044937,C. Goedhart Bouwbeheer Alphen aan den Rijn B.V.,2017,Grant Thornton,64310,
28044937,C. Goedhart Bouwbeheer Alphen aan den Rijn B.V.,2018,Grant Thornton,64310,
24092188,Wood Trading Holding B.V.,2020,Grant Thornton,64210,
41149512,Stichting Triodos Foundation,2020,Grant Thornton,94993,
41149512,Stichting Triodos Foundation,2022,Grant Thornton,94993,
05056416,Visscher Caravelle Participaties B.V.,2021,Grant Thornton,70102,
73459135,Bitvavo Group B.V.,2021,Grant Thornton,64210,
73459135,Bitvavo Group B.V.,2022,Grant Thornton,64210,
70261148,Newtone Holding B.V.,2023,Grant Thornton,64210,
27134074,Jack van Lochem Holding B.V.,2018,Grant Thornton,64210,
27134074,Jack van Lochem Holding B.V.,2020,Grant Thornton,64210,
74749897,Dental Partners B.V.,2022,Grant Thornton,74990,
74749897,Dental Partners B.V.,2024,Grant Thornton,74990,
09123986,Invacare Holdings C.V.,2023,Grant Thornton,70102,
67675182,Innova Group B.V.,2022,Grant Thornton,64210,
67675182,Innova Group B.V.,2023,Grant Thornton,64210,
20037470,Thetford Holding B.V. in liquidatie,2021,Grant Thornton,,
24238493,Ecclesia B.V.,2019,Grant Thornton,66220,
24238493,Ecclesia B.V.,2020,Grant Thornton,66220,
71461361,Scarlett Company,2020,Grant Thornton,46423,
71461361,Scarlett Company,2023,Grant Thornton,46423,
17081956,Molex B.V.,2022,Grant Thornton,46644,
72865083,Customer Helpline (Netherlands) B.V.,2021,Grant Thornton,64210,
29030359,Beheer- en Exploitatiemaatschappij Zijderlaan B.V.,2022,Grant Thornton,64210,
08071945,Partes B.V.,2019,Grant Thornton,64210,
28073873,Vlasman Onroerend Goed B.V.,2021,Grant Thornton,64210,
06067125,Universal Electronics B.V.,2018,Grant Thornton,46432,
06067125,Universal Electronics B.V.,2019,Grant Thornton,46432,
06067125,Universal Electronics B.V.,2020,Grant Thornton,46432,
06067125,Universal Electronics B.V.,2023,Grant Thornton,46432,
59956550,WEX Europe Services,2024,Grant Thornton,46812,
58071792,Kobelco Construction Machinery Europe B.V.,2019,Grant Thornton,46630,
58071792,Kobelco Construction Machinery Europe B.V.,2022,Grant Thornton,46630,
58071792,Kobelco Construction Machinery Europe B.V.,2023,Grant Thornton,46630,
24463775,CTS Netherlands B.V.,2019,Grant Thornton,71120,
20129147,Boti Holding B.V.,2018,Grant Thornton,64210,
20129147,Boti Holding B.V.,2019,Grant Thornton,64210,
20129147,Boti Holding B.V.,2022,Grant Thornton,64210,
20129147,Boti Holding B.V.,2023,Grant Thornton,64210,
20129147,Boti Holding B.V.,2024,Grant Thornton,64210,
30003663,Rutges Beheermij B.V.,2022,Grant Thornton,70102,
34076792,Seabourne Express Couriers B.V.,2019,Grant Thornton,52250,
67995179,Proparent B.V.,2022,Grant Thornton,10890,
12037305,Elmos Services B.V.,2018,Grant Thornton,46500,
12037305,Elmos Services B.V.,2020,Grant Thornton,46500,
20145885,Accord Healthcare B.V.,2025,Grant Thornton,73200,
24431496,Carisbrooke Shipping 6250 B.V.,2020,Grant Thornton,50201,
24431496,Carisbrooke Shipping 6250 B.V.,2021,Grant Thornton,50201,
30138667,Groenendijk Beheer B.V.,2019,Grant Thornton,64210,
09054265,Moba Group B.V.,2018,Grant Thornton,70102,
09054265,Moba Group B.V.,2022,Grant Thornton,70102,
02045016,De Haan Special Equipment B.V.,2018,Grant Thornton,28920,
32103356,Bracamonte Convenient Kitchen B.V.,2024,Grant Thornton,10890,
12023036,Nelipak Holding B.V.,2018,Grant Thornton,64210,
29036436,LC Packaging Netherlands B.V.,2018,Grant Thornton,46646,
29036436,LC Packaging Netherlands B.V.,2019,Grant Thornton,46646,
29036436,LC Packaging Netherlands B.V.,2023,Grant Thornton,46646,
24285518,Facilicom Group N.V.,2020,Grant Thornton,64210,
24285518,Facilicom Group N.V.,2021,Grant Thornton,64210,
09189930,Ojah B.V.,2022,Grant Thornton,10890,
09189930,Ojah B.V.,2023,Grant Thornton,10890,
70341648,"KnowBe4 NL, B.V.",2023,Grant Thornton,64210,
34124940,NL Diffusion B.V.,2022,Grant Thornton,47713,
34347817,Coöperatieve Prometheus Group NLD U.A.,2022,Grant Thornton,64210,
29012283,Transportonderneming Zijderlaan B.V.,2022,Grant Thornton,49410,
33278856,Calze Del Mondo Int. B.V.,2024,Grant Thornton,46429,
34134370,Marriott International Management Company,2018,Grant Thornton,64210,
17187876,Newtone Audit N.V.,2022,Grant Thornton,69201,
29048324,Compaxo Groep B.V.,2022,Grant Thornton,64210,
29048324,Compaxo Groep B.V.,2024,Grant Thornton,64210,
27229742,Hittech Multin B.V.,2022,Grant Thornton,28990,
54806941,Apollo Tyres (Europe) B.V.,2021,Grant Thornton,22110,
54806941,Apollo Tyres (Europe) B.V.,2020,Grant Thornton,22110,
54806941,Apollo Tyres (Europe) B.V.,2022,Grant Thornton,22110,
28030317,Aurovitas Nederland B.V.,2022,Grant Thornton,64210,
41199789,Stichting Koninklijke Nederlandse Redding Maatschappij,2022,Grant Thornton,52220,
53122887,Combilo B.V.,2019,Grant Thornton,46311,
64540340,Digital Greenfield B.V.,2023,Grant Thornton,64210,
68443633,VCF Holding B.V.,2019,Grant Thornton,70102,
28032820,Kluthe Benelux B.V.,2019,Grant Thornton,20300,
28032820,Kluthe Benelux B.V.,2020,Grant Thornton,20300,
28032820,Kluthe Benelux B.V.,2024,Grant Thornton,20300,
58471588,De Heer holding B.V.,2019,Grant Thornton,64210,
31024364,Yokogawa Europe B.V.,2024,Grant Thornton,26510,
24388498,Bluehoef B.V.,2018,Grant Thornton,70102,
24388498,Bluehoef B.V.,2020,Grant Thornton,70102,
41048542,Stichting Agriterra,2020,Grant Thornton,94996,
29002853,Edelman B.V.,2020,Grant Thornton,46441,
29002853,Edelman B.V.,2022,Grant Thornton,46441,
30124189,Prometric B.V.,2018,Grant Thornton,78100,
85044121,Europastry Steenbergen B.V.,2022,Grant Thornton,46383,
30185134,Kenike B.V.,2020,Grant Thornton,66191,
67825559,Infor Holdings B.V.,2024,Grant Thornton,64210,
30069259,Bel Nederland B.V.,2022,Grant Thornton; PwC,46331,
70983755,Ripstone Systems B.V.,2023,Grant Thornton,64210,
32156118,Stichting Muziekids,2018,Grant Thornton,94995,
32156118,Stichting Muziekids,2020,Grant Thornton,94995,
24334171,Electro-Cirkel Vastgoed B.V.,2018,Grant Thornton,68203,
24334171,Electro-Cirkel Vastgoed B.V.,2021,Grant Thornton,68203,
29037979,Bouwbedrijf Frans Vink en Zonen B.V.,2023,Grant Thornton,41000,
69201293,TrueNoord Investments 2 B.V.,2019,Grant Thornton,64210,
62769405,Stöpler Medical Holding B.V.,2020,Grant Thornton,64210,
27084741,Samson Regeltechniek B.V.,2018,Grant Thornton,26510,
27084741,Samson Regeltechniek B.V.,2020,Grant Thornton,26510,
08136047,Fellowmind Netherlands Holding B.V.,2023,Grant Thornton,64210,
29010376,Mokveld Valves B.V.,2023,Grant Thornton,28140,
29010376,Mokveld Valves B.V.,2024,Grant Thornton,28140,
17055312,Vogel's Products B.V.,2019,Grant Thornton,46499,
52611302,Stichting Landelijk Wonen Klein Houtdijk,2021,Grant Thornton,87302,
24235286,PPF Participatie Fonds B.V.,2018,Grant Thornton,64210,
24235286,PPF Participatie Fonds B.V.,2019,Grant Thornton,64210,
24235286,PPF Participatie Fonds B.V.,2023,Grant Thornton,64210,
09124771,Topline Wijchen,2023,Grant Thornton,31000,
01101917,JACFRIESLAND B.V.,2020,Grant Thornton,25990,
01101917,JACFRIESLAND B.V.,2021,Grant Thornton,25990,
30095930,Severs Holding B.V.,2018,Grant Thornton,70102,
66400740,Black Box International B.V.,2022,Grant Thornton,70201,
66400740,Black Box International B.V.,2024,Grant Thornton,70201,
24168108,L. Meerman Holding B.V.,2019,Grant Thornton,64210,
66992583,Prestige Perfumes B.V.,2022,Grant Thornton,46450,
30066169,The Coatinc Company Holding B.V.,2020,Grant Thornton,64210,
30066169,The Coatinc Company Holding B.V.,2023,Grant Thornton,64210,
30066169,The Coatinc Company Holding B.V.,2024,Grant Thornton,64210,
17063047,Coram Group B.V.,2018,Grant Thornton,64210,
17063047,Coram Group B.V.,2019,Grant Thornton,64210,
51753405,Van Oers United B.V.,2022,Grant Thornton ; PwC,46311,
51753405,Van Oers United B.V.,2023,Grant Thornton ; PwC,46311,
30079428,Nevesbu B.V.,2023,Grant Thornton,71120,
34254009,Spotzer Digital B.V.,2018,Grant Thornton,73110,
34254009,Spotzer Digital B.V.,2019,Grant Thornton,73110,
06056147,CIREX B.V.,2020,Grant Thornton,24520,
06056147,CIREX B.V.,2021,Grant Thornton,24520,
53679660,Workday B.V.,2019,Grant Thornton,78201,
53679660,Workday B.V.,2024,Grant Thornton,78201,
53679660,Workday B.V.,2023,Grant Thornton,78201,
53679660,Workday B.V.,2025,Grant Thornton,78201,
24449091,"""Stichting OndernemersFonds Gouda""",2023,Grant Thornton,94110,
24449091,"""Stichting OndernemersFonds Gouda""",2022,Grant Thornton,94110,
69739927,PBT Holding B.V.,2018,Grant Thornton,64210,
30065727,Rutges B.V.,2024,Grant Thornton,41000,
53323017,Tétris Design & Build B.V.,2021,Grant Thornton,71120,
30004507,Stöpler Medical B.V.,2019,Grant Thornton,46462,
30004507,Stöpler Medical B.V.,2022,Grant Thornton,46462,
30004507,Stöpler Medical B.V.,2023,Grant Thornton,46462,
34145205,Alliance Tire Europe B.V.,2023,Grant Thornton,46720,
74260863,New Balance Europe B.V.,2022,Grant Thornton,46496,
30129501,Verkade Veenendaal B.V.,2022,Grant Thornton,10920,
53450779,Ekofine Hotels & Resorts B.V.,2020,Grant Thornton,64210,
27318002,Brink Groep Invest B.V.,2023,Grant Thornton,70102,
27318002,Brink Groep Invest B.V.,2024,Grant Thornton,70102,
24342595,CLdN Distriport B.V.,2018,Grant Thornton,52241,
24342595,CLdN Distriport B.V.,2019,Grant Thornton,52241,
24342595,CLdN Distriport B.V.,2021,Grant Thornton,52241,
30104691,Biotronik Nederland B.V.,2018,Grant Thornton,46462,
30104691,Biotronik Nederland B.V.,2020,Grant Thornton,46462,
56234562,Stichting Participe Projecten,2022,Grant Thornton,88999,
33239133,Square 25 B.V.,2018,Grant Thornton,46421,
33239133,Square 25 B.V.,2020,Grant Thornton,46421,
65432770,Kerridge Commercial Systems (Nederland) B.V.,2025,Grant Thornton,62900,
28089721,Rijnoever Holding B.V.,2019,Grant Thornton,70102,
28089721,Rijnoever Holding B.V.,2021,Grant Thornton,70102,
64391043,Flexport Group B.V.,2019,Grant Thornton,70201,
64391043,Flexport Group B.V.,2024,Grant Thornton,70201,
81099517,NIO Nextev Europe Holding B.V.,2023,Grant Thornton,64210,
81099517,NIO Nextev Europe Holding B.V.,2024,Grant Thornton,64210,
40409618,astmaVereniging Nederland en Davos,2019,Grant Thornton,88999,
11008691,Betuwe Beton Holding B.V.,2018,Grant Thornton,66120,
11008691,Betuwe Beton Holding B.V.,2021,Grant Thornton,66120,
17145728,Tech Mahindra IT Services NL,2017,Grant Thornton,62100,
80358764,Northwave Holding B.V.,2024,Grant Thornton,70102,
55398901,Bioventus Coöperatief U.A.,2024,Grant Thornton,46461,
06055837,Hittech Netherlands B.V.,2024,Grant Thornton,64210,
28008540,De Hillegomse,2018,Grant Thornton,46831,
28008540,De Hillegomse,2020,Grant Thornton,46831,
28008540,De Hillegomse,2022,Grant Thornton,46831,
62135686,Inventum Beheer B.V.,2018,Grant Thornton,,
62135686,Inventum Beheer B.V.,2023,Grant Thornton,,
62276220,Medisch Specialisten Coöperatief Haga U.A.,2017,Grant Thornton,,
34289144,UCC Coffee Benelux B.V.,2023,Grant Thornton,10830,
34188672,KAUF B.V.,2019,Grant Thornton,,
34188672,KAUF B.V.,2020,Grant Thornton,,
34188672,KAUF B.V.,2021,Grant Thornton,,
24316726,ECORYS Nederland B.V.,2024,Grant Thornton,70201,
24134462,De Jong Intra Vakanties B.V.,2019,Grant Thornton,79120,
24134462,De Jong Intra Vakanties B.V.,2020,Grant Thornton,79120,
29019468,ANDRITZ Gouda B.V.,2018,Grant Thornton,28290,
27126635,Brink Management / Advies,2024,Grant Thornton,71120,
67345670,Peek & Cloppenburg Holding B.V.,2024,Grant Thornton,64210,
34162309,Artificial Solutions B.V.,2019,Grant Thornton,62100,
34130931,EV Cargo Global Forwarding,2019,Grant Thornton,64210,
62239740,VCG B.V.,2023,Grant Thornton,64210,
73746673,Greystar Europe Investment Management B.V.,2024,Grant Thornton,64210,
65763122,Encore Netherlands Coöperatief U.A.,2019,Grant Thornton,,
67075959,Base Logistics Group B.V.,2021,Grant Thornton,,
60853182,Voorheen GZEW B.V.,2018,Grant Thornton,,
51300907,Coöperatie MTH U.A.,2020,Grant Thornton,,
51300907,Coöperatie MTH U.A.,2022,Grant Thornton,,
34201718,Kids II Holdings B.V.,2019,Grant Thornton,,
14047255,TAD Inox Service B.V.,2020,Grant Thornton,25400,
34186540,Everdenberg Oosterhout Holding B.V.,2020,Grant Thornton,64210,
34186540,Everdenberg Oosterhout Holding B.V.,2022,Grant Thornton,64210,
34158661,MILIEU SERVICE NEDERLAND B.V.,2024,Grant Thornton,77390,
17102992,Nederlandse Internationale Bosbouw Onderneming (Nibo) N.V.,2018,Grant Thornton,64320,
17102992,Nederlandse Internationale Bosbouw Onderneming (Nibo) N.V.,2020,Grant Thornton,64320,
50919679,Hill International N.V.,2024,Grant Thornton,41000,
32127003,Applied Medical Distribution Europe B.V.,2024,Grant Thornton,32502,
33210664,Hoya Holdings B.V.,2025,Grant Thornton,64922,
64398382,Sentia Group B.V.,2018,Grant Thornton,,
64398382,Sentia Group B.V.,2020,Grant Thornton,,
32115550,Applied Medical Europe B.V.,2024,Grant Thornton,32502,
84782528,Endgame Invest B.V.,2024,Grant Thornton,64210,
29007343,Compaxo Holding B.V.,2019,Grant Thornton,64210,
29007343,Compaxo Holding B.V.,2024,Grant Thornton,64210,
66992583,Prestige Perfumes B.V.,2024,Grant Thornton,46450,
09015748,Promens Zevenaar B.V.,2024,Grant Thornton,22260,
67675182,Innova Group B.V.,2024,Grant Thornton,64210,
17033461,Fuji Seal Europe B.V.,2025,Grant Thornton,28290,
34106823,Kids2 International Group B.V.,2019,Grant Thornton,64210,
23089813,Iv-Infra B.V.,2020,Grant Thornton,71120,
23089813,Iv-Infra B.V.,2023,Grant Thornton,71120,
28045242,Iv-Offshore & Energy B.V.,2018,Grant Thornton,71120,
11028666,Suplusco Holding B.V.,2017,Grant Thornton,64210,
24106421,Van Weelde Beheer B.V.,2019,Grant Thornton,66191,
24106421,Van Weelde Beheer B.V.,2023,Grant Thornton,66191,
24106421,Van Weelde Beheer B.V.,2024,Grant Thornton,66191,
71294147,GTT Communications B.V.,2023,Grant Thornton,62100,
83796819,Newtone Adviseurs & Accountants B.V.,2024,Grant Thornton,69201,
30076338,Zeeuw & Zeeuw FordStore Utrecht,2018,Grant Thornton,46710,
28059038,HE Space Operations B.V.,2024,Grant Thornton,71120,
87732300,Tandartsen Drent en van Bueren,2022,Grant Thornton,86230,
33173631,Fintage House B.V.,2019,Grant Thornton,77400,
33173631,Fintage House B.V.,2020,Grant Thornton,77400,
33173631,Fintage House B.V.,2023,Grant Thornton,77400,
88703770,Newtone Groep B.V.,2025,Grant Thornton,64210,
24073651,Peterson Nederland B.V.,2025,Grant Thornton,52250,
75452553,Eastern European Electric Company II B.V.,2024,Grant Thornton,64210,
75452553,Eastern European Electric Company II B.V.,2025,Grant Thornton,64210,
29022965,Verweij en Zonen B.V.,2019,Grant Thornton,16250,
29022965,Verweij en Zonen B.V.,2024,Grant Thornton,16250,
30109705,Technetix B.V.,2020,Grant Thornton,46500,
27162139,Apotheek van Greuningen,2025,Grant Thornton,47730,
28089096,Max Bögl Nederland B.V.,2018,Grant Thornton,41000,
34241179,Valcon Acquisition B.V.,2024,Grant Thornton,64210,
17187876,Newtone Audit N.V.,2024,Grant Thornton,69201,
24280207,R.M.I. Chemical Logistics B.V.,2020,Grant Thornton,52250,
36049263,Security House,2024,Grant Thornton,46645,
17081956,Molex B.V.,2024,Grant Thornton,46644,
32040096,voestalpine Track Solutions Netherlands B.V.,2019,Grant Thornton,49200,
29038279,J.J.W. Doove Holding B.V.,2019,Grant Thornton,64210,
29038279,J.J.W. Doove Holding B.V.,2023,Grant Thornton,64210,
27190614,Participe Delft,2020,Grant Thornton,94997,
27236979,DDL Diagnostic Laboratory B.V.,2024,Grant Thornton,78202,
95976264,K3 Groep B.V.,2025,Grant Thornton,64210,
30214155,Coöperatie Medisch Centrum Reeuwijk U.A.,2025,Grant Thornton,86210,
83089721,HKZ Investor Holding B.V.,2025,Grant Thornton,35150,
54099137,Rutges Amsterdam B.V.,2024,Grant Thornton,41000,
24235286,PPF Participatie Fonds B.V.,2025,Grant Thornton,64210,
24130490,T.L.R. Technisch Laboratorium Rotterdam B.V.,2020,Grant Thornton,71201,
23035129,Amari Holdings B.V.,2018,Grant Thornton,70102,
23035129,Amari Holdings B.V.,2019,Grant Thornton,70102,
23035129,Amari Holdings B.V.,2020,Grant Thornton,70102,
23035129,Amari Holdings B.V.,2022,Grant Thornton,70102,
16034524,Shiloh Industries Netherlands B.V.,2018,Grant Thornton,24530,
92057330,Faceland Holding B.V.,2024,Grant Thornton,64210,
23048223,Iv-Holding B.V.,2023,Grant Thornton,64210,
23091987,BluJay Solutions Nordics Holding B.V.,2020,Grant Thornton,62100,
09103693,Rijnaarde Global Trading & Logistics B.V.,2024,Grant Thornton,50401,
55648118,Apollo Tyres Global R&D B.V.,2019,Grant Thornton,71120,
20029079,BIC Netherlands B.V.,2023,Grant Thornton,46499,
12006789,Coatinc Mook B.V.,2020,Grant Thornton,25510,
34289144,UCC Coffee Benelux B.V.,2024,Grant Thornton,10830,
11008691,Betuwe Beton Holding B.V.,2025,Grant Thornton,66120,
34223268,Apollo Tyres (NL) B.V.,2019,Grant Thornton,22110,
34223268,Apollo Tyres (NL) B.V.,2020,Grant Thornton,22110,
34223268,Apollo Tyres (NL) B.V.,2021,Grant Thornton,22110,
67345670,Peek & Cloppenburg Holding B.V.,2023,Grant Thornton,64210,
29037979,Bouwbedrijf Frans Vink en Zonen B.V.,2025,Grant Thornton,41000,
73123404,Young Living Europe B.V.,2024,Grant Thornton,47279,
27374930,Innova Energie B.V.,2018,Grant Thornton,35150,
34117849,180 Amsterdam B.V.,2019,Grant Thornton,73110,
02331015,Medicargentum B.V.,2018,Grant Thornton,70102,
02331015,Medicargentum B.V.,2019,Grant Thornton,70102,
64391043,Flexport Group B.V.,2018,Grant Thornton,70201,
27257612,Armada Holding B.V.,2025,Grant Thornton,59200,
34158163,FARO FNH Netherlands Holdings B.V.,2024,Grant Thornton,64210,
71776850,LGMG Europe B.V.,2024,Grant Thornton,46610,
34251166,Bennebroekse Apotheek B.V.,2025,Grant Thornton,47730,
17198536,Berco Car Carpets B.V.,2020,Grant Thornton,46720,
62115081,Braskem Netherlands Inc. B.V.,2024,Grant Thornton,64220,
09145879,UiPath Process Mining B.V.,2023,Grant Thornton,62100,
09038453,Nu-Swift Brandbeveiliging B.V.,2024,Grant Thornton,46649,
09038453,Nu-Swift Brandbeveiliging B.V.,2025,Grant Thornton,46649,
27249393,EYKON B.V.,2020,Grant Thornton,46645,
27249393,EYKON B.V.,2021,Grant Thornton,46645,
68421796,L.B. 16 B.V.,2024,Grant Thornton,46390,
08062031,Cobb Europe B.V.,2020,Grant Thotnton,01473,
63661438,2525 Ventures B.V.,2018,Grant Thornton,62900,
63661438,2525 Ventures B.V.,2019,Grant Thornton,62900,
24144712,Hazera Seeds B.V.,2025,Grant Thornton,46212,
53323017,Tétris Design & Build B.V.,2023,Grant Thornton,71120,
06057845,Howden Netherlands B.V.,2025,Grant Thornton,28250,
24168542,Technisch Handelsburo Verhoef B.V.,2018,Grant Thornton,46822,
24168542,Technisch Handelsburo Verhoef B.V.,2019,Grant Thornton,46822,
24168542,Technisch Handelsburo Verhoef B.V.,2022,Grant Thornton,46822,
24168542,Technisch Handelsburo Verhoef B.V.,2023,Grant Thornton,46822,
30212114,VanMontfoort Uitvoering B.V.,2018,Grant Thornton,87901,
66348773,VMN Group Holding B.V.,2018,Grant Thornton,6420,
24241007,ELEM Beheer B.V.,2017,Grant Thornton,6420,
30231794,PsyMens B.V.,2017,Grant Thornton,86913,
23071995,TIOFARMA BEHEER B.V.,2017,Grant Thornton,6832,
54747805,Fyber N.V.,2017,Grant Thornton,6201,
05065044,Visscher Caravelle Holding B.V.,2018,Grant Thornton,70102,
05065044,Visscher Caravelle Holding B.V.,2021,Grant Thomton,70102,
17069403,STAPPERT Noxon,2018,Grant Thornton,46822,
27259366,Buren N.V.,2019,Grant Thornton,69101,
27259366,Buren N.V.,2020,Grant Thornton,69101,
27259366,Buren N.V.,2023,Grant Thornton,69101,
88441601,Newtone Accountants en Adviseurs,2024,Grant Thornton,69202,
16020978,PGI Nonwovens B.V.,2022,Grant Thornton,13950,
24143675,Broekman Logistics Limburg,2018,Grant Thornton,52109,
24143675,Broekman Logistics Limburg,2022,Grant Thornton,52109,
34311571,Eclipse Holding Coöperatief U.A.,2024,Grant Thornton,64210,
27374930,Innova Energie B.V.,2023,Grant Thornton,35150,
24320173,Naardenhout Investments B.V.,2018,Grant Thornton,64210,
24320173,Naardenhout Investments B.V.,2022,Grant Thornton,64210,
67470327,Rollins Netherlands B.V.,2019,Grant Thornton,,
05065044,Visscher Caravelle Holding B.V.,2024,Grant Thornton,70102,
34185591,TYC Europe B.V.,2018,Grant Thornton,46720,
34185591,TYC Europe B.V.,2019,Grant Thornton,46720,
34185591,TYC Europe B.V.,2020,Grant Thornton,46720,
41128760,Stichting Family Help Programme Holland/ Sri Lanka,2019,Grant Thornton,,
28110212,Euro Gsa Holding B.V.,2019,Grant Thornton,,
24292404,Skihut Holding B.V.,2019,Grant Thornton,64210,
59379146,PaCo B.V.,2019,Grant Thornton,64210,
67506909,VDM Industries B.V.,2019,Grant Thornton,20410,
69288178,Outside Living Industries B.V.,2017,Grant Thornton,64210,
69544972,Hittech Group B.V.,2023,Grant Thornton,64210,
63205769,Fred Slob Holding B.V.,2024,Grant Thornton,64210,
67261310,Altera (Netherlands) B.V.,2019,Grant Thornton,64210,
67261310,Altera (Netherlands) B.V.,2022,Grant Thornton,64210,
30283799,Comenius Adviesburo B.V.,2024,Grant Thornton,86930,
08001597,Coöperatie Univé Stad en Land U.A.,2019,Grant Thornton,64210,
67279597,TrueNoord Holdings B.V.,2020,Grant Thornton,64210,
34139814,Conduent Netherlands B.V.,2019,Grant Thornton,82200,
34139814,Conduent Netherlands B.V.,2022,Grant Thornton,82200,
34139814,Conduent Netherlands B.V.,2023,Grant Thornton,82200,
27143852,Strabag B.V.,2018,Grant Thornton,78202,
17198528,Berco Truck Components B.V.,2022,Grant Thornton,46720,
17198528,Berco Truck Components B.V.,2023,Grant Thornton,46720,
33211126,Rijsterborgh Vastgoed B.V.,2021,Grant Thornton,64310,
33211126,Rijsterborgh Vastgoed B.V.,2023,Grant Thornton,64310,
12060560,Fellowmind Netherlands B.V.,2023,Grant Thornton,62900,
12060560,Fellowmind Netherlands B.V.,2024,Grant Thornton,62900,
24380857,BDP Netherlands B.V.,2019,Grant Thornton,46851,
37060260,Peterson Den Helder,2022,Grant Thornton,52250,
37060260,Peterson Den Helder,2023,Grant Thornton,52250,
41192015,Stichting Versa Welzijn,2019,Grant Thornton,88992,
64284107,ACL Airshop Holdings B.V.,2022,Grant Thornton,64210,
32113805,Blinkers oud B.V.,2018,Grant Thornton,,
08065983,AWL-Techniek B.V.,2018,Grant Thornton,71120,
24168108,L. Meerman Holding B.V.,2018,Grant Thornton,64210,
32082886,BrandFusion Holland B.V.,2018,Grant Thornton,46421,
34120652,Cognex Europe B.V.,2019,Grant Thornton,64210,
70085390,TrueNoord Investments 3 B.V.,2021,Grant Thornton,64210,
31024364,Yokogawa Europe B.V.,2023,Grant Thornton,26510,
31024364,Yokogawa Europe B.V.,2025,Grant Thornton,26510,
24388498,Bluehoef B.V.,2021,Grant Thornton,70102,
30185134,Kenike B.V.,2018,Grant Thornton,66191,
30185134,Kenike B.V.,2019,Grant Thornton,66191,
30185134,Kenike B.V.,2021,Grant Thornton,66191,
30185134,Kenike B.V.,2022,Grant Thornton,66191,
29022965,Verweij en Zonen B.V.,2022,Grant Thornton,16250,
76590380,Paragon Holdings Netherlands B.V.,2022,Grant Thornton,64210,
76590380,Paragon Holdings Netherlands B.V.,2023,Grant Thornton,64210,
32115550,Applied Medical Europe B.V.,2019,Grant Thornton,32502,
28058288,KSB Industries B.V.,2018,Grant Thornton,68110,
28058288,KSB Industries B.V.,2023,Grant Thornton,68110,
28058288,KSB Industries B.V.,2020,Grant Thornton,68110,
60763221,Novoferm Nederland Holding B.V.,2023,Grant Thornton,64210,
32070622,Lavide Holding N.V.,2017,Grant Thornton,64210,
09103693,Rijnaarde Global Trading & Logistics B.V.,2023,Grant Thornton,50401,
55398901,Bioventus Coöperatief U.A.,2021,Grant Thornton,46461,
30088762,Rotero Holding B.V.,2023,Grant Thornton,70102,
23071995,TIOFARMA BEHEER B.V.,2019,Grant Thornton,68320,
24352072,Iv-Groep B.V.,2021,Grant Thornton,64210,
24352072,Iv-Groep B.V.,2023,Grant Thornton,64210,
17055158,Karcher B.V.,2024,Grant Thornton,46649,
23078797,Tiofarma B.V.,2018,Grant Thornton,72100,
34178161,ACL Airshop B.V.,2023,Grant Thornton,46649,
34166316,Roland Berger B.V.,2019,Grant Thornton,70202,
34166316,Roland Berger B.V.,2021,Grant Thornton,70202,
34166316,Roland Berger B.V.,2023,Grant Thornton,70202,
85299138,Cerba Research Netherlands B.V.,2023,Grant Thornton; PwC,64210,
56571291,Corendon Hotels & Resorts B.V.,2023,Grant Thornton,64210,
68218737,Advanced Safety Technologies B.V.,2018,Grant Thornton,70201,
68218737,Advanced Safety Technologies B.V.,2023,Grant Thornton,70201,
24358531,G.I.B.A. Holding B.V.,2024,Grant Thornton,64210,
30118706,Spencer Stuart International B.V.,2023,Grant Thornton,69209,
68099541,Advantage Smollan B.V.,2024,Grant Thornton,70201,
28032820,Kluthe Benelux B.V.,2018,Grant Thornton,20300,
53122887,Combilo B.V.,2018,Grant Thornton,46311,
52702758,Consortium SM B.V.,2022,Grant Thornton,52250,
52702758,Consortium SM B.V.,2021,Grant Thornton,52250,
27335247,Vandersterre Groep Bedrijven B.V.,2022,Grant Thornton,64210,
78114764,INV Nylon Chemicals Netherlands B.V.,2022,Grant Thornton,20160,
24299948,R.M.I. Holding B.V.,2020,Grant Thornton,64210,
34390884,TBG Holdings (Energy) B.V.,2018,Grant Thornton,64210,
34390884,TBG Holdings (Energy) B.V.,2022,Grant Thornton,64210,
29020065,Combilo International B.V.,2018,Grant Thornton,46311,
29020065,Combilo International B.V.,2019,Grant Thornton,46311,
68443633,VCF Holding B.V.,2020,Grant Thornton,70102,
72203374,Broekman Logistics Venlo B.V.,2023,Grant Thornton,49410,
73261955,CERTUS Technologies Holding B.V.,2020,Grant Thornton,64210,
57221677,Walraven Mijdrecht Holding B.V.,2019,Grant Thornton,64210,
57221677,Walraven Mijdrecht Holding B.V.,2024,Grant Thornton,64210,
65923065,Lavrijsen Beheer B.V.,2020,Grant Thornton,64210,
65923065,Lavrijsen Beheer B.V.,2023,Grant Thornton,64210,
01077394,Infor (Barneveld) B.V.,2023,Grant Thornton,64210,
20073364,Burando Holding B.V.,2023,Grant Thornton,70102,
20073364,Burando Holding B.V.,2024,Grant Thornton,70102,
20049412,Leyenaar Taapken Lamaker Holding B.V.,2018,Grant Thornton,64210,
59171960,Medline International B.V.,2018,Grant Thornton,46462,
08072285,LFB Benelux B.V.,2023,Grant Thornton,28250,
24266764,Van Uden Holding B.V.,2020,Grant Thornton,64210,
24266764,Van Uden Holding B.V.,2022,Grant Thornton,64210,
34036913,KSB Nederland B.V.,2019,Grant Thornton,28130,
34036913,KSB Nederland B.V.,2023,Grant Thornton,28130,
33158643,Muller's Drukkerij B.V.,2018,Grant Thornton,,
56234414,Stichting Participe Holding,2019,Grant Thornton,88999,
88703770,Newtone Groep B.V.,2023,Grant Thornton,64210,
16024140,Berco Holding B.V.,2019,Grant Thornton,13930,
16024140,Berco Holding B.V.,2020,Grant Thornton,13930,
16024140,Berco Holding B.V.,2022,Grant Thomton,13930,
16024140,Berco Holding B.V.,2024,Grant Thomton,13930,
71111131,Muon B.V.,2022,Grant Thornton,64210,
29017462,Dekker Zevenhuizen B.V.,2018,Grant Thornton,46471,
29017462,Dekker Zevenhuizen B.V.,2019,Grant Thornton,46471,
29017462,Dekker Zevenhuizen B.V.,2023,Grant Thornton,46471,
24393895,Diabeter Nederland B.V.,2020,Grant Thornton,86221,
24393895,Diabeter Nederland B.V.,2022,Grant Thornton,86221,
36049263,Security House,2023,Grant Thornton,46645,
52061760,Compressco Netherlands B.V.,2023,Grant Thornton,,
67240275,Silee Software Holding B.V.,2023,Grant Thornton,64210,
24235286,PPF Participatie Fonds B.V.,2022,Grant Thornton,64210,
24235286,PPF Participatie Fonds B.V.,2024,Grant Thornton,64210,
09124771,Topline Wijchen,2021,Grant Thornton,31000,
09124771,Topline Wijchen,2022,Grant Thornton,31000,
10028475,Het Rijk Golfbanen B.V.,2023,Grant Thornton,70102,
28001462,Kluthe Benelux Holding B.V.,2024,Grant Thornton,68110,
24334171,Electro-Cirkel Vastgoed B.V.,2020,Grant Thornton,68203,
24334171,Electro-Cirkel Vastgoed B.V.,2022,Grant Thornton,68203,
29037979,Bouwbedrijf Frans Vink en Zonen B.V.,2019,Grant Thornton,41000,
33266652,Circana/Intelect Marketing Services B.V.,2021,Grant Thornton,64210,
66400740,Black Box International B.V.,2020,Grant Thornton,70201,
66400740,Black Box International B.V.,2021,Grant Thornton,70201,
30066169,The Coatinc Company Holding B.V.,2017,Grant Thornton,64210,
30066169,The Coatinc Company Holding B.V.,2021,Grant Thornton,64210,
24287080,Marriott Hotels International B.V.,2017,Grant Thornton,64210,
24287080,Marriott Hotels International B.V.,2019,Grant Thornton,64210,
24287080,Marriott Hotels International B.V.,2022,Grant Thornton,64210,
24120312,Aluminium & Chemie Rotterdam B.V.,2020,Grant Thornton,27900,
33279525,A.T. Kearney B.V.,2020,Grant Thornton,70201,
70983755,Ripstone Systems B.V.,2018,Grant Thornton,64210,
29002853,Edelman B.V.,2019,Grant Thornton,46441,
29002853,Edelman B.V.,2023,Grant Thornton,46441,
29002853,Edelman B.V.,2024,Grant Thornton,46441,
09088243,Alpha Deuren International B.V.,2022,Grant Thornton,16250,
71181822,Infor (Netherlands) B.V.,2020,Grant Thornton,62100,
27322264,Lamboo Medical Holding B.V.,2024,Grant Thornton,64210,
84822252,GTT European Holdings B.V.,2022,Grant Thornton,64210,
30104691,Biotronik Nederland B.V.,2021,Grant Thornton,46462,
30104691,Biotronik Nederland B.V.,2022,Grant Thornton,46462,
34246766,Verifone Payments B.V.,2023,Grant Thornton,47404,
81258860,YouGov Netherlands B.V.,2024,Grant Thornton,73200,
34304785,LANXESS Chemical B.V.,2018,Grant Thornton,20590,
34304785,LANXESS Chemical B.V.,2019,Grant Thornton,20590,
34304785,LANXESS Chemical B.V.,2022,Grant Thornton,20590,
34304785,LANXESS Chemical B.V.,2024,Grant Thornton,20590,
73123404,Young Living Europe B.V.,2020,Grant Thornton,47279,
73123404,Young Living Europe B.V.,2022,Grant Thornton,47279,
27310208,CMS Distribution B.V.,2017,Grant Thornton,46500,
76063305,JBS N.V.,2022,Grant Thornton,70102,
27371063,RICS International Limited,2019,Grant Thornton,71120,
32092571,LOQISTIX Aircargo,2020,Grant Thomton,52250,
62151266,Greystar Netherlands Coöperatief U.A.,2024,Grant Thornton,64210,
34095853,Kales Airline Services B.V.,2022,Grant Thornton,52310,
77894731,GTT Holdings Netherlands B.V.,2022,Grant Thornton,62900,
34165176,Kales Group Holding B.V.,2020,Grant Thornton,64210,
68030096,Micro Focus Holding Finance B.V.,2017,Grant Thornton,64210,
68030096,Micro Focus Holding Finance B.V.,2020,Grant Thornton,64210,
50919679,Hill International N.V.,2018,Grant Thornton,41000,
50919679,Hill International N.V.,2019,Grant Thornton,41000,
50919679,Hill International N.V.,2022,Grant Thornton,41000,
61905771,Braskem Netherlands Finance B.V.,2024,Grant Thornton,64210,
34165180,Kales Group B.V.,2020,Grant Thornton,64210,
77746252,Northwave Group B.V.,2024,Grant Thornton,64210,
28082794,Premium Audio Company EMEA B.V.,2020,Grant Thornton,46433,
28082794,Premium Audio Company EMEA B.V.,2021,Grant Thornton,46433,
71561544,UiPath Netherlands B.V.,2023,Grant Thornton,73200,
70339554,JBS GLOBAL MEAT HOLDINGS PTY LTD,2019,Grant Thornton,64210,
70339554,JBS GLOBAL MEAT HOLDINGS PTY LTD,2022,Grant Thornton,64210,
34252106,Corendon City Hotel,2019,Grant Thornton,55101,
60281758,CreditAccess India B.V.,2022,Grant Thornton,64923,
30075396,Enerpac B.V.,2024,Grant Thornton,28120,
27271485,Armada Music B.V.,2018,Grant Thornton,59200,
27271485,Armada Music B.V.,2023,Grant Thornton,59200,
58532838,FRS Windcat Offshore Logistics B.V.,2018,Grant Thornton,,
54542707,Roland International Holding B.V.,2018,Grant Thornton,,
54542707,Roland International Holding B.V.,2019,Grant Thornton,,
23081946,Load-Lok International B.V.,2018,Grant Thornton,,
23081946,Load-Lok International B.V.,2019,Grant Thornton,,
28049817,Gebr. Van der Werff BV,2020,Grant Thornton,,
32113818,PrivaZorg Aanvullende Zorg B.V.,2018,Grant Thornton,,
55305563,Brands Collection B.V.,2019,Grant Thornton,46340,
30065727,Rutges B.V.,2020,Grant Thornton,41000,
59285273,CowManager B.V.,2023,Grant Thornton,01411,
01101917,JACFRIESLAND B.V.,2022,Grant Thornton; E & Y,25990,
52611302,Stichting Landelijk Wonen Klein Houtdijk,2022,Grant Thornton,87302,
52611302,Stichting Landelijk Wonen Klein Houtdijk,2023,Grant Thornton,87302,
52611302,Stichting Landelijk Wonen Klein Houtdijk,2024,Grant Thornton,87302,
01101917,JACFRIESLAND B.V.,2022,Grant Thornton,25990,
24238365,Ecclesia Holding The Netherlands B.V.,2020,Warth & Klein Grant Thornton,64210,
24238365,Ecclesia Holding The Netherlands B.V.,2021,Grant Thornton AG,64210,
34289144,UCC Coffee Benelux B.V.,2022,Grant Thornton,10830,
33289445,Reddy Netherlands B.V.,2021,Grant Thornton,70102,
33289445,Reddy Netherlands B.V.,2023,Grant Thornton,70102,
24382391,Alten Nederland B.V.,2019,Grant Thornton,62100,
27172813,Quality Produce International (Q.P.I.) B.V.,2020,Grant Thornton,46311,
28117368,Marfrig Holdings (Europe) B.V.,2017,Grant Thornton,64210,
30184829,Roma Veenendaal Holding B.V.,2020,Grant Thornton,70102,
30184829,Roma Veenendaal Holding B.V.,2022,Grant Thornton,70102,
20031711,Thetford B.V.,2018,Grant Thornton,22240,
20031711,Thetford B.V.,2020,Grant Thornton,22240,
20031711,Thetford B.V.,2023,Grant Thornton,22240,
30075396,Enerpac B.V.,2018,Grant Thornton,28120,
30075396,Enerpac B.V.,2019,Grant Thornton,28120,
24109658,Wrist-Klevenberg Ship Supply NL B.V.,2024,Grant Thornton,46390,
70798273,Insulet Netherlands B.V.,2024,Grant Thornton,46462,
71506918,Ademco 1 B.V.,2023,Grant Thornton,26510,
34268813,Stichting Participe Amstelland,2021,Grant Thornton,88992,
34268813,Stichting Participe Amstelland,2022,Grant Thornton,88992,
24151794,Cornelder Holding B.V.,2019,Grant Thornton,64210,
53993187,MVC Ship Repair Coöperatieve U.A.,2017,Grant Thornton,,
27257612,Armada Holding B.V.,2018,Grant Thornton,59200,
27257612,Armada Holding B.V.,2024,Grant Thornton,59200,
41186686,Stichting Triodos Sustainable Finance Foundation,2022,Grant Thornton,70202,
41186686,Stichting Triodos Sustainable Finance Foundation,2024,Grant Thornton,70202,
34173620,Infor International Holdings B.V.,2021,Grant Thornton,64210,
24342595,CLdN Distriport B.V.,2022,Grant Thornton,52241,
24342595,CLdN Distriport B.V.,2023,Grant Thornton,52241,
56234562,Stichting Participe Projecten,2020,Grant Thornton,88999,
55674739,WFC Investment B.V.,2023,Grant Thornton,64210,
01091535,Syncasso Nederland B.V.,2017,Grant Thornton,69104,
32040096,voestalpine Railpro B.V.,2018,Grant Thornton,4920,
17187876,Witlox Van den Boomen Accountants N.V.,2017,Grant Thornton,69201,
64633837,Curtec Group B.V.,2017,Grant Thornton,6420,
09054265,Moba Group B.V.,2017,Grant Thornton,70102,
27335247,Vandersterre Groep Bedrijven B.V.,2017,Grant Thornton,6420,
32040096,voestalpine Railpro B.V.,2017,Grant Thornton,4920,
33249147,Fros International B.V.,2017,Grant Thornton,46421,
17123178,Catalis SE,2017,Grant Thornton,70221,
66244641,Wijkverpleging Nederland B.V.,2017,Grant Thornton,88101,
16024140,Berco Holding B.V.,2017,Grant Thornton,1393,
14044648,Burrows Netherlands B.V.,2017,Grant Thornton,17211,
62839705,Loparex International Holding B.V.,2017,Grant Thornton,6420,
30065727,Rutges B.V.,2017,Grant Thornton,4120,
34124933,Sentia Netherlands B.V.,2017,Grant Thornton,6202,
17198536,Berco Car Carpets B.V.,2017,Grant Thornton,45311,
27133487,BlueCielo ECM Solutions B.V.,2017,Grant Thornton,6201,
27084741,Samson Regeltechniek B.V.,2017,Grant Thornto,2651,
66895332,Electro-Cirkel RETAIL B.V.,2017,Grant Thornton,46473,
34186540,Everdenberg Oosterhout Holding B.V.,2017,Grant Thornton,6420,
29027339,Combilo Beheer B.V.,2017,Grant Thornton,6420,
32030582,Aurobindo Pharma B.V.,2018,Grant Thornton,46461,
34354086,SeaChange B.V.,2017,Grant Thornton,6420,
54806941,Apollo Tyres B.V.,2017,Grant Thornton,2211,
34390884,TBG Holdings (Energy) B.V.,2017,Grant Thornton,6420,
29048324,Compaxo Groep B.V.,2017,Grant Thornton,6420,
23091987,BluJay Solutions Nordics Holding B.V.,2017,Grant Thornton,6201,
29030359,Beheer- en Exploitatiemaatschappij Zijderlaan B.V.,2017,Grant Thornton,6420,
67457134,Vakmedianet Investments B.V.,2017,Grant Thornton,6420,
17024197,'Woningstichting Woningbelang',2017,Grant Thornton,68201,
53103416,Nobel Future B.V.,2018,Grant Thornton,6420,
08058711,A.W.L. Techniek Holding B.V.,2018,Grant Thornton,6420,
58471588,J&AH B.V.,2017,Grant Thornton,6420,
64751147,Littelfuse Asia Holding B.V.,2018,Grant Thornton,6420,
67261310,Allscripts B.V.,2017,Grant Thornton,6420,
24120312,Aluminium & Chemie Rotterdam B.V.,2017,Grant Thornton,2790,
30138667,Groenendijk Beheer B.V.,2017,Grant Thornton,6420,
58646175,Thuiszorg Hart voor Nederland Holding B.V.,2017,Grant Thornton,70102,
55281567,Autisme en adhd centrum 't Zonneke B.V.,2017,Grant Thornton,8720,
27172813,Quality Produce International (Q.P.I.) B.V.,2018,Grant Thornton,46311,
24310796,Iv-Industrie B.V.,2017,Grant Thornton,7112,
08094474,Loparex B.V.,2017,Grant Thornton,17129,
58071792,Kobelco Construction Machinery Europe B.V.,2017,Grant Thornton,4663,
68443633,VCF Holding B.V.,2017,Grant Thornton,70102,
30202459,Stichting Singelzicht,2017,Grant Thornton,87902,
17170202,SeaChange NLG B.V.,2018,Grant Thornton,70221,
54542707,Roland International Holding B.V.,2017,Grant Thornton,6420,
28045242,Iv-Offshore & Energy B.V.,2017,Grant Thornton,7112,
24247282,International Furan Chemicals B.V.,2017,Grant Thornton,46751,
24449661,Stichting Medisch Psychiatrisch Centrum PsyTobe,2017,Grant Thornton,86913,
27296778,Delba Drilling International Coöperatie U.A.,2017,Grant Thornton,3315,
24393895,Diabeter Nederland B.V.,2018,Grant Thornton,86221,
28080733,Cryotek Management en Beheer B.V.,2017,Grant Thornton,6420,
23093035,Hypertherm Europe B.V.,2017,Grant Thornton,70222,
24375234,OQEMA Rotterdam B.V.,2017,Grant Thornton,46751,
67695477,Triple P Nederland B.V.,2017,Grant Thornton,6202,
34218967,Goedhart B.V.,2017,Grant Thornton,6420,
36021170,Vandersterre Groep Packaging B.V.,2018,Grant Thornton,46331,
59379146,PaCo B.V.,2017,Grant Thornton,6420,
24120793,De Jong Intra Beheer B.V.,2017,Grant Thornton,6420,
24247282,International Furan Chemicals B.V.,2018,Grant Thornton,46751,
50741632,Stichting Zorggroep Alblasserwaard en Vijfheerenlanden,2018,Grant Thornton,87302,
34310554,MCC Labels1 Netherlands B.V.,2017,Grant Thornton,6420,
30139276,Redwood International Business Group B.V.,2018,Grant Thornton,6201,
39095951,MTH Holding B.V.,2017,Grant Thornton,69201,
23071995,TIOFARMA BEHEER B.V.,2018,Grant Thornton,6832,
28078799,Orona The Netherlands B.V.,2018,Grant Thornton,2822,
34237362,Cordaan Thuisdiensten B.V.,2018,Grant Thornton,88999,
28058288,D.P. Industries B.V.,2017,Grant Thornton,6810,
33304225,Envipco Holding N.V.,2017,Grant Thornton,6420,
18057121,VIP International Holdings B.V.,2018,Grant Thornton,70102,
62888390,TBG Holdings (DTN) B.V.,2017,Grant Thornton,6420,
17024197,'Woningstichting Woningbelang',2018,Grant Thornton,68201,
24144712,Hazera Seeds B.V.,2021,Grant Thornton,46212,
29035244,Doove Care Groep B.V.,2018,Grant Thornton,46462,
34137364,Jones Lang LaSalle Finance B.V.,2021,Grant Thornton,64922,
80358764,Northwave Holding B.V.,2023,Grant Thornton,70102,
88441601,Newtone Accountants en Adviseurs,2023,Grant Thornton,69202,
23042855,IMS Nederland B.V.,2020,Grant Thornton / E & Y,46822,
23042855,IMS Nederland B.V.,2021,Grant Thornton,46822,
74711040,Kerridge Commercial Systems (KNW) B.V.,2020,Grant Thornton,2620,
74711040,Kerridge Commercial Systems (KNW) B.V.,2022,Grant Thornton,2620,
66895332,Electro-Cirkel RETAIL B.V.,2019,Grant Thornton,46473,
55950914,CTS Group Holding B.V.,2019,Grant Thornton,70102,
28059038,HE Space Operations B.V.,2022,Grant Thornton,71120,
62239740,VCG B.V.,2018,Grant Thornton,64210,
62239740,VCG B.V.,2021,Grant Thornton,64210,
61296201,The Cargo Control Company B.V.,2021,Grant Thornton,64210,
63205769,Fred Slob Holding B.V.,2023,Grant Thornton,64210,
51768097,KEAS Holding B.V.,2018,Grant Thornton,64210,
60976039,Roser Beheer B.V.,2022,Grant Thornton,64210,
30199525,Mott MacDonald B.V.,2019,Grant Thornton,70201,
30199525,Mott MacDonald B.V.,2023,Grant Thornton,70201,
28078799,Orona The Netherlands B.V.,2019,Grant Thornton,28220,
28078799,Orona The Netherlands B.V.,2021,Grant Thornton,28220,
28078799,Orona The Netherlands B.V.,2022,Grant Thornton,28220,
24099628,Broekman Group B.V.,2019,Grant Thornton,52310,
24099628,Broekman Group B.V.,2021,Grant Thornton,52310,
24099628,Broekman Group B.V.,2023,Grant Thornton,52310,
39095983,Moore MTH,2019,Grant Thornton,,
39095983,Moore MTH,2017,Grant Thornton,,
17170202,SeaChange NLG B.V.,2017,Grant Thornton,,
17170202,SeaChange NLG B.V.,2019,Grant Thornton,,
64932583,Cryotek Holding B.V.,2021,Grant Thornton,64210,
34155944,Sports Tracking Europe B.V.,2018,Grant Thornton,73200,
89161998,CurTec Holdco B.V.,2023,Grant Thornton,64210,
29019456,Van Dam Bodegraven B.V.,2020,Grant Thornton,20410,
33286679,WCC Group B.V.,2023,Grant Thornton,64210,
11060254,G. van Doorn Holding B.V.,2018,Grant Thornton,64210,
24469736,Züblin Nederland B.V.,2020,Grant Thornton,42110,
24469736,Züblin Nederland B.V.,2021,Grant Thornton,42110,
23031122,Iv-Consult B.V.,2018,Grant Thornton,71120,
24441621,Abalioglu Holding B.V.,2021,Grant Thornton,64210,
24222748,Broekman Logistics Maasvlakte B.V.,2019,Grant Thornton,52109,
23010792,Coatinc Alblasserdam B.V.,2021,Grant Thornton,25510,
23010792,Coatinc Alblasserdam B.V.,2023,Grant Thornton,25510,
24140149,Ship Spares Logistics B.V.,2020,Grant Thornton,49410,
24140149,Ship Spares Logistics B.V.,2022,Grant Thornton,49410,
29048324,Compaxo Groep B.V.,2018,Grant Thornton,64210,
29048324,Compaxo Groep B.V.,2019,Grant Thornton,64210,
29048324,Compaxo Groep B.V.,2023,Grant Thornton,64210,
54806941,Apollo Tyres (Europe) B.V.,2019,Grant Thornton,22110,
34165401,Linde Puerto Rico B.V.,2021,Grant Thornton,20110,
34165401,Linde Puerto Rico B.V.,2023,Grant Thornton,20110,
27274228,eMolecules,2021,Grant Thornton,46851,
30191754,Conclusion MBS B.V.,2019,Grant Thornton,62200,
24285518,Facilicom Group N.V.,2019,Grant Thornton,64210,
28037824,TrueNoord,2019,Grant Thornton,64922,
24289883,Ecorys B.V.,2022,Grant Thornton,70201,
24289883,Ecorys B.V.,2023,Grant Thornton,70201,
27134074,Jack van Lochem Holding B.V.,2022,Grant Thornton,64210,
67995179,Proparent B.V.,2024,Grant Thornton,10890,
29032800,Schakel Beheer en Beleggingsmaatschappij B.V.,2020,Grant Thornton,64210,
67675182,Innova Group B.V.,2018,Grant Thornton,64210,
67675182,Innova Group B.V.,2020,Grant Thornton,64210,
06055837,Hittech Netherlands B.V.,2019,Grant Thornton,64210,
34123656,Marriott International Licensing Company B.V.,2019,Grant Thornton,64210,
54747805,Fyber B.V.,2018,Grant Thornton,62100,
84136723,Dogmates (Netherlands) B.V.,2024,Grant Thornton,10920,
56571291,Corendon Hotels & Resorts B.V.,2018,Grant Thornton,64210,
56571291,Corendon Hotels & Resorts B.V.,2019,Grant Thornton,64210,
09172572,Willemsen Holding Huissen B.V.,2018,Grant Thornton,64320,
09172572,Willemsen Holding Huissen B.V.,2019,Grant Thornton,64320,
09172572,Willemsen Holding Huissen B.V.,2020,Grant Thornton,64320,
09172572,Willemsen Holding Huissen B.V.,2021,Grant Thornton,64320,
28070957,Vrewood Holding B.V.,2022,Grant Thornton,64210,
37051054,Ubbink Garden B.V.,2018,Grant Thornton,46499,
37051054,Ubbink Garden B.V.,2023,Grant Thornton,46499,
30158975,De Heer land en water B.V.,2017,Grant Thornton,81301,
30158975,De Heer land en water B.V.,2019,Grant Thornton,81301,
61194336,Amstel Trading II B.V.,2018,Grant Thornton,70102,
61194336,Amstel Trading II B.V.,2019,Grant Thornton,70102,
55609791,King Holding B.V.,2018,Grant Thornton,64210,
55609791,King Holding B.V.,2019,Grant Thornton,64210,
54102901,Woon-/ Zorgcentrum De Nieuwpoort,2020,Grant Thornton,87302,
16078285,V-Wood International B.V.,2023,Grant Thornton,46831,
29030359,Beheer- en Exploitatiemaatschappij Zijderlaan B.V.,2018,Grant Thornton,64210,
29030359,Beheer- en Exploitatiemaatschappij Zijderlaan B.V.,2019,Grant Thornton,64210,
29030359,Beheer- en Exploitatiemaatschappij Zijderlaan B.V.,2020,Grant Thornton,64210,
29030359,Beheer- en Exploitatiemaatschappij Zijderlaan B.V.,2023,Grant Thornton,64210,
24238493,Ecclesia B.V.,2023,Grant Thornton,66220,
24238493,Ecclesia B.V.,2024,Grant Thornton,66220,
30131800,voestalpine Turnout Technology Netherlands B.V.,2019,Grant Thornton,25110,
24431496,Carisbrooke Shipping 6250 B.V.,2018,Grant Thornton,50201,
17081956,Molex B.V.,2023,Grant Thornton,46644,
29036436,LC Packaging Netherlands B.V.,2020,Grant Thornton,46646,
06067125,Universal Electronics B.V.,2022,Grant Thornton,46432,
84027541,TrueNoord TopCo B.V.,2022,Grant Thornton,64210,
05056416,Visscher Caravelle Participaties B.V.,2018,Grant Thornton,70102,
05056416,Visscher Caravelle Participaties B.V.,2020,Grant Thornton,70102,
08016062,Shimano Benelux B.V.,2018,Grant Thornton,46491,
28108545,Bavebat B.V.,2021,Grant Thornton,64210,
09038453,Nu-Swift Brandbeveiliging B.V.,2021,Grant Thornton,46649,
69265526,Mogelijk Holding B.V.,2022,Grant Thornton,64210,
69265526,Mogelijk Holding B.V.,2024,Grant Thornton,64210,
29023492,Dekker Beheer B.V.,2019,Grant Thornton,64210,
24401995,Braskem Netherlands B.V.,2021,Grant Thornton,52210,
24401995,Braskem Netherlands B.V.,2022,Grant Thornton,52210,
29027929,Beheermaatschappij LaPipack B.V.,2023,Grant Thornton,64210,
34124940,NL Diffusion B.V.,2020,Grant Thornton,47713,
34124940,NL Diffusion B.V.,2023,Grant Thornton,47713,
34124940,NL Diffusion B.V.,2024,Grant Thornton,47713,
33278856,Calze Del Mondo Int. B.V.,2019,Grant Thornton,46429,
33278856,Calze Del Mondo Int. B.V.,2020,Grant Thornton,46429,
10146259,Willemsen interieurbouw & scheepsbetimmering B.V.,2017,Grant Thornton,31000,
10146259,Willemsen interieurbouw & scheepsbetimmering B.V.,2018,Grant Thornton,31000,
10146259,Willemsen interieurbouw & scheepsbetimmering B.V.,2020,Grant Thornton,31000,
84538066,NIO Netherlands B.V.,2023,Grant Thornton,47810,
36050094,Jacquet Nederland,2020,Grant Thornton; E & Y,46822,
36050094,Jacquet Nederland,2020,Grant Thornton,46822,
30025926,Van Poelgeest Woerden B.V.,2017,Grant Thornton,47810,
60316306,Simpel.nl B.V.,2019,Grant Thornton,61100,
33266715,EV Cargo Global Forwarding,2017,Grant Thornton,52310,
33266715,EV Cargo Global Forwarding,2018,Grant Thornton,52310,
33266715,EV Cargo Global Forwarding,2019,Grant Thornton,52310,
33266715,EV Cargo Global Forwarding,2021,Grant Thornton,52310,
83270698,Socotec Netherlands B.V.,2024,Grant Thornton; Mazars,64210,
58071792,Kobelco Construction Machinery Europe B.V.,2020,Grant Thornton,46630,
58071792,Kobelco Construction Machinery Europe B.V.,2024,Grant Thornton,46630,
30229933,B+B Vakmedianet B.V.,2019,Grant Thornton,70201,
74336533,UiPath Netherlands Holding B.V.,2021,Grant Thornton,64210,
74336533,UiPath Netherlands Holding B.V.,2022,Grant Thornton,64210,
74336533,UiPath Netherlands Holding B.V.,2023,Grant Thornton,64210,
50839837,Multi Service Europe,2017,Grant Thornton,64210,
06050769,Enerpac Heavy Lifting Technology B.V.,2019,Grant Thornton,28120,
06050769,Enerpac Heavy Lifting Technology B.V.,2020,Grant Thornton,28120,
08124423,Gamebasics B.V.,2024,Grant Thornton,62100,
82078165,THB Holding B.V.,2022,Grant Thornton,70201,
28003642,Grofsmederij Nieuwkoop B.V.,2018,Grant Thornton,25400,
28003642,Grofsmederij Nieuwkoop B.V.,2020,Grant Thornton,25400,
28003642,Grofsmederij Nieuwkoop B.V.,2023,Grant Thornton,25400,
28003642,Grofsmederij Nieuwkoop B.V.,2022,Grant Thornton,25400,
24073651,Peterson Nederland B.V.,2022,Grant Thornton,52250,
17187876,Newtone Audit N.V.,2023,Grant Thornton,69201,
32030582,Aurobindo Pharma B.V.,2020,Grant Thornton,46461,
60851120,Molex Foreign Treasury Holdings B.V.,2022,Grant Thornton,64210,
11023763,dormakaba Nederland B.V.,2020,Grant Thornton,46838,
11023763,dormakaba Nederland B.V.,2023,Grant Thornton,46838,
29016745,Houthandel Houtex B.V.,2023,Grant Thornton,46831,
65783131,CoorsTek Netherlands B.V.,2023,Grant Thornton,23200,
30065779,J. van Walraven Holding B.V.,2022,Grant Thornton,70102,
34230558,Protiviti B.V.,2022,Grant Thornton,70202,
34230558,Protiviti B.V.,2023,Grant Thornton,70202,
66104742,Mosa Meat,2022,Grant Thornton,72100,
30218982,Schimpf Beheer B.V.,2017,Grant Thornton,82300,
30218982,Schimpf Beheer B.V.,2018,Grant Thornton,82300,
30182868,ALT Technologies B.V.,2020,Grant Thornton,17250,
30182868,ALT Technologies B.V.,2021,Grant Thornton,17250,
41125061,Akropolis,2019,Grant Thornton,87100,
41125061,Akropolis,2020,Grant Thornton,87100,
41125061,Akropolis,2021,Grant Thornton,87100,
24216824,Van der Linden & Veldhuis Isolatie B.V.,2019,Grant Thornton,43230,
34246050,WRT B.V.,2019,Grant Thornton,46851,
34246050,WRT B.V.,2021,Grant Thornton,46851,
34246050,WRT B.V.,2023,Grant Thornton,46851,
34246050,WRT B.V.,2024,Grant Thornton,46851,
69060355,Getronics Group B.V.,2019,Grant Thornton,70101,
30220756,Informed IT Holding B.V.,2022,Grant Thornton,64210,
30220756,Informed IT Holding B.V.,2020,Grant Thornton,64210,
30220756,Informed IT Holding B.V.,2021,Grant Thornton,64210,
30220756,Informed IT Holding B.V.,2023,Grant Thornton,64210,
29032300,Verweij jr. Holding B.V.,2020,Grant Thornton,64210,
29032300,Verweij jr. Holding B.V.,2022,Grant Thornton,64210,
29032300,Verweij jr. Holding B.V.,2023,Grant Thornton,64210,
23048223,Iv-Holding B.V.,2019,Grant Thornton,64210,
23048223,Iv-Holding B.V.,2021,Grant Thornton,64210,
23048223,Iv-Holding B.V.,2024,Grant Thornton,64210,
64757374,Littelfuse Asia Sales B.V.,2017,Grant Thornton,74110,
64757374,Littelfuse Asia Sales B.V.,2023,Grant Thornton,74110,
61876976,VCKG Holding B.V.,2020,Grant Thornton,70102,
64821609,Muller Participaties B.V.,2018,Grant Thornton,64210,
64633837,Curtec Group B.V.,2020,Grant Thornton,64210,
29007753,Vandersterre Holland B.V.,2018,Grant Thornton,46331,
24340519,AIS WSI Europe B.V.,2020,Grant Thornton,74990,
24340519,AIS WSI Europe B.V.,2023,Grant Thornton,74990,
34076792,Seabourne Express Couriers B.V.,2022,Grant Thornton,52250,
34076792,Seabourne Express Couriers B.V.,2024,Grant Thornton,52250,
32103356,Bracamonte Convenient Kitchen B.V.,2021,Grant Thornton,10890,
32103356,Bracamonte Convenient Kitchen B.V.,2022,Grant Thornton,10890,
30138667,Groenendijk Beheer B.V.,2018,Grant Thornton,64210,
34064557,Lagardère Travel Retail the Netherlands B.V.,2023,Grant Thornton,64210,
34064557,Lagardère Travel Retail the Netherlands B.V.,2024,Grant Thornton,64210,
71461361,Scarlett Company,2019,Grant Thornton,46423,
09054265,Moba Group B.V.,2020,Grant Thornton,70102,
09054265,Moba Group B.V.,2023,Grant Thornton,70102,
30214151,Multifill B.V.,2019,Grant Thornton,20410,
27172237,Diebold Nixdorf B.V.,2021,Grant Thornton,62200,
24167752,Royal Peterson Control Union Group B.V.,2022,Grant Thornton,64210,
62143891,Inventum Technologies B.V.,2017,Grant Thornton,27510,
28044937,C. Goedhart Bouwbeheer Alphen aan den Rijn B.V.,2019,Grant Thornton,64310,
24247282,International Furan Chemicals B.V.,2019,Grant Thornton,46851,
36034864,Advanced Industries Packaging,2023,Grant Thornton,17211,
34218967,Goedhart B.V.,2018,Grant Thornton,64210,
34218967,Goedhart B.V.,2020,Grant Thornton,64210,
41149512,Stichting Triodos Foundation,2023,Grant Thornton,94993,
24161749,Universal Africa Lines B.V.,2023,Grant Thornton,52250,
33249147,Fros International B.V.,2018,Grant Thornton,46421,
39057029,Ansul,2023,Grant Thornton,46649,
24279142,Cornelder Corporation Mocambique B.V.,2020,Grant Thornton,70201,
30231794,PsyMens B.V.,2021,Grant Thornton,86930,
30231794,PsyMens B.V.,2023,Grant Thornton,86930,
28102766,HE Space Holding B.V.,2019,Grant Thornton,,
28102766,HE Space Holding B.V.,2022,Grant Thornton,,
24134462,De Jong Intra Vakanties B.V.,2018,Grant Thornton,79120,
72865083,Customer Helpline (Netherlands) B.V.,2022,Grant Thornton,64210,
30139276,Redwood International Business Group B.V.,2019,Grant Thornton,,
51300907,Coöperatie MTH U.A.,2018,Grant Thornton,,
51300907,Coöperatie MTH U.A.,2019,Grant Thornton,,
62135686,Inventum Beheer B.V.,2019,Grant Thornton,,
62135686,Inventum Beheer B.V.,2020,Grant Thornton,,
62135686,Inventum Beheer B.V.,2021,Grant Thornton,,
06056147,CIREX B.V.,2022,Grant Thornton,24520,
34137930,Red Square Investment Company B.V.,2020,Grant Thornton,,
30012536,Littelfuse B.V.,2022,Grant Thornton,,
30073048,Burando Holding B.V.,2018,Grant Thornton,46812,
34288502,MIG Real Estate (Serbia) B.V.,2020,Grant Thornton,,
51753405,Van Oers United B.V.,2021,Grant Thornton; PwC,46311,
51753405,Van Oers United B.V.,2023,Grant Thornton; PwC,46311,
30079428,Nevesbu B.V.,2022,Grant Thornton,71120,
30214155,Coöperatie Medisch Centrum Reeuwijk U.A.,2024,Grant Thornton,86210,
29045371,A.S. Holding B.V.,2020,Grant Thornton,64210,
28089721,Rijnoever Holding B.V.,2018,Grant Thornton,70102,
24449091,"""Stichting OndernemersFonds Gouda""",2021,Grant Thornton,94110,
53679660,Workday B.V.,2020,Grant Thornton,78201,
34130931,EV Cargo Global Forwarding,2017,Grant Thornton,64210,
34130931,EV Cargo Global Forwarding,2020,Grant Thornton,64210,
65763122,Encore Netherlands Coöperatief U.A.,2018,Grant Thornton,,
32103356,Bracamonte Convenient Kitchen B.V.,2025,Grant Thornton,10890,
16043976,Bonduelle Nederland B.V.,2025,Grant Thornton ; Deloitte,10390,
11008691,Betuwe Beton Holding B.V.,2023,Grant Thornton,66120,
66895332,Electro-Cirkel RETAIL B.V.,2024,Grant Thornton,46473,
24106421,Van Weelde Beheer B.V.,2022,Grant Thornton,66191,
40409618,astmaVereniging Nederland en Davos,2018,Grant Thornton,88999,
40409618,astmaVereniging Nederland en Davos,2022,Grant Thornton,88999,
40409618,astmaVereniging Nederland en Davos,2021,Grant Thornton,88999,
66682614,Complex Bidco B.V.,2018,Grant Thornton,,
71504249,Oleading,2021,Grant Thornton,26300,
24130490,T.L.R. Technisch Laboratorium Rotterdam B.V.,2023,Grant Thornton,71201,
34076792,Seabourne Express Couriers B.V.,2025,Grant Thornton,52250,
69544972,Hittech Group B.V.,2024,Grant Thornton,64210,
24297098,Lebowski Enterprises B.V.,2018,Grant Thornton,64210,
58922571,CIREX Holdings B.V.,2022,Grant Thornton,64210,
32060060,Praktijk voor leer- en gedragsadviezen B.V.,2022,Grant Thornton,,
34186540,Everdenberg Oosterhout Holding B.V.,2018,Grant Thornton,64210,
34186540,Everdenberg Oosterhout Holding B.V.,2019,Grant Thornton,64210,
14047255,TAD Inox Service B.V.,2018,Grant Thornton,25400,
14047255,TAD Inox Service B.V.,2019,Grant Thornton,25400,
29038279,J.J.W. Doove Holding B.V.,2022,Grant Thornton,64210,
64380157,Cohesity Netherlands B.V.,2024,Grant Thornton,64210,
60432713,Axon Public Safety B.V.,2018,Grant Thornton,64210,
29019468,ANDRITZ Gouda B.V.,2017,Grant Thornton,28290,
66104742,Mosa Meat,2025,Grant Thornton,72100,
62143891,Inventum Technologies B.V.,2024,Grant Thornton,27510,
33239133,Square 25 B.V.,2022,Grant Thornton,46421,
33239133,Square 25 B.V.,2023,Grant Thornton,46421,
59512504,Medline International C.V.,2017,Grant Thornton,,
70390894,Global Telecom Services Holding B.V.,2019,Grant Thornton,,
23035129,Amari Holdings B.V.,2024,Grant Thornton,70102,
55305563,Brands Collection B.V.,2022,Grant Thornton,46340,
55305563,Brands Collection B.V.,2021,Grant Thornton,46340,
81258860,YouGov Netherlands B.V.,2025,Grant Thornton,73200,
92881793,Tesabo B.V.,2024,Grant Thornton,64210,
24106421,Van Weelde Beheer B.V.,2021,Grant Thornton,66191,
71077790,MW Shipping B.V.,2022,Grant Thornton,50201,
27186078,Lamboo Medical Europe B.V.,2024,Grant Thornton,29201,
24334173,Electro-Cirkel Marine and Industry B.V.,2021,Grant Thornton,46647,
24334173,Electro-Cirkel Marine and Industry B.V.,2022,Grant Thornton,46647,
28065449,Sakura Finetek Europe B.V.,2025,Grant Thornton,46462,
23089813,Iv-Infra B.V.,2022,Grant Thornton,71120,
23051520,Mouthaan Grafisch Bedrijf,2024,Grant Thornton,18121,
90286421,Amalia Groep B.V.,2024,Grant Thornton,70102,
28045242,Iv-Offshore & Energy B.V.,2020,Grant Thornton,71120,
34100480,Intabex Netherlands B.V.,2025,Grant Thornton,64210,
67995179,Proparent B.V.,2023,Grant Thornton,10890,
28108545,Bavebat B.V.,2024,Grant Thornton,64210,
58922571,CIREX Holdings B.V.,2024,Grant Thornton,64210,
27190614,Participe Delft,2019,Grant Thornton,94997,
66992583,Prestige Perfumes B.V.,2023,Grant Thornton,46450,
06067599,Novoferm Nederland B.V.,2024,Grant Thornton,25120,
30164930,AGIS Harmelen Holding B.V.,2024,Grant Thornton,70102,
88703770,Newtone Groep B.V.,2024,Grant Thornton,64210,
24155006,Burando Energies,2024,Grant Thornton,46812,
29022965,Verweij en Zonen B.V.,2020,Grant Thornton,16250,
39057029,Ansul,2019,Grant Thornton,46649,
39057029,Ansul,2020,Grant Thornton,46649,
39057029,Ansul,2024,Grant Thornton,46649,
33173631,Fintage House B.V.,2022,Grant Thornton,77400,
58278125,Apotheek Trigoon B.V.,2024,Grant Thornton,47730,
24310796,Iv-Industrie B.V.,2021,Grant Thomton,71120,
34117849,180 Amsterdam B.V.,2023,Grant Thornton,73110,
59324430,Stichting Incluzio Uitvoering,2020,Grant Thornton,88999,
27249393,EYKON B.V.,2019,Grant Thornton,46645,
20052510,Zep Industries B.V.,2020,Grant Thornton,20410,
20052510,Zep Industries B.V.,2024,Grant Thornton,20410,
53439120,Skullcandy International Holdings B.V.,2024,Grant Thornton,64210,
23093035,Hypertherm Europe B.V.,2019,Grant Thornton,70202,
23093035,Hypertherm Europe B.V.,2020,Grant Thornton,70202,
30118706,Spencer Stuart International B.V.,2024,Grant Thornton,69209,
20145885,Accord Healthcare B.V.,2026,Grant Thornton,73200,
24340519,WSI Solutions Europe B.V.,2021,Grant Thornton,74990,
20029079,BIC Netherlands B.V.,2019,Grant Thornton,46499,
59199148,Aerdenhout Apotheek B.V.,2025,Grant Thornton,47730,
71776850,LGMG Europe B.V.,2023,Grant Thornton,46610,
08062031,Cobb Europe B.V.,2018,Grant Thornton,01473,
34223268,Apollo Tyres (NL) B.V.,2022,Grant Thornton,22110,
28116302,Millican Management B.V.,2018,Grant Thornton,64210,
39057029,Ansul,2025,Grant Thornton,46649,
63661438,2525 Ventures B.V.,2023,Grant Thornton,62900,
27374930,Innova Energie B.V.,2020,Grant Thornton,35150,
27374930,Innova Energie B.V.,2017,Grant Thornton,35150,
27374930,Innova Energie B.V.,2024,Grant Thornton,35150,
77876946,DHG Dutch Holding B.V.,2024,Grant Thornton,64210,
77876946,DHG Dutch Holding B.V.,2021,Grant Thornton,64210,
53323017,Tétris Design & Build B.V.,2022,Grant Thornton,71120,
70063028,Blooming Holdings B.V.,2019,Grant Thornton,64210,
74673351,iwell holding B.V.,2024,Grant Thornton,64210,
06057845,Howden Netherlands B.V.,2024,Grant Thornton,28250,
24168542,Technisch Handelsburo Verhoef B.V.,2020,Grant Thornton,46822,
33203625,OmnicomMediaGroup Nederland B.V.,2023,Grant Thornton,64210,
24375220,Nederlandse Beleggingsmaatschappij voor Zeeschepen N.V.,2017,Grant Thornton,64301,
28089720,Schouten Olie B.V.,2017,Grant Thornton,46712,
29022965,Verweij en Zonen B.V.,2017,Grant Thornton,16231,
23080041,Triple P N.V.,2017,Grant Thornton,70102,
58272682,AgroVision B.V.,2017,Grant Thornton,6420,
05056416,Visscher Caravelle Participaties B.V.,2017,Grant Thornton,70102,
24375220,Nederlandse Beleggingsmaatschappij voor Zeeschepen N.V.,2018,Grant Thornton,64301,
63175479,Littelfuse Mexico Manufacturing B.V.,2017,Grant Thornton,6420,
20049827,SCHOLLE IPN EUROPE HOLDING B.V.,2018,Grant Thornton,2222,
28101126,Apotex B.V.,2018,Grant Thornton,6420,
28108545,Bavebat B.V.,2017,Grant Thornton,6420,
17198528,Berco Truck Components B.V.,2017,Grant Thornton,45311,
53103416,Nobel Future B.V.,2017,Grant Thornton,6420,
28092711,Van der Werff Groep B.V.,2017,Grant Thornton,6420,
41192015,Stichting Versa Welzijn,2018,Grant Thornton,88992,
30131800,voestalpine WBN B.V.,2018,Grant Thornton,2511,
33239133,Square 25 B.V.,2017,Grant Thornton,46421,
09041351,Basf Finance Europe N.V.,2017,Grant Thornton,70102,
33278856,Calze Del Mondo Int. B.V.,2017,Grant Thornton,46429,
24299948,R.M.I. Holding B.V.,2017,Grant Thornton,6420,
30209930,Thuiszorg Hart voor Nederland B.V.,2017,Grant Thornton,88101,
32113815,PrivaZorg WMO Beheer B.V.,2017,Grant Thornton,88101,
34141161,Oath (Netherlands) B.V.,2017,Grant Thornton,6420,
58071792,Kobelco Construction Machinery Europe B.V.,2018,Grant Thornton,4663,
34166316,Roland Berger B.V.,2018,Grant Thornton,70222,
29022965,Verweij en Zonen B.V.,2018,Grant Thornton,16231,
23048223,Iv-Holding B.V.,2018,Grant Thornton,6420,
11060254,G. van Doorn Holding B.V.,2017,Grant Thornton,6420,
30212114,VanMontfoort Uitvoering B.V.,2019,Grant Thornton,87901,
05065044,Visscher Caravelle Holding B.V.,2023,Grant Thornton,70102,
30202459,Stichting Singelzicht,2019,Grant Thornton,,
30202459,Stichting Singelzicht,2021,Grant Thornton,,
80931480,SC Holding B.V.,2024,Grant Thornton,,
67457134,Vakmedianet Investments B.V.,2019,Grant Thornton,64210,
67506909,VDM Industries B.V.,2020,Grant Thornton,20410,
09139048,NIZO food research B.V.,2024,Grant Thornton,72100,
54099137,Rutges Amsterdam B.V.,2023,Grant Thornton,41000,
24320173,Naardenhout Investments B.V.,2021,Grant Thornton,64210,
24320173,Naardenhout Investments B.V.,2023,Grant Thornton,64210,
24375234,OQEMA Rotterdam B.V.,2018,Grant Thornton,46851,
28073954,Sher Holland B.V.,2019,Grant Thornton,46220,
17069403,STAPPERT Noxon,2019,Grant Thornton,46822,
69288178,Outside Living Industries B.V.,2018,Grant Thornton,64210,
69288178,Outside Living Industries B.V.,2024,Grant Thornton,64210,
27259366,Buren N.V.,2021,Grant Thornton,69101,
27259366,Buren N.V.,2022,Grant Thornton,69101,
17069713,Orion Engineering B.V.,2021,Grant Thornton,71120,
75106450,Milieu Service Groep B.V.,2024,Grant Thornton,64210,
16020978,PGI Nonwovens B.V.,2018,Grant Thornton,13950,
62120751,Dienstapotheek Bollenstreek,2024,Grant Thornton,47730,
17069713,Orion Engineering B.V.,2024,Grant Thornton,71120,
24143675,Broekman Logistics Limburg,2023,Grant Thornton,52109,
78438780,Lynk & Co Sales Netherlands B.V.,2022,Grant Thornton,47810,
76225321,Fellowmind Company B.V.,2024,Grant Thornton,64210,
69544972,Hittech Group B.V.,2018,Grant Thornton,64210,
69544972,Hittech Group B.V.,2019,Grant Thornton,64210,
69544972,Hittech Group B.V.,2021,Grant Thornton,64210,
39095983,Moore MTH,2018,Grant Thornton,,
39095951,Moore MTH Holding B.V.,2018,Grant Thornton,,
39095951,Moore MTH Holding B.V.,2019,Grant Thornton,,
39095951,Moore MTH Holding B.V.,2021,Grant Thomton,,
39095951,Moore MTH Holding B.V.,2022,Grant Thomton,,
33130917,TBG Europe N.V.,2023,Grant Thornton,70102,
27259366,Buren N.V.,2024,Grant Thornton,69101,
83417605,Eastern European Electric Company III B.V.,2022,Grant Thomton,64210,
64284107,ACL Airshop Holdings B.V.,2018,Grant Thornton,64210,
34185591,TYC Europe B.V.,2021,Grant Thornton,46720,
84604522,Norit B.V.,2022,Grant Thornton,64210,
20151529,Vilmorin Nederland Holding B.V.,2024,Grant Thornton,46110,
57221677,Walraven Mijdrecht Holding B.V.,2020,Grant Thornton,64210,
57221677,Walraven Mijdrecht Holding B.V.,2022,Grant Thornton,64210,
57221677,Walraven Mijdrecht Holding B.V.,2023,Grant Thornton,64210,
65923065,Lavrijsen Beheer B.V.,2021,Grant Thornton,64210,
50124498,Online Payment Platform,2024,Grant Thornton,62100,
30075396,Enerpac B.V.,2021,Grant Thornton,28120,
30231794,PsyMens B.V.,2019,Grant Thornton,86930,
30231794,PsyMens B.V.,2020,Grant Thornton,86930,
33249147,Fros International B.V.,2024,Grant Thornton,46421,
33130917,TBG Europe N.V.,2024,Grant Thornton,70102,
33306002,Fellowes Holdings B.V.,2023,Grant Thornton,64210,
29017462,Dekker Zevenhuizen B.V.,2021,Grant Thornton,46471,
29017462,Dekker Zevenhuizen B.V.,2022,Grant Thornton,46471,
30088762,Rotero Holding B.V.,2024,Grant Thornton,70102,
34166316,Roland Berger B.V.,2020,Grant Thornton,70202,
34166316,Roland Berger B.V.,2022,Grant Thornton,70202,
34166316,Roland Berger B.V.,2024,Grant Thornton,70202,
27249237,TMNS,2021,KPMG; Grant Thornton,62200,
27076684,Van Lochem Den Haag Totaalonderhoud B.V.,2023,Grant Thornton,41000,
58152555,Futaro Groep B.V.,2018,Grant Thornton,64210,
66992583,Prestige Perfumes B.V.,2019,Grant Thornton,46450,
66992583,Prestige Perfumes B.V.,2018,Grant Thornton,46450,
66992583,Prestige Perfumes B.V.,2020,Grant Thornton,46450,
78114764,INV Nylon Chemicals Netherlands B.V.,2023,Grant Thornton,20160,
29002853,Edelman B.V.,2021,Grant Thornton,46441,
08065528,DS Smith Recycling Benelux B.V.,2022,Grant Thornton,46879,
72552875,Walraven Europe B.V.,2019,Grant Thornton,64210,
72552875,Walraven Europe B.V.,2021,Grant Thornton,64210,
72552875,Walraven Europe B.V.,2022,Grant Thornton,64210,
32115550,Applied Medical Europe B.V.,2020,Grant Thornton,32502,
28058288,KSB Industries B.V.,2021,Grant Thornton,68110,
55398901,Bioventus Coöperatief U.A.,2023,Grant Thornton,46461,
30164930,AGIS Harmelen Holding B.V.,2022,Grant Thornton,70102,
30164930,AGIS Harmelen Holding B.V.,2023,Grant Thornton,70102,
35027435,Intertrans Nederland B.V.,2022,Grant Thornton,52310,
33288982,Nederlandse Technologie Investeringen B.V.,2019,Grant Thornton,64210,
34112084,Lonrho Africa Holdings,2017,Grant Thornton,,
34112084,Lonrho Africa Holdings,2021,Grant Thornton,,
34145205,Alliance Tire Europe B.V.,2022,Grant Thornton,46720,
77746252,Northwave Group B.V.,2023,Grant Thornton,64210,
17222764,Roan Camping Holidays B.V.,2020,Grant Thornton,79110,
17222764,Roan Camping Holidays B.V.,2018,Grant Thornton,79110,
61016918,Sibbing & Wateler cs B.V.,2019,Grant Thornton,64210,
59171960,Medline International B.V.,2019,Grant Thornton,46462,
28098295,Vlasman Betonbewerkings- en Slooptechnieken B.V.,2021,Grant Thornton,43990,
20031711,Thetford B.V.,2021,Grant Thornton,22240,
20031711,Thetford B.V.,2022,Grant Thornton,22240,
20031711,Thetford B.V.,2024,Grant Thornton,22240,
69005133,Corendon Village Exploitatie B.V.,2022,Grant Thornton,55101,
71111131,Muon B.V.,2023,Grant Thornton,64210,
71111131,Muon B.V.,2021,Grant Thornton,64210,
24052685,Maasvlakte Olie Terminal N.V.,2022,Grant Thornton,52101,
70339554,JBS GLOBAL MEAT HOLDINGS PTY LTD,2020,Grant Thornton,64210,
54262771,LCC Europe B.V.,2022,Grant Thornton,62100,
76003043,GTT Communications Netherlands B.V.,2022,Grant Thornton,61100,
20105850,Hortisol Holding B.V.,2022,Grant Thornton,64210,
34246766,Verifone Payments B.V.,2022,Grant Thornton,47404,
27126635,Brink Management / Advies,2023,Grant Thornton,71120,
53993187,MVC Ship Repair Coöperatieve U.A.,2019,Grant Thornton,,
34301840,Pegasystems B.V.,2023,Grant Thornton,46500,
22054131,CLdN Cargo B.V.,2022,Grant Thornton,52241,
34304785,LANXESS Chemical B.V.,2020,Grant Thornton,20590,
34304785,LANXESS Chemical B.V.,2021,Grant Thornton,20590,
34304785,LANXESS Chemical B.V.,2023,Grant Thornton,20590,
27257612,Armada Holding B.V.,2022,Grant Thornton,59200,
34268813,Stichting Participe Amstelland,2019,Grant Thornton,88992,
34268813,Stichting Participe Amstelland,2020,Grant Thornton,88992,
27327514,Participe,2019,Grant Thornton,88992,
27327514,Participe,2020,Grant Thornton,88992,
27327514,Participe,2022,Grant Thornton,88992,
20073364,Burando Holding B.V.,2020,Grant Thornton,70102,
20073364,Burando Holding B.V.,2022,Grant Thornton,70102,
34036913,KSB Nederland B.V.,2020,Grant Thornton,28130,
34036913,KSB Nederland B.V.,2022,Grant Thornton,28130,
24266764,Van Uden Holding B.V.,2023,Grant Thornton,64210,
32127003,Applied Medical Distribution Europe B.V.,2020,Grant Thornton,32502,
20049412,Leyenaar Taapken Lamaker Holding B.V.,2019,Grant Thornton,64210,
09103693,Rijnaarde Global Trading & Logistics B.V.,2022,Grant Thornton,50401,
55423833,DL Logistics Group B.V.,2020,Grant Thornton,64210,
68218737,Advanced Safety Technologies B.V.,2019,Grant Thornton,70201,
28060405,Sofis B.V.,2021,Grant Thornton,46645,
24393895,Diabeter Nederland B.V.,2019,Grant Thornton,86221,
34178161,ACL Airshop B.V.,2018,Grant Thornton,46649,
23078797,Tiofarma B.V.,2019,Grant Thornton,72100,
24352072,Iv-Groep B.V.,2019,Grant Thornton,64210,
24352072,Iv-Groep B.V.,2020,Grant Thornton,64210,
24352072,Iv-Groep B.V.,2022,Grant Thornton,64210,
34124933,Sentia Netherlands B.V.,2018,Grant Thornton,,
34124933,Sentia Netherlands B.V.,2019,Grant Thornton,,
28008540,De Hillegomse,2019,Grant Thornton,46831,
61562009,Essential Capital Consortium B.V.,2018,Grant Thornton,,
30139276,Redwood International Business Group B.V.,2020,Grant Thornton,,
83796797,Newtone Belastingadviseurs B.V.,2024,Grant Thornton,69204,
28082794,Premium Audio Company EMEA B.V.,2018,Grant Thornton,46433,
04040443,KGH Customs Services B.V.,2023,Grant Thornton,52260,
51768097,KEAS Holding B.V.,2024,Grant Thornton,64210,
30219442,Veris Bouwmaterialengroep B.V.,2019,Grant Thornton,46471,
30219442,Veris Bouwmaterialengroep B.V.,2022,Grant Thornton,46471,
27271485,Armada Music B.V.,2017,Grant Thornton,59200,
34188672,KAUF B.V.,2018,Grant Thornton,,
53260597,Globalinternet,2019,Grant Thornton,,
61296201,The Cargo Control Company B.V.,2024,Grant Thornton,64210,
56645775,Alimera Sciences B.V.,2019,Grant Thornton,,
24052685,Maasvlakte Olie Terminal N.V.,2024,Grant Thornton,52101,
27172237,Diebold Nixdorf B.V.,2024,Grant Thornton,62200,
28049817,Gebr. Van der Werff BV,2018,Grant Thornton,,
28049817,Gebr. Van der Werff BV,2022,Grant Thornton,,
27289069,Monceau Deelnemingen I B.V.,2018,Grant Thornton,6420,
27335247,Vandersterre Groep Bedrijven B.V.,2018,Grant Thornton,6420,
30202459,Stichting Singelzicht,2018,Grant Thornton,87902,
28108674,Hans Severs Alphen aan den Rijn B.V.,2017,Grant Thornton,45112,
30065779,J. van Walraven Holding B.V.,2018,Grant Thornton,70102,
28085216,Stichting IZO,2018,Grant Thornton,88101,
24314587,Vonima B.V.,2017,Grant Thornton,6420,
59379146,PaCo B.V.,2018,Grant Thornton,6420,
24224439,Intermotor B.V.,2018,Grant Thornton,6420,
41172422,Stichting VSB Fonds Woerden,2022,Grant Thornton,88999,
24144712,Hazera Seeds B.V.,2023,Grant Thornton,46212,
70333564,Mercy Corps Netherlands,2023,Grant Thornton,94996,
28059038,HE Space Operations B.V.,2019,Grant Thornton,71120,
28059038,HE Space Operations B.V.,2023,Grant Thornton,71120,
61296201,The Cargo Control Company B.V.,2018,Grant Thornton,64210,
30199525,Mott MacDonald B.V.,2018,Grant Thornton,70201,
30199525,Mott MacDonald B.V.,2020,Grant Thornton,70201,
30199525,Mott MacDonald B.V.,2022,Grant Thornton,70201,
24120793,De Jong Intra Beheer B.V.,2018,Grant Thornton,64210,
24120793,De Jong Intra Beheer B.V.,2020,Grant Thornton,64210,
24252278,Stichting Maaszicht,2021,Grant Thornton,87992,
55950914,CTS Group Holding B.V.,2018,Grant Thornton,70102,
34354086,SeaChange B.V.,2019,Grant Thornton,,
66895332,Electro-Cirkel RETAIL B.V.,2023,Grant Thornton,46473,
33288678,Lyftet Holding B.V.,2018,Grant Thornton,,
62239740,VCG B.V.,2019,Grant Thornton,64210,
62239740,VCG B.V.,2022,Grant Thornton,64210,
23042855,IMS Nederland B.V.,2018,Grant Thornton,46822,
23042855,IMS Nederland B.V.,2020,Grant Thornton,46822,
23042855,IMS Nederland B.V.,2022,Grant Thornton,46822,
23042855,IMS Nederland B.V.,2023,Grant Thornton,46822,
52087131,"Scentsy, B.V.",2018,Grant Thornton,64210,
29019456,Van Dam Bodegraven B.V.,2018,Grant Thornton,20410,
29019456,Van Dam Bodegraven B.V.,2019,Grant Thornton,20410,
71549242,Global Holdings Netherlands B.V.,2019,Grant Thornton,64210,
30129709,Devoteam Nederland B.V.,2021,"KPMG, Grant Thornton",62200,
34262173,Apco Worldwide Netherlands Holding B.V.,2020,Grant Thornton,64210,
34206964,TrueNoord,2019,Grant Thornton,64210,
64932583,Cryotek Holding B.V.,2019,Grant Thornton,64210,
64932583,Cryotek Holding B.V.,2020,Grant Thornton,64210,
50839837,Multi Service Europe,2019,Grant Thornton,64210,
83089721,HKZ Investor Holding B.V.,2024,Grant Thornton,35150,
28085216,Stichting IZO,2019,Grant Thornton,86942,
83796819,Newtone Adviseurs & Accountants B.V.,2023,Grant Thornton,69201,
09189930,Ojah B.V.,2024,Grant Thornton,10890,
11023763,dormakaba Nederland B.V.,2018,Grant Thornton,46838,
11023763,dormakaba Nederland B.V.,2024,Grant Thornton,46838,
60724064,Shiloh Holdings Netherlands B.V.,2018,Grant Thornton,64210,
28070957,Vrewood Holding B.V.,2018,Grant Thornton,64210,
28070957,Vrewood Holding B.V.,2020,Grant Thornton,64210,
08124423,Gamebasics B.V.,2023,Grant Thornton,62100,
34130921,DataCore Software B.V.,2023,Grant Thornton,64210,
31020246,Norit Nederland B.V.,2022,Grant Thornton,20590,
56571291,Corendon Hotels & Resorts B.V.,2022,Grant Thornton,64210,
70261148,Newtone Holding B.V.,2022,Grant Thornton,64210,
27134074,Jack van Lochem Holding B.V.,2019,Grant Thornton,64210,
27134074,Jack van Lochem Holding B.V.,2021,Grant Thornton,64210,
27134074,Jack van Lochem Holding B.V.,2023,Grant Thornton,64210,
27134074,Jack van Lochem Holding B.V.,2024,Grant Thornton,64210,
29032800,Schakel Beheer en Beleggingsmaatschappij B.V.,2018,Grant Thornton,64210,
29032800,Schakel Beheer en Beleggingsmaatschappij B.V.,2019,Grant Thornton,64210,
61194336,Amstel Trading II B.V.,2020,Grant Thornton,70102,
05056416,Visscher Caravelle Participaties B.V.,2019,Grant Thornton,70102,
05056416,Visscher Caravelle Participaties B.V.,2022,Grant Thornton,70102,
05056416,Visscher Caravelle Participaties B.V.,2023,Grant Thornton,70102,
05056416,Visscher Caravelle Participaties B.V.,2024,Grant Thornton,70102,
54496810,Unite Procurement Nederland B.V.,2023,Grant Thornton,46902,
30191754,Conclusion MBS B.V.,2021,Grant Thornton,62200,
28070922,Bloemenexport en - Groothandel P. van Dam en Zn B.V.,2018,Grant Thornton,46220,
84723947,Yosemite Netherlands HoldCo B.V.,2022,Grant Thornton,64210,
84723947,Yosemite Netherlands HoldCo B.V.,2023,Grant Thornton,64210,
84723947,Yosemite Netherlands HoldCo B.V.,2024,Grant Thornton,64210,
84782528,Endgame Invest B.V.,2023,Grant Thornton,64210,
24092188,Wood Trading Holding B.V.,2022,Grant Thornton,64210,
24457709,Europastry Central Europe,2017,Grant Thornton,10710,
73459135,Bitvavo Group B.V.,2023,Grant Thornton,64210,
16078285,V-Wood International B.V.,2022,Grant Thornton,46831,
17081956,Molex B.V.,2020,Grant Thornton,46644,
24238493,Ecclesia B.V.,2022,Grant Thornton,66220,
72865083,Customer Helpline (Netherlands) B.V.,2020,Grant Thornton,64210,
24285518,Facilicom Group N.V.,2017,Grant Thornton,64210,
24285518,Facilicom Group N.V.,2018,Grant Thornton,64210,
06067125,Universal Electronics B.V.,2024,Grant Thornton,46432,
28073873,Vlasman Onroerend Goed B.V.,2019,Grant Thornton Accountants,64210,
28073873,Vlasman Onroerend Goed B.V.,2020,Grant Thornton,64210,
29036436,LC Packaging Netherlands B.V.,2021,Grant Thornton,46646,
39059813,Maasland Vleeswaren B.V.,2023,Grant Thornton,10130,
87045079,DL Group Holding B.V.,2022,Grant Thornton,64210,
34218967,Goedhart B.V.,2022,Grant Thornton,64210,
73537829,Bloemenexport en - Groothandel Van Dam en Zn Holding B.V.,2018,Grant Thornton,64210,
71935568,Mako Derivatives Amsterdam B.V.,2022,Grant Thornton,64210,
36034864,Advanced Industries Packaging,2022,Grant Thornton,17211,
29017196,Andrews Sykes B.V.,2019,Grant Thornton,77320,
24246034,Jones Lang LaSalle Services B.V.,2021,Grant Thornton,81100,
24246034,Jones Lang LaSalle Services B.V.,2022,Grant Thornton,81100,
24246034,Jones Lang LaSalle Services B.V.,2023,Grant Thornton,81100,
24274509,Control Union Certifications B.V.,2023,Grant Thornton,71202,
28108545,Bavebat B.V.,2019,Grant Thornton,64210,
28108545,Bavebat B.V.,2022,Grant Thornton,64210,
74203711,Project Chestnut BidCo B.V.,2021,Grant Thornton,64210,
24167752,Royal Peterson Control Union Group B.V.,2018,Grant Thornton,64210,
24167752,Royal Peterson Control Union Group B.V.,2023,Grant Thornton,64210,
29032300,Verweij jr. Holding B.V.,2019,Grant Thornton,64210,
29032300,Verweij jr. Holding B.V.,2024,Grant Thornton,64210,
23048223,Iv-Holding B.V.,2022,Grant Thornton,64210,
34058960,Invacare Holdings Two B.V.,2023,Grant Thornton,64210,
30283799,Comenius Adviesburo B.V.,2020,Grant Thornton,86930,
30283799,Comenius Adviesburo B.V.,2022,Grant Thornton,86930,
30283799,Comenius Adviesburo B.V.,2023,Grant Thornton,86930,
29016745,Houthandel Houtex B.V.,2020,Grant Thornton,46831,
29016745,Houthandel Houtex B.V.,2022,Grant Thornton,46831,
29016745,Houthandel Houtex B.V.,2024,Grant Thornton,46831,
33211126,Rijsterborgh Vastgoed B.V.,2022,Grant Thornton,64310,
58071792,Kobelco Construction Machinery Europe B.V.,2021,Grant Thornton,46630,
29023492,Dekker Beheer B.V.,2018,Grant Thornton,64210,
29023492,Dekker Beheer B.V.,2020,Grant Thornton,64210,
71057153,RealtimeBoard,2023,Grant Thornton,62100,
29048324,Compaxo Groep B.V.,2020,Grant Thornton,64210,
28030317,Aurovitas Nederland B.V.,2020,Grant Thornton,64210,
27229742,Hittech Multin B.V.,2019,Grant Thornton,28990,
27229742,Hittech Multin B.V.,2023,Grant Thornton,28990,
64633837,Curtec Group B.V.,2022,Grant Thornton,64210,
29007753,Vandersterre Holland B.V.,2021,Grant Thornton,46331,
24073651,Peterson Nederland B.V.,2023,Grant Thornton,52250,
34134370,Marriott International Management Company,2022,Grant Thornton,64210,
24222748,Broekman Logistics Maasvlakte B.V.,2018,Grant Thornton,52109,
34246050,WRT B.V.,2018,Grant Thornton,46851,
34288231,Jones Lang LaSalle B.V.,2022,Grant Thornton,68310,
34288231,Jones Lang LaSalle B.V.,2023,Grant Thornton,68310,
24469736,Züblin Nederland B.V.,2022,Grant Thornton,42110,
24469736,Züblin Nederland B.V.,2023,Grant Thornton,42110,
22000154,Limagrain Nederland B.V.,2023,Grant Thornton,46211,
33278856,Calze Del Mondo Int. B.V.,2018,Grant Thornton,46429,
33278856,Calze Del Mondo Int. B.V.,2022,Grant Thornton,46429,
17187876,Newtone Audit N.V.,2019,Grant Thornton,69201,
17187876,Newtone Audit N.V.,2020,Grant Thornton,69201,
29012283,Transportonderneming Zijderlaan B.V.,2023,Grant Thornton,49410,
23010792,Coatinc Alblasserdam B.V.,2019,Grant Thornton,25510,
34139814,Conduent Netherlands B.V.,2024,Grant Thornton,82200,
67279597,TrueNoord Holdings B.V.,2021,Grant Thornton,64210,
27143852,Strabag B.V.,2020,Grant Thornton,78202,
27143852,Strabag B.V.,2021,Grant Thornton,78202,
09054265,Moba Group B.V.,2021,Grant Thornton,70102,
09054265,Moba Group B.V.,2019,Grant Thornton,70102,
09054265,Moba Group B.V.,2024,Grant Thornton,70102,
02045016,De Haan Special Equipment B.V.,2017,Grant Thornton,28920,
02045016,De Haan Special Equipment B.V.,2020,Grant Thornton,28920,
02045016,De Haan Special Equipment B.V.,2022,Grant Thornton,28920,
55836151,Movianto Nederland B.V.,2024,Forvis Mazars; Grant Thornton,64210,
12037305,Elmos Services B.V.,2019,Grant Thornton,46500,
24431496,Carisbrooke Shipping 6250 B.V.,2022,Grant Thornton,50201,
32103356,Bracamonte Convenient Kitchen B.V.,2023,Grant Thornton,10890,
23080041,Triple P B.V.,2018,Grant Thornton,70102,
27338229,Stolk Boskoop Beheer B.V.,2017,Grant Thornton,64210,
27338229,Stolk Boskoop Beheer B.V.,2018,Grant Thornton,64210,
27338229,Stolk Boskoop Beheer B.V.,2019,Grant Thornton,64210,
37051054,Ubbink Garden B.V.,2019,Grant Thornton,46499,
37051054,Ubbink Garden B.V.,2020,Grant Thornton,46499,
37051054,Ubbink Garden B.V.,2021,Grant Thornton,46499,
29027929,Beheermaatschappij LaPipack B.V.,2020,Grant Thornton,64210,
24463775,CTS Netherlands B.V.,2018,Grant Thornton,71120,
24353792,Center Parcs NL Holding B.V.,2023,Grant Thornton ; E & Y,64210,
83270698,Socotec Netherlands B.V.,2024,Grant Thornton; Forvis Mazars,64210,
30229933,B+B Vakmedianet B.V.,2018,Grant Thornton,70201,
24401995,Braskem Netherlands B.V.,2024,Grant Thornton,52210,
20129147,Boti Holding B.V.,2020,Grant Thornton,64210,
20129147,Boti Holding B.V.,2021,Grant Thornton,64210,
30182868,ALT Technologies B.V.,2018,Grant Thornton,17250,
30182868,ALT Technologies B.V.,2019,Grant Thornton,17250,
41152146,Eerstelijnszorg Zoetermeer,2018,Grant Thornton,86210,
10146259,Willemsen interieurbouw & scheepsbetimmering B.V.,2019,Grant Thornton,31000,
10146259,Willemsen interieurbouw & scheepsbetimmering B.V.,2021,Grant Thornton,31000,
24380857,BDP Netherlands B.V.,2018,Grant Thornton,46851,
66472008,Proud Fashion B.V.,2022,Grant Thornton,64210,
30065779,J. van Walraven Holding B.V.,2023,Grant Thornton,70102,
30065779,J. van Walraven Holding B.V.,2024,Grant Thornton,70102,
34230558,Protiviti B.V.,2021,Grant Thornton,70202,
62888390,DTN Global Holdings B.V.,2018,Grant Thornton,64210,
62888390,DTN Global Holdings B.V.,2020,Grant Thornton,64210,
24216824,Van der Linden & Veldhuis Isolatie B.V.,2018,Grant Thornton,43230,
24216824,Van der Linden & Veldhuis Isolatie B.V.,2020,Grant Thornton,43230,
24329811,Vink jr Beheer B.V.,2019,Grant Thornton,64210,
24340519,AIS WSI Europe B.V.,2022,Grant Thornton,74990,
34298900,Windcat Workboats B.V.,2018,Grant Thornton,50100,
06055837,Hittech Netherlands B.V.,2020,Grant Thornton,64210,
06055837,Hittech Netherlands B.V.,2022,Grant Thornton,64210,
67675182,Innova Group B.V.,2019,Grant Thornton,64210,
74908812,Precision for Medicine NL B.V.,2023,Grant Thornton,72100,
34213689,TETRA Netherlands B.V.,2023,Grant Thornton,64210,
65360990,NIZO Group B.V.,2024,Grant Thornton,64210,
68702132,Tetra Tech International Development B.V.,2019,Grant Thornton,70201,
41199789,Stichting Koninklijke Nederlandse Redding Maatschappij,2023,Grant Thornton,52220,
34390884,TBG Holdings (Energy) B.V.,2020,Grant Thornton,64210,
34390884,TBG Holdings (Energy) B.V.,2021,Grant Thornton,64210,
41149512,Stichting Triodos Foundation,2024,Grant Thornton,94993,
30065727,Rutges B.V.,2018,Grant Thornton,41000,
30065727,Rutges B.V.,2021,Grant Thornton,41000,
30065727,Rutges B.V.,2022,Grant Thornton,41000,
30065727,Rutges B.V.,2023,Grant Thornton,41000,
33289445,Reddy Netherlands B.V.,2022,Grant Thornton,70102,
24382391,Alten Nederland B.V.,2018,Grant Thornton;KPMG,62100,
24382391,Alten Nederland B.V.,2018,Grant Thornton,62100,
24382391,Alten Nederland B.V.,2022,Grant Thornton,62100,
24382391,Alten Nederland B.V.,2023,Grant Thornton,62100,
24382391,Alten Nederland B.V.,2024,Grant Thornton,62100,
30214151,Multifill B.V.,2018,Grant Thornton,20410,
36037352,RTG Holdings B.V.,2019,Grant Thornton,64210,
30220756,Informed IT Holding B.V.,2019,Grant Thornton,64210,
08136047,Fellowmind Netherlands Holding B.V.,2024,Grant Thornton,64210,
27084741,Samson Regeltechniek B.V.,2019,Grant Thornton,26510,
24299948,R.M.I. Holding B.V.,2018,Grant Thornton,64210,
27335247,Vandersterre Groep Bedrijven B.V.,2021,Grant Thornton,64210,
30066169,The Coatinc Company Holding B.V.,2018,Grant Thornton,64210,
30066169,The Coatinc Company Holding B.V.,2019,Grant Thornton,64210,
30066169,The Coatinc Company Holding B.V.,2022,Grant Thornton,64210,
33279525,A.T. Kearney B.V.,2019,Grant Thornton,70201,
33279525,A.T. Kearney B.V.,2022,Grant Thornton,70201,
32156118,Stichting Muziekids,2019,Grant Thornton,94995,
77222245,DS Smith De Hoop B.V.,2021,Grant Thornton,17212,
56234414,Stichting Participe Holding,2020,Grant Thornton,88999,
56234414,Stichting Participe Holding,2021,Grant Thornton,88999,
56234414,Stichting Participe Holding,2022,Grant Thornton,88999,
30043435,ASpider Holding B.V.,2017,Grant Thornton,70102,
24334171,Electro-Cirkel Vastgoed B.V.,2019,Grant Thornton,68203,
24334171,Electro-Cirkel Vastgoed B.V.,2023,Grant Thornton,68203,
10028475,Het Rijk Golfbanen B.V.,2021,Grant Thornton,70102,
10028475,Het Rijk Golfbanen B.V.,2024,Grant Thornton,70102,
27031431,Pietercil Barends B.V.,2020,Grant Thornton,46390,
53763475,Mobile Telephone Networks NIC B.V.,2018,"PwC, Grant Thornton",64210,
24388498,Bluehoef B.V.,2019,Grant Thornton,70102,
24155006,Burando Energies,2018,Grant Thornton,46812,
24155006,Burando Energies,2019,Grant Thornton,46812,
24155006,Burando Energies,2023,Grant Thornton,46812,
32082886,BrandFusion Holland B.V.,2020,Grant Thornton,46421,
28089720,Schouten Olie,2018,Grant Thornton,46812,
28089720,Schouten Olie,2019,Grant Thornton,46812,
28089720,Schouten Olie,2020,Grant Thornton,46812,
28093235,Dammes Laban Holding,2019,Grant Thornton,64210,
28093235,Dammes Laban Holding,2021,Grant Thornton,64210,
28093235,Dammes Laban Holding,2023,Grant Thornton,64210,
18035919,Sportfondsen Groep 2 B.V.,2021,Grant Thornton,70102,
09088243,Alpha Deuren International B.V.,2023,Grant Thornton,16250,
09124771,Topline Wijchen,2020,Grant Thornton,31000,
24238365,Ecclesia Holding The Netherlands B.V.,2019,Warth & Klein Grant Thornton,64210,
24238365,Ecclesia Holding The Netherlands B.V.,2022,Grant Thornton,64210,
80329632,Stichting Alexis Kliniek,2023,Grant Thornton,86221,
52611302,Stichting Landelijk Wonen Klein Houtdijk,2019,Grant Thornton,87302,
52611302,Stichting Landelijk Wonen Klein Houtdijk,2020,Grant Thornton,87302,
62769405,Stöpler Medical Holding B.V.,2018,Grant Thornton,64210,
62769405,Stöpler Medical Holding B.V.,2019,Grant Thornton,64210,
90057236,Gezondheidscentra ZH B.V.,2023,Grant Thornton,86210,
05050626,Visscher Caravelle B.V.,2024,Grant Thornton,46720,
28001462,Kluthe Benelux Holding B.V.,2018,Grant Thornton,68110,
28001462,Kluthe Benelux Holding B.V.,2021,Grant Thornton,68110,
29037979,Bouwbedrijf Frans Vink en Zonen B.V.,2020,Grant Thornton,41000,
29037979,Bouwbedrijf Frans Vink en Zonen B.V.,2021,Grant Thornton,41000,
29037979,Bouwbedrijf Frans Vink en Zonen B.V.,2024,Grant Thornton,41000,
24484714,Ktirio B.V.,2017,Grant Thornton,68203,
27154955,Multi Service Tolls,2019,Grant Thornton,66199,
27154955,Multi Service Tolls,2020,Grant Thornton,66199,
11008691,Betuwe Beton Holding B.V.,2024,Grant Thornton,66120,
64398382,Sentia Group B.V.,2019,Grant Thornton,,
24392767,FURUNO EUROPE B.V.,2024,Grant Thornton,70201,
61393916,TODAY Real Estate Development B.V.,2024,Grant Thornton,68110,
61301604,Molex Foreign Holdings B.V.,2019,Grant Thornton,,
34120652,Cognex Europe B.V.,2024,Grant Thornton,64210,
33239133,Square 25 B.V.,2019,Grant Thornton,46421,
33239133,Square 25 B.V.,2024,Grant Thornton,46421,
09062936,DS Smith Packaging Barneveld B.V.,2022,Grant Thornton,17211,
58922571,CIREX Holdings B.V.,2019,Grant Thornton,64210,
34186540,Everdenberg Oosterhout Holding B.V.,2024,Grant Thornton,64210,
24462693,ViroClinics Biosciences B.V.,2024,Grant Thornton,78202,
30012536,Littelfuse B.V.,2020,Grant Thornton,,
09106022,Topline 's Heerenberg B.V.,2020,Grant Thornton,31000,
56234562,Stichting Participe Projecten,2021,Grant Thornton,88999,
34300336,Intralot Nederland B.V.,2018,Grant Thornton,92000,
89161998,CurTec Holdco B.V.,2024,Grant Thornton,64210,
17073774,D&M Europe B.V.,2024,Grant Thornton,46500,
06056147,CIREX B.V.,2024,Grant Thornton,24520,
24092188,Wood Trading Holding B.V.,2024,Grant Thornton,64210,
30079428,Nevesbu B.V.,2024,Grant Thornton,71120,
30104691,Biotronik Nederland B.V.,2019,Grant Thornton,46462,
33216362,Aztec Holdings B.V.,2018,Grant Thornton,64210,
08037746,Hittech Bihca B.V.,2024,Grant Thornton,25530,
33266715,EV Cargo Global Forwarding,2024,Grant Thornton,52310,
09088243,Alpha Deuren International B.V.,2024,Grant Thornton,16250,
34254009,Spotzer Digital B.V.,2020,Grant Thornton,73110,
34254009,Spotzer Digital B.V.,2022,Grant Thornton,73110,
06056147,CIREX B.V.,2019,Grant Thornton,24520,
53679660,Workday B.V.,2022,Grant Thornton,78201,
53679660,Workday B.V.,2021,Grant Thornton,78201,
24462693,ViroClinics Biosciences B.V.,2022,Grant Thornton,78202,
24462693,ViroClinics Biosciences B.V.,2023,Grant Thornton,78202,
30241730,Groenendijk Bedrijfskleding B.V.,2018,Grant Thornton,46422,
30241730,Groenendijk Bedrijfskleding B.V.,2019,Grant Thornton,46422,
32060060,Praktijk voor leer- en gedragsadviezen B.V.,2020,Grant Thornton,,
32060060,Praktijk voor leer- en gedragsadviezen B.V.,2021,Grant Thornton,,
32060060,Praktijk voor leer- en gedragsadviezen B.V.,2023,Grant Thornton,,
34230558,Protiviti B.V.,2024,Grant Thornton,70202,
29007343,Compaxo Holding B.V.,2018,Grant Thornton,64210,
29007343,Compaxo Holding B.V.,2020,Grant Thornton,64210,
29007343,Compaxo Holding B.V.,2022,Grant Thornton,64210,
29038279,J.J.W. Doove Holding B.V.,2020,Grant Thornton,64210,
29038279,J.J.W. Doove Holding B.V.,2021,Grant Thornton,64210,
34266343,Robert Half International B.V.,2021,Grant Thornton,78202,
34266343,Robert Half International B.V.,2023,Grant Thornton,78202,
24106421,Van Weelde Beheer B.V.,2020,Grant Thornton,66191,
71077790,MW Shipping B.V.,2021,Grant Thornton,50201,
18029664,Curtec Nederland B.V.,2023,Grant Thornton,22220,
27190614,Participe Delft,2022,Grant Thornton,94997,
11017159,Wassenburg Medical B.V.,2025,Grant Thornton,32502,
66682614,Complex Bidco B.V.,2019,Grant Thornton,,
29050310,Schakel Autogroep B.V.,2018,Grant Thornton,,
60423250,JMS Middle East Holding B.V.,2019,Grant Thornton; E & Y,,
65763122,Encore Netherlands Coöperatief U.A.,2017,Grant Thornton,,
65763122,Encore Netherlands Coöperatief U.A.,2020,Grant Thornton,,
11008691,Betuwe Beton Holding B.V.,2019,Grant Thornton,66120,
11008691,Betuwe Beton Holding B.V.,2020,Grant Thornton,66120,
40409618,astmaVereniging Nederland en Davos,2020,Grant Thornton,88999,
40409618,astmaVereniging Nederland en Davos,2023,Grant Thornton,88999,
40409618,astmaVereniging Nederland en Davos,2024,Grant Thornton,88999,
82078165,THB Holding B.V.,2024,Grant Thornton,70201,
70700249,Roadshow Group Holdings B.V.,2024,Grant Thornton,70201,
33173631,Fintage House B.V.,2018,Grant Thornton,77400,
87732300,Tandartsen Drent en van Bueren,2023,Grant Thornton,86230,
55305563,Brands Collection B.V.,2023,Grant Thornton,46340,
20105850,Hortisol Holding B.V.,2024,Grant Thornton,64210,
90073614,Braskem Trading & Shipping B.V.,2024,Grant Thornton,70102,
24165596,Apotheek De Murene,2024,Grant Thornton,47730,
16078285,V-Wood International B.V.,2024,Grant Thornton,46831,
92519202,LSC Communications Global Holdings,2025,Grant Thornton,64210,
50124498,Online Payment Platform,2025,Grant Thornton,62100,
12006789,Coatinc Mook B.V.,2018,Grant Thornton,25510,
12006789,Coatinc Mook B.V.,2024,Grant Thornton,25510,
60763221,Novoferm Nederland Holding B.V.,2024,Grant Thornton,64210,
17198536,Berco Car Carpets B.V.,2022,Grant Thornton,46720,
65858190,Incluzio Hollands Kroon B.V.,2019,Grant Thornton,88991,
65858190,Incluzio Hollands Kroon B.V.,2020,Grant Thornton,88991,
20029079,BIC Netherlands B.V.,2017,Grant Thornton,46499,
20029079,BIC Netherlands B.V.,2020,Grant Thornton,46499,
33299249,Lumen Technologies NL B.V.,2021,Grant Thornton,61100,
33299249,Lumen Technologies NL B.V.,2022,Grant Thornton,61100,
55704069,Indorama Petchem B.V.,2025,Grant Thornton,64210,
58278125,Apotheek Trigoon B.V.,2025,Grant Thornton,47730,
24167752,Royal Peterson Control Union Group B.V.,2025,Grant Thornton,64210,
87409321,Penthol B.V.,2024,Grant Thornton,46812,
71461361,Scarlett Company,2024,Grant Thornton,46423,
55305563,Brands Collection B.V.,2024,Grant Thornton,46340,
24218090,Muehlhan B.V.,2018,Grant Thornton,33150,
28058288,KSB Industries B.V.,2024,Grant Thornton,68110,
24280207,R.M.I. Chemical Logistics B.V.,2018,Grant Thornton,52250,
28089096,Max Bögl Nederland B.V.,2020,Grant Thornton,41000,
28089096,Max Bögl Nederland B.V.,2019,Grant Thornton,41000,
23042855,IMS Nederland B.V.,2024,Grant Thornton & E&Y,46822,
29022965,Verweij en Zonen B.V.,2021,Grant Thornton,16250,
29022965,Verweij en Zonen B.V.,2023,Grant Thornton,16250,
22000154,Limagrain Nederland B.V.,2025,Grant Thornton,46211,
01077394,Infor (Barneveld) B.V.,2024,Grant Thornton,64210,
08115958,Enrichment Technology Nederland B.V.,2024,Grant Thornton,20130,
62239740,VCG B.V.,2024,Grant Thornton,64210,
34130931,EV Cargo Global Forwarding,2018,Grant Thornton,64210,
28089721,Rijnoever Holding B.V.,2020,Grant Thornton,70102,
08046917,DS Smith Packaging Nederland Locatie Eerbeek,2022,Grant Thornton,17212,
81239203,DS Smith Packaging Tilburg B.V.,2022,Grant Thornton,17211,
28045242,Iv-Offshore & Energy B.V.,2024,Grant Thornton,71120,
23089813,Iv-Infra B.V.,2018,Grant Thornton,71120,
71506918,Ademco 1 B.V.,2024,Grant Thornton,26510,
24121040,Midwich Benelux Holding B.V.,2022,Grant Thornton,64210,
73123404,Young Living Europe B.V.,2023,Grant Thornton,47279,
23042855,IMS Nederland B.V.,2024,Grant Thornton,46822,
10028475,Het Rijk Golfbanen B.V.,2025,Grant Thornton,70102,
09054265,Moba Group B.V.,2025,Grant Thornton,70102,
24130490,T.L.R. Technisch Laboratorium Rotterdam B.V.,2018,Grant Thornton,71201,
24130490,T.L.R. Technisch Laboratorium Rotterdam B.V.,2021,Grant Thornton,71201,
36021170,Vandersterre Groep Packaging B.V.,2020,Grant Thornton,46331,
36021170,Vandersterre Groep Packaging B.V.,2022,Grant Thornton,46331,
29048324,Compaxo Groep B.V.,2025,Grant Thornton,64210,
24274509,Control Union Certifications B.V.,2020,Grant Thornton,71202,
33130917,TBG Europe N.V.,2025,Grant Thornton,70102,
28116302,Millican Management B.V.,2019,Grant Thornton,64210,
93445229,Hathor Topco B.V.,2024,Grant Thornton,64210,
73123404,Young Living Europe B.V.,2019,Grant Thornton,47279,
82983968,Lynk & Co Customer Engagement Operation B.V.,2022,Grant Thornton,82990,
29010376,Mokveld Valves B.V.,2025,Grant Thornton,28140,
67627811,Big 5 Holding B.V.,2025,Grant Thornton,64210,
67627811,Big 5 Holding B.V.,2024,Grant Thornton,64210,
59324430,Stichting Incluzio Uitvoering,2019,Grant Thornton,88999,
11017159,Wassenburg Medical B.V.,2026,Grant Thornton,32502,
34309453,Unify Overseas Holdings B.V.,2025,Deloitte; Grant Thornton,64210,
20052510,Zep Industries B.V.,2019,Grant Thornton,20410,
20052510,Zep Industries B.V.,2025,Grant Thornton,20410,
87536889,Swift Marine Holding B.V.,2022,Grant Thornton,52109,
08062031,Cobb Europe B.V.,2019,Grant Thornton,01473,
65177509,Sunoco Netherlands Amsterdam B.V.,2024,Grant Thornton,64210,
24380857,BDP Netherlands B.V.,2024,Grant Thornton,46851,
27374930,Innova Energie B.V.,2019,Grant Thornton,35150,
27374930,Innova Energie B.V.,2022,Grant Thornton,35150,
24287080,Marriott Hotels International B.V.,2024,Grant Thornton,64210,
02331015,Medicargentum B.V.,2020,Grant Thornton,70102,
34219983,DDB Amsterdam B.V.,2023,Grant Thornton,73110,
55648118,Apollo Tyres Global R&D B.V.,2021,Grant Thornton,71120,
74297155,BreachLock Holding B.V.,2025,Grant Thornton,64310,
91915066,FoodTech Systems B.V.,2025,Grant Thornton,64210,
24481070,Faceland,2024,Grant Thornton,86221,
30129501,Verkade Veenendaal B.V.,2023,Grant Thornton,10920,
27229742,Hittech Multin B.V.,2024,Grant Thornton,28990,
24168542,Technisch Handelsburo Verhoef B.V.,2021,Grant Thornton,46822,
33203625,OmnicomMediaGroup Nederland B.V.,2022,Grant Thornton,64210,
