kvk,naam,herkomst,soort,bevoegd_gezag,ook_elders
01080096,"Stg. OSG Singelland, Openb. VO Smallingerland en omgeving",besturenlijst,vo,13586,
01080096,Stg v Opb VO gem Small Tytsjerkstr Achtkarsp,rio,vo,13586,
01082181,Stichting voor Openbaar Voortgezet Onderwijs Fryslân-Noord,besturenlijst,bo+vo,13603,
01082181,Stg. openb. scholengemeenschap Piter Jelles,rio,bo+vo,13603,
01082181,Stichting OSG Piter Jelles Leeuwarden eo,rio,bo+vo,13603,
01083323,Vereniging voor Protestants Christelijk Basisonderwijs Fiersicht,besturenlijst,bo,41039,
01083323,PCBO Fiersicht,rio,bo,41039,
01083323,Ver. v. Protestants Christel. Basisonderw. Gem. Dantumadeel,rio,bo,41039,
01083323,Ver. voor Prot. Christ. B.O. in de gemeente Dantumadiel,rio,bo,41039,
01083323,Vereniging voor Protestants Christelijk in de gemeente Dantumadeel,rio,bo,41039,
01087061,Stichting Van Hall Larenstein,besturenlijst,ho,41344,
01087061,Stichting van Hall Larenstein,rio,ho,41344,
01094332,Stichting De Tjongerwerven Christelijk Primair Onderwijs,besturenlijst,bo,41282,
01094332,Vereniging voor Christelijk Primair Onderwijs De Tjongerwerven,rio,bo,41282,
01098068,Vereniging voor Christelijk Voortgezet Onderwijs in Noord- en West-Fryslân,besturenlijst,vo,41347,
01098068,Vereniging voor Christelijk VO in Noord-Fryslân,rio,vo,41347,
01098068,Vereniging voor Christelijk Voortgezet Onderwijs in Noord Friesland,rio,vo,41347,
01099790,Stg. voor Christelijk en Algemeen/Neutraal Bijzonder Basisonderwijs Nije Gaast,besturenlijst,bo,41385,
01099790,Stg. Chr. Alg./Neutr. Bijz. BO 'Nije Gaast' Gaasterlân-Sleat,rio,bo,41385,
01099790,Vereniging voor Christelijk en Algemeen/Neutraal Bijzonder BO Nije Gaast,rio,bo,41385,
01101624,Stichting PCBO Leeuwarden en omstreken,besturenlijst,bo,41419,
01101624,Ver. voor P.C. Basisonderwijs in de Gemeente Leeuwarden e.o.,rio,bo,41419,
01101624,Vereniging voor Protestants Christelijk Basisonderwijs in de Gemeente Leeuwarden,rio,bo,41419,
01102489,Stichting RSG Magister Alvinus,besturenlijst,vo,41442,
01104499,Stichting ROOBOL,besturenlijst,bo,41492,
01104499,Stichting ROOBOL (Regionaal Orgaan Openbaar Basisonderwijs Lauwersland),rio,bo,41492,
01111331,Stichting Ambion,besturenlijst,bo+so,41573,
01111331,St.Openbaar Primair Onderwijs De Basis,rio,bo+so,41573,
01111331,Stg. Openbaar Scholennetwerk De Basis Heerenveen,rio,bo+so,41573,
01111331,Stichting Openbaar Scholennetwerk De Basis Heerenveen,rio,bo+so,41573,
01116729,Stichting Comprix,besturenlijst,bo+so,41631,
01116729,Stichting Comperio,rio,bo+so,41631,
01116729,Stichting Triente,rio,bo+so,41631,
01123254,Stichting Elan Onderwijsgroep,besturenlijst,bo+so,41693,
01123254,Elan Onderwijsgroep,rio,bo+so,41693,
01123254,"Onderwijsgroep Fier, stichting v openbaar en algemeen bijzonder primaironderwijs",rio,bo+so,41693,
01123254,"Onderwijsgrp Fier, stg. openb. en alg. bijz. primair onderw.",rio,bo+so,41693,
01123254,Stichting Primair Onderwijs Noord West Friesland,rio,bo+so,41693,
01123270,Stichting Openbaar Primair Onderwijs Furore,besturenlijst,bo+so,41735,
01123270,Stichting Openbaar Primair Onderwijs Tytsjerksteradiel,rio,bo+so,41735,
01123358,"Scholengroep Opron, stichting voor openbaar primair onderwijs",besturenlijst,bo+so,41780,
01123358,"Stichting  OPO Menterwolde, Stadskanaal en Veendam",rio,bo+so,41780,
01123358,"Stichting Openbaar Primair Onderwijs Menterwolde, Stadskanaal en Veendam",rio,bo+so,41780,
01123528,Stichting Gereformeerde Scholengroep,besturenlijst,mbo+vo,41789,
01123528,Stichting Gereformeerde ScholenGroep,rio,mbo+vo,41789,
01128550,Stg. Chr. BO Reform. Grondsl. voor Groningen en Drenthe,besturenlijst,bo,41803,
01128550,Stichting voor Chr Basisonderwijs op Ref Grndslg voor Groningen en Drenthe,rio,bo,41803,
01133773,Stichting Kits Primair,besturenlijst,bo,41812,
01133773,Stichting Openbaar Basisonderwijs Midden-Drenthe,rio,bo,41812,
01139778,Ver. voor Christel. Onderwijs in Midden en Oost Groningen,besturenlijst,bo,41845,
01139778,Ver. voor Chr. Onderwijs in Midden- en Oost-Groningen,rio,bo,41845,
01139778,Vereniging voor Christelijk Onderwijs in Midden- en Oost-Groningen,rio,bo,41845,
01139778,Vereniging voor Christelijk Onderwijs in Oost-Groningen,rio,bo,41845,
01140312,Stichting Openbaar onderwijs Baasis,besturenlijst,bo,41851,
01140312,Stichting Openbaar Onderwijs Baasis,rio,bo,41851,
01140506,Stichting Proloog Primair Openbaar Onderwijs Leeuwarden,besturenlijst,bo+so,41850,
01140506,Sticht. Proloog Primair O.O. Leeuwarden,rio,bo+so,41850,
01140506,Stichting PROLOOG voor primair openbaar onderwijs in de gemeente Leeuwarden,rio,bo+so,41850,
01140506,Stichting Proloog voor primair openbaar onderwijs Leeuwarden,rio,bo+so,41850,
01140932,Stichting Samenwerkingsbestuur KyK,besturenlijst,bo+so,41856,
01140932,St. Samenw.best. prim. onderw. 'Gearhing',rio,bo+so,41856,
01140932,Stichting Samenwerkingsbestuur primair onderwijs Zuidwest Friesland Gearhing,rio,bo+so,41856,
01140932,Stichting samenwerkingsbestuur KyK,rio,bo+so,41856,
01146753,Stichting Talent Westerveld,besturenlijst,bo,41868,
01146753,Stichting Openbaar Primair Onderwijs Westerveld,rio,bo,41868,
01162526,Stichting Aurelia,besturenlijst,vo,41889,
01162526,"Openb. Schol.gem. Esdal Coll./ Stg.Esdal Coll., SG openb. vg",rio,vo,41889,
01162526,"Stichting Esal College, Scholengemeenschap voor Openbaar VO in Emmen e.o.",rio,vo,41889,
01162526,"Stichting Esdal College, openb. voortg. ond. Emmen e.o.",rio,vo,41889,
01162526,"Stichting Esdal College, scholengem. o.v.o. Emmen e.o.",rio,vo,41889,
01166182,Stichting openbaar prim. ond. Wolderwijs,besturenlijst,bo,41895,
01166182,Stg. Openbaar Primair Onderw. DE WOLDEN,rio,bo,41895,
01166182,Stichting Openbaar Primair Onderwijs De Wolden,rio,bo,41895,
01166995,Stichting Openbaar Onderwijs Groningen,besturenlijst,bo+so+vo,42510,
01166995,Stichting Openbaar Onderwijs Groep Groningen,rio,bo+so+vo,42510,
01167668,Stg. Openbaar Primair Onderw. Aa en Hunze,besturenlijst,bo,41899,
01167668,Stichting Openbaar Primair Onderwijs Aa en Hunze,rio,bo,41899,
01169053,Stichting Noventa Onderwijs,besturenlijst,bo,42852,ja
01169679,Bestuurscommissie Master Frankeskoalle voor Basisonderwijs te Eernewoude,besturenlijst,bo,13839,
01179037,Rijksuniversiteit Groningen,besturenlijst,ho,00008,
01179037,Het College van Bestuur van de Rijks Universiteit Groningen,rio,ho,00008,
02064842,Stichting Groningse Schoolvereniging,besturenlijst,bo,41053,
02066630,Stichting rsg de Borgen,besturenlijst,vo,41143,
02066630,Stichting Voortgezet Onderwijs Westerkwartier Noordenveld,rio,vo,41143,
02073954,Stichting Goud,besturenlijst,bo,41261,
02073954,Stichting Goud Onderwijs,rio,bo,41261,
02073954,Ver. voor Chr. Prim. Onderwijs Noord-Groningen,rio,bo,41261,
02073954,Verenig. voor Christ. Prim. Onderw. Noord-Groningen,rio,bo,41261,
02073954,Vereniging voor Christelijk Primair Onderwijs Noord-Groningen,rio,bo,41261,
02075302,Stichting RENN4,besturenlijst,so,41414,
02075302,Stichting Regionaal Expertisecentrum Noord Nederland,rio,so,41414,
02078858,Scholengroep Perspectief,besturenlijst,bo+so,41358,
02078858,Ver. v. Prot. Christ. Onderw. Zuidoost Groningen,rio,bo+so,41358,
02078858,Vereniging voor Prot.Chr. Basisonderwijs in Zuid Oost Groningen,rio,bo+so,41358,
02078858,Vereniging voor Protestants Christelijk Onderwijs Zuidoost Groningen,rio,bo+so,41358,
02090846,Stichting Quadraten,besturenlijst,bo,41571,
02090846,"Penta Primair, Stg v Christelijk Primair Onderwijs Westerkwartier-Noordenveld",rio,bo,41571,
02090846,"Penta Primair, Ver v Christelijk Primair Onderwijs Westerkwartier-Noordenveld",rio,bo,41571,
02090846,Stichting Penta Primair,rio,bo,41571,
02091183,Stichting Ommeriek,besturenlijst,bo,41574,
02091183,"Stg. Opb. Primair Onderwijs Appingedam, Bedum, Delfzijl, Loppersum en Ten Boer",rio,bo,41574,
02091183,"Stg. openb. primair onderwijs Appingedam, Bedum, Delfzijl",rio,bo,41574,
02091183,Stichting openbaar onderwijs Marenland,rio,bo,41574,
02094022,Stichting Openbaar Onderwijs Oost Groningen,besturenlijst,bo+so,41613,
04057229,FIERS,besturenlijst,bo,41052,
04057229,FIERS Protestants Christelijke Scholenvereniging,rio,bo,41052,
04057229,VPCBO Coevorden/ CBS Dr. Picardt,rio,bo,41052,
04057229,Ver. v. Prot. Chr. Bas.onderw. in de Gemeente Coevorden,rio,bo,41052,
04057229,Vereniging voor P.C.B.O. in de gemeente Coevorden,rio,bo,41052,
04057229,Vereniging voor Protestants Christelijk Basisonderwijs in de gemeente Coevorden,rio,bo,41052,
04060053,Stichting WIES,besturenlijst,bo,41196,
04060053,"St, v. Chr. Prim. Onderwijs in Zuidwest Drenthe",rio,bo,41196,
04060053,St. v. Chr. Prim. Onderwijs in Zuidwest Drenthe,rio,bo,41196,
04060053,Stichting voor C.P.O. in Zuidwest Drenthe,rio,bo,41196,
04060053,Stichting voor Christelijk Primair Onderwijs in Zuidwest-Drenthe,rio,bo,41196,
04060053,Ver. Chr. Prim. Onderwijs in Zuidwest Drenthe,rio,bo,41196,
04060053,Vereniging voor Christelijk Primair Onderwijs in Zuidwest Drenthe,rio,bo,41196,
04064771,Stichting Roelof van Echten,besturenlijst,vo,41271,
04064771,Stichting voor Christelijk Voortgezet Onderwijs voor Hoogeveen en omstreken,rio,vo,41271,
04065081,Stichting Openbaar Voortgezet Onderwijs Hoogeveen,besturenlijst,vo,13737,
04068442,Stichting voor openbaar en christelijk VO Noord- en Midden-Drenthe,besturenlijst,vo,13273,
04068442,Gemeensch Regeling v Opb VO in N en M Drenthe,rio,vo,13273,
04068442,Stg. Openb. Voortgez. Onderw. Noord- en Midden-Drenthe,rio,vo,13273,
04068442,Stg. voor openbaar en christelijk voortgezet onderwijs Noord- en Midden Drenthe,rio,vo,13273,
04068442,Stichting voor Openbaar Voortgezet Onderwijs Noord- en Midden-Drenthe,rio,vo,13273,
04074794,Stichting Hondsrug College,besturenlijst,vo,41509,
04074794,Hondsrugcollege,rio,vo,41509,
04076327,Stichting Praktijkonderwijs Emmen e.o.,besturenlijst,vo,41529,
04078541,Stichting Viviani,besturenlijst,bo,41551,
04078541,Viviani,rio,bo,41551,
04083767,Onderwijsstichting ARCADE,besturenlijst,bo,41630,
04083767,Stichting Openbaar Primair Onderwijs Coevorden,rio,bo,41630,
04083807,Stichting Promes,besturenlijst,bo+so,41629,
04084016,Stichting Voortgezet Onderwijs Meppel en omstreken,besturenlijst,vo,41636,
04084016,Stichting Onderwijsgroep ZW-Drenthe,rio,vo,41636,
04084016,Stichting Onderwijsgroep Zuidwest-Drenthe,rio,vo,41636,
04084016,Stichting Openbaar Voortgezet Onderwijs Zuid West-Drenthe,rio,vo,41636,
04084016,Stichting Voortgezet Onderwijs Meppel en omstreken (VOMEO),rio,vo,41636,
05068599,Stichting PCO Accrete,besturenlijst,bo,41270,
05068599,FEDERATIE VAN VERENIGINGEN VOOR HET PC ONDERWIJS IN NOORD-WEST OVERIJSSEL,rio,bo,41270,
05068599,PCO Accrete,rio,bo,41270,
05068599,VERENIGING PROTESTANTS CHRISTELIJK ONDERWIJS NOORDWEST OVERIJSSEL,rio,bo,41270,
05069588,Stichting Simant,besturenlijst,vo,41295,ja
05069588,"St. SVO in de Regio Steenwijk, Weststellingwerf en Westervel",rio,vo,41295,
05069588,Stichting Voortgezet Onderwijs Steenwijkerland-Weststellingw,rio,vo,41295,
05069588,Stichting samenwerking voortgezet onderwijs in de regio Steenwijk,rio,vo,41295,
05074008,Stichting Agnieten College/De Boog,besturenlijst,vo,41430,
05074008,Stichting Agnieten College/ De Boog,rio,vo,41430,
05074011,Stichting Ichthus College,besturenlijst,vo,41429,
05076398,Stichting Cambium,besturenlijst,bo,41473,
05076398,Stichting Christelijk Basisonderwijs Noordoost Veluwe,rio,bo,41473,
05076558,"De Mare, stichting openbaar basisonderwijs Salland",besturenlijst,bo,41491,
05076558,Stichting Openbaar Primair Onderwijs Olst-Wijhe.,rio,bo,41491,
05076558,Stichting Openbaar Primair Onderwijs Raalte en Olst-Wijhe,rio,bo,41491,
05083020,VGPO Hannah,besturenlijst,bo,41624,
05083020,Ver. voor Geref. Prim. Onderw. 'de Oosthoek',rio,bo,41624,
05083020,Vereniging voor Gereformeerd Primair Onderwijs De Oosthoek,rio,bo,41624,
05083027,Stichting Jenapleinschool,besturenlijst,bo,41626,
05083281,Florion Vereniging voor Gereformeerd Primair Onderwijs,besturenlijst,bo+so,41632,
05083281,Gereformeerde Schoolvereniging Accretio,rio,bo+so,41632,
05083281,Ver. voor Ger. Prim. Onderwijs Accretio,rio,bo+so,41632,
05083281,Vereniging voor Gereformeerd Primair Onderwijs Accretio,rio,bo+so,41632,
06086257,Stichting Brigantijn,besturenlijst,bo,27910,
06086257,MarCanT Stg. chr. basisonderw. Centraal Twente,rio,bo,27910,
06086257,MarCanT Stichting christelijk basisonderwijs Centraal Twente,rio,bo,27910,
06086257,Stichting MarCant-BSV,rio,bo,27910,
06086257,Stichting Marcant-BSV,rio,bo,27910,
06086257,Stichting voor Christelijk Primair Onderwijs Centraal Twente,rio,bo,27910,
06086257,Vereniging voor Christelijk Primair Onderwijs Centraal Twente,rio,bo,27910,
06088229,Stichting Primair Onderwijs Viadere,besturenlijst,bo,41472,
06088229,Stg. Protestants Christelijk Onderwijs Noord Twente,rio,bo,41472,
06088229,Stichting Protestants Christelijk Onderwijs Noord Twente,rio,bo,41472,
08081144,Stg. Regionaal Opleid. Centrum AVENTUS,besturenlijst,mbo,41151,
08081144,Stg Reg Opl Centr v Educ Ber Ond Stedendriehoek,rio,mbo,41151,
08081144,Stichting Regionaal Opleidingen Centrum AVENTUS,rio,mbo,41151,
08093774,Stichting Waerdenborch,besturenlijst,vo,13365,
08093774,Stichting Openbaar Voortgezet Onderwijs de Waerdenborch,rio,vo,13365,
08100036,Stichting Orthopedagogisch Instituut Deventer en Omgeving,besturenlijst,so,41274,
08100036,Stichting orthopedagogisch instituut Deventer en omgeving,rio,so,41274,
08111837,Stichting Aurora Onderwijsgroep,besturenlijst,bo+vo,41345,
08111837,Aurora Onderwijsgroep,rio,bo+vo,41345,
08111837,Stg. prOo:primair Openb. ond. Noord-Veluwe,rio,bo+vo,41345,
08111837,Stichting Proo Noord-Veluwe,rio,bo+vo,41345,
08111837,Stichting prOo primair openbaar onderwijs Noordwest-Veluwe,rio,bo+vo,41345,
08111837,Stichting prOo: primair Openbaar onderwijs Noord-Veluwe,rio,bo+vo,41345,
08116125,Stichting J.H. Donnerschool,besturenlijst,so,41450,
08116125,Stichting J.H. Donnerschool LSG,rio,so,41450,
08117581,Stichting Openbaar Primair Onderwijs Noordoost Achterhoek,besturenlijst,bo+so,41413,
08126099,Stichting Regionaal Opleidingencentrum van Twente,besturenlijst,mbo,41462,
08126099,ROC van Twente,rio,mbo,41462,
08126759,Stichting Openbaar Primair Onderwijs Eem-Vallei Educatief,besturenlijst,bo,41481,
08126759,Stichting Eem-Vallei Educatief Barneveld,rio,bo,41481,
08126759,Stichting Openbaar Primair Onderwijs Eem-ValleiEducatief,rio,bo,41481,
08129357,"Stichting ProCon, Stichting voor Christel. Prim. onderwijs",besturenlijst,bo,41736,
08129357,"Stichting ProCon, Stichting voor Christelijk Primair Onderwijs",rio,bo,41736,
08129757,Stichting Zozijn Daniël de Brouwerschool,besturenlijst,so,30605,
08129757,Stichting Voorzieningen Geest Gehandicapten De Lathmer,rio,so,30605,
08129757,Stichting Zozijn,rio,so,30605,
08129757,Stichting Zozijn Daniël Brouwerschool,rio,so,30605,
08141207,Stichting Consent,besturenlijst,bo+so,41565,
08141209,Stichting Archipel Onderwijs,besturenlijst,bo+so,41566,
08141209,"Stg. Archipel voor openbaar primair en so id gem. Brummen, Voorst en Zutphen",rio,bo+so,41566,
08141209,Stichting Archipel,rio,bo+so,41566,
08142370,Stg. voor Protestants Christ. Voortgez. Ondrw. De Meerwaarde,besturenlijst,vo,41585,
08142370,Stg. v. P-C Voortgez. Onderw. De Meerwaarde,rio,vo,41585,
08142370,Stichting voor Protestants-Christelijk Voortgezet Onderwijs voor Barneveld e o,rio,vo,41585,
08153303,Stichting Jenaplan onderwijs Epe e.o.,besturenlijst,bo,41634,
08153303,Stichting Jenaplan Onderwijs Epe e.o.,rio,bo,41634,
08153307,Verion Prot. Christel. Onderw. Wierden Enter,besturenlijst,bo,92951,
08153307,Ver Sch Md Bybel Wierden,rio,bo,92951,
08153307,Ver. Scholen met de Bijbel Wierden-Enter,rio,bo,92951,
08153307,Vereniging Scholen met de Bijbel Wierden-Enter,rio,bo,92951,
08153307,Vereniging School met de Bijbel,rio,bo,92951,ja
08153307,Vereniging School met de Bijbel te Wierden-Enter,rio,bo,92951,kort
08153307,Verion Protestants Christelijk Onderwijs Wierden Enter,rio,bo,92951,
08155806,Stichting Openb. Prim. Onderw. Apeldoorn,besturenlijst,bo+so+vo,41616,
08155806,Stichting Openbaar Primair Onderwijs Apeldoorn,rio,bo+so+vo,41616,
08157963,"Stichting EduCare,Chr.Speciaal Onderwijs te Harderwijk e.o.",besturenlijst,so+vo,41671,
08157963,"Stichting EduCare, Protestants Christelijk Speciaal Onderwijs te Harderwijk e o",rio,so+vo,41671,
08166469,Ver. voor Prot. Christelijk Christelijk Onderw. Hasselt,besturenlijst,bo,41343,
08166469,Federatie van Verenigingen voor het Protestants Christelijk Onderwijs te Hasselt,rio,bo,41343,
08166469,Vereniging voor Protestants Christelijk Onderwijs te Hasselt,rio,bo,41343,kort
08167192,Stg. Openb. Primair Onderwijs Hof van Twente,besturenlijst,bo,41785,
08167192,Stichting Openbaar Primair Onderwijs Hof van Twente,rio,bo,41785,
08168183,"St.Kon.Visio, expertisecentr. slechtziende en blinde mensen",besturenlijst,so,42536,
08168183,"Stg Koninklijke Visio, expertise centrum voor slechtziende en blinde mensen",rio,so,42536,
08175645,Stichting Het Stedelijk Lyceum Enschede,besturenlijst,vo,41804,
08178256,Stichting Op Kop Openbaar Primair Onderwijs,besturenlijst,bo,41816,
08178256,"Stichting Op Kop, stg v OPO in de gemeente Steenwijk en Zwartewaterland",rio,bo,41816,
08178256,Stichting Openbaar Primair Onderwijs Steenwijkerland-Zwartewaterland,rio,bo,41816,
08184425,Stichting Veluwse Onderwijsgroep,besturenlijst,bo+so+vo,42818,
08185273,Stichting Zinder,besturenlijst,bo,41862,
08185273,Stichting Openbaar Primair Onderwijs Deventer,rio,bo,41862,
08185273,Zinder Onderwijs,rio,bo,41862,
08186847,Stichting Openbaar Onderwijs Kampen,besturenlijst,bo,41871,
08186847,Stichting OOK (Openbaar Onderwijs Kampen) voor openbaar primair onderwijs,rio,bo,41871,
08186847,Stichting OOK voor openbaar primair onderw.,rio,bo,41871,
08186847,stichting openbaar onderwijs Kampen,rio,bo,41871,
08191312,Theologische Universiteit van de Nederlandse Gereformeerde Kerken,besturenlijst,ho,39800,
08191312,Stg vd Fin Verz vd Opl tot de Dienst Des Woords,rio,ho,39800,
08191312,Theologische Universiteit van de Gereformeerde Kerk (Vrijg) in Nederland,rio,ho,39800,
08200181,Kerkelijk Lichaam 'Geref. Gem. regio Barneveld',besturenlijst,bo,41884,
08200181,"Kerkelijk Lichaam ""Gereformeerde  Gemeenten Regio Barneveld""",rio,bo,41884,
08205747,Protestantse Theologische Universiteit (PThU),besturenlijst,ho,20045,
08205747,College van Bestuur PThU,rio,ho,20045,
08205747,College van Cur van de Th H Der Gerformeerde Kerken in Nederland,rio,ho,20045,
08205747,Protestantse Theologische Universiteit PThU,rio,ho,20045,
09091785,Stichting Hogeschool van Arnhem en Nijmegen,besturenlijst,ho,72243,
09098652,Stichting Groen Onderwijs Oost Nederland,besturenlijst,mbo+vo,40979,
09098652,AOC Oost,rio,mbo+vo,40979,
09098652,Stichting AOC Oost-Nederland,rio,mbo+vo,40979,
09101162,"Stg. Scholengroep GelderVeste, voor christelijk basisonderw.",besturenlijst,bo,41011,
09101162,"Stichting Scholengroep GelderVeste, voor christelijk basisonderwijs",rio,bo,41011,
09101162,"Vereniging Scholengroep GelderVeste, voor christelijk basisonderwijs",rio,bo,41011,
09101162,Vereniging voor Protestants Christelijk Primair Onderwijs Oost Gelderland,rio,bo,41011,
09106945,Stichting Praktijkonderwijs Regio Nijmegen,besturenlijst,vo,41164,
09108917,Stichting Scholengemeenschap voor Vrijeschoolonderwijs,besturenlijst,so+vo,41202,
09108917,Stg SGM VVSO Midden en Zuid Oost Nederland,rio,so+vo,41202,
09108917,Stichting Scholengemeenschap Voor Vrijeschoolonderwijs,rio,so+vo,41202,
09109756,Stichting ArtEZ,besturenlijst,ho,41292,
09109756,Stichting Artez,rio,ho,41292,
09113954,Stichting voor Openbaar Voortgezet Onderwijs van Wageningen en omstreken,besturenlijst,vo,13693,
09115973,Stichting Pallas,besturenlijst,bo,41246,
09117684,Stichting SBO de Schilderspoort,besturenlijst,so,40901,
09117684,Stichting Onderwijs Op Maat De Liemers,rio,so,40901,
09117684,Stichting Samenwerkingsscholen voor Speciaal Onderwijs De Liemers,rio,so,40901,
09124577,Stichting @voCampus,besturenlijst,vo,41285,
09124577,Stg Alliantie VO voor Nijmegen en het Land van Maas en Waal,rio,vo,41285,
09124577,Stg Alliantie Voortgezet Onderwijs voor Nijmegen en het Land van Maas en Waal,rio,vo,41285,
09124577,Stg. Alliantie Voortgezet Onderwijs voor Nijmegen en het land van Maas en Waal,rio,vo,41285,
09124577,Stichting Alliantie Voortgez. Onderw. v. Nijmegen,rio,vo,41285,
09124577,Stichting Voortgezet Onderwijs voor Nijmegen en het Land van Maas en Waal,rio,vo,41285,
09124577,Stichting voCampus,rio,vo,41285,
09125963,Stg. Christelijke Onderw. Grp Vallei & Gelderland-Midden,besturenlijst,mbo+vo,41300,
09125963,Christelijke Onderwijs Groep Vallei & Gelderland-Midden,rio,mbo+vo,41300,
09125963,"Stg voor Alg Christelijk Speciaal VO, VO, Beroepsond, en Educatie Ede-Arnhem eo",rio,mbo+vo,41300,
09125963,Stg. Chr. Onderwijs Groep Vallei & Gelderland-Midden,rio,mbo+vo,41300,
09125963,Stichting C.O. Groep Vallei & Gelderland-Midden,rio,mbo+vo,41300,
09125963,Stichting Christelijke Onderw. Groep Vallei&Gelderland-Midde,rio,mbo+vo,41300,
09132117,Stichting IJsselgraaf Onderwijs,besturenlijst,bo,41371,
09132117,Scholengroep IJsselgraaf,rio,bo,41371,
09132117,Stichting IJsselgraaf,rio,bo,41371,
09139157,"Stichting Scholengroep LingeRijn, voor Kath. PC en Algemeen bijzonder onderwijs",besturenlijst,bo+vo,41440,
09139157,Stg Scholengroep LingeRijn,rio,bo+vo,41440,
09139157,Stg. Chr. Voortgezet Onderwijs Over-en Midden-Betuwe,rio,bo+vo,41440,
09139157,Stichting Christelijk Onderwijs Over-en Midden-Betuwe,rio,bo+vo,41440,
09139157,Stichting Christelijk Voortgezet Onderwijs Over- en Midden-Betuwe,rio,bo+vo,41440,
09139767,Stichting Trivium,besturenlijst,bo,41460,
09142864,Stichting De Korenburg,besturenlijst,so,41463,
09146777,Stichting Openbaar Primair Onderwijs Winterswijk,besturenlijst,bo,41494,
09152075,"Stichting Wonderwijs, swb oko in Overbet.&Lingewaard",besturenlijst,bo,41530,
09152075,Stichting Samenwerkingsbestuur v Openbaar en Katholiek Onderwijs in Overbetuwe,rio,bo,41530,
09152075,"Stichting Wonderwijs, s.w.b. oko Overbetuwe&Lingewrd",rio,bo,41530,
09161451,Stichting Scholengroep Veluwezoom,besturenlijst,bo+so,41617,
09161451,"Scholengroep Veluwezoom, stichting voor openbaar primair onderwijs",rio,bo+so,41617,
09161451,"Stichting OOR, organisatie voor openbaar primair onderwijs Rhenen",rio,bo+so,41617,
09162150,Stichting Iselinge Hogeschool,besturenlijst,ho,41618,
09162150,Stichting IJsselgroep Iselinge Hogesch.,rio,ho,41618,
09162150,Stichting IJsselgroep Iselinge Hogeschool,rio,ho,41618,
09162406,Vereniging voor Protestants Chr. Onderwijs De Viermaster,besturenlijst,bo,41621,
09162406,Vereniging voor Protestants Christelijk Onderwijs De Viermaster,rio,bo,41621,
09165987,Stichting Flores Onderwijs,besturenlijst,bo+so,41645,
09165987,"De Basis, Stg. v. o.p. onderwijs Arnhem",rio,bo+so,41645,
09165987,"De Basis, Stichting voor Openbaar Primair Onderwijs Arnhem",rio,bo+so,41645,
09165987,"De Basis, stichting voor openb primair onderwijs Arnhem",rio,bo+so,41645,
09176174,Stichting Proominent Openbaar Onderwijs Ede,besturenlijst,bo,41674,
09176174,Stichting Primair Openbaar Onderwijs Ede,rio,bo,41674,
09176327,Stichting Al Amana Scholen,besturenlijst,bo+vo,41820,
09176327,Stichting Ede voor Islam. Onderwijs en Opvoeding,rio,bo+vo,41820,
09176327,Stichting Ede voor Islamitisch Onderwijs en Opvoeding,rio,bo+vo,41820,
09177747,Stichting Accent,besturenlijst,bo+so,41787,
09215846,Wageningen University,besturenlijst,ho,00014,
09215846,Het College van Bestuur van de Rijks Landbouw Universiteit Wageningen,rio,ho,00014,
09215846,Wageningen Universiteit,rio,ho,00014,
09215846,Wageningen Universiteit Wageningen University,rio,ho,00014,
11043988,Stichting RK/PC Onderwijs Bommelerwaard,besturenlijst,bo,41090,
11043988,Stichting R.K. Onderwijs Bommelerwaard,rio,bo,41090,
11043988,Stichting RK Onderwijs Bommelerwaard,rio,bo,41090,
11044746,Stichting Kath. Onderw.bel. Rivierenland,besturenlijst,bo+so,41148,
11044746,Stichting Katholieke Onderwijsbelangen Rivierenland,rio,bo+so,41148,
11045515,Stichting Openbaar V.g. O.w. Tiel,besturenlijst,vo,41152,
11045515,Stichting Openb. Voortgez. Onderw. Tiel,rio,vo,41152,
11045515,Stichting voor Openbaar Voortgezet Onderwijs Tiel,rio,vo,41152,
11049184,Stichting O.R.S. Lek en Linge,besturenlijst,vo,13709,
11049184,Stichting Culemborgs Openbaar Voortgezet Onderwijs,rio,vo,13709,
11054744,Stichting Groeisaam Primair Onderwijs,besturenlijst,bo+so,41340,
11054744,Stichting Samenwerkingsbestuur Primair Onderwijs Maas & Waal,rio,bo+so,41340,
11056372,LOGOS Stichting voor Protestants Christelijk Onderwijs,besturenlijst,bo+so+vo,41396,
11056372,LOGOS Stichting voor Protest. Christ. Onderw.,rio,bo+so+vo,41396,
11056372,LOGOS Stichting voor Protestant Christelijk Onderwijs,rio,bo+so+vo,41396,
11056372,"Logos, Stichting voor Protestants Christelijk Onderwijs",rio,bo+so+vo,41396,
11056465,Stg. Openbaar Verenigd Onderw. in Gorinchem en de regio,besturenlijst,bo+vo,41386,
11056465,Stichting voor Openbaar Verenigd Onderwijs in Gorinchem en de Regio,rio,bo+vo,41386,
11056465,Stichting voor Openbaar Voortgezet Onderwijs in Gorinchem en de Regio,rio,bo+vo,41386,
11057274,Stg. Chr. Primair Onderwijs Betuwe & Bommelerwaard,besturenlijst,bo+so,41424,
11057274,Stichting Christelijk Primair Onderwijs Betuwe,rio,bo+so,41424,
11057274,Stichting Christelijk Primair Onderwijs Betuwe & Bommelerwaard,rio,bo+so,41424,
11057520,Vereniging voor Protestants-Christelijk Primair Onderwijs TriVia,besturenlijst,bo,41439,
11057520,"Vereniging voor Prot-Chr Primair Onderwijs Zederik, Zijderveld en Schoonrewoerd",rio,bo,41439,
11057520,Vereniging voor protestants-christelijk primair onderwijs TriVia,rio,bo,41439,
11062277,Stichting Onderwijsgroep Punt Speciaal,besturenlijst,so,41531,
11062277,Stichting MeTander,rio,so,41531,
11062351,Stichting BasisBuren,besturenlijst,bo,41538,
11062351,"Stichting BasisBuren, openb./alg. primair onderwijs",rio,bo,41538,
11062351,"Stichting BasisBuren, voor openbaar en algemeen bijzonder primair onderwijs",rio,bo,41538,
11062351,Stichting Openbaar Onderwijs Buren,rio,bo,41538,
11063129,Stichting Fluvium Openbaar Onderwijs,besturenlijst,bo,41561,
11063129,"Stg. Fluvium, Stg. openbaar bas.ond. Geldermalsen-Neerijn.",rio,bo,41561,
11063129,Stg. Fluvium; Stg. openbaar bas.ond. Geldermalsen-Neerijn.,rio,bo,41561,
11063129,"Stichting Fluvium, stichting voor openbaar basisonderwijs Geldermalsen-Neerijnen",rio,bo,41561,
11065720,Stichting Praktijkonderwijs De Brug,besturenlijst,vo,41622,
11065720,Federatieve Vereniging voor Onderwijs en Leerlingenzorg Op Maat,rio,vo,41622,
11065720,Stichting Praktijkonderwijs De Brug Zaltbommel,rio,vo,41622,
11065720,Stichting praktijkonderwijs De Brug,rio,vo,41622,
11065720,Stichting speciaal basis- en praktijkonderwijs Zaltbommel,rio,vo,41622,
11066840,Stg. Openb. Primair Onderwijs Alblasserwaard/Vijfheerenland.,besturenlijst,bo,41638,
11066840,Stichting Openbaar Primair Onderwijs Alblasserwaard/Vijfheerenlanden,rio,bo,41638,
12038468,Stichting Fortior,besturenlijst,bo+so,41018,
12038468,"Stichting Fortior,",rio,bo+so,41018,
12038468,Stichting Katholiek en Protestants Christelijk Primair Onderwijs Venlo,rio,bo+so,41018,
12041226,Stichting Onderwijs Midden-Limburg,besturenlijst,vo,41203,
12049896,Stichting AKKOORD! primair openbaar,besturenlijst,bo,41398,
12068855,Stichting Swalm en Roer voor Onderwijs en Opvoeding,besturenlijst,bo+so,41692,
13042598,Stg. voor Montessori-onderwijs Zuidoost Nederland,besturenlijst,bo,41167,
13042598,Stichting Montessori Onderwijs Zuid Oost Nederland,rio,bo,41167,
13042598,Stichting voor Montessori-onderwijs Zuidoost Nederland,rio,bo,41167,
14058139,TRIADE stichting voor Kathol. primair onderwijs,besturenlijst,bo,40987,
14058139,Stichting Katholiek Primair Onderwijs Geleen,rio,bo,40987,
14058139,Triade stichting voor katholiek primair onderwijs,rio,bo,40987,
14060225,Stichting Trevianum,besturenlijst,vo,40996,
14060225,Stichting Servium College Sittard,rio,vo,40996,
14060995,Stichting Zuyd Hogeschool,besturenlijst,ho,41128,
14060995,Het College van Bestuur van de Hogeschool Limburg,rio,ho,41128,
14060995,Stichting Hogeschool Zuyd,rio,ho,41128,
14075552,"MosaLira Stichting voor leren, onderwijs en opvoeding",besturenlijst,bo+so,41373,
14075552,Mosa Lira Stichting voor Primair Onderwijs,rio,bo+so,41373,
14075552,Stichting Basisonderwijs Maastricht Henric van Veldeke,rio,bo+so,41373,
14077279,"Stichting Limburgs Voortgezet Onderwijs, SWB voor bijzonder en openbaar ond.",besturenlijst,vo,41391,
14077279,Provinciale Stichting Voortgezet Onderwijs Limburg,rio,vo,41391,
14077279,Stichting Limburgs Voortgezet Onderwijs,rio,vo,41391,
14077279,"Stichting Limburgs Voortgezet Onderwijs, SWbestuur v bijzonder en openb onderw",rio,vo,41391,
14083568,Stichting INNOVO - Onderwijs op Maat,besturenlijst,bo+so,41506,
14083568,"Innovo, Stichting voor Katholiek Onderwijs",rio,bo+so,41506,
14083755,Onderwijsstichting MOVARE,besturenlijst,bo+so,41516,
14083755,Stichting BOZL Quintessence,rio,bo+so,41516,
14105175,Stichting Alterius,besturenlijst,so,41821,
14119209,Stichting SMART Limburg,besturenlijst,bo,41891,
14128608,Open Universiteit Nederland,besturenlijst,ho,30720,
17101035,Stichting Skobos,besturenlijst,bo,40982,
17101035,"Stichting Katholiek Onderwijs De Beerzen, Oirschot/Spoordonk",rio,bo,40982,
17101035,"Stichting Katholiek Onderwijs De Beerzen,Oirschot& Spoordonk",rio,bo,40982,
17101035,"Stichting Katholiek onderwijs De Beerzen, Oirschot en Spoordonk",rio,bo,40982,
17109461,St. Katholieke Scholengr. voor Voortg. Onderw. Best-Oirschot,besturenlijst,vo,41054,
17109461,Stichting Katholieke Scholengroep voor Voortgezet Onderwijs Best-Oirschot,rio,vo,41054,
17109461,Voortgezet Onderwijs Best-Oirschot,rio,vo,41054,
17109530,Ds. Pierson Stichting voor Voortgezet Onderwijs,besturenlijst,vo,41070,
17109530,Ds Pierson Stichting voor Voortgezet Onderwijs,rio,vo,41070,
17124445,Stichting Primair Onderwijs Deurne-Asten-Someren,besturenlijst,bo+so,41223,
17127948,Stichting Filios Scholengroep,besturenlijst,bo,41228,
17127948,"Primair, Stichting voor Katholiek Onderwijs",rio,bo,41228,
17127948,"Primair, stichting voor katholiek onderwijs in Heesch, Lith en Maasdonk",rio,bo,41228,
17127948,Stichting Katholiek Onderwijs Heesch-Lith Maasdonk,rio,bo,41228,
17132101,'Stg. voor Alg. Toegankelijk Onderwijs Eindhoven e.o.',besturenlijst,bo+so,41248,
17132101,Stichting voor Algemeen Toegankelijk Onderwijs Ehv,rio,bo+so,41248,
17132101,Stichting voor Algemeen Toegankelijk Onderwijs Eindhoven e.o.,rio,bo+so,41248,
17146450,Stichting Prakt.onderw. 's-Hertogenbosch,besturenlijst,vo,41313,
17146450,Stichting Praktijkonderwijs 's-Hertogenbosch,rio,vo,41313,
17150526,Stichting Openbare Basisscholen Helmond,besturenlijst,bo,41349,
17150526,Stichting OBS Helmond,rio,bo,41349,
17160875,Stichting Invitare Openbaar Onderwijs,besturenlijst,bo+so,41443,
17160875,Stichting Openbaar Onderwijs A-73,rio,bo+so,41443,
17198254,Stichting Reg. Openb. Ow. Maas & Meierij,besturenlijst,bo,41633,
17198254,Stichting Regionaal Openbaar Onderwijs Maas en Meierij,rio,bo,41633,
17198254,Stroomm,rio,bo,41633,
17208745,"Stichting De Kempen, openbaar en algemeen onderwijs",besturenlijst,bo,41662,
17208745,"Stichting De Kempen, Organisatie voor Openbaar en Algemeen Toegankelijk Onderw",rio,bo,41662,
17213812,Stg. Algemeen Toegankelijk Onderwijs 's-Hertogenbosch eo,besturenlijst,bo,41672,
17213812,Stichting Algemeen Toegankelijk Onderwijs 's-Hertogenbosch en omstreken,rio,bo,41672,
17234696,Stg. PlatOO best. voor openb. en alg. toegankelijk onderwijs,besturenlijst,bo,41860,
17234696,Stichting PlatOO bestuur voor openbaar en algemeen toegankelijk onderwijs,rio,bo,41860,
17235549,Stichting Internationaal Lokaal Funderend Onderwijs,besturenlijst,bo+vo,41840,
17235549,Sticht. Primair en voortgezet onderwijs Zuid-Nederland,rio,bo+vo,41840,
17235549,Stichting Internationaal en Lokaal Funderend Onderwijs,rio,bo+vo,41840,
17235549,Stichting primair en voortgezet onderwijs Zuid-Nederland,rio,bo+vo,41840,
17254488,Stichting SintLucas,besturenlijst,mbo+vo,41882,
17254488,Stichting SiNTLUCAS,rio,mbo+vo,41882,
17254488,Stichting SintLucas - de eindhovense school,rio,mbo+vo,41882,
17254488,Stichting SintLucas- de eindhovense school,rio,mbo+vo,41882,
18050563,Stichting Mondiaen,besturenlijst,bo,40971,
18050563,"Stichting Tangent, Palet van Basissch.",rio,bo,40971,
18050563,"Stichting Tangent, Palet van basisscholen en peuterspeelz",rio,bo,40971,
18050563,"Stichting Tangent, Palet van basisscholen en peuterspeelzalen.",rio,bo,40971,
18050563,"Stichting Tangent, Palet van basisscholen v katholiek, prot-chr en alg bijz ondw",rio,bo,40971,
18050563,"Stichting Tangent, Palet van basisscholen/peuterspeelzalen",rio,bo,40971,
18050563,Tangent Stichting voor Katholiek Onderwijs,rio,bo,40971,
18061433,"De Stroming, Stichting voor P.C. PO in het land van Heusden en Altena",besturenlijst,bo,41239,
18061433,De Stroming (VPCO in het Land van Heusden en Altena),rio,bo,41239,
18061433,"De Stroming, VPCO in het Land van Heusden en Altena",rio,bo,41239,
18061433,Ver voor Prot Christ PO gemeente Werkendam,rio,bo,41239,
18061433,Vereniging voor Protestants Christelijk PO in het Land van Heusden en Altena,rio,bo,41239,
18072446,Stichting Floriander,besturenlijst,bo+so,41435,
18072446,Stichting BRAVOO,rio,bo+so,41435,
18072446,Stichting Brabants Verenigd Openbaar Onderwijs,rio,bo+so,41435,
18072446,Stichting Openbaar Onderwijs Waalwijk,rio,bo+so,41435,
18083945,Stichting Kinderstad,besturenlijst,bo,41611,
18083945,Stichting OPMAAT,rio,bo,41611,
18083945,Stichting Opmaat,rio,bo,41611,
18083945,Stichting Opmaat groep,rio,bo,41611,
18083945,"Stichting Opmaat, Openbaar Basisonderwijs Midden-Brabant",rio,bo,41611,
18085696,Stichting Openbaar Voortgezet Onderwijs Tilburg,besturenlijst,vo,41623,
18086732,Stichting Openb. Onderw. Land van Altena,besturenlijst,bo,41878,
18086732,Stichting Openbaar Onderwijs Land van Altena,rio,bo,41878,
18090843,Ver. tot het verstr. Christ. Onderw. Gereform. Grondslag,besturenlijst,bo,41825,
18090843,Ver tot het Verstrekken van Chr Ondw op Gereformeerde Grondslag te Woudrichem,rio,bo,41825,
20089169,Stichting Protestants-Christelijk Primair Onderwijs Midden-Brabant,besturenlijst,bo,41001,
20089169,Stg. Prot. Chr. Primair Onderwijs Midden-Brabant,rio,bo,41001,
20096129,Stichting Koraal Onderwijs,besturenlijst,so,41200,
20096129,Stg (V)SO REC 4 West Brabant/Zeeland,rio,so,41200,
20096129,Stg REC Cluster 4 WBr Zeel tbv Spec en VSO,rio,so,41200,
20096129,Stichting 'Het Driespan',rio,so,41200,
20096129,Stichting Het Driespan,rio,so,41200,
20116029,Stichting Openbaar Basisonderwijs West-Brabant,besturenlijst,bo,41471,
20122559,"Stichting RSG ''t Rijks', st. reg. ovo Bergen op Zoom eo",besturenlijst,vo,41555,
20122559,"Stichting RSG 't Rijks, stg v reg openb voortgezet onderwijs Bergen en Zoom e.o.",rio,vo,41555,
20122937,Stichting Openbaar Voortgezet Onderwijs Roosendaal,besturenlijst,vo,41587,
20135347,Stichting De Waarden,besturenlijst,bo+so,41782,ja
20135347,Stichting De waarden,rio,bo+so,41782,ja
20136591,Stichting Samen Onderwijs Maken (SOM),besturenlijst,bo,41778,
20136591,Stichting FOORZES,rio,bo,41778,
20136591,Stichting Samen Onderwijs Maken,rio,bo,41778,
20140185,Stichting Calvijn College,besturenlijst,vo,41815,
20140185,Stichting Calvijn,rio,vo,41815,
20146862,"OCTHO, Stichting Openbaar Prim. Onderw. Tholen",besturenlijst,bo,41842,
20146862,"OCTHO, Stichting Openbaar Primair Onderwijs Tholen",rio,bo,41842,
20147556,Stichting Islamitisch Primair Onderwijs,besturenlijst,bo,41863,
20147556,Stichting Islamitsch Primair Onderwijs,rio,bo,41863,
20151892,Stichting Onderwijsgroep Markant-Leersaam,besturenlijst,bo,41869,
20151892,Stichting Markant Onderwijs,rio,bo,41869,
22041755,Primas-Scholengroep,besturenlijst,bo,40959,
22041755,Primas-scholengroep,rio,bo,40959,
22041755,Vereniging v PC Onderwijs Veere Noord-Beveland,rio,bo,40959,
22043910,Stichting Voortgezet Onderwijs Oosterschelde Regio,besturenlijst,vo,41161,
22043910,Stichting Scholengroep Noord en Midden-Zeeland,rio,vo,41161,
22043910,Stichting Scholengroep Pontes,rio,vo,41161,
22059419,Stichting OBASE,besturenlijst,bo+so,41557,
22059419,Stichting OBASE (Openbaar Primair Onderwijs),rio,bo+so,41557,
22059752,"Albero, sticht. v. openbaar & christ. onderw. op d Beveland.",besturenlijst,bo,41582,
22059752,"Alpha Scholengroep, Ver. voor Chr. Basisonderw. Z. Beveland",rio,bo,41582,
22059752,"Alpha Scholengroep, Vereniging voor Christelijk Basisonderwijs in Zuid-Beveland",rio,bo,41582,
22059752,Vereniging voor Christelijk Onderwijs van Sloe tot Kreekrak,rio,bo,41582,
22059903,Protestants-Christelijke Schoolvereniging voor Schouwen-Duiveland en Tholen e.o.,besturenlijst,bo,41583,
22059903,"Lithora, vereniging voor PC schoolonderwijs te Schouwen-Duiveland en Tholen e.o.",rio,bo,41583,
22059903,"RADAR, Ver. Prot. C. Onderw. Schouwen",rio,bo,41583,
22059903,"RADAR, Ver. voor Prot. Chr. Onderwijs Schouwen",rio,bo,41583,
22059903,"RADAR, Vereniging voor P.C.O. Schouwen-Duiveland",rio,bo,41583,
22059903,"RADAR,Ver. v. Protestants Chr. Onderwijs Schouwen",rio,bo,41583,
22059903,"Radar, Vereniging voor Protestants Christelijk Onderwijs Schouwen",rio,bo,41583,
22062629,Stichting Escalda Scholen,besturenlijst,bo,41637,
22062629,Stichting Openbaar Primair Onderwijs in de Gemeente Sluis,rio,bo,41637,
23091285,Stichting Christelijke Scholengroep De Waard,besturenlijst,bo+so,41127,
23091285,Stichting Christel. Scholengr. De Waard,rio,bo+so,41127,
23091285,Stichting Scholen PCPO Hoeksche Waard,rio,bo+so,41127,
23091285,Vereniging voor Protestants Christelijk Primair Onderwijs Hoeksche Waard,rio,bo+so,41127,
23092925,Dordtse Schoolvereniging voor Basisonderw. op Alg. Grondslag,besturenlijst,bo,41184,
23092925,Dordtse Schoolvereniging voor Basisonderw. algem. grondslag,rio,bo,41184,
23092925,Dordtse Schoolvereniging voor Basisonderwijs op algemene grondslag,rio,bo,41184,
24288721,Stichting Samen Ambitieus Rotterdams Onderwijs,besturenlijst,bo+so+vo,41071,
24288721,SARO,rio,bo+so+vo,41071,
24288721,Stg. v. Interconf./Alg. B.V.O. te Rotterdam e.o.,rio,bo+so+vo,41071,
24288721,Stg. v. Interconf./Alg. Bijz. voortgezet onderw. te R'dam eo,rio,bo+so+vo,41071,
24288721,Stichting v Interconf en Alg Bijz VO Rotterdam eo,rio,bo+so+vo,41071,
24290419,Stichting UN1EK onderwijs,besturenlijst,bo+so,41338,
24290419,Stichting Meervoud,rio,bo+so,41338,
24290419,Stichting Meervoud voor Christelijk Primair Onderwijs,rio,bo+so,41338,
24292563,Stichting Yulius Onderwijs,besturenlijst,so,85256,
24292563,Stg Rotterdams Medisch Paedag Inst,rio,so,85256,
24292563,Stichting Rotterdams Medisch Paedagogisch Instituut,rio,so,85256,
24297441,Stg. voor Protestants Christ. Prim. Onderw. De Vier Windstr.,besturenlijst,bo+so,41194,
24297441,St. v Prot. Chr. Prim. Onderw. De Vier Windstreken,rio,bo+so,41194,
24297441,Stichting De Vier Windstreken,rio,bo+so,41194,
24297441,Stichting Protestants Christelijk Onderwijs De Woudse Venen,rio,bo+so,41194,ja
24297441,Stichting Protestants Christelijk Primair Onderwijs De Vier Windstreken,rio,bo+so,41194,
24317911,Stichting voor L.O. aan Varende Kind. (LOVK),besturenlijst,bo,41519,
24317911,Stg. voor Landelijk Onderwijs aan Varende Kleuters (LOVK),rio,bo,41519,
24317911,Stichting Landelijk Onderwijs aan Varende Kinderen (LOVK),rio,bo,41519,
24317911,Stichting voor Landelijk Onderwijs aan Varende Kleuters ( L O V K ),rio,bo,41519,
24349808,Stichting voor Openbaar Onderwijs in Dordrecht,besturenlijst,vo,41397,
24349878,Stichting Onderwijs Pr1mair,besturenlijst,bo,41401,
24349878,Stichting Onderwijs Primair,rio,bo,41401,
24349878,Stichting Openbaar Onderwijs Krimpenerwaard,rio,bo,41401,
24354004,Stichting Specialisten in Passend Onderwijs,besturenlijst,so+vo,41417,
24354004,Stichting Spec. Onderw. Drechtsteden eo,rio,so+vo,41417,
24354004,Stichting Speciaal Onderwijs Drechtsteden en Omstreken,rio,so+vo,41417,
24356117,"Stg. De Hoeksche School, opvo Hoeksche Waard",besturenlijst,bo+so+vo,41444,
24356117,ACIS Stg. voor Openb. Primair Onderwijs Hoeksche Waard,rio,bo+so+vo,41444,
24356117,ACIS Stichting v Openbaar Primair Onderwijs Hoeksche Waard,rio,bo+so+vo,41444,
24356117,"Stichting De Hoeksche School, o.p. & v.g.o. Hoeksche Waard",rio,bo+so+vo,41444,
24356117,"Stichting De Hoeksche school, opb primair en voortgezet onderw Hoeksche Waard",rio,bo+so+vo,41444,
24362372,Stichting Openb. Prim. Onderw. Albr.wrd,besturenlijst,bo,41456,
24362372,Stichting OPO Albrandswaard,rio,bo,41456,
24362372,Stichting Openbaar Primair Onderwijs Albrandswaard,rio,bo,41456,
24369392,Spectrum Stichting voor Protest. Christ. Onderw.,besturenlijst,bo,41487,
24369392,Spectrum Stichting voor Protestants Christelijk Onderwijs,rio,bo,41487,
24369392,spectrum Vereniging voor Protestants Christelijk Onderwijs,rio,bo,41487,
24369573,"Scholengroep Holland, Stichting voor openbaar primair onderwijs",besturenlijst,bo,41488,
24369573,Scholengroep Holland Stichting voor openbaar Primair Onderwijs Holland,rio,bo,41488,
24371937,Stichting Openbaar Voortgezet Onderwijs Gouda,besturenlijst,vo,41525,
24372923,Stg. Johan de Witt-gymnasium te Dordrecht,besturenlijst,vo,41513,
24372923,Stichting Johan de Witt-gymnasium te Dordrecht,rio,vo,41513,
24374006,Stichting Nestas Scholengroep voor katholiek en openbaar onderwijs,besturenlijst,bo+so,41518,
24374006,Stichting 'Openbaar Primair Onderwijs Dordrecht',rio,bo+so,41518,
24374006,Stichting Openbaar Primair Onderwijs Dordrecht,rio,bo+so,41518,
24378407,Stichting Klasse,besturenlijst,bo+so,41527,
24378407,"Stg Openbaar Primair en Spec Onderw in Bodegraven, Gouda, Reeuwijk, Waddinxveen",rio,bo+so,41527,
24378407,Stichting KLASSE,rio,bo+so,41527,
24379256,Stichting voor Protestants Christelijk Primair Onderwijs in de Krimpenerwaard,besturenlijst,bo,41532,
24379256,Ver. Prot. Chr. Prim. Onderw. in de Krimpenerwaard,rio,bo,41532,
24379256,Ver. v. Pr. Chr. Prim. Onderw. in de Krimpenerwaard,rio,bo,41532,
24379256,Vereniging voor Protestants Christelijk Primair Onderwijs in de Krimpenerwaard,rio,bo,41532,
24379944,Stichting Wijzer in Onderwijs,besturenlijst,bo+so,41535,
24379944,Stichting Wijzer in onderwijs,rio,bo+so,41535,
24379944,Stichting Wijzer voor Openbaar Primair Speciaal en Voortgezet Speciaalonderwijs,rio,bo+so,41535,
24379944,Stichting Wijzer voor o.p.s. en v.s.o.,rio,bo+so,41535,
24384672,Stichting BLICK op onderwijs,besturenlijst,bo+so+vo,41545,
24384672,Stg. v. Openb. Prim. Onderwijs Cap. ad IJssel & Kr. ad IJsse,rio,bo+so+vo,41545,
24384672,Stichting v Openbaar Primair Onderw Capelle a/d IJssel en Krimpen a/d IJssel,rio,bo+so+vo,41545,
24386999,Stg. openb. primair onderwijs Papendrecht-Sliedrecht,besturenlijst,bo,41560,
24386999,Stichting Openbaar Primair Onderwijs Papendrecht,rio,bo,41560,
24386999,Stichting Openbaar primair onderwijs Papendrecht-Sliedrecht,rio,bo,41560,
24387235,Stichting Primo Schiedam,besturenlijst,bo+so,41567,
24387235,Stichting Openbaar Primair Onderwijs Schiedam,rio,bo+so,41567,
24387240,Stichting Openbare Scholengr. Vlaardingen Schiedam (OSVS),besturenlijst,vo,41568,
24387240,Stichting Openbaar Voortgezet Onderwijs Schiedam,rio,vo,41568,
24387240,Stichting Openbare Scholengroep Vlaardingen Schiedam,rio,vo,41568,
24387549,Stichting Onderwijsgroep EduMare,besturenlijst,bo+so,41570,
24387549,"'Stg. Onderw.gr PRIMOvpr, stg. Openb.Prim.Onderw. Voorne-Put",rio,bo+so,41570,
24387549,Stg. Openb. Primair Onderwijs Voorne-Putten en Rozenburg,rio,bo+so,41570,
24387549,Stg. Openbaar Primair Onderw. Voorne-Putten en Rozenburg,rio,bo+so,41570,
24387549,Stichting Openbaar Primair Onderwijs Voorne-Putten en Rozenburg,rio,bo+so,41570,
24391113,"Stg. Onderwijsgroep Galilëi, Openb.Voortg.Ond.Voorne-Putten",besturenlijst,vo,41594,
24391113,Stichting Onderwijsgroep Galilei,rio,vo,41594,
24405279,Stichting Nissewijs,besturenlijst,bo+so,41639,
24405279,Stichting Prokind Scholengroep,rio,bo+so,41639,
24424572,Stichting BOOR,besturenlijst,bo+so+vo,41775,
24454846,Stichting Openbaar Onderwijs Voor Iedereen,besturenlijst,bo+so+vo,41867,
24454846,Stichting Openbaar Voortgezet Onderwijs Goeree-Overflakkee,rio,bo+so+vo,41867,
24478215,Ver. Prot./Chr. Prim. Onderw. Nieuwerkerk aan den IJssel,besturenlijst,bo,41898,
24478215,Stichting Protestant Christelijk Primair Onderwijs Nieuwerkerk aan den IJssel,rio,bo,41898,
24478215,Ver Prot Chr Primair Onderwijs Nieuwerkerk aan den IJssel,rio,bo,41898,
24495550,Erasmus Universiteit Rotterdam,besturenlijst,ho,00010,
24495550,Het College van Bestuur van de Erasmus Universiteit te Rotterdam,rio,ho,00010,
24495550,Het College van Bestuur van de Rijks Universiteit te Rotterdam,rio,ho,00010,
27177194,Stichting Yuverta,besturenlijst,mbo+vo,41100,
27177194,Stichting Wellant,rio,mbo+vo,41100,
27177194,Stichting de 4 AOC s,rio,mbo+vo,41100,
27182667,Stichting ROC Mondriaan,besturenlijst,mbo,41171,
27182667,ROC Mondriaan,rio,mbo,41171,
27182667,Stichting EBC regio Haaglanden en omstreken,rio,mbo,41171,
27247262,"Stg. Scholengroep Spinoza voor VO te Voorb., Leidschendam eo",besturenlijst,vo,41298,
27247262,Stichting Scholengroep Spinoza Leidschendam en omstreken,rio,vo,41298,
27247262,"Stichting Scholengroep Spinoza voor VO te Voorburg, Leidschendam en omstreken",rio,vo,41298,
27253825,Stichting Voortgezet Onderwijs Haaglanden,besturenlijst,vo,41360,
27255912,Stichting Hoger Beroepsonderwijs Haaglanden,besturenlijst,ho,41378,
27255912,Stichting Hoger Beroepsonderwijs Haaglanden en Rijnstreek,rio,ho,41378,
27256285,Stg. Openbaar Prim. Onderwijs Zoetermeer,besturenlijst,bo+so,41390,
27256285,Openbaar Primair Onderwijs Zoetermeer (OPOZ),rio,bo+so,41390,
27256285,Stichting Openbaar Primair Onderwijs Zoetermeer,rio,bo+so,41390,
27263332,Stichting Librijn openbaar onderwijs,besturenlijst,bo+so,41441,
27263332,Librijn openbaar onderwijs,rio,bo+so,41441,
27263332,Stichting Librijn Openbaar Onderwijs,rio,bo+so,41441,
27263332,Stichting Openbaar Primair Onderwijs Delft-Rijswijk,rio,bo+so,41441,
27264261,"Stichting. r.-k., Algemeen Bijzonder en Openbaar Primair Onderwijs PANTA RHEI",besturenlijst,bo,41447,
27264261,"Stg. r.-k., Algemeen Bijz. en Openb. Primair Ond. PANTA RHEI",rio,bo,41447,
27264261,Stichting Katholiek Onderwijs De Jakobsladder,rio,bo,41447,
27264261,Stichting Samenwerkingsbestuur Openbaar-RK Onderwijs,rio,bo,41447,
27264261,Stichting r.-k. en Openbaar Primair Onderwijs PANTA RHEI,rio,bo,41447,
27264261,"Stichting r.-k., Alg. Bijzond. Openb.Prim. Ond. PANTA RHEI",rio,bo,41447,
27264261,"Stichting r.-k., Algemeen Bijzonder en Openbaar Primair Onderwijs PANTA RHEI",rio,bo,41447,
27265976,Stichting West Openbaar Onderwijs,besturenlijst,bo,41455,
27265976,Stichting Openbaar Onderwijs Westland,rio,bo,41455,
27265976,West Openbaar Onderwijs,rio,bo,41455,
27266193,Stg. Prot. Christ. Primair en interconf. P.O. regio Westland,besturenlijst,bo+so,41454,
27266193,Stg. Prot. Chr. Prim. Onderw. regio Westland,rio,bo+so,41454,
27266193,Stichting Protestants Christelijk Primair Onderwijs regio Westland,rio,bo+so,41454,
27266752,Stichting Mares Beheer,besturenlijst,bo,42867,
27308764,"'De Haagse Scholen', stg. voor primair & spec. openb. onderw",besturenlijst,bo+so,41572,
27308764,"De Haagse Scholen, Stichting voor Primair en Speciaal Openbaar Onderwijs",rio,bo+so,41572,
27320519,Stichting Resonans,besturenlijst,so,41805,
27320519,Stichting Speciaal Onderwijs Leiden,rio,so,41805,
27320519,Stichting Speciaal Onderwijs Leiden e.o.,rio,so,41805,
27323857,Stichting Openb. Prim. Onderw. Wassenaar,besturenlijst,bo,41829,
27323857,Stichting Openbaar Primair Onderwijs Wassenaar,rio,bo,41829,
27336584,Stichting Leidse Instrumentmakers School,besturenlijst,mbo,41894,
27336584,Leidse Instrumentmakers Stichting,rio,mbo,41894,
27362816,Stichting Stedelijk Gymnasium Leiden,besturenlijst,vo,42505,
27362846,Stichting Scholengroep Leonardo Da Vinci Leiden,besturenlijst,vo,42506,
27362850,Stichting Openbaar Primair en Speciaal Onderwijs Leiden,besturenlijst,bo+so,42504,
27364265,Technische Universiteit Delft,besturenlijst,ho,00011,
27364265,Het College van Bestuur van de Technische Universiteit te Delft,rio,ho,00011,
27368929,Universiteit Leiden,besturenlijst,ho,00039,
27368929,Het Coll V Bestuur V D Rijksuniversiteit Leiden,rio,ho,00039,
28076656,"Sophia Scholen, Stichting voor KPC&AB b.o. Duin&Bollenstreek",besturenlijst,bo,40967,
28076656,"S. Scholen,Stg. v. KPC&ABBO id Duin- en Bollenstreek",rio,bo,40967,
28076656,"Sophia Scholen, Stg v Kath PC en Alg Bijz BO in de Duin- en Bollenstreek",rio,bo,40967,
28076656,Sophia Stichting Katholiek Basisonderw. Duin-/Bollenstr.,rio,bo,40967,
28076656,Sophia Stichting voor Katholiek Basisonderwijs in de Duin- en Bollenstreek,rio,bo,40967,
28076731,Stichting Primair Onderwijs WIJ de Venen,besturenlijst,bo,40974,
28076731,"Samenwerkingsstichting ABC v. kath., p.-c. en openbaar p.o.",rio,bo,40974,
28076731,Stg. Katholiek Basisonderwijs De Veenplas,rio,bo,40974,
28076731,Stichting Katholiek Basisonderwijs De Veenplas,rio,bo,40974,
28079229,Aloysius Stichting Onderwijs Jeugdzorg,besturenlijst,so,41008,
28079982,Stichting SBO De Vlieger,besturenlijst,so,41047,
28079982,Samenwerkingsverband 'Weer Samen naar School',rio,so,41047,
28079982,Samenwerkingsverband Weer Samen Naar School Regio Leiden,rio,so,41047,
28079982,Vereniging De Vlieger,rio,so,41047,
28081949,Stichting Prakt.onderw. Leiden e.o.,besturenlijst,vo,41163,
28081949,Ver. tot Instandhouding v.h. Praktijkonderwijs in Leiden eo,rio,vo,41163,
28081949,Vereniging tot Instandhouding van het Praktijkonderwijs in Leiden en omstreken,rio,vo,41163,
28082157,Stg. Openbaar Basisonderwijs Duin- en Bollenstreek,besturenlijst,bo,41362,
28082157,Stichting Openbaar Basisonderwijs Duin- en Bollenstreek,rio,bo,41362,
28096079,Stichting Openbaar Voortgezet Onderwijs Noordwijk,besturenlijst,vo,41389,
28104443,Stichting De Noordwijkse School,besturenlijst,bo,41596,
28104443,Stichting De Nieuwe School,rio,bo,41596,ja
28106428,Stichting Scala Coll.&Coenecoop College,besturenlijst,vo,41537,
28106428,Stg. Openb. Voortg. Onderwijs Alphen aan den Rijn,rio,vo,41537,
28106428,Stichting Scala College,rio,vo,41537,
28106428,Stichting Scala College en Coenecoop College,rio,vo,41537,
28113126,LEV Scholengroep West- Nederland (LEV-WN),besturenlijst,bo+so,41646,
28113126,Vereniging Gereformeerd Primair Onderwijs West-Nederland,rio,bo+so,41646,
30140523,Stichting Hogeschool Utrecht,besturenlijst,ho,40516,
30140523,Het College van Bestuur van de Hogeschool Utrecht,rio,ho,40516,
30140523,Het College van Bestuur van de Hogeschool van Utrecht,rio,ho,40516,
30150509,Stichting Samenwerking Nieuwegein,besturenlijst,so,77651,
30150509,Stg Samenw Sch Kind Met Lom Nieuwegein,rio,so,77651,
30154088,Stichting Kalisto Boei. Basisonderwijs!,besturenlijst,bo+so,70002,
30154088,Stichting Kalisto Boeiend Basisonderwijs,rio,bo+so,70002,
30154088,Stichting Kalisto boeiend basisonderwijs,rio,bo+so,70002,
30154088,Stichting Katholieke Scholen Westelijk Weidegebied,rio,bo+so,70002,
30154574,"Stichting voor Katholiek en Christelijk Primair Onderwijs ""Vechtstreek en Venen""",besturenlijst,bo,41138,
30154574,Stichting voor PC PO Vechtstreek en Venen,rio,bo,41138,
30154574,Vereniging voor PC PO Vechtstreek en Venen,rio,bo,41138,
30154574,Vereniging voor PC PO en VO Vechtstreek en Venen,rio,bo,41138,
30156443,Stichting Grafisch Lyceum Utrecht,besturenlijst,mbo,31121,
30156443,Grafisch Lyceum Utrecht,rio,mbo,31121,
30156443,Stg Vaktechnisch Lyceum Utrecht,rio,mbo,31121,
30159181,Stg. Chr. Prim. Onderwijs voor Veenendaal en omgeving,besturenlijst,bo+so,41154,
30159181,Stichting Christelijk Primair Onderwijs voor Veenendaal en omgeving,rio,bo+so,41154,
30171389,Stg. Minkema Voortgez. Onderw. in Woerd. e.o.,besturenlijst,vo,13360,
30171389,Gemeensch Regeling SGM VO Woerden en omstreken,rio,vo,13360,
30171389,Stichting Minkema College v Openb VO in Woerden en Omstreken,rio,vo,13360,
30177360,"De Willibrord St. v. rk, pc en Int.conf. Voortg. Ond. Utr. e",besturenlijst,vo,40094,
30177360,De Willibrord Stichting voor RK/PC Voortgezet Onderwijs v Utrecht en omstreken,rio,vo,40094,
30177360,Stichting Christelijk Voortgezet Onderwijs te Utrecht,rio,vo,40094,kort
30177360,Ver V Chr Vo Te Utrecht,rio,vo,40094,
30177360,Vereniging voor Christelijk Voortgezet Onderwijs te Utrecht,rio,vo,40094,
30178583,Stg. Prot. Chr. Prim. Onderw. Groene Hart,besturenlijst,bo,41286,
30178583,Stg. Protestants-Christelijk Primair Onderwijs Groene Hart,rio,bo,41286,
30178583,Stichting Protestants-Christelijk Primair Onderwijs Groene Hart,rio,bo,41286,
30185516,Stichting DKP Onderwijsgroep,besturenlijst,so,41388,
30185516,DKP Onderwijsgroep,rio,so,41388,
30185516,"De Kleine Prins, Stichting v. speciaal onderwijs/voorzien.",rio,so,41388,
30185516,"De Kleine Prins, Stichting voor mytyl- en tyltylonderwijs Midden-Nederland",rio,so,41388,
30185516,"De Kleine Prins, Stichting voor speciaal onderwijs en voorzieningen",rio,so,41388,
30189395,Stichting Openb. Primair Onderw. Utrecht,besturenlijst,bo+so,41400,
30189395,Stichting Openbaar Primair Onderwijs Utrecht,rio,bo+so,41400,
30197292,Stichting Partners Primair Onderwijs De Link,besturenlijst,bo+so,41461,
30197292,Stichting Partners Prim. Onderw. De Link,rio,bo+so,41461,
30199604,Sticht. Openb. Voortg. Onderw. Utrecht en Omstreken,besturenlijst,vo,41475,
30199604,Stichting Openb. Voortg. Ond. Utrecht en Omstreken,rio,vo,41475,
30199604,Stichting Openbaar Voortgezet Onderwijs Utrecht,rio,vo,41475,
30199781,Stg. voor p.c.o. De Oorsprong te Utrechtse Heuvelrug&W.b.D.,besturenlijst,bo,41483,
30199781,Vereniging De Oorsprong voor Prot. chr. onderw. te Doorn,rio,bo,41483,
30199781,Vereniging De Oorsprong voor Protestans Christelijk Onderwijs te Doorn e.o.,rio,bo,41483,
30200523,Stichting Openbaar Onderwijs Rijn- en Heuvelland,besturenlijst,bo+so,41496,
30203875,Fluenta Stichting voor Protestants-Christelijk Onderwijs in de regio Utrecht,besturenlijst,bo+so,41528,
30203875,"FLUENTA - Stg. Pr.-Chr.Ond. in Houten,N'gein, Vianen&IJ'stei",rio,bo+so,41528,
30203875,"FLUENTA - Stg. Prot.-Chr. Ond. Houten, N'gein/Vianen/IJ'stei",rio,bo+so,41528,
30203875,FLUENTA - Stg. v. P-C-O in de regio Utrecht,rio,bo+so,41528,
30203875,Fluenta Sticht. voor P.C.O. id regio Utrecht,rio,bo+so,41528,
30203875,"Fluenta, Stg. voor P-C.O. i.d. regio Utrecht",rio,bo+so,41528,
30203875,"Fluenta-Stg voor Prot-Chr Onderwijs in Houten, Nieuwegein, Vianen en IJsselstein",rio,bo+so,41528,
30204999,EDUCATIS,besturenlijst,bo,41534,
30204999,Educatis,rio,bo,41534,
30238396,Stg. Reg. Openb. Basisonderw. IJsselstein en Nieuwegein,besturenlijst,bo,41792,
30238396,Stichting Openb. Basisonderw. Nieuwegein/IJsselstein ROBIJN,rio,bo,41792,
30238396,Stichting Openbaar Basisonderwijs Nieuwegein/IJsselstein (ROBIJN),rio,bo,41792,
30239015,Stichting Delta De Bilt voor Primair Onderwijs,besturenlijst,bo,41794,
30248500,Stg. Primair onderw. Mondriaan Abcoude,besturenlijst,bo,41843,
30248500,Stichting Primair onderwijs Mondriaan Abcoude,rio,bo,41843,
30248500,"Stichting Primair onderwijs Mondriaan Abcoude ""PriMa""",rio,bo,41843,
30248793,Stichting Openb. Bas.school de Regenboog,besturenlijst,bo,41844,
30248793,Stichting Openbare Basisschool de Regenboog,rio,bo,41844,
30249028,Sticht. Scholen met de Bijbel in de Betuwe,besturenlijst,bo,41827,
30249028,"Stichting Scholen met de Bijbel in de Betuwe, chr p o op gereformeerde grondslag",rio,bo,41827,
30250204,Stichting Cambium College voor openbaar voortgezet onderwijs,besturenlijst,vo,41864,
30250204,Stichting Scholengroep Cambium openbaar voortgezet onderwijs,rio,vo,41864,
30250204,Stichting Scholengroep Cambium voor Openbaar Voortgezet Onderwijs (VO),rio,vo,41864,
30250321,Stichting Openbaar Onderwijs Houten,besturenlijst,bo,41866,
30258935,Stichting Openbaar Primair Onderwijs Rivierenland,besturenlijst,bo+so,41876,
30265539,Stichting Gewoon Speciaal Onderwijs,besturenlijst,so,41879,
30265539,Stichting Gewoon Speciaal,rio,so,41879,
30274039,Stichting Voortgezet Onderwijs De Vechtstreek,besturenlijst,vo,41897,
30275924,Universiteit Utrecht,besturenlijst,ho,00009,
30275924,Het College van Bestuur van de Rijks Universiteit te Utrecht,rio,ho,00009,
32075562,Stichting Onderwijsgroep Amersfoort,besturenlijst,so+vo,41208,
32075562,Stichting Openbaar Voortgezet Onderwijs Amersfoort,rio,so+vo,41208,
32083273,St. Protestants-Christelijk Basisonderwijs Baarn-Soest,besturenlijst,bo,41242,
32083273,Stg. Prot.-Chr. Basisonderwijs Baarn-Soest,rio,bo,41242,
32083273,Stichting PCBO Baarn-Soest,rio,bo,41242,
32083273,Stichting Protestants-Christelijk Basisonderwijs Baarn-Soest,rio,bo,41242,
32083273,Stichting Protestants-Christelijk Basisonderwijs Baarn/Soest,rio,bo,41242,
32088552,Stichting Gemeentelijk Gymnasium Hilversum,besturenlijst,vo,13749,
32088562,Ver. voor Protest. Christelijk Basis- onderwijs 'Ichthus',besturenlijst,bo,41293,
32088562,Ver. Protestants Christelijk Basis- onderwijs 'Ichthus',rio,bo,41293,
32088562,Vereniging voor Protestants Christelijk Basis Onderwijs Ichthus,rio,bo,41293,
32092549,Stg. Prot. Christ. Organisatie vr O.w. & Opv. Gelderse Valle,besturenlijst,bo,41337,
32092549,Sticht. Prot. Chr. Onderwijs 'Gelderse Vallei',rio,bo,41337,
32092549,Sticht. Prot. Christ. Onderw. 'Gelderse Vallei',rio,bo,41337,
32092549,Stichting Protestants Christelijk Onderwijs Gelderse Vallei,rio,bo,41337,
32095223,Stichting Basisonderwijs Gooi en Vechtstreek,besturenlijst,bo,41376,
32095223,Stichting Basisonderwijs Gooi en Eemland te Huizen,rio,bo,41376,
32105543,Stichting Openbaar Basisonderwijs Hilversum,besturenlijst,bo,41493,
32105543,STIP Openbaar Basisonderwijs Hilversum,rio,bo,41493,
32105543,Stichting Openbaar Bas.onderw. Hilversum,rio,bo,41493,
32105543,Stichting Openbaar Basis Onderwijs Hilversum,rio,bo,41493,
32105796,Stichting Meerkring Primair Onderwijs Amersfoort,besturenlijst,bo+so,41514,
32105796,Stichting Meerkring O.P.O. Amersfoort,rio,bo+so,41514,
32105796,Stichting Meerkring Openb. Prim. Onderwijs A'foort,rio,bo+so,41514,
32105796,Stichting Meerkring Openbaar Primair Onderwijs Amersfoort,rio,bo+so,41514,
32112275,Stichting 'Florente',besturenlijst,bo,41595,
32112275,"'Spirit', Stichting voor Confessioneel Onderwijs",rio,bo,41595,
32112275,"Spirit, Stichting voor Christelijk Onderwijs",rio,bo,41595,
32112275,"Spirit, Stichting voor Confessioneel",rio,bo,41595,
32112275,"Spirit, Stichting voor Confessioneel Onderwijs",rio,bo,41595,
32112275,Stg. Florente basisscholen,rio,bo,41595,
32124769,Stichting voor VO en MBO op Reformatorische Grondslag,besturenlijst,mbo+vo,41769,
32124769,Stichting voor Onderwijs op Reformatorische Grondslag,rio,mbo+vo,41769,
32124769,Stichting voor VO en MBO op Reformatorische Grondslag (RBO scholen),rio,mbo+vo,41769,
32137060,Stichting Flevion,besturenlijst,bo+so,41813,
32137060,"Ante, Stichting voor openbare - en samenwerkingsscholen",rio,bo+so,41813,
32137060,"Ante, stichting voor openb. en samenwerkingsscholen",rio,bo+so,41813,
32137060,"Ante, stichting voor openbare- en samenwerkingssch.",rio,bo+so,41813,
32137060,Stichting Openbaar Basis Onderwijs Dronten,rio,bo+so,41813,
32149859,Stichting Almere Speciaal,besturenlijst,so,41880,
32149859,Stg Geïntegreerde Voorziening v Speciaal-en Voortgezet Speciaal Onderwijs Almere,rio,so,41880,
32155751,Stg. Verschillend Onderwijs in Leusden Achterveld (VOILA),besturenlijst,bo,41886,
32155751,Stg. Verschillend Onderwijs in Leusden Achterveld,rio,bo,41886,
32155751,Stichting Verschillend Onderwijs in Leusden Achterveld,rio,bo,41886,
34102519,Onderwijsstichting Zelfstandige Gymnasia,besturenlijst,vo,13556,
34102519,Openbare Stichting Zelfstandige Gymnasia,rio,vo,13556,
34105554,Stichting voor Voortgezet Onderwijs Kennemerland,besturenlijst,vo,41009,
34105560,"Iris, Stichting voor Christ. Voortgez. Onderw.",besturenlijst,vo,41021,
34105560,IRIS Stichting voor Christelijk Voortgezet Onderwijs,rio,vo,41021,
34105560,"IRIS, Stichting voor Christ. Voortgez. Onderw.",rio,vo,41021,
34105740,"Amsterdamse Stichting voor Katholiek, P.-c. en Interconfessioneel onderwijs",besturenlijst,bo,41023,
34105740,"ASKO, A'damse Stg. v. Kath., Pr.-chr. en Int.conf. onderw.",rio,bo,41023,
34105740,"ASKO, Amsterdamse Sticht. voor K.P.C. & Interconfess. onderw",rio,bo,41023,
34105740,Stichting Katholieke Basisscholen Amsterdam,rio,bo,41023,
34107734,Stichting Floreer Openbaar Onderwijs,besturenlijst,bo+so,13622,
34107734,Stichting Openbaar Primair Onderwijs Haarlemmermeer,rio,bo+so,13622,
34109279,Openbare Stichting Ir. Lely Lyceum,besturenlijst,vo,41063,
34109279,Openbare Stichting Scholengemeenschap Reigersbos,rio,vo,41063,
34130234,Stichting voor Voortgezet Vrijeschoolonderwijs Noord-Holland,besturenlijst,vo,41219,
34130234,Stichting Samenwerkende Vrije Scholen voor Voortgezet Onderwijs in Noord-Holland,rio,vo,41219,
34130234,Stichting Vrije Scholen Voortgezet Onderwijs Noord Holland,rio,vo,41219,
34149420,"Agora, Stg. voor Bijzonder Prim. Onderw. in de Zaanstreek",besturenlijst,bo+so,41251,
34149420,"Agora, Stichting voor Bijzonder (rk, pc, ic) Primair Onderwijs in de Zaanstreek",rio,bo+so,41251,
34183649,Stichting IJmare,besturenlijst,bo+so,41375,
34183649,Stichting Openbaar Primair Onderwijs IJmond,rio,bo+so,41375,
34183649,Stichting openb. primair onderw. IJmond,rio,bo+so,41375,
34191464,Stichting Orion,besturenlijst,so,41479,
34191464,Stichting Openbaar (Voortgezet) Speciaal Onderwijs,rio,so,41479,
34200189,Stichting Spinoza Lyceum Amsterdam,besturenlijst,vo,41556,
34200189,Stichting Spinozalyceum Amsterdam,rio,vo,41556,
34215054,Stichting Hogeschool van Amsterdam,besturenlijst,ho,40331,
34215054,Het College van Bestuur van de Hogeschool van Amsterdam,rio,ho,40331,
34237417,Stichting Auro voor Openbaar Primair Onderwijs,besturenlijst,bo,41544,
34237417,"Stichting Openbaar Primair Onderwijs Aalsmeer, Uithoorn en de Ronde Venen",rio,bo,41544,
34237721,Sticht. Openbaar Basisonderw. Westelijke Tuinsteden,besturenlijst,bo+so,41579,
34237721,Stg. Openbaar Basis Onderwijs Westelijke Tuinsteden,rio,bo+so,41579,
34237721,Stichting Openbaar Basis Onderwijs Westelijke Tuinsteden,rio,bo+so,41579,
34238596,"AmstelWijs, stichting voor openbaar primair onderw.",besturenlijst,bo+so,41580,
34238596,"AmstelWijs, Stichting voor Openbaar Primair Onderwijs",rio,bo+so,41580,
34239246,Stg. Openb. Voortgezet Onderw. Zaanstad,besturenlijst,vo,41581,ja
34239246,Stichting Openbaar Voortgezet Onderwijs Zaanstad,rio,vo,41581,ja
34275107,Amsterdam-West Binnen de Ring stg. v. Openb. Primair Onderw.,besturenlijst,bo,41663,
34275107,"Amsterdam-West Binnen de Ring, Stichting voor Openbaar Primair Onderwijs",rio,bo,41663,
34276889,'Samen tussen Amstel en IJ' Stg. Openbaar Prim. Onderwijs,besturenlijst,bo+so,41774,
34276889,"""Samen tussen Amstel en IJ"" Stichting voor Openbaar Primair Onderwijs",rio,bo+so,41774,
34276889,Stichting Openbaar Primair Onderwijs Oost/Watergraafsmeer Zeeburg,rio,bo+so,41774,
34277470,Stichting Dunamare Onderwijsgroep,besturenlijst,so+vo,41664,
34285452,Stichting Openbaar Onderw. aan de Amstel,besturenlijst,bo,41781,
34285452,Stichting Openbaar Onderwijs aan de Amstel,rio,bo,41781,
34288072,Stichting Zonova,besturenlijst,bo+so,41716,
34288072,Stichting Sirius,rio,bo+so,41716,
34315033,Stg. Openb. Voortgezet Onderw. Progresso (SOVOP),besturenlijst,vo,41830,
34315033,Stichting Calandlyceum,rio,vo,41830,
34317570,Stichting Spaarnesant,besturenlijst,bo+so,41853,
34317570,Stichting Openbaar Primair Onderwijs Haarlem,rio,bo+so,41853,
34317620,Stg. Zaan Prim. v Openb. Prim. en(Voortgezet) Spec. Onderwij,besturenlijst,bo+so,41852,
34317620,Stichting Zaan Primair voor OP/Voortg. Spec. Onderw.,rio,bo+so,41852,
34317620,Stichting Zaan Primair voor Openbaar Primair en (Voortgezet) Speciaal Onderwijs,rio,bo+so,41852,
34318080,Stichting Voortgezet Onderwijs van Amsterdam,besturenlijst,vo,41854,
34318080,Samenwerkingstichting Voortgezet Onderwijs  ROCvA (VO),rio,vo,41854,
34318080,Stichting Voorgezet Onderwijs van Amsterdam,rio,vo,41854,
34319180,Bestuurskant. Algem. Bijzond. Scholengroep Amsterdam,besturenlijst,bo,41857,
34319180,Stichting Algemene Bijzondere Scholengroep Amsterdam,rio,bo,41857,
34370207,Universiteit van Amsterdam,besturenlijst,ho,22222,
34370207,College van Bestuur van de Universiteit van Amsterdam,rio,ho,22222,
34392212,Stg. Openb. Voortgez. Onderw. Amstelveen,besturenlijst,vo,42530,
34392212,Stichting Openbaar Voortgezet Onderwijs Amstelveen,rio,vo,42530,
35031291,Stichting lnterregionaal Onderwijs Zaanstad (SIOZ),besturenlijst,bo,41256,
35031291,Stichting Interregionaal Onderw. Zaanstd,rio,bo,41256,
35031291,Stichting Islamitisch Onderwijs Zaanstad,rio,bo,41256,
36053128,Stichting Confessioneel Primair Onderwijs Waterland,besturenlijst,bo+so,41012,
36053128,Stichting Confessioneel PO Regio Waterland,rio,bo+so,41012,
37082660,Stichting Regionale Scholengemeenschap Enkhuizen,besturenlijst,vo,13278,
37082660,Bestuur Reg Sgm V Openb Voortgez Ondw Enkhuizen,rio,vo,13278,
37082660,Stichting Bestuur Regionale Scholengemeenschap Enkhuizen,rio,vo,13278,
37083568,Intergemeentelijke Stichting Openbaar Basisonderwijs,besturenlijst,bo,41191,
37083568,Intergemeentelijke Stichting Openbaar Onderwijs,rio,bo,41191,
37085389,Stichting Openbaar Voortgezet Onderwijs Noord-Holland-Noord,besturenlijst,vo,13652,
37087297,Stichting Openbaar Onderwijs Present,besturenlijst,bo,13662,
37087297,Stichting Openbaar Onderwijs West Friesland Oost,rio,bo,13662,
37097108,Stichting Vrijescholen Ithaka,besturenlijst,bo,41296,
37097108,Stg. vrije school bas. onderw. Alkmaar en omstreken,rio,bo,41296,
37097108,Stichting vrije school basisonderwijs Alkmaar en omstreken,rio,bo,41296,
37099586,Stichting Hoger Onderwijs Nederland,besturenlijst,ho,41350,
37099586,Raad van bestuur van de Stichting Hogeschool INHOLLAND,rio,ho,41350,
37099586,Raad van bestuur van de Stichting Hogeschool In Holland,rio,ho,41350,
37104980,Stichting Allente onderwijs,besturenlijst,bo,41364,
37104980,Allente,rio,bo,41364,
37104980,Stichting De Blauwe Loper,rio,bo,41364,
37104980,Stichting Openbaar Primair Onderwijs Heerhugowaard,rio,bo,41364,
37108920,Stichting OPSPOOR,besturenlijst,bo+so,41434,
37108920,Stg. Primair Openbaar Onderw. in de Regio Waterland/Oostzaan,rio,bo+so,41434,
37108920,Stichting Spoor,rio,bo+so,41434,
37109276,"ALLURE, Stichting openbaar primair onderwijs",besturenlijst,bo,41421,
37109276,"Allure, Stichting voor openbaar primair onderwijs",rio,bo,41421,
37109276,"WOWON, Stichting voor Openbaar Onderwijs",rio,bo,41421,
37137346,Stichting SCIO voor Onderwijs,besturenlijst,bo,41772,
37137346,"St. Talent, Openb. Bas.onderw. Hoorn",rio,bo,41772,
37137346,"Stichting Talent, Openbaar Basisonderwijs Hoorn",rio,bo,41772,
37146555,Stg. Meerwerf Basisscholen Den Helder,besturenlijst,bo,41858,
37146555,Stichting Meerwerf Basisscholen Den Helder,rio,bo,41858,
37153438,Stichting Atlas College,besturenlijst,vo,41883,
37159222,Stichting Ronduit,besturenlijst,bo+so,42514,
38024938,Stichting Saxion,besturenlijst,ho,30780,
38024938,Het College van Bestuur van de Hogeschool Enschede,rio,ho,30780,
38024938,Stg Hogeschool Enschede Centraal Stafbureau,rio,ho,30780,
39071372,Stichting VariO-Onderwijsgroep,besturenlijst,vo,41195,
39071372,Samenw.stg. Scholengroep VO Noordoostpolder en Lemsterland,rio,vo,41195,
39071372,Samenwerkingsstg Scholengr Voortgezet Onderwijs Noordoostpolder en Lemsterland,rio,vo,41195,
39071372,Samenwerkingsstichting S.V.O. Noordoostpolder en Lemsterland,rio,vo,41195,
39071372,Stichting Scholengroep Voortgezet Onderwijs Noordoostpolder en Lemsterland,rio,vo,41195,
39071372,Stichting voor Openbaar Voortgezet Onderwijs Zuiderzee College,rio,vo,41195,
39071372,Stichting voor Openbaar Voortgezet Onderwijs Zuyderzee College,rio,vo,41195,
39098845,Stichting voor Voortgezet Onderwijs Lelystad,besturenlijst,vo,41659,
39098845,Stichting voor Voortgez. Onderw. Lelyst.,rio,vo,41659,
39100741,Almeerse Scholen Groep (ASG),besturenlijst,bo+so+vo,41676,
39100741,Almeerse Scholen Groep,rio,bo+so+vo,41676,
39100741,Almeerse Scholen Groep (ASG) Stg. openb. prim./voortg. ond.,rio,bo+so+vo,41676,
39100741,Almeerse Scholen Groep (ASG) Stg. openb./prim./voortg. ond.,rio,bo+so+vo,41676,
39100741,Almeerse Scholen Groep (ASG) Stg. voor openb.prim. en v.o.,rio,bo+so+vo,41676,
39100741,"Almeerse Scholen Groep, Stichting voor Openbaar Primair en Voortgezet Onderwijs",rio,bo+so+vo,41676,
39100741,Stichting Openbaar Onderwijs Almere,rio,bo+so+vo,41676,
40000042,Leeuwarder Schoolvereniging,besturenlijst,bo,35504,
40000042,Leeuwarder School Vereniging,rio,bo,35504,
40001477,Stichting Verenigde Christelijke Scholen Opsterland,besturenlijst,bo,84332,
40001477,Ver V Pc Basisonderwijs Frieschepalen,rio,bo,84332,
40001477,"Ver voor Prot Chr BO onder de naam: ""Rehoboth"" te Frieschepalen en omgeving",rio,bo,84332,
40001477,"Ver. voor P.C. Basisonderwijs, 'Rehoboth' te Frieschepalen e",rio,bo,84332,
40001477,Vereniging Protestants Christelijk Basissonderwijs Frieschepalen,rio,bo,84332,
40003698,Stichting voor Christelijk Spec. Basisonderwijs Sneek eo,besturenlijst,so,85321,
40003698,Stichting voor Christelijk Speciaal Basisonderwijs Sneek e.o.,rio,so,85321,
40003698,Ver Voor Christelyk So En Vso,rio,so,85321,
40003698,Ver voor Christelijk SO en VSO,rio,so,85321,
40003698,Vereniging voor Christelijk Speciaal Onderwijs Sneek e o,rio,so,85321,
40004932,Stichting Fierder Onderwijs,besturenlijst,vo,31231,
40004932,Stichting Lauwers College,rio,vo,31231,
40004932,Vereniging PCVO in de Gemeente Achtkarspel Kollumerland CA en Zuidhorn,rio,vo,31231,
40005051,Stg. v. Chr. Voortgez. Onderw. in Zuid-West Fryslân,besturenlijst,vo,40075,
40005051,Stichting voor Christelijk Voortgezet Onderwijs in Zuid-West Fryslan,rio,vo,40075,
40005051,Vereniging voor Christelijk Voortgezet Onderwijs in Zuid West Friesland,rio,vo,40075,
40005051,Vereniging voor Christelijk Voortgezet Onderwijs in Zuid- West Fryslan,rio,vo,40075,
40005317,Stg. Prot.-Chr. Basis Onderw. Smallingerland en omstreken,besturenlijst,bo+so,40342,
40005317,Stg. Prot.-Chr. Basis Onderw. Smallingerland,rio,bo+so,40342,
40005317,Ver V Pc Basisonderwijs Smallingerland,rio,bo+so,40342,
40005317,Ver v PC Basisonderwijs Smallingerland,rio,bo+so,40342,
40005317,Ver. Prot. Chr. Basisonderwijs Smallingerland,rio,bo+so,40342,
40005317,Verenig. v. P-C Basis Onderw. Smallingerland en omstreken,rio,bo+so,40342,
40005701,Stichting voor Christelijk Speciaal Basisonderwijs te Leeuwarden,besturenlijst,so,40636,
40005701,Vereniging V Chr So En Vso Voor Leeuwarden Eo,rio,so,40636,
40005701,Vereniging v Chr SO en VSO voor Leeuwarden eo,rio,so,40636,
40005701,Vereniging voor Christelijk Speciaal BO te Leeuwarden,rio,so,40636,
40005701,Vereniging voor Christelijk Speciaal Basisonderwijs te Leeuwarden,rio,so,40636,
40005914,Stichting ARLANTA,besturenlijst,bo+so,40788,
40005914,Stichting Arlanta,rio,bo+so,40788,
40005914,Stichting voor Christelijk Basisonderwijs in de gemeente Dongeradeel,rio,bo+so,40788,
40005914,Ver. Prot. Chr. Basisonderwijs Dongeradeel,rio,bo+so,40788,
40005914,Vereniging Voor Prot Chr Basisond Dongeradeel,rio,bo+so,40788,
40005914,Vereniging voor Prot Chr Basisond Dongeradeel,rio,bo+so,40788,
40023004,Stichting VCOG Onderwijs,besturenlijst,bo,69669,
40023004,Vereniging Christelijk Onderwijs Groningen,rio,bo,69669,
40023004,Vereniging voor Christ. Onderw. Groningen,rio,bo,69669,
40023294,Vereniging voor Christelijk Onderwijs Haren en Onnen,besturenlijst,bo,61829,
40023294,Vereniging voor Christel. Onderwijs Haren,rio,bo,61829,
40023294,Vereniging voor Christelijk Onderwijs Haren,rio,bo,61829,
40023294,Vereniging voor Protestants Christelijk Onderwijs Haren,rio,bo,61829,
40023417,Willem Lodewijk Gymnasium,besturenlijst,vo,31240,
40023417,Ver. voor Christ. Voortgez. Onderw. te Groningen,rio,vo,31240,
40023417,Vereniging Christelijk Voortgezet Onderwijs Groningen,rio,vo,31240,
40024230,Gereformeerde Schoolvereniging Westernieland en omstreken,besturenlijst,bo,37038,
40024230,Gereformeerde School Vereniging Westernieland,rio,bo,37038,
40026490,Stichting Christelijk Onderwijs Groningen,besturenlijst,vo,40570,
40026490,Stichting Christel. Onderwijs Groningen,rio,vo,40570,
40026490,Vereniging voor Christelijk Onderwijs Liudger,rio,vo,40570,
40038715,Stichting Scholengroep Trivium Stadskanaal,besturenlijst,vo,40365,
40038715,"St. Prot. Chr./RK Voortg. Ond. te Stadskanaal, Onstwedde,",rio,vo,40365,
40038715,Stichting Scholengroep Trivium,rio,vo,40365,
40038715,"Stichting voor PC RK VO te Stadskanaal, Onstwedde, Veendam en Winschoten",rio,vo,40365,
40038715,Stichting voor bijzonder Voortgezet Onderw. Ubbo Emmius,rio,vo,40365,
40038715,Ver voor PC RK VO te Stadskan Veend Winschot,rio,vo,40365,
40038886,Vereniging Jenaplanonderwijs Noord,besturenlijst,bo,40865,
40038886,Vereniging Jenaplanonderwijs NOORD,rio,bo,40865,
40045058,Vereniging voor Primair Christelijk Onderwijs H'veen,besturenlijst,bo,69877,
40045058,Vereniging Protestants Christelijk Onderwijs,rio,bo,69877,ja
40045058,Vereniging voor Primair Christelijk Onderwijs Hoogeveen (PRICOH),rio,bo,69877,
40045606,Stichting Christelijke Kindcentra Drenthe,besturenlijst,bo+so,32073,
40045606,Christelijke Onderwijsgroep Drenthe,rio,bo+so,32073,
40045606,Stichting Christelijke Onderwijsgroep Drenthe,rio,bo+so,32073,
40045606,Ver Vr Prot Chr Basis-En Speciaal Ond Te Assen,rio,bo+so,32073,
40045606,Vereniging voor Christelijk Basis- en Speciaal Onderwijs te Assen en omgeving,rio,bo+so,32073,
40045606,Vereniging voor Christelijk Primair Onderwijs in Noord en Midden Drenthe,rio,bo+so,32073,
40046359,Vereniging voor Prot.-Christ. Basisond. Alteveer/Kerkenveld,besturenlijst,bo,60829,
40046359,Ver V Pc Basisonderwijs,rio,bo,60829,ja
40046359,Vereniging voor Protestants Christelijk Basisonderwijs,rio,bo,60829,ja
40048879,Ver. Prot.-Chr. Basisonderw. te Hollandscheveld,besturenlijst,bo,40655,
40048879,Ver V Pc Basisonderwys In Hollandscheveld,rio,bo,40655,
40048879,Ver v PC Basisonderwys in Hollandscheveld,rio,bo,40655,
40059121,Vereniging Hervormde Scholengemeenschap voor PC Onderwijs  te Genemuiden,besturenlijst,bo,84579,
40059121,Ver Herv SGM Prot Chr Onderwijs Genemuiden,rio,bo,84579,
40059121,Ver. Herv. Sch.gem. voor Prot.-Chr. Ond. te Genem.,rio,bo,84579,
40059157,Ver. Rehoboth tot Stg. en Instandh. Scholen Bybel te Urk,besturenlijst,bo,53015,
40059157,Vereniging Rehoboth tot Stichting en Instandhouding School met de Bijbel Urk,rio,bo,53015,
40059193,Vereniging Stichting Instandhouding School met de Bijbel Staphorst,besturenlijst,bo,29056,
40059338,Stichting voor Christelijk Primair Onderwijs Lelystad,besturenlijst,bo,60985,
40059338,Ver V Pc Basis En Spec Ond Te Lelystad,rio,bo,60985,
40059338,Vereniging voor Protestants Christelijk Basis en Speciaal Onderwijs te Lelystad,rio,bo,60985,
40059338,Vereniging voor Protestants Christelijk Primair Onderwijs te Lelystad,rio,bo,60985,kort
40059447,Ver. Protestants-Christelijk Basisonderwijs te Vroomshoop,besturenlijst,bo,99594,kort
40059447,Ver V Pc Bso Vroomshoop,rio,bo,99594,
40059447,Vereniging voor Protestants Christelijk BSO Vroomshoop,rio,bo,99594,
40059457,Vereniging CNS Ommerkanaal,besturenlijst,bo,36063,
40059457,De ver. tot st. & instandh. v. Scholen m.d. Bijbel Ommerk. e,rio,bo,36063,
40059457,De ver. tot stg./inst.houd. v. Scholen md Bijbel Ommerkan. e,rio,bo,36063,
40059457,De vereniging tot stichting en instandh. SmdB Ommerkanaal eo,rio,bo,36063,
40059457,Ver Stg Insth Sch Md Bybel Ommerkan,rio,bo,36063,
40059457,Ver Stg Insth Sch md Bijbel Immerkan,rio,bo,36063,
40059457,Ver tot Stg en Insth v Scholen m d Bijbel te Ommerkanaal eo,rio,bo,36063,
40059524,Vereniging een School met de Bijbel,besturenlijst,bo,30967,ja
40059524,Ver Sch Md Bybel Kamperzeedyk,rio,bo,30967,
40059524,Ver Sch md Bybel Kamperzeedyk,rio,bo,30967,
40059574,"Veren. voor Gereformeerd S.o. te Laag Zuthem,Gemeente Raalte",besturenlijst,bo,41861,
40059574,Vereniging voor Gereformeerd School Onderwijs te Laag Zuthem,rio,bo,41861,
40059574,Vereniging voor Gereformeerd Schoolonderwijs Laag Zuthem,rio,bo,41861,
40059606,Ver. vr Prot.-Christelijke Basisonderwijs te Beerzerveld,besturenlijst,bo,99672,
40059606,Ver Pc Bso Beerzerveld,rio,bo,99672,
40059606,Vereniging Protestants Christelijk Basisonderwijs Beerzerveld,rio,bo,99672,
40059606,Vereniging voor P-C Basisond. te Beerzerveld,rio,bo,99672,
40059606,Vereniging voor Prot.-Christ. Basisonderwijs,rio,bo,99672,ja
40059606,Vereniging voor Protestant-Chr. Basisonderwijs,rio,bo,99672,
40059661,Ver. voor Chr. Nat. Schoolond. te Staphorst,besturenlijst,bo,36831,kort
40059661,Ver v Chr Nat Sch Ond Te Staphorst,rio,bo,36831,kort
40059661,Ver v Chr Nat Sch Ond te Staphorst,rio,bo,36831,kort
40059661,Ver. Christelijk Nationaal Schoolonderwijs te Staphorst,rio,bo,36831,kort
40059730,Vereniging voor Christ. Nat. Bas.onderw.,besturenlijst,bo,33853,
40059730,Ver Chr Nat Bso,rio,bo,33853,
40059730,Vereniging Christelijk Nationaal Basisonderwijs,rio,bo,33853,
40059730,Vereniging voor Christelyk Nationaal Basisonderwys,rio,bo,33853,
40059800,Vereniging voor Prot. Christ. Basis Onderwijs de Schakel,besturenlijst,bo,81030,
40059800,Ver. voor P.C. Basis Onderwijs de Schakel,rio,bo,81030,
40059800,Ver. voor Prot. Chr. Basis Onderwijs de Schakel,rio,bo,81030,
40059800,Vereniging Protestants Christelijk Kleuter en Lageronderwijs,rio,bo,81030,
40059813,Ver. verstr. bo op Ger. Gr.sl. te Genemuiden,besturenlijst,bo,24195,
40059813,Ver Verstr Lo Geref Grondsl Genemuiden,rio,bo,24195,
40059813,Vereniging tot Verstrekking LO Gereformeerde Grondslag Genemuiden,rio,bo,24195,
40059813,Vereniging tot het verstrekken van basisond Gereformeerde Grondslag Genemuiden,rio,bo,24195,
40059816,Ver. tot het Verstrekken bo op RG vd Noordoostpolder en omg.,besturenlijst,bo,46152,
40059816,Ver Verstrekken Kl & Bo Reform Grondsl NO Polder,rio,bo,46152,
40059818,Schoolvereniging Uitgaande vd Gereformeerde Gemeente Kampen,besturenlijst,bo,43824,
40059818,School Vereniging Uitgaande van de Gereformeerde Gemeente te Kampen,rio,bo,43824,
40059903,Vereniging tot het verstrekken bas.ond. Ger. Gr.sl. Grafhors,besturenlijst,bo,44071,
40059903,Ver th Verstr v LO Geref Grondslag te Grafhorst,rio,bo,44071,
40059908,Hervormde Vereniging voor Chr. Onderw. te IJsselmuiden,besturenlijst,bo,44318,
40059908,Hervormde Ver. Chr. Onderwijs te IJsselmuiden,rio,bo,44318,
40059908,Hervormde Vereniging voor Christ.Onderw. te IJsselmuiden,rio,bo,44318,
40059908,Hervormde Vereniging voor Christelijk Onderwijs te IJsselmuiden,rio,bo,44318,
40059908,Ned Herv Ver V Chr Sch Ond Te Ysselmuiden,rio,bo,44318,
40059908,Ned Herv Ver v Chr Sch Ond te Ysselmuiden,rio,bo,44318,
40059980,Ver. Stg. Herv. Schol. op Geref. Grondsl. te Rouveen,besturenlijst,bo,90637,
40059980,Vereniging Stichting Instandhouding v Hervormde School op Gg Te Rouveen,rio,bo,90637,
40060083,Vereniging Stichting Instandhouding School met de Bijbel,besturenlijst,bo,91079,
40060269,Stg. Ger. Voortgez. Onderwijs Oost-Nederland,besturenlijst,vo,43837,
40060269,Stichting Gereformeerd Voortgezet Onderwijs Oost-Nederland,rio,vo,43837,
40060269,Vereniging voor Gereformeerd Voortgezet Onderwijs voor Oost Nederland,rio,vo,43837,
40060403,Ned.Geref. Schoolver. voor Kampen-IJsselmuiden eo,besturenlijst,bo,61661,
40060403,Ned Ger Sch Ver Kampen Ysselmuiden Eo,rio,bo,61661,
40060403,Ned. Ger. Schoolvereniging voor Kampen-IJsselmuiden e.o.,rio,bo,61661,
40060403,Nederlandse Gereformeerde Scholen Vereniging Kampen Ysselmuiden eo,rio,bo,61661,
40060527,"Stichting Aquila, stichting voor Christelijk Speciaal Onderwijs regio Ommen",besturenlijst,so+vo,62181,
40060527,Stg v Prot Chr Speciaal en Voortgezet Speciaal Onderwijs te Ommen  en omstreken,rio,so+vo,62181,
40060527,Stg. Prot. Chr. Spec./Voortg. Spec. Onderwijs te Ommen e.o.,rio,so+vo,62181,
40060527,Vereniging Protestants Christelijk Buitenonderwijs Ommen,rio,so+vo,62181,
40061260,Vereniging voor Protestants Christelijk Basisonderwijs te Lutten,besturenlijst,bo,83267,kort
40061260,Ver Vr Chr Nat Basisond Te Lutten,rio,bo,83267,
40061260,Ver vr Chr Nat Basisondwijs te Lutten,rio,bo,83267,
40062558,Stichting Vechtdal College,besturenlijst,vo,40722,
40062558,Ver v Chr VO in Nrd Oost Overijssel en Coevorden,rio,vo,40722,
40062558,Ver voor Christelijk Voortgezet Onderwijs in Noordoost-Overijssel en Coevorden,rio,vo,40722,
40062585,"Iris, Stichting voor Christelijk Onderwijs",besturenlijst,bo,41125,
40062585,IRIS Vereniging voor Christelijk Onderwijs te Kampen,rio,bo,41125,
40062585,"Iris, Vereniging voor Christelijk Onderwijs",rio,bo,41125,
40062706,Stichting voor Chr. Prim. Onderw. CHRONO,besturenlijst,bo+so,40946,
40062706,Stichting voor Prot. Chr. Prim.Onderw. CHRONO,rio,bo+so,40946,
40062706,Stichting voor Protestants Christelijk Primair Onderwijs CHRONO,rio,bo+so,40946,
40062706,Ver voor Prot Chr PO in Noord-Oost Overijssel,rio,bo+so,40946,
40062744,"Vivente, Stichting voor Christel. Prim. Onderwijs",besturenlijst,bo+so,40934,
40062744,Vereniging voor Christelijk Primair Onderwijs te Zwolle en omstreken,rio,bo+so,40934,kort
40062744,"Vivente, Stichting voor Christelijk Primair Onderwijs",rio,bo+so,40934,
40073067,Enschedese Schoolvereniging,besturenlijst,bo,95421,
40073067,Enschedese Sch Ver,rio,bo,95421,
40073067,Enschedese School Vereniging,rio,bo,95421,
40074024,Ver. Verstr. Schoolonderwijs op Reformatorische Grondslag,besturenlijst,bo,42122,
40074024,Ver TT H Verstr v Sch Ond op Reform Grondsl,rio,bo,42122,
40074024,Ver Tt H Verstr V Sch Ond Op Reform Grondsl,rio,bo,42122,
40074084,Stg. Christelijk Onderwijs Twenterand en Omstreken,besturenlijst,bo+so,61751,
40074084,Stichting Christelijk Onderwijs Twenterand en Omstreken,rio,bo+so,61751,
40074084,Vereniging tot Insthouding School voor Christelijk Onderwijs te Vriezenveen,rio,bo+so,61751,
40074303,Stg. Depart. Oldenzaal eo der Maatsch. tot Nut van 't Algem.,besturenlijst,bo,40964,
40074303,Maatschappij tot Nut van het Algemeen,rio,bo,40964,
40074303,"Stg Departement Oldenzaal eo, Mij. tot Nut van ’t Algemeen",rio,bo,40964,
40074303,Stg. Departement Oldenzaal eo der Mij. tot Nut van 't Algem.,rio,bo,40964,
40074303,Stichting Departement Oldenzaal eo der Maatschappij tot Nut van 't Algemeen,rio,bo,40964,
40074649,Vereniging voor Prot. Christ. Primair Onderwijs te Rijssen,besturenlijst,bo+so,77196,kort
40074649,Ver V Pc Basisond Te Rijssen,rio,bo+so,77196,kort
40074649,Vereniging voor Protestants Christelijk Primair Onderwijs te Rijssen,rio,bo+so,77196,kort
40075155,Ver. v. Prot. Chr. Basisond. te Notter-Zuna,besturenlijst,bo,63091,kort
40075155,Ver PC BSO te Notter Zuna,rio,bo,63091,kort
40075155,Ver Pc Bso Te Notter Zuna,rio,bo,63091,kort
40076656,SAB Montessoriond. Haaksbergen,besturenlijst,bo,40355,
40076656,Vereniging van Algemeen Bijzonder Montessori Onderwijs Haaksbergen,rio,bo,40355,
40076656,Vereniging voor Algemeen Bijz. Montessorionderw. Haaksbergen,rio,bo,40355,
40077206,Stichting 'Ieder kind telt' Chr. Prim. Onderw. Hellendoorn,besturenlijst,bo+so,85600,
40077206,Stichting Ieder kind telt Christelijk Primair Onderwijs in de gem Hellendoorn,rio,bo+so,85600,
40077206,Vereniging voor Protestants Christellijk Onderwijs in de Gemeente Hellendoorn,rio,bo+so,85600,
40094101,Hervormde Schoolvereniging te Nijkerk,besturenlijst,bo,89155,
40094101,Hervormde School Vereniging Nijkerk,rio,bo,89155,
40094177,Ver t Stg Insth Sch op Geref Grondsl,besturenlijst,bo,23948,
40094177,Ver T Stg Insth Sch Op Geref Grondsl,rio,bo,23948,
40094198,Vereniging voor Christelijk Voortgezet Onderwijs,besturenlijst,vo,49701,
40094198,Vereniging V Christelyk Voortgezet Onderwys,rio,vo,49701,
40094198,Vereniging voor Christelyk Voortgezet Onderwys,rio,vo,49701,
40094225,Ver. Chr. Nat. Schoolonderwijs te Nunspeet,besturenlijst,bo,24533,kort
40094225,Ver Cns Nunspeet,rio,bo,24533,
40094225,Vereniging CNS Nunspeet,rio,bo,24533,
40094296,Vereniging voor Christelijk VO te Harderwijk en omstreken,besturenlijst,vo,36921,
40094296,Ver voor Christelijk Voortgezet Onderwijs,rio,vo,36921,
40094296,Ver. Chr. Voortgezet Onderwijs Chr. College Naussau-Veluwe,rio,vo,36921,
40094296,Ver. v. Chr. Voortg. Ond. Chr. College Naussau-Veluwe,rio,vo,36921,
40094310,Vereniging voor Protestants Christelijk Onderwijs Putten,besturenlijst,bo,90169,
40094310,Vereniging Christelijk Nat School Gereformeerde Grondslag Putten,rio,bo,90169,
40094310,Vereniging voor Protestants Christelijk Onderwijs te Putten,rio,bo,90169,kort
40094313,Ver. voor basisonderwijs op Gereformeerde grondslag Speuld,besturenlijst,bo,27237,
40094313,Ver Kl En Bso Geref Grondsl,rio,bo,27237,
40094313,Ver Kl en BSO Geref Grondsl,rio,bo,27237,
40094335,Herv. Schoolver. Op Geref. Grondsl. te Elspeet,besturenlijst,bo,75974,
40094335,Hervormde Schoolvereniging op Gereformeerde Grondslag te Elspeet,rio,bo,75974,
40094335,Ned Herv Sch Ver Op Geref Grondsl Elspeet,rio,bo,75974,
40094335,Nederlands Hervormde Schoolvereniging op Gereformeerde Grondslag te Elspeet,rio,bo,75974,
40094342,Ver. Verstr. Kleuter/Bo op GGs te Nunspeet,besturenlijst,bo,23883,
40094342,Ver TT Verstr v BSO op Geref Grondsl Nunspeet,rio,bo,23883,
40094342,Ver Tt Verstr V Bso Op Geref Grondsl Nunspeet,rio,bo,23883,
40094361,Stg. voor Christelijk Onderw. Harderwijk-Hierden,besturenlijst,bo,85476,
40094361,Stichting Voor Christelijk Onderwijs,rio,bo,85476,ja
40094361,Ver Chr Ond Harderwyk,rio,bo,85476,
40094361,Vereniging Christelijk Onderwijs Harderwijk,rio,bo,85476,
40094405,Stichting voor Prot.-Chr. Onderwijs te Ermelo,besturenlijst,bo,76819,kort
40094405,Stg. v. Prot.-Christ.-Onderw. te Ermelo,rio,bo,76819,kort
40094405,Stg. voor Protest.-Christ. Onderwijs te Ermelo,rio,bo,76819,kort
40094405,Ver. v. Prot. Christ. Onderw. te Ermelo,rio,bo,76819,kort
40094405,Vereniging Protestants Christelijk Onderwijs,rio,bo,76819,ja
40094467,De Ver. Stg. en Instandhouding Christ. Scholen te Doornspijk,besturenlijst,bo,38819,
40094467,Ver TT Stg en Insth v Chr Sch,rio,bo,38819,
40094467,Ver Tt Stg En Insth V Chr Sch,rio,bo,38819,
40094498,Ver. v. Prot.-Chr. Basisond. te Hulshorst,besturenlijst,bo,86802,kort
40094498,Vereniging voor Protestants Christelijk Basisonderwijs Hulshorst,rio,bo,86802,
40094502,Ver. tot het verstrekken van basisonderw. Geref. grondslag,besturenlijst,bo,30128,
40094502,Vereniging T H Verstr voor BSO Op Gereformeerde Grondslag Te Ermelo,rio,bo,30128,
40094609,'t Blokhuus,besturenlijst,bo,63039,
40094609,Kindercampus Blokhuus,rio,bo,63039,
40094609,Ver T Blokhuus,rio,bo,63039,
40094609,Vereniging t Blokhuus,rio,bo,63039,
40101238,Christelijk Schoolvereniging  Wapenveld,besturenlijst,bo,92626,
40101238,'Nederlandse Hervormde Schoolvereniging',rio,bo,92626,
40101238,Christelijke Schoolvereniging Wapenveld,rio,bo,92626,
40101238,Ver Nederlandse Herv Schoolvereniging,rio,bo,92626,
40101238,Vereniging Nederlandse Hervormde Schoolvereniging,rio,bo,92626,
40101350,Vereniging voor Evangelisatie 'Het Mosterdzaadje',besturenlijst,bo,84787,
40101350,Vereniging het Mosterdzaadje,rio,bo,84787,
40101658,Vereniging tot Stichting en Instandhouding ener Christelijke School te Oene,besturenlijst,bo,36778,
40101658,Ver. tot Stg. & Inst.houding ener Christel School te Oene,rio,bo,36778,
40101658,Vereniging tot Stichting Instandhouding Ener Christelijk School,rio,bo,36778,
40101658,Vereniging tot Stichting Instandhouding Ener Christelijke School,rio,bo,36778,
40101683,Stg. vr Prot. Chr. Bas.onderw. in de Gemeente Voorst,besturenlijst,bo,45969,
40101683,Stg. v. Protest. Christel. Basisond. in de Gem. Voorst,rio,bo,45969,
40101683,Stg. v. Protestants CBO in de Gemeente Voorst,rio,bo,45969,
40101683,Stichting voor Protestants-Christelijk Basisonderwijs in de Gemeente Voorst,rio,bo,45969,
40101683,Ver V Pc Basisonderwijs In De Gemeente Voorst,rio,bo,45969,
40101683,Ver v PC Basisonderwijs in de Gemeente Voorst,rio,bo,45969,
40102129,Ver. voor Prot.-Chr. Onderwijs te Eerbeek,besturenlijst,bo,84046,kort
40102129,Stichting Prot.-Chr. Onderwijs te Eerbeek,rio,bo,84046,kort
40102129,Ver. v. Prot.-Christ. Onderw. te Eerbeek,rio,bo,84046,kort
40102129,Vereniging voor Protestants Christelijk Onderwijs,rio,bo,84046,ja
40102185,Ver. tot het Verstr. van Ond. op Geref. Grondslag te Teuge,besturenlijst,bo,45722,
40102185,Ver TT H Verstr v Ond op Geref Grondsl Teuge,rio,bo,45722,
40102185,Ver Tt H Verstr V Ond Op Geref Grondsl Teuge,rio,bo,45722,
40102423,Ver. tot Stg. en Instandh. van een School met de Bijbel,besturenlijst,bo,84215,ja
40102423,Ver Stichting Insth Sch Md Bybel Te Emst,rio,bo,84215,kort
40102423,Vereniging Stichting Instandhouding School met de Bijbel te Emst,rio,bo,84215,
40103035,Stichting voor Prot. Christel. Basisonderwijs Apeldoorn,besturenlijst,bo,82526,
40103035,Stichting voor Protestants Christelijk Basisonderwijs,rio,bo,82526,ja
40103035,Vereniging Voor Pc Basisonderwijs,rio,bo,82526,ja
40103192,Stichting Chr. Spec. Onderwijs Apeldoorn,besturenlijst,so+vo,72464,
40103192,Chr Ver V Spec Ond A Kind Met Lom,rio,so+vo,72464,
40103192,Stichting voor Christelijk Speciaal Onderwijs Apeldoorn,rio,so+vo,72464,
40103192,Ver v CSO te Apeldoorn,rio,so+vo,72464,
40104850,"Ver. 'Scholen met de Bijbel', Buurtsch. Horst & Telgt Ermelo",besturenlijst,bo,34893,
40104850,Ver Sch Md Bybel Te Horst En Telgt,rio,bo,34893,
40104850,"Ver. 'Scholen met de Bijbel', Buurtschappen Horst/Telgt E'lo",rio,bo,34893,
40104850,Vereniging Scholen met de Bijbel te Horst en Telgt,rio,bo,34893,
40104912,Ver. interconfession. (RK/PC) bas.onderw. Wichmond/Vierakker,besturenlijst,bo,40804,
40104912,Ver Interconf RK PC BSO Te Wichmond Vierakker,rio,bo,40804,
40104912,Ver Interconf Rk Pc Bso Te Wichmond Vierakker,rio,bo,40804,
40104912,Ver. van Interconf. Basisond. te Wichmond/Vierakker,rio,bo,40804,
40105020,Ver. St. en Instandh. v. Sch. v. Chr. Nat. Schoolonderwijs,besturenlijst,bo,40862,
40105020,Ver tot St en Instandh van Scholen voor CNS,rio,bo,40862,
40119176,Ver. Basisond. op Reform. Grondsl. te Kootwijkerbroek,besturenlijst,bo,24481,kort
40119176,Ver Verstr BSO op Reform Grondsl Kootwijkerbroek,rio,bo,24481,
40119176,Ver Verstr Bso Op Reform Grondsl Kootwijkerbroek,rio,bo,24481,
40119229,Ver. Stg. Instandh. van Schol. met de Bijb.te Hark. e.o.,besturenlijst,bo,38650,
40119229,Vereniging Stichting Instandhouding School met de Bijbel Harskamp,rio,bo,38650,
40119304,Edese Schoolvereniging,besturenlijst,bo,33151,
40119304,Edese Sch Ver,rio,bo,33151,
40119322,Ver. tot Stg. en Instandhoud. van Scholen md Bijbel Lunteren,besturenlijst,bo,87920,
40119322,Vereniging Stichting Instandhouding School met de Bijbel Lunteren,rio,bo,87920,
40119860,Stg. Algemeen Basisonderwijs Rijnwaarden,besturenlijst,bo,30824,
40119860,Ver. Algemeen Basisonderwijs Rijnwaarden,rio,bo,30824,
40119860,Vereniging Algemeen Basisonderwijs Rijnwaarden,rio,bo,30824,
40119994,Ver. tot Stg. & Instandhouding Scholen met Bijbel te Benneko,besturenlijst,bo,33645,
40119994,Ver Stg Insth Sch Md Bybel Te Bennekom,rio,bo,33645,kort
40119994,Vereniging Stichting Instandhouding School met de Bijbel te Bennekom,rio,bo,33645,
40120403,Ver. Verstrekken Basisonderw. op Gereformeerde Grondslag,besturenlijst,bo,31189,
40120403,Ver Verstr KL en BSO Geref Grondsl,rio,bo,31189,
40120403,Ver Verstr Kl En Bso Geref Grondsl,rio,bo,31189,
40120535,Ver. tot Stg. & Inst.houd. van Sch. md Bijbel E'veen en H'su,besturenlijst,bo,34139,
40120535,Ver Stg Insth Sch Md Bybel Ederveen,rio,bo,34139,
40120535,Ver Stg Insth Sch md Bybel Ederveen,rio,bo,34139,
40120535,Ver. Oprichting/Instandhouding Scholen met de Bijbel,rio,bo,34139,
40120535,Vereniging Stichting Instandhouding School met de Bijbel Ederveen,rio,bo,34139,
40120551,Hallsche Schoolvereniging,besturenlijst,bo,33957,
40120551,Halse School Vereniging Neutraal Bijzonder Onderwijs Halle,rio,bo,33957,
40120555,Ver. Stg. en Instandhouding Scholen met de Bijbel Wekerom,besturenlijst,bo,40887,
40120555,Vereniging Stichting Instandhouding Scholen met de Bijbel te Wekerom,rio,bo,40887,kort
40120555,Vereniging tot Stichting en Instandhouding van Scholen met de Bijbel te Wekerom,rio,bo,40887,
40120822,Wageningse Schoolvereniging,besturenlijst,bo,98190,
40120822,Wageningse Sch Ver,rio,bo,98190,
40120868,Ver. Stg./Inst. Scholen Bijbel te Overwoud bij Lunteren,besturenlijst,bo,47685,
40120868,Ver Stg Insth Scholen md Bijbel Lunteren Overwoud,rio,bo,47685,
40121004,Ver. Stichting/Instandhouding Scholen met de Bijbel De Valk,besturenlijst,bo,47438,
40121004,Vereniging tot Stichting en Insthandhouding voor Scholen met De Bijbel,rio,bo,47438,
40121316,"Ver. voor Prot. Chr. Onderwijs te Garderen, Stroe&Kootw.broe",besturenlijst,bo,84423,
40121316,Ver V Pc Ondw Garderen Stroe En Kootwijkerbroek,rio,bo,84423,
40121316,Ver v PC Ondw Garderen Stroe en Kootwijkerbroek,rio,bo,84423,
40121316,Ver. Prot. Christ. Onderwijs Garderen/Stroe/Kootwijkerbroek,rio,bo,84423,
40121316,"Ver. voor Prod. Chr. Onderwijs te Garderen, Stroe&Kootw.broe",rio,bo,84423,
40122058,Schoolver. v. Basisonderw. in Wageningen,besturenlijst,bo,62818,
40122058,School Vereniging voor Basisonderwijs te Wageningen,rio,bo,62818,
40122058,Schoolver. voor Basisonderwijs in Wageningen,rio,bo,62818,
40123513,Ver. voor Chr. Primair Onderw. op Reform. Gr. Doetinchem eo,besturenlijst,bo,30700,
40123513,Ver V Chr Basisond O Ref Grondslg V Doetinchem Eo,rio,bo,30700,
40123513,Ver v Chr Basisond o Ref Grondslg v Doetinchem eo,rio,bo,30700,
40123513,Ver. CBO op Ref. Grondslag v. Doetinchem en omstreken,rio,bo,30700,
40124773,Vereniging v. C.N. Schoolond. te Lunteren,besturenlijst,bo,31204,
40124773,Ver. Chr. Nat. Schoolonderwijs te Lunteren,rio,bo,31204,kort
40124773,Vereniging voor Christelijk Nationaal School Onderwijs te Lunteren,rio,bo,31204,kort
40124773,Vereniging voor Christelijk Natonaal School Onderwijs te Lunteren,rio,bo,31204,
40125361,Stichting Protestants Christelijk Basisonderwijs in de Gemeente Rheden,besturenlijst,bo,40843,
40125361,Stichting Prot. Chr. Basisonderwijs in de Gemeente Rheden,rio,bo,40843,
40125361,Ver. Prot. Chr. Basisonderwijs in de Gemeente Rheden,rio,bo,40843,
40125361,Vereniging voor Protestants Christelijk Basisonderwijs in de Gemeente Rheden,rio,bo,40843,
40125589,CORDEO,besturenlijst,bo+so,40945,
40125589,Gereformeerde Schoolvereniging Veluwe Plus,rio,bo+so,40945,
40156019,VvC Bo op reform. grondslag v. Nederhemert en omstreken,besturenlijst,bo,47932,
40156019,Ver Th Verstr Van Bso Op Ref Grndsl T Nederhemert,rio,bo,47932,
40156019,Ver tot het Verstr v Bo op Ref Grndsl te Nederh,rio,bo,47932,
40156019,Ver. tot Verstrek. Bas.onderw. op Reformatorische Grondslag,rio,bo,47932,
40156197,Ver. tot het verstrekken van Chr. basisonderwijs op Gereformeerde Grondslag,besturenlijst,bo,24715,
40156197,Ver Verstr Chr Basis Ond op Geref Grondslag,rio,bo,24715,
40156197,Ver. tot het verstr. van Chr. BO op Geref. Grondslag (VCOG),rio,bo,24715,
40156501,Ver. tot het verstr. v. o.o.g. grondslag te Waardenburg,besturenlijst,bo,46021,
40156501,Ver th Verstr v Ond op Geref Grsl t Waardenburg,rio,bo,46021,
40156501,Ver. Onderwijs Opgereformeerde Grondslag te Waardenburg,rio,bo,46021,
40187102,Stichting Gereformeerde Basisschool Benjamin,besturenlijst,bo,36336,
40187102,Ver Stg Insth Sch Md Bybel Op Gg Treebeek,rio,bo,36336,
40187102,Ver Stg Insth Sch md Bybel op GG Treebeek,rio,bo,36336,
40187102,Ver. tot St. instandhouding scholen Bijbel Geref. grondsl.,rio,bo,36336,
40203913,Vereniging Suringar,besturenlijst,bo,40717,
40203913,Vereniging Suringarsch te Maastricht,rio,bo,40717,
40235117,Vereniging Jenaplanschool De Pandelaar,besturenlijst,bo,75688,
40235117,Ver V Byz Ond Op Alg Grondsl,rio,bo,75688,
40235117,Ver v Byz Ond op Alg Grondsl,rio,bo,75688,
40235117,Ver. voor Bijz. Onderw. op Algemene Grondslag,rio,bo,75688,
40235117,Ver. voor Bijz. Onderwijs op Algemene Grondslag,rio,bo,75688,
40235117,Ver. voor Bijzonder Onderwijs op Algemene Grondslag,rio,bo,75688,
40235117,Vereniging Jenaplanschool de Pandelaar,rio,bo,75688,
40235463,Stichting Neutraal Onderwijs Wilhelmina,besturenlijst,bo,38169,
40235463,Ver Wilhelminasch,rio,bo,38169,
40235520,Sticht. Christel. Basisonderw. te Helmond,besturenlijst,bo,37428,
40235520,Ver CNS Helmond,rio,bo,37428,
40235520,Ver Cns Helmond,rio,bo,37428,
40235520,Ver. Chr. Nat. Schoolonderwijs te Helmond,rio,bo,37428,kort
40235964,Stichting Best Onderwijs,besturenlijst,bo,26977,
40235964,Dep Best My T Nut Vh Alg Te Best,rio,bo,26977,
40235964,Departement Best Mij tot Nut van het algemeen e Best,rio,bo,26977,
40258061,Ons Middelbaar Onderwijs,besturenlijst,vo,41211,
40258061,Ver Ons Midd Ond,rio,vo,41211,
40271111,Ver. tot Stg. en Instandh. v. Schol. met de Bijb. te Veen,besturenlijst,bo,53262,kort
40271111,Ver Stg Insth Sch Md Bybel Te Veen,rio,bo,53262,kort
40271111,Vereniging Stichting Instandhouding School met de Bijbel te Veen,rio,bo,53262,
40271198,Vereniging voor Pr.-Chr. V.O. te Sleeuwijk (Noord-Brabant),besturenlijst,vo,91092,
40271198,Ver. voor Prot. Christelijk Voortg. Onderwijs te Sleeuwijk,rio,vo,91092,kort
40271198,Vereniging voor Protestants Christelijk Voortgezet Onderwijs te Sleeuwyk Nb,rio,vo,91092,kort
40271216,Ver. Prot.-Chr. Basisonderwijs te Sleeuwijk,besturenlijst,bo,74973,kort
40271216,Ver V Pc Bso,rio,bo,74973,ja
40271216,Vereniging voor Protestants Christelijk Basisonderwijs,rio,bo,74973,ja
40271337,"Ver. tot vest. en instandh. v. Sch. md Bijbel, Geref.Grondsl",besturenlijst,bo,76715,
40271337,Ver Vest Insth Sch md Bijbel Op Geref Grondsl,rio,bo,76715,
40271337,Ver. vestiging en instandhoud. Scholen met de Bijbel,rio,bo,76715,
40271343,Ver. Herv. Chr. Schoolonderw. te Waspik,besturenlijst,bo,24065,
40271343,Vereniging Hervormd Christelijk Onderwijs Waspik,rio,bo,24065,
40271511,Ver. tot Opr. en Instandhoud. van een Neutraal Bijz. School,besturenlijst,bo,98398,
40271511,Ver Oprichting Insth van een Neutraal Bijzonder School te Woudrichem,rio,bo,98398,
40271689,Vereniging tot het Verstrekken Basisond. Gereform. Grondslag,besturenlijst,bo,39275,
40271689,Ver Verstr KL en BSO op Geref GRSL Werkendam,rio,bo,39275,
40271689,Ver Verstr Kl En Bso Op Geref Grsl Werkendam,rio,bo,39275,
40272004,Ver. Prot.-Chr. Bas.onderwijs te Sprang-Capelle/Kaatsheuvel,besturenlijst,bo,84827,
40272004,Christelijke basisschool de Rank,rio,bo,84827,
40272004,Ver v PC Bo te Sprang- Capelle En Kaatsheuvel,rio,bo,84827,kort
40280618,Stg. voor Prot. Christelijk Onderwijs Roosendaal,besturenlijst,bo,42524,
40280618,Ver V Pc Ond Te Roosendaal,rio,bo,42524,
40280618,Ver v PC Ond te Roosendaal,rio,bo,42524,
40280618,Vereniging voor Protestants Christ. Onderwijs Roosendaal,rio,bo,42524,
40281156,Stichting voor Christelijk Voortgezet Onderwijs West-Brabant,besturenlijst,vo,33372,
40281156,Ver V Chr Vo V W Brabant,rio,vo,33372,
40281156,Vereniging voor Christelijk Voortgezet Onderwijs W-Brabant,rio,vo,33372,
40281156,Vereniging voor Christelijk Voortgezet Onderwijs voor West Brabant,rio,vo,33372,
40302044,Ver. tot het Verstr. van Ond. op Geref. Grondslag Terneuzen,besturenlijst,bo,43005,
40302044,Ver Verstr Ond Op Geref Grondsl Terneuzen,rio,bo,43005,
40302044,Vereniging tot Verstrekking van Onderwijs op Gereformeerde Grondslag Terneuzen,rio,bo,43005,
40309115,Ver. verstrekken van onderwijs Geref. Grondslag Krabbendijke,besturenlijst,bo,29823,
40309115,Vereniging tot het Verstrekken van Onderwijs op Gereformeerde Grondslag,rio,bo,29823,ja
40309237,Ver. bevordering Chr. Onderw. te Bruinisse,besturenlijst,bo,83019,
40309237,Ver TT Bevord v Chr Sch Ond,rio,bo,83019,
40309237,Ver Tt Bevord V Chr Sch Ond,rio,bo,83019,
40309375,Ver. tot het verstr. van b.o. op ref. grondsl. te Oosterland,besturenlijst,bo,23545,
40309375,Ver Verstr V Kl En Lo Op Reform Gr Oosterlnd,rio,bo,23545,
40309375,Ver Verstr v KL en LO op Reform Gr Oosterlnd,rio,bo,23545,
40309553,Ver. verstrekken basisonderw. gereform. grondslag te Yerseke,besturenlijst,bo,42836,
40309553,Vereniging tot het Verstrekken van Onderwijs op Gereformeerde Grondslag,rio,bo,42836,ja
40309602,Ver. tot het verstr. Onderwijs op Ger. grondslag te Borssele,besturenlijst,bo,31890,
40309602,Ver Verstr Onderwijs Gereformeerde Grondslag Borssele,rio,bo,31890,
40309610,Ver. Verstr. v. BO op R.G.s. te Kruiningen,besturenlijst,bo,29473,
40309610,Ver Tt Verstr V Bso Op Reform Grondsl,rio,bo,29473,
40309610,Ver tot Verstr v BSO op Reform Grondsl,rio,bo,29473,
40309629,Vereniging voor Basisonderwijs Gereform. Grondslag te Tholen,besturenlijst,bo,25833,
40309629,Vereniging Verstrekkend Lager Onderwijs Gereformeerde Grondslag Tholen,rio,bo,25833,
40309696,Ver. t.h. verstr. cbo op r.g. te  Aagtekerke en Meliskerke,besturenlijst,bo,46697,
40309696,Ver Verstr Ko En Lo Ref Grondsl Meliskerke,rio,bo,46697,
40309696,Ver. t.h. verstr. cbo op r.g. Aagtekerke en Meliskerke,rio,bo,46697,
40309696,Ver. tot het verstr. Cbo/rm gs 'Boazschool' te Meliskerke,rio,bo,46697,
40309696,Ver. tot het verstr. van christelijk bo op reform. gr. Aagtekerke en Meliskerke,rio,bo,46697,
40309696,Vereniging tot het verstrekken van basisonderwijs op Ref Grondslag Meliskerke,rio,bo,46697,
40309696,Vereniging voor Verstrekking KO en LO Ref Grondslag Meliskerke,rio,bo,46697,
40321011,Ver. tot het Verstr. v. Chr. Basisond. op Reform. Grondsl.,besturenlijst,bo,50988,
40321011,Ver T Verstr V Chr Bo Op Reform Grondslag,rio,bo,50988,
40321011,Ver T Verstr v Chr BO op Reform Grondslag,rio,bo,50988,
40321023,"Stichting ""Een school met de Bijbel""",besturenlijst,bo,83864,ja
40321023,Scholen van Oranje,rio,bo,83864,
40321023,Ver Een Sch Md Bybel Te Dubbeldam,rio,bo,83864,kort
40321023,Vereniging 'Een School met de Bijbel',rio,bo,83864,ja
40321023,Vereniging een School met de Bijbel te Dordrecht,rio,bo,83864,kort
40321023,Vereniging een School met de Bijbel te Dubbeldam,rio,bo,83864,kort
40321109,Ver. tot Stg. en Instandhoud. van een School met den Bijbel,besturenlijst,bo,81979,
40321109,Ver Stg Insthouding ener School met de Bijbel,rio,bo,81979,
40321155,"Karakter, V. Scholen md Bijbel Alblasserwaard",besturenlijst,bo,32631,
40321155,Ver. tot Stg. en Inst.houding v. Scholen md Bijbel Brandwijk,rio,bo,32631,
40321155,Ver. v. Scholen met de Bijbel Alblasserwaard,rio,bo,32631,
40321155,Vereniging Stichting Instandhouding School met de Bijbel Brandwyk eo,rio,bo,32631,
40321160,Ver. Instandh. Scholen Bijbel te Molenaarsgraaf e.o.,besturenlijst,bo,46060,
40321160,Vereniging tot Insthouding Scholen met de Bijbel Molenaarsgraaf en omgeving,rio,bo,46060,
40321201,Stichting Willem van Oranje Onderwijsgroep,besturenlijst,bo+so+vo,59282,
40321201,"De Hoven, Stichting voor Christelijk Voortgezet Onderwijs in Gorinchem eo",rio,bo+so+vo,59282,
40321201,Stg Christelijk Voortgezet Onderwijs v d regio Alblasserwaard-Vijfheerenlanden,rio,bo+so+vo,59282,
40321201,Stg. Chr. Voortg. Onderwijs Alblasserwaard-Vijfheerenland.,rio,bo+so+vo,59282,
40321201,Ver v PC Voortgezet Ond vd Regio Gorinchem,rio,bo+so+vo,59282,
40321222,Vereniging tot Stichting en Instandhouding van Scholen m/d Bijbel te Noordeloos,besturenlijst,bo,89012,
40321222,Ver Stg Insth Sch Md Bybel Noordeloos,rio,bo,89012,
40321222,Ver Stg Insth Sch md Bybel Noordeloos,rio,bo,89012,
40321222,Ver. tot Stg. en Instandh. van Scholen met de Bijbel N'loos,rio,bo,89012,
40321281,Vereniging 'Een School met de Bijbel',besturenlijst,bo,44175,ja
40321281,Vereniging 'een School met de Bijbel' (Jupiterstraat),rio,bo,44175,
40321281,Vereniging Scholen met de Bijbel Hardinxveld Giessendam,rio,bo,44175,
40321446,Ver. Stg./school met de Bijbel te Oud-Alblas,besturenlijst,bo,38351,kort
40321446,Ver Stg Insth Sch Md Bybel Oud Alblas,rio,bo,38351,
40321446,Ver Stg Insth Sch md Bijbel Oud Alblas,rio,bo,38351,
40321463,Verenig. voor Chr. Onderwijs op Reformatorische Grondslag,besturenlijst,bo,47867,ja
40321463,Vereniging Christelijk Onderwijs op Reformatorische Grondslag Dordrecht,rio,bo,47867,
40321508,Ver. tot het verstr. van Chr. Ond. op Ref. Grondslag te Zwijndrecht,besturenlijst,bo,43175,
40321508,Ver Tt H Verstr V Chr Ond Op Reform Grondsl,rio,bo,43175,
40321508,Ver. tot Verstr. Christ. Ond. op Geref. Grondsl. Zwijndrecht,rio,bo,43175,
40321511,Vereniging tot het Verstrekken van Onderw. op Ger. Grondslag,besturenlijst,bo,38910,
40321511,Vereniging tot Verstrekking van Lageronderwijs op Gereformeerde Grondslag,rio,bo,38910,
40321540,Christelijke Gereformeerde Schoolvereniging Sliedrecht,besturenlijst,bo,91118,
40321540,Chr Geref Sch Ver Sliedrecht,rio,bo,91118,
40321608,Ver. St./Inst.houd. SmdB v. Bo op Ger. Grondslag te Ouddorp,besturenlijst,bo,75064,
40321608,Ver Stg Insth v Sch md Bijbel v Kl en Bo op Gg,rio,bo,75064,
40321609,Stichting voor Christelijk Onderwijs in Papendrecht en Sliedrecht,besturenlijst,bo,43928,
40321609,Stichting voor C.O. in Papendrecht en Sliedrecht,rio,bo,43928,
40321609,Ver. voor Christ. Nationaal Onderwijs te Papendrecht,rio,bo,43928,
40321609,Vereniging Christelijk Nationaal Onderwijs Papendrecht,rio,bo,43928,
40321609,Vereniging voor C.O. in Papendrecht en Sliedrecht,rio,bo,43928,
40321778,Ver. Stichting Instandhouding School met de Bijbel,besturenlijst,bo,37857,
40321778,Vereniging tot Stichting Instandhouding School met de Bijbel,rio,bo,37857,
40321861,Ver. Stg./Inst.houd. Chr. Sch. Vgz. Onderwijs Goeree-Overfl.,besturenlijst,vo,42681,
40321861,Ver Stg Insth Chr Sch VO Goeree Overflakkee,rio,vo,42681,
40321893,Vereniging voor Reformatorisch Onderwijs,besturenlijst,bo,69643,
40321893,Ver Reform Ond Papendrecht,rio,bo,69643,
40321923,Ver. tot het verstrekken van onderwijs op Gereformeerde grondslag te Leerdam,besturenlijst,bo,31280,kort
40321923,Ver Verstr Onderwijs op Gereformeerde Grondslag Leerdam,rio,bo,31280,
40321923,Ver. verstr. onderwijs op Geref. grondslag te Leerdam,rio,bo,31280,
40321947,Stichting PIT-Onderwijs,besturenlijst,bo+so,80433,
40321947,Sticht. Prot.-Chr. Onderwijs Alblasserdam-Zwijndrecht,rio,bo+so,80433,
40321947,Stichting voor Protestants-Christelijk Onderwijs Alblasserdam-Zwijndrecht,rio,bo+so,80433,
40321947,Stichting voor Protestants-Christelijk Onderwijs te Zwijndrecht,rio,bo+so,80433,kort
40321947,Ver V Pc Ond,rio,bo+so,80433,
40321947,Vereniging voor Protetants Christelijk Onderwijs,rio,bo+so,80433,
40323263,Ver. tot Stg. & Inst.houding SmdB voor B.O. Ooltgensplaat,besturenlijst,bo,72386,
40323263,Ver Stg Insth Sch md Bijbel Bo Ooltgensplaat,rio,bo,72386,
40323603,Vereniging voor Chr. Onderwijs op Reformatorische Grondslag in de Hoeksche Waard,besturenlijst,bo,30133,
40323603,Ver v Chr Onderwijs op Reformatorische Grondslag in de Hoeksche Waard,rio,bo,30133,
40323603,Ver. Chr. Onderw. Ref.Grondsl. in de Hoeksche Waard,rio,bo,30133,
40323603,Vereniging voor Chr BSO Op Reformatorische Grondslag voor Cromstryen eo,rio,bo,30133,
40324053,Stichting voor Christelijk Voortg. Onderw. Albl.wrd West,besturenlijst,vo,30783,
40324053,Christel. Scholengemeenschap De Lage Waard afd. Havo/Ath.,rio,vo,30783,
40324053,Ver. Chr. Voortg. Onderwijs Alblasserwaard West,rio,vo,30783,
40324053,Vereniging voor Christelijk Voortgezet Onderwijs Alblasserwaard West,rio,vo,30783,
40324154,Stg. Christ. Voortg. Onderwijs Zwijndrechtse Waard,besturenlijst,vo,31028,
40324154,Stichting Christelijk Voortgezet Onderwijs Zwijndrechtse Waard,rio,vo,31028,
40324154,Ver Voor Chr Voortgezet Ond Voor Zwyndrecht Eo,rio,vo,31028,
40324508,Vereniging Ibogo,besturenlijst,bo,40329,
40324508,Stichting Ibogo,rio,bo,40329,
40324545,Ver. Chr. Voortgezet Onderwijs in de Hoeksche Waard,besturenlijst,vo,40356,
40324545,Vereniging voor Christelijk Voortgezet Onderwijs in de Hoeksche Waard,rio,vo,40356,
40341089,Ver. tot Verstr. van Onderwijs op Gereformeerde Grondslag,besturenlijst,bo,21478,
40341089,Ver Verstr Ond Geref Grondsl Cap ad IJssel,rio,bo,21478,
40341089,Ver. tot Verstr. van Onderwijs opGereformeerde Grondslag,rio,bo,21478,
40341185,De Kralingsche School,besturenlijst,bo,97137,
40341185,Vereniging De Kralingsche School,rio,bo,97137,
40341208,Stichting voor Chr.Prim.Onderw.Albrandswaard,besturenlijst,bo,59555,
40341208,Ver V Pc Bso Te Rhoon,rio,bo,59555,kort
40341208,Ver. Prot. Chr. Basisonderwijs te Albrandswaard,rio,bo,59555,kort
40341208,Vereniging voor Protestants Christelijk Basisonderwijs te Albrandswaard,rio,bo,59555,kort
40341542,Ver. CO op Reformat. Grondslag te Barendrecht,besturenlijst,bo,43383,
40341542,Ver V Chr Ond Op Reform Grondsl,rio,bo,43383,
40341542,Vereniging voor Christelijk Onderwijs op Reform Grondslag,rio,bo,43383,
40341697,Stg. vr Prot. Christ. Primair Onderw. Barendr. en Ridderkerk,besturenlijst,bo,37949,
40341697,Ver. Prot. Chr. Prim. Onderw. Barendrecht en Ridderkerk,rio,bo,37949,
40341697,Veren. voor PC Prom. Onderwijs Barendrecht en Ridderkerk,rio,bo,37949,
40341697,Vereniging Protestants Christelijk School Onderwijs Barendrecht,rio,bo,37949,
40341757,Ver. Onderw. op Gereformeerde Grondslag te Ridderkerk,besturenlijst,bo,40327,
40341757,Vereniging ter Verstrekking van Onderwijs op Gereformeerd Grondslag Ridderkerk,rio,bo,40327,
40342002,Stichting Rotterdamse Vereniging voor Katholiek Onderwijs,besturenlijst,bo+so+vo,24597,
40342002,Rotterdamse Vereniging Katholiek Onderwijs,rio,bo+so+vo,24597,
40342002,Rotterdamse Vereniging voor Katholiek Onderwijs,rio,bo+so+vo,24597,
40342002,Stichting RVKO,rio,bo+so+vo,24597,
40342002,Stichting Rotterdamse Verenig. van K.O.,rio,bo+so+vo,24597,
40342087,Ver. Chr. Voortgezet Onderwijs te Rotterdam en omgeving,besturenlijst,so+vo,20151,kort
40342087,Vereniging Christelijk Voortgezet Onderwijs Rotterdam en omstreken,rio,so+vo,20151,
40342214,De Vereniging DV Oldenbarneveltsch. voor abo,besturenlijst,bo,97176,
40342214,De Vereniging De van Oldenbarneveltschool voor algemeen bijzonder onderwijs,rio,bo,97176,
40342214,Ver. De v. Oldenbarneveltsch. v. Neutr. Bijz. Ond.,rio,bo,97176,
40342214,Vereniging de Van Oldenbarnevelt School Rotterdam,rio,bo,97176,
40342490,Vereniging tot het Verstrekken van Onderwijs op Gereformeerde Grondslag,besturenlijst,bo,25196,ja
40342490,Ver tot het Verstrekken van Onderwijs op Geref Grondslag te Krimpen a d  IJssel,rio,bo,25196,
40342490,Vereniging Verstrekkend Onderwijs Gereformeerde Grondslag Krimpen aan de IJssel,rio,bo,25196,
40342490,Vereniging tot het Verstrekken Onderwijs Gereform. Grondslag,rio,bo,25196,
40342524,Ver voor Christ. Basisonderw. Laat de kinderen tot Mij komen,besturenlijst,bo,22622,
40342524,Ver v Chr Bo od Zinspr Laat de Kind t mij komen,rio,bo,22622,
40344483,De Capelse Schoolvereniging,besturenlijst,bo,85048,
40344483,Csv,rio,bo,85048,
40347582,Vereniging Montessorischool Kralingen (MSK),besturenlijst,bo,41547,
40347582,Vereniging Montessori Kralingen (MSK),rio,bo,41547,
40347583,Vereniging De Rotterdamse Montessorischool (VRM),besturenlijst,bo,41548,
40347583,Vereniging de Rotterdamse Montessorischool (VRM),rio,bo,41548,
40397073,Delftse Vereniging voor Montessori-Onderwijs,besturenlijst,bo,31162,
40397073,Delftse Vereniging Montessori Onderwijs,rio,bo,31162,
40397536,Delftsche Schoolvereeniging,besturenlijst,bo,95135,
40397536,Delftsche School Vereeniging,rio,bo,95135,
40397536,Delftsche School Vereniging,rio,bo,95135,
40397695,"Octant, stichting voor christelijk primair onderwijs",besturenlijst,bo+so,78782,
40397695,"Octant, stichting voor christelijk basisonderwijs",rio,bo+so,78782,
40397695,"Octant, ver. voor christ. basisonderw.",rio,bo+so,78782,
40397695,"Octant, vereniging voor christelijk basisonderwijs",rio,bo+so,78782,
40397695,Ver V Pc Bso Te Pynacker,rio,bo+so,78782,kort
40397695,Vereniging voor Protestants Christelijk Basisonderwijs te Pijnacker,rio,bo+so,78782,kort
40397695,Vereniging voor Protestants Christelijk Basisonderwijs te Pijnacker-Nootdorp,rio,bo+so,78782,kort
40398225,Ver. v. Montessori-Onderwijs Westland,besturenlijst,bo,30835,
40398225,Ver V Montessori Ond Monster,rio,bo,30835,
40398225,Ver v Montessori Ond Monster,rio,bo,30835,
40398225,Ver. Montessori-Onderwijs Westland,rio,bo,30835,
40407037,Stichting School met de Bijbel,besturenlijst,bo,34932,ja
40407037,Ver Sch Md Bybel,rio,bo,34932,
40407037,Ver Sch md Bybel,rio,bo,34932,
40407208,Stichting Vrijescholen ZW Nederland,besturenlijst,bo+vo,95785,
40407208,Stichting de Vrije School,rio,bo+vo,95785,
40407208,Vereniging De Vrije School,rio,bo+vo,95785,
40407305,Stichting voor Pr. Chr. Onderw. te Wassenaar,besturenlijst,bo,74492,
40407305,Ver. v. Prot.-Christ. Onderw. te Wassenaar,rio,bo,74492,kort
40407305,Ver. v. Protestants-Christel. Onderwijs te Wassenaar,rio,bo,74492,kort
40407305,Vereniging Protestants Christelijk Onderwijs Wassenaar,rio,bo,74492,
40407420,Ver H Vryzinnig Chr Lyc,besturenlijst,vo,79496,
40407626,Vereniging Montessorischool Waalsdorp,besturenlijst,bo,95746,
40407626,Ver Montessori Sch Waalsdorp,rio,bo,95746,
40408348,Vereniging Nutsschool Wassenaar,besturenlijst,bo,39859,
40408598,Montessori Stichting Vreugd en Rust,besturenlijst,bo,41081,
40408598,Montessori Vereniging VREUGD EN RUST,rio,bo,41081,
40408598,Montessori Vereniging Vreugd en Rust,rio,bo,41081,
40408702,Verenig. Het 's-Gravenh. Christel. Gymnas. Sorghvliet,besturenlijst,vo,33944,
40408702,Vereniging H S Gravenhaagsch Christelijk Gymnasium,rio,vo,33944,
40409026,Ver. Prot. Chr. Basisonderwijs 'Duinoordschool',besturenlijst,bo,31227,
40409026,Vereniging voor PC Basis en Speciaal Onderwijs Duinoordschool,rio,bo,31227,
40409325,Schoolvereniging Wolters,besturenlijst,bo,95681,
40409325,School Vereniging Wolters te 's Gravenhage,rio,bo,95681,
40410687,Ver. Willem de Zwijgerschool voor Christelijk Onderwijs,besturenlijst,bo,72100,
40410687,Ver Willem De Zwygersch Scheveningen V Co,rio,bo,72100,
40410687,Ver Willem de Zwijgersch Scheveningen v co,rio,bo,72100,
40412801,Stichting Vooruitstrevend Alg. Hindoe Onderwijs Nederl.,besturenlijst,bo,40740,
40412801,Stichting Vooruitstrevend Algemeen Hindoe Onderwijs Nederland,rio,bo,40740,
40412801,Ver Algemeen Hindoe Onderwijs Nederland,rio,bo,40740,
40413085,Stichting Unicoz onderwijsgroep,besturenlijst,bo+so+vo,40377,
40413085,Stichting voor Christelijk Onderwijs Zoetermeer,rio,bo+so+vo,40377,
40413085,Vereniging voor Christelijk Onderwijs Zoetermeer,rio,bo+so+vo,40377,
40445149,Eerste Leidse Schoolvereniging,besturenlijst,bo,96617,
40445149,Eerste Leidse Sch Ver,rio,bo,96617,
40445203,Stg. Prot.-Christ. Bas.onderw. te Leiderdorp,besturenlijst,bo,41316,
40445203,PC Sch Ver te Leiderdorp,rio,bo,41316,
40445203,Pc Sch Ver Te Leiderdorp,rio,bo,41316,
40445203,Protestants Christelijke Schoolvereniging te Leiderdorp,rio,bo,41316,kort
40445203,Protestants-Christelijke Schoolvereniging te Leiderdorp,rio,bo,41316,kort
40445219,Vereniging voor Christelijk Onderwijs te Valkenburg Z.H.,besturenlijst,bo,40301,kort
40445219,Vereniging voor Christelijk Onderwijs te Valkenburg,rio,bo,40301,kort
40445240,Ver. v. Protest. Christ. B.o. te Rijnsburg,besturenlijst,bo,80095,kort
40445240,Ver PC BSO Rijnsburg,rio,bo,80095,
40445240,Ver Pc Bso Rynsburg,rio,bo,80095,
40445240,Ver. Protestants Christelijk Basisonderwijs te Rijnsburg,rio,bo,80095,kort
40445240,Ver. voor P.C. Basisonderwijs te Rijnsburg,rio,bo,80095,kort
40445240,Ver. voor Prot. Chr. Basisond. te Rijnsburg,rio,bo,80095,kort
40445240,Verenig. voor PC  Basisonderw. te Rijnsburg,rio,bo,80095,kort
40445240,Verenig. voor PC Basisonderw. te Rijnsburg,rio,bo,80095,kort
40445374,Vereniging voor Voorbereidend Onderwijs,besturenlijst,bo,36739,
40445510,Ver. Verstrekken Onderwijs op Gereformeerde Grondslag Lisse,besturenlijst,bo,22765,
40445510,Vereniging tot het Verstrekken van Onderwijs op Gereformeerde Grondslag te Lisse,rio,bo,22765,kort
40445516,"Ver. Inst.houd. & Best. School voor CBO, gen. Hofdijckschool",besturenlijst,bo,37233,
40445516,Ver Insth Sch Chr Ond Oegstgeest,rio,bo,37233,
40445516,Vereniging tot Instandhouding School voor Christelijk Onderwijs te Oegstgeest,rio,bo,37233,
40446138,Ver. tot Instandh. en Best. vd Joris de Witteschool,besturenlijst,bo,32515,
40446138,Ver Insth Best VE Sch Chr BSO,rio,bo,32515,
40446965,Verenig. voor Chr. Onderwijs op Reformatorische Grondslag,besturenlijst,bo,20183,ja
40446965,Ver V Chr Ond Op Reform Grondslag,rio,bo,20183,
40446965,Vereniging voor Christelijk Onderwijs op Reformatorische Grondslag,rio,bo,20183,ja
40447015,Protestants-Christelijke Schoolvereniging Voorschoten,besturenlijst,bo,40540,
40447015,Pc Schoolvereniging Voorschoten,rio,bo,40540,
40447015,Protestants Christelijke Schoolvereniging Voorschoten,rio,bo,40540,
40447015,Stichting PCSV (Protestants Christelijke Scholen Voorschoten),rio,bo,40540,
40448185,Stg. SCOPE scholengroep voor (Prot.-) Chr. en Kath. ond. te Alphen a.d. Rijn e.o,besturenlijst,bo+so+vo,40530,
40448185,Stichting voor Christelijk Onderwijs te Alphen aan den Rijn en omstreken,rio,bo+so+vo,40530,kort
40448185,Stichting voor Christelijk Primair Onderwijs te Alphen aan den Rijn en omstreken,rio,bo+so+vo,40530,kort
40448185,Ver v Chr PO te Aarlv Alph a/d Rijn en Zwamm,rio,bo+so+vo,40530,
40448223,Stichting Prohles,besturenlijst,bo,40508,
40448223,Stichting voor P.C.O. te Katwijk,rio,bo,40508,
40448223,Stichting voor Protestants Christelijk Onderwijs te Katwijk,rio,bo,40508,kort
40448223,Ver v PC Basis en Voort- gezet Ondw te Katwijk,rio,bo,40508,
40448223,Vereniging voor Protestants Christelijk Onderwijs te Katwijk,rio,bo,40508,kort
40448410,Stg. Andreas College voor CVO te Katwijk e.o.,besturenlijst,vo,40700,
40448410,Stg. v. Christ. Voortgez. O.w. te Katwijk e.o.,rio,vo,40700,
40448410,Ver. voor Chr. Voortg. Ond. te Katwijk e.o.,rio,vo,40700,
40448410,Vereniging voor Christelijk VoortgezetOnderwijs te Katwijk en omgeving,rio,vo,40700,
40464010,Ver. v. Christelijk Onderwijs op Reformatorische Grondslag,besturenlijst,bo,57969,ja
40464010,Bestuur Vereniging Christelijk Onderwijs Reformatorische Grondslag Boskoop,rio,bo,57969,
40464148,Ver. Verstrekk. Basisonderwijs Geref. Grondslag Berkenwoude,besturenlijst,bo,74609,
40464148,Ver Verstr Ko en Lo Geref Grondsl Berkw,rio,bo,74609,
40464148,Vereniging tot het verstrekken van basisond op Geref grondslag te Berkenwoude,rio,bo,74609,
40464353,School Ver. Neutraal Bijzonder Onderwijs Casimir,besturenlijst,bo,95655,
40464353,School Ver. Neutraal Bijz Onderwijs Casimir,rio,bo,95655,
40464353,School Vereniging voor Neutraal Bijzonder Onderwijs Casimir,rio,bo,95655,
40464449,Ver. tot Stg. en Instandh. van Chr. Nation. Scholen te Gouda,besturenlijst,bo,36479,
40464449,Ver Stg Insth v CNS te Gouda,rio,bo,36479,
40464449,Ver. tot Stg. en Instandh. v. Chr. Nat. Scholen te Gouda,rio,bo,36479,
40464449,Ver. tot Stg. en Instandh. van Christ. Nat. Scholen te Gouda,rio,bo,36479,
40464504,Verenig. School met de Bijbel te Stolwijk,besturenlijst,bo,40535,kort
40464504,Vereniging School met de Bijbel,rio,bo,40535,ja
40464526,Ver. tot Stg. en  Instandh. v. Scholen met de Bijbel,besturenlijst,bo,32072,
40464526,Ver Stg Insth Sch Md Bybel Moerkapelle,rio,bo,32072,
40464526,Ver. Stichting Instandshouding School met de Bijbel Moerkap.,rio,bo,32072,
40464526,Vereniging Stichting Instandshouding School met de Bijbel Moerkapelle,rio,bo,32072,
40464526,Vereniging tot Stichting en Instandhouding van Scholen met de Bijbel Moerkapelle,rio,bo,32072,
40465720,Stg. Prot. Chr. Voortg. Ond. in Gouda en omgeving,besturenlijst,vo,40334,
40465720,Stichting Stad en Waard Onderwijs,rio,vo,40334,
40465720,Stichting voor Protestants Christelijk Voortgezet Onderwijs in Gouda en omgeving,rio,vo,40334,
40465720,Ver v PC VO in Gouda en omgeving,rio,vo,40334,
40476189,"Fides, Vereniging Voor Protest.-Christ. Onderw.",besturenlijst,bo,87205,
40476189,"Fides, vereniging voor protestants-christelijk onderwijs",rio,bo,87205,
40476189,Ver Bevord Geref Sch Ond Kockengen,rio,bo,87205,
40476189,Ver. ter Bev. Ger. Schoolond. te Kockengen,rio,bo,87205,
40476189,Vereniging ter Bevordering van Gereform. Schoolond. Kockenge,rio,bo,87205,
40476411,Vereniging voor Christelijk Onderwijs Instituut Coolsma,besturenlijst,bo,83786,
40476411,Ver. voor Christelijk Onderw. Instituut Coolsma,rio,bo,83786,
40476411,Vereniging Christelijk Onderwijs Instituut Coolsma Driebergen,rio,bo,83786,
40476503,"Groenekanse Schoolvereniging de Nijepoort,BOAG Groenekan eo",besturenlijst,bo,79952,
40476503,Groenkanse School Ver De Nijepoort Bijzonder Onderw Alg op Grondslag,rio,bo,79952,
40476640,Schoolvereniging 'Agatha Snellen',besturenlijst,bo,33268,
40476640,School Vereniging Agatha Snellen,rio,bo,33268,
40476646,Vereniging voor Prot. Chr. Onderw. Rhenen,besturenlijst,bo,23337,
40476646,Ver Voor Pc Onderwijs Rhenen,rio,bo,23337,
40476646,Ver voor PC Onderwijs Rhenen,rio,bo,23337,
40476851,Zeister Schoolvereeniging,besturenlijst,bo,98463,
40476851,De Zeister School Vereniging,rio,bo,98463,
40476939,Ver. Bevordering Christelijk Schoolonderwijs Neerlangbroek,besturenlijst,bo,88674,
40476939,Ver Bevord Chr Sch Ond te Nederlangbroek,rio,bo,88674,
40476962,Utrechtse Schoolvereniging,besturenlijst,bo,49180,
40476962,Utrechtse School Vereniging,rio,bo,49180,
40477000,Ver. t/h Verstr. van Sch.ond. op Reformatorische Grondslag,besturenlijst,bo,92067,
40477000,Ver TT H Verstr v Sch Ond op Reform Grondsl,rio,bo,92067,
40477000,Ver Tt H Verstr V Sch Ond Op Reform Grondsl,rio,bo,92067,
40477996,Vereniging School met de Bijbel Maartensdijk,besturenlijst,bo,87998,
40477996,Ver. School met de Bijbel Maartensdijk,rio,bo,87998,
40477996,Vereniging School met de  Bijbel Maartensdijk,rio,bo,87998,
40477996,Vereniging Stichting Insth voor School md Bijbel Gem Maartensdijk,rio,bo,87998,
40478038,Vereniging 'een School met de Bijbel',besturenlijst,bo,23674,ja
40478038,Ver Een School Met De Bybel Amerongen,rio,bo,23674,
40478038,Ver een School Met De Bijbel Amerongen,rio,bo,23674,
40478038,Ver een School met De Bijbel Amerongen,rio,bo,23674,
40478062,Ver. Scholen der Evangelische Broedergemeente,besturenlijst,bo,29577,
40478062,Vereniging der Evangelische Broedergemeenschap te Zeist,rio,bo,29577,
40478062,Vereniging scholen der Evangelische Broedergemeente te Zeist,rio,bo,29577,
40478212,Christelijke Schoolvereniging 'Obadja',besturenlijst,bo,32813,
40478212,Christelijke School Vereniging Obadja Montfoort,rio,bo,32813,
40478315,Vereniging Montessorischool Bilthoven,besturenlijst,bo,36817,
40478315,Vereniging Montessorisch Bilthoven,rio,bo,36817,
40478759,Stichting Vakinstelling SVO,besturenlijst,mbo,68095,
40478759,Ver SVO Opleiding voor de Vleessector,rio,mbo,68095,
40478935,Stichting voor Freinetonderwijs in Utrecht,besturenlijst,bo,71502,
40478935,Stichting voor Freinet Onderwijs in Utrecht,rio,bo,71502,
40478935,Vereniging voor Freinet Onderwijs in Utrecht,rio,bo,71502,
40480007,Vereniging Jenaplanonderwijs Oudewater,besturenlijst,bo,20252,
40480196,Ver. Oecumenisch Onderwijs in Maarn,besturenlijst,bo,30015,
40480196,Ver Oecumenisch Ond in Maarn,rio,bo,30015,
40482085,Stichting voor Christelijk Voortgezet Onderwijs,besturenlijst,vo,40209,
40482085,Stichting Voor Christelijk Voortgezet Onderwijs,rio,vo,40209,
40482085,Ver Voor Christelijk Voortgezet Onderwijs,rio,vo,40209,
40506007,Vereniging voor Montessorionderwijs te Leusden,besturenlijst,bo,79835,
40506007,Ver Montessori Ond Leusden,rio,bo,79835,
40506007,Veren. voor Montessorionderw. te Leusden,rio,bo,79835,
40506007,Vereniging voor Montessori Onderwijs te Leusden,rio,bo,79835,
40506007,Vereniging voor Montessori- Onderwijs te Leusden,rio,bo,79835,
40506007,Vereniging voor Montessorie Onderwijs te Leusden,rio,bo,79835,
40506124,Vereniging Nieuwe Baarnsche School,besturenlijst,bo,37545,
40506124,Nieuwe Baarnsche School,rio,bo,37545,
40506124,Nieuwe Baarnse School,rio,bo,37545,
40506124,Vereniging Nieuwe Baarnse School,rio,bo,37545,
40506363,Amersfoortse Schoolvereniging,besturenlijst,bo,25156,
40506363,Amerfoortse School Vereniging,rio,bo,25156,
40507173,Sticht. v. Prot. Christ. B.o. Amersfoort,besturenlijst,bo+so,30010,
40507173,Stichting voor P.C.B.O. voor Amersfoort,rio,bo+so,30010,
40507173,Stichting voor Protestants-Christelijk Basisonderwijs voor Amersfoort eo,rio,bo+so,30010,
40507173,Ver V Pc Basisond V Amersfoort Eo,rio,bo+so,30010,
40507173,Ver voor PC Basisond voor Amersfoort eo,rio,bo+so,30010,
40507708,Stg. voor Chr. Voortgez. Ond. in Baarn/Soest,besturenlijst,vo,40357,
40507708,Stichting voor Christelijk Voortgezet Onderwijs in Baarn/Soest,rio,vo,40357,
40507708,Vereniging voor Christelijk Voortgezet Onderwijs in Baarn/Soest,rio,vo,40357,
40516047,Godelinde Schoolvereniging,besturenlijst,bo,96292,
40516047,Godelinde School Vereniging Hilversum,rio,bo,96292,
40516191,Vereniging voor Buitengewoon Speciaal Onderwijs School Vereniging Gooiland,besturenlijst,bo,34230,
40516201,Vereniging De Gooische School,besturenlijst,bo,31552,
40516201,Ver De Gooische Sch Laren,rio,bo,31552,
40516201,Vereniging de Gooische School Laren,rio,bo,31552,
40516204,Vereniging De Flevoschool te Huizen,besturenlijst,bo,96409,
40516204,Vereniging De Nieuwe School te Huizen,rio,bo,96409,kort
40516459,Hilversumse Schoolvereniging,besturenlijst,bo,96266,
40516459,Hilversumse School Vereniging,rio,bo,96266,
40516595,Stichting Proceon voor Protestants Christelijk Onderwijs in het Gooi en omgeving,besturenlijst,bo,75753,
40516595,Stg. Proceon voor Prot. Chr. Onderwijs in het Gooi en omg.,rio,bo,75753,
40516595,Stichting Proceon,rio,bo,75753,
40516595,Stichting Proceon Scholengroep,rio,bo,75753,
40516595,Stichting Proceon voor PCO ih Gooi en omgeving,rio,bo,75753,
40516595,Ver V Pc Ond Te Hilversum,rio,bo,75753,
40516595,Vereniging voor Protestants Christelijk Onderwijs te Hilversum en omgeving,rio,bo,75753,kort
40516595,Vereniging voor Protestants-Christelijk Onderwij te Hilversum en omgeving,rio,bo,75753,
40516645,Christelijk Instituut 'Groen van Prinsterer',besturenlijst,bo,35218,
40516645,Vereniging Christelijk Instituut Groen van Prinsterer te Hilversum,rio,bo,35218,
40517211,Stichting voor Christelijk Voortgezet Onderwijs in het Gooi,besturenlijst,vo,20187,
40517211,Ver V Prot Chr Vo In Hilversum Eo,rio,vo,20187,
40517211,Ver v Prot Chr VO in Hilversum eo,rio,vo,20187,
40530151,Schoolvereniging 'Willemspark',besturenlijst,bo,23440,
40530151,Sch Ver Willemspark,rio,bo,23440,
40530151,Schoolvereniging Willemspark,rio,bo,23440,
40530792,Stichting Openluchtscholen voor het Gezonde kind,besturenlijst,bo,28614,
40530792,Stichting voor Openluchtscholen voor het Gezonde Kind,rio,bo,28614,
40530792,Ver Openluchtsch Vh Gez Kind,rio,bo,28614,
40530792,Vereniging Openluchtscholen voor het Gezonde Kind,rio,bo,28614,
40531413,Stichting Media Amsterdam,besturenlijst,mbo+vo,67107,
40531413,Stichting voor Grafische en Communicatie Opleidingen,rio,mbo+vo,67107,
40531413,Ver Ter Bev Vh Graf En Comm Ber Ond In N.Holl,rio,mbo+vo,67107,
40531595,Amsterdamse Schoolver. v. Opv. en Onderwijs 'A.S.V.O.',besturenlijst,bo,20970,
40531595,Amsterdamse Scholen Vereniging Opvoeding en Onderwijs,rio,bo,20970,
40531616,Schoolvereniging Peetersschool,besturenlijst,bo,58826,
40532667,Christelijke Schoolvereniging Amsterdam Zuid,besturenlijst,bo,81810,
40532911,Stg. Gerrit. Rietveld Academ. Hogesch. Kunst en Vormg.,besturenlijst,ho,29615,
40532911,Het College van Bestuur van de Gerrit Rietveld Academie,rio,ho,29615,
40533287,Het Amsterdams Lyceum,besturenlijst,vo,26898,
40533287,Vereniging Het Amsterdams Lyceum,rio,vo,26898,
40533287,Vereniging Scholengemeenschap het Amsterdams Lyceum,rio,vo,26898,
40537537,Verenig. Schol. der Evangel. Broedergemeenten in Amsterdam,besturenlijst,bo,40189,
40537537,Vereniging School der Evangelische Broedergemeenten Amsterdam,rio,bo,40189,
40594077,Montessori Vereniging Haarlemmermeer,besturenlijst,bo,79016,
40594142,De Haarlemse Montessorischool,besturenlijst,bo,95954,
40594142,Vereniging Haarlemse Montessori School,rio,bo,95954,
40594438,Bloemendaalse Schoolvereniging,besturenlijst,bo,94797,
40594438,Bloemendaalse School Vereniging,rio,bo,94797,
40594957,Stichting TWijs,besturenlijst,bo+so,85255,
40594957,Salomo Stichting voor Christelijk Primair Onderwijs Zuid-Kennemerland,rio,bo+so,85255,
40594957,"Salomo, Stichting voor Christ. Primair Onderw. Z-Kennemerlan",rio,bo+so,85255,
40594957,Stichting voor Christelijk Primair Onderwijs Zuid-Kennemerland,rio,bo+so,85255,
40594957,Vereniging V Chr Primair Ond Zuid Kennemerland,rio,bo+so,85255,
40594957,Vereniging voor Christelijk Primair Onderwijs Zuid Kennemerland,rio,bo+so,85255,
40617108,Sticht. De Werf v. onderw. op grondsl. vr. pers.heidsvorming,besturenlijst,bo,45059,
40617108,Sch Ver V Ond Op Gg V Vrye Persoonlh Vorm,rio,bo,45059,
40617108,Sch Ver v Ond op GG v Vrije Persoonlh. Vorm,rio,bo,45059,
40617108,Sch.ver. v. Ond. op Grondsl. v. Vrije Persoonlijkh.vorm.,rio,bo,45059,
40625355,Vereniging Nieuwe School Edam,besturenlijst,bo,82838,
40634243,Stichting Kopwerk,besturenlijst,bo,79874,
40634243,"Stichting Kopwerk, Stg voor PC Primair Onderwijs in Noordwest Noord-Holland",rio,bo,79874,
40634243,Stichting voor PCPO in Noordwest Noord-Holland,rio,bo,79874,
40634243,Ver Pc Ond Den Helder,rio,bo,79874,
40634243,Vereniging voor Protestants Christelijk Onderwijs in de Kop van Noord Holland,rio,bo,79874,
40650570,Deventer Leerschool,besturenlijst,bo,71242,
40650570,Vereniging Deventer Leerschool,rio,bo,71242,
40650667,Stichting voor Protestants Christelijk Onderwijs te Holten,besturenlijst,bo,83696,kort
40650667,Stichting. Prot.-Christ. Onderwijs te Holten,rio,bo,83696,kort
40650667,Ver V Pc Ond Te Holten,rio,bo,83696,
40650667,Ver v PC Ond te Holten,rio,bo,83696,
40650667,Ver. Prot.-Christ. Onderwijs te Holten,rio,bo,83696,kort
40650667,Vereniging voor Protestants Christelijk Onderwijs te Holten,rio,bo,83696,kort
40656346,Stichting Berechja College,besturenlijst,vo,40320,
40656346,Stichting  Berechja College,rio,vo,40320,
40656346,Vereniging voor Christelijk Voortgezet Onderwijs Berechja,rio,vo,40320,
41002191,Stichting Matthijsje,besturenlijst,bo,20210,
41002686,Stichting NHL Stenden Hogeschool,besturenlijst,ho,30156,
41002686,Fusiestichting NHL Stenden Hogeschool,rio,ho,30156,
41002686,Het College van Bestuur van de NHL Hogeschool,rio,ho,30156,
41002686,Het College van Bestuur van de Noordelijke Hogeschool Leeuwarden,rio,ho,30156,
41002686,Stichting NHL,rio,ho,30156,
41003498,Stg. Beroepsonderw./ Volw.educ en AVO in Friesland en Flevoland,besturenlijst,mbo,30932,
41003498,Stg V Chr Bo En Volw Educ Friesland Flevoland,rio,mbo,30932,
41003498,Stg v Chr BO en Volw Educ Friesland Flevoland,rio,mbo,30932,
41003498,Stg. Chr. Beroepsond. en Volw. educ. Friesland/Flevoland,rio,mbo,30932,
41005529,Bisschop Möller Stichting,besturenlijst,bo,41000,
41005529,Bisschop Moller Stichting,rio,bo,41000,
41005529,Stg Katholiek Primair Onderwys Friesland/Texel,rio,bo,41000,
41005529,Stichting Katholiek Primair Onderwijs Friesland/Texel,rio,bo,41000,
41009615,Stg. K.O. Centrale Groningen/ KBS Bisschop Bekkers,besturenlijst,bo,53860,
41009615,Stichting KOC Groningen,rio,bo,53860,
41009615,Stichting Katholiek Onderwijs Centrum Groningen,rio,bo,53860,
41009615,Stichting Katholieke Onderwijs Centrale Groningen,rio,bo,53860,
41009707,Nicolaas-Stichting,besturenlijst,bo,73724,
41009707,Nicolaas Stichting School Haren,rio,bo,73724,
41010198,Stichting Rijdende School,besturenlijst,bo,40470,
41010198,Stichting Rijdende Scholen,rio,bo,40470,
41011946,Stichting Christelijk R.O.C. Noord- en Oost-Nederland,besturenlijst,mbo,31109,
41011946,Stichting Christelijk Regionaal Opleidings Centrum Noord en Oost Nederland,rio,mbo,31109,
41012703,Stichting Hanzehogeschool Groningen,besturenlijst,ho,40169,
41012703,"Het College van Bestuur van de Hanzehogeschool, Hogeschool van Groningnen",rio,ho,40169,
41012703,Stichting Hoger Onderwys Groningen,rio,ho,40169,
41013432,Stichting Noorderpoort,besturenlijst,mbo,40838,
41013432,Stg voor Beroepsonderwijs Volwasseneneducatie en Voortgezet Onderwijs,rio,mbo,40838,
41013432,"Stichting voor Beroepsonderw., Volwasseneneducatie en VO",rio,mbo,40838,
41013479,Stichting voor Christelijk Speciaal Onderwijs Groningen,besturenlijst,so+vo,40851,
41013479,Stg Voor Christelyk Speciaal Ond Groningen,rio,so+vo,40851,
41013479,Stg voor Christelijk Speciaal Ond Groningen,rio,so+vo,40851,
41015441,Stichting Primenius,besturenlijst,bo+so,45000,
41015441,Mgr Niënhausstichting,rio,bo+so,45000,
41015441,Mgr. Niënhausstichting,rio,bo+so,45000,
41015441,Stichting Fidarda,rio,bo+so,45000,
41015441,Stichting Katholiek Basisond Kanaalstreek,rio,bo+so,45000,
41015441,Stichting Katholiek Onderwijs Provincie Groningen,rio,bo+so,45000,
41020699,Stichting Drenthe College Terra,besturenlijst,mbo+vo,40872,
41020699,Stg. Regionaal Opleid. Centrum Drenthe,rio,mbo+vo,40872,
41020699,Stichting Regionaal Opleidingen Centrum Drenthe,rio,mbo+vo,40872,
41022035,Stichting voor PCSO & VSO voor Kampen en omstreken,besturenlijst,so,86971,
41022035,Stichting voor PCSO en VSO voor Kampen en omstreken,rio,so,86971,
41022035,Stichting voor Protestants Christelijk SO en VSO voor Kampen eo,rio,so,86971,
41022369,Stichting Cibap,besturenlijst,mbo,68056,
41022369,"Stg. Christelijk Instit. voor Besch.-, Afw.- en Pres.techn.",rio,mbo,68056,
41022369,Stichting Christelijk Instituut Bescherming Afwerking en Presentatietechnieken,rio,mbo,68056,
41022369,Stichting Christelijk Instituut voor Bescherm Afw E Presentatietechn,rio,mbo,68056,
41022421,Stg. Chr. Spec.-/Voortg. Ond. vd Noordoostpolder en omgeving,besturenlijst,so,84202,
41022421,Stg Chr Spec En Vo Vd Noordoostpolder Eo,rio,so,84202,
41022421,Stg Chr Spec en VO vd Noordoostpolder eo,rio,so,84202,
41022421,Stichting Christelijk Gespecialiseerd Onderwijs,rio,so,84202,
41022421,Stichting Christelijk Gespecialiseerd Onderwijs voor de Noordoostpolder e.o.,rio,so,84202,
41022421,Zonnebloemschool,rio,so,84202,
41022656,Stichting voor Christelijk Praktijkonderwijs voor Hardenberg en omgeving,besturenlijst,vo,29850,
41022656,Stg voor Chr SO en VSO voor Hardenberg eo,rio,vo,29850,
41022656,Stg. Christ. Prakt.onderwijs voor Hardenberg en omgeving,rio,vo,29850,
41022811,'Stichting Vrijeschool Almere',besturenlijst,bo,62584,
41022811,Stichting 'De Vrije School Almere',rio,bo,62584,
41022811,Stichting De Vrije School Almere,rio,bo,62584,
41022842,Stg tot instandh en opr van één of meer basissch en sch voor voortgezet onderw,besturenlijst,bo,49844,
41022842,Stg Insth Opr Kl & Basis Sch & Sch voor VO te Urk,rio,bo,49844,
41023548,Sticht. Speciaal Onderwijs op Gereformeerde Grondslag,besturenlijst,so,30117,
41023548,Stchting voor Speciaal Onderwijs op Gereformeerde Grondslag,rio,so,30117,
41023548,Stichting voor Speciaal Onderwijs op Gereformeerde Grondslag,rio,so,30117,
41023625,Stg. Kaht. Opleiding Leraren in het Basisonderwijs,besturenlijst,ho,30041,
41023625,De Centrale Directie van de Katholieke PABO Zwolle,rio,ho,30041,
41023804,Stichting Eduvier Onderwijsgroep,besturenlijst,so+vo,30882,
41023804,Stichting Orthopedagogisch Centrum Ysselmeerpolders,rio,so+vo,30882,
41023884,Stichting Hogeschool Viaa,besturenlijst,ho,30205,
41023884,De Centrale Directie van de Gereformeerde Hogeschool,rio,ho,30205,
41023884,Stichting Gereformeerde Hogeschool,rio,ho,30205,
41023884,Viaa-Gereformeerd Hoger Onderwijs Zwolle,rio,ho,30205,
41024360,Stg. Chr. Spec. Vgz. Onderwijs op Reformatorische grondslag,besturenlijst,vo,31157,
41024360,Stichting voor Christelijk Voortgezet Onderwijs op Reformatorische Grondslag,rio,vo,31157,
41025299,Stichting Landstede,besturenlijst,mbo+vo,40810,
41025299,Stg Ter Bev V Prim Secun Agr En Overig Ond Chr Gr,rio,mbo+vo,40810,
41025299,Stichting Onderwijsgroep De Landstede,rio,mbo+vo,40810,
41025409,Stichting Catent,besturenlijst,bo+so,40888,
41025409,Stichting Katholiek Ond Yssel Vechtstreek,rio,bo+so,40888,
41025409,Stichting Katholiek Onderwijs IJssel Vechtstreek,rio,bo+so,40888,
41025416,Stichting Deltion College,besturenlijst,mbo,40844,
41027060,Stichting Keender,besturenlijst,bo,25351,
41027060,Stg Kath Centr Sch Best,rio,bo,25351,
41027060,Stichting Katholiek Onderwijs Twente Achterhoek,rio,bo,25351,
41027077,Stichting Kathol. Onderw. NO Twente,besturenlijst,bo+so,75219,
41027077,Katholieke Onderwijsstichting Noord Oost Twente,rio,bo+so,75219,
41027077,Stg Kath Ond Centr Oldenzaal,rio,bo+so,75219,
41027077,Stichting Katholiek Onderwijs Noord Oost Twente,rio,bo+so,75219,
41027158,Stichting Vrijescholen Athena,besturenlijst,bo+so,77456,
41027158,Stichting De Vrije School Almelo,rio,bo+so,77456,
41027158,Stichting Vrije Scholen Twente,rio,bo+so,77456,
41027375,Stichting Katholiek Onderwijs Twenterand,besturenlijst,bo,68836,
41027375,Stg Kath Ond En Opv Wierden,rio,bo,68836,
41027438,Stichting TOF Onderwijs,besturenlijst,bo,50949,
41027438,Stg V Kath Bso In De St Pancratiuspar Tubbergen,rio,bo,50949,
41027438,Stichting Katholiek Primair Onderwijs in de Gemeente Tubbergen,rio,bo,50949,
41027438,Stichting Primair Onderwijs in de Gemeente Tubbergen,rio,bo,50949,
41027438,Stichting Primair Onderwijs in de gemeente Tubbergen,rio,bo,50949,
41027806,Stichting Christelijk Onderw. De Roerganger,besturenlijst,bo,99711,
41027806,Stg Herv Ond Te Enter,rio,bo,99711,
41027806,Stg Herv Ond te Enter,rio,bo,99711,
41027806,Stichting Christelijk Onderwijs De Roerganger,rio,bo,99711,
41027871,Stichting Carmelcollege,besturenlijst,vo,35647,
41027871,Stichting Carmel College,rio,vo,35647,
41027907,Stichting Kansrijk Onderwijs Enschede,besturenlijst,bo+so,58761,
41027907,Stichting Katholiek Onderwijs Enschede,rio,bo+so,58761,
41027907,Stichting Katholiek Onderwijs Enschede Enschede,rio,bo+so,58761,
41027999,Stichting tot het Verstrekken Lager Onderw. Geref. Grondslag,besturenlijst,bo,50299,
41027999,Stg Verstr Lo Op Geref Grondsl Vriezenveen,rio,bo,50299,
41027999,Stg Verstrek LO op Geref Grondslag Vriezenveen,rio,bo,50299,
41027999,Stichting tot het Verstrekken van Onderwijs op Gereformeerde Grondslag,rio,bo,50299,ja
41028016,Stichting Symbio Hengelo,besturenlijst,bo+so,65287,
41028016,Dr Schaepmanstg,rio,bo+so,65287,
41028016,Dr. Schaepmanstichting,rio,bo+so,65287,
41029242,Stichting Attendiz,besturenlijst,so,25859,
41029242,Attendiz,rio,so,25859,
41029242,Stichting Scholengroep Twente Speciaal,rio,so,25859,
41029242,Stichting Twentsche Zeer Moeilijk Opvoedbare kinderen School Od Kap,rio,so,25859,
41030828,Stichting Portuur,besturenlijst,vo,40310,
41030828,"Stg Sgm VO Haaksb,Neede Eibergen eo Het Assink",rio,vo,40310,
41030828,Stichting Het Assink Lyceum,rio,vo,40310,
41031514,Stichting Christelijke Scholengroep Oost,besturenlijst,vo,40596,
41031514,Stg. Prot. Chr. Voortg. Ond. voor Nijverdal-Rijssen e.o.,rio,vo,40596,
41031514,Stichting voo PC VO voor Nijverdal Rijssen eo,rio,vo,40596,
41032288,Stichting Katholiek Onderwijs Losser en Overdinkel,besturenlijst,bo,40903,
41035319,Stichting onderwijsgemeenschap 'De Hoeve',besturenlijst,bo,39912,
41035319,Stichting Onderwijsgemeenschap De Hoeve te Hoevelaken,rio,bo,39912,
41035333,Stichting Volare,besturenlijst,so,62129,
41035333,Stichting Dokter A. Verschoor-School,rio,so,62129,
41035333,Stichting Dr A Verschoor School,rio,so,62129,
41038120,de Vrije School Noord en Oost Nederland,besturenlijst,bo+vo,28212,
41038120,Stg De Vrye Sch Zutphen,rio,bo+vo,28212,
41038120,Stichting de Vrije School Noord en Oost Nederland,rio,bo+vo,28212,
41038143,Stichting Samenwerkingsschool Kranenburg en omstreken,besturenlijst,bo,60686,
41038143,Stichting Samenwerkende Scholen Kranenburg en omstreken,rio,bo,60686,
41038470,Stichting Rehobothschool Uddel,besturenlijst,bo,35297,
41038470,Stichting Rehobothscholen Uddel,rio,bo,35297,
41038470,Stichting Rehobothschool,rio,bo,35297,
41038632,Stichting Kathol. Basisonderwijs Borculo,besturenlijst,bo,47659,
41038632,Katholieke Stichting Kleuter en Basisonderwijs Borculo,rio,bo,47659,
41038632,Stichting Katholiek Basisonderwijs Borculo,rio,bo,47659,
41038709,Stichting voor Katholiek Basisonderwijs Gelderland,besturenlijst,bo,42616,
41038709,Kath Stg V Bso,rio,bo,42616,
41038709,Stichting voor Katholiek Basisonderwijs Oost Gelderland,rio,bo,42616,
41039424,Stichting Interconfessionele Samenwerkingsschool Meddo,besturenlijst,bo,82786,
41039546,Stichting Speciaal Onderwijs Twente en Oost Gelderland,besturenlijst,so,83189,
41039546,Katholiek Scholenstichting Klein Borculo,rio,so,83189,
41039546,Scholenstichting Klein Borculo,rio,so,83189,
41042047,Stichting Isendoorn,besturenlijst,vo,40641,
41042851,Stichting voor Christ. Voortgez. Onderw.,besturenlijst,vo,40922,
41042851,Stichting voor Christelijk Voortgezet Onderwijs,rio,vo,40922,
41042878,Stichting Kath. Onderw. Flevoland-Veluwe,besturenlijst,bo,40950,
41042878,Stichting Katholiek Onderwijs Flevoland-Veluwe,rio,bo,40950,
41046206,LiemersNovum,besturenlijst,bo,77235,
41046206,Stichting Katholieke Onderwijs 'T Gelders Eiland,rio,bo,77235,
41046206,"Stichting Primair Onderwijs De Liemers en omstreken, stg v opb en kath onderwijs",rio,bo,77235,
41046206,Stichting Primair Onderwijs Rijnwaarden,rio,bo,77235,
41046206,"Stichting Proles, stichting voor openb. en kathol. onderw.",rio,bo,77235,
41046206,"Stichting Proles, stichting voor openbaar en katholiek onderwijs",rio,bo,77235,
41046265,Stichting Marnix College,besturenlijst,vo,79314,
41046265,Best Stichting Marnixcoll Ede,rio,vo,79314,
41046344,Stichting Innerwaard,besturenlijst,bo,42148,
41046344,Stichting Confessioneel Onderwijs R'IJssel,rio,bo,42148,
41046344,Stichting Katholiek Onderwijs Duiven,rio,bo,42148,
41046344,"Stichting Katholiek Onderwijs Duiven, Groessen, Loo, Westervoort",rio,bo,42148,
41046344,Stichting Katholiek Onderwijs R'IJssel,rio,bo,42148,
41046409,"Stg. tot het verstr. ond. GG, uitg. Geref. in Ned. Barneveld",besturenlijst,bo,40419,
41046409,St. Onderwijs Geref. Grondslag v/d Geref. Gemeente Barneveld,rio,bo,40419,
41046409,Stg th Verst v Ond op GG Uitg vd Ger Gem in Ned,rio,bo,40419,
41046409,Stg. Verstrekken onderwijs Gereform. Grondslag Barneveld,rio,bo,40419,
41046798,Stichting Essentius,besturenlijst,bo,50129,
41046798,Sitchting voor Katholiek Basisonderwijs Dinxperlo/ Gendringen,rio,bo,50129,
41046798,Stg Kath Basisonderwys Gendringen,rio,bo,50129,
41046812,Stg. Verstrekk. Basisonderwijs op Reformatorische Grondslag,besturenlijst,bo,76663,
41046812,Stg Verstr Ko En Bso Reform Grondsl Bennekom,rio,bo,76663,
41046812,Stichting tot het verstrekken van basisonderwijs op reformatorische grondslag,rio,bo,76663,
41047116,Stichting Primair Onderwijs Achterhoek,besturenlijst,bo,50844,
41047116,Kath Ond Stg Doetinchem,rio,bo,50844,
41047116,Stg. Prim. Onderw. Achterhoek 'PRO8',rio,bo,50844,
41047116,Stichting Katholiek Onderwijs Oost Gelre,rio,bo,50844,
41047116,"Stichting Primair Onderwijs Achterhoek ""PRO8""",rio,bo,50844,
41047116,Stichting Primair Onderwijs Achterhoek 'PRO8',rio,bo,50844,
41047289,Sticht. Prot. Chr. Voortgezet Onderwijs Gem. Barneveld e.o.,besturenlijst,vo,42356,
41047289,Stg v Prot Chr VO in de Gemeente Barneveld eo,rio,vo,42356,
41047360,Stichting Kindergemeenschap Albert Schweitzer,besturenlijst,bo,42330,
41047360,Stichting Kinder Gemeenschap Albert Schweitzer,rio,bo,42330,
41047367,Stichting voor Chr. Speciaal Basisonderwijs Barneveld e.o.,besturenlijst,so,25897,
41047367,STICHTING VOOR CHRISTELIJK SPECIAAL BASISONDERWIJS VOOR BARNEVELD EN OMGEVING,rio,so,25897,
41047367,Stg V Chr So En Vso V Barneveld Eo,rio,so,25897,
41047759,Stichting Interconfessioneel Onderwijs te Bredevoort,besturenlijst,bo,76910,
41047759,Stg Interconfessioneel PC RK Onderwijs te Bredevoort,rio,bo,76910,
41047759,Stg Interconfessioneel Pc Rk Ondw Te Bredevoort,rio,bo,76910,
41048081,Stichting Rooms Katholiek Onderwijs,besturenlijst,bo,76793,ja
41048081,Stg RK Ond Lent te Lent,rio,bo,76793,
41048081,Stg Rk Ond Lent Te Lent,rio,bo,76793,
41048316,Sticht. schoolbestuur Laetare Schoolbestuur voor R.K.O.,besturenlijst,bo,38235,
41048316,Stichting School Bestuur van de Parochie van St Jan te Kilder,rio,bo,38235,
41048316,Stichting schoolbestuur Laetare Schoolbestuur voor Rooms Katholiek Onderwijs,rio,bo,38235,
41048562,St. Sp. Ow&V. Sp. Ow op Ger. Gr. in de Regio Veluwe,besturenlijst,so,84515,
41048562,Rehoboth Onderwijs & Zorg,rio,so,84515,
41048562,Stg V So En Vso Op Geref Grdsl Rg Veluwe,rio,so,84515,
41048562,Stg v SO en VSO op Geref Grdsl RG Veluwe,rio,so,84515,
41048562,Stg. Spec. Ond./VG Spec. Ond. Geref. Grondslag Regio Veluwe,rio,so,84515,
41048562,Stichting voor S.O.V.S.O. op Ger. Grondslag id Regio Veluwe,rio,so,84515,
41048562,Stichting voor Spec. Onderwijs en Voortgezet Speciaal Onderw,rio,so,84515,
41048729,"Stichting Hervormde Scholen Barneveld, Ede en omstreken",besturenlijst,bo,83579,
41048729,Stichting Hervormd School te Barneveld en De Glind,rio,bo,83579,
41048729,Stichting Hervormde Scholen De Drieslag,rio,bo,83579,
41048729,Stichting Hervormde Scholen de Drieslag,rio,bo,83579,
41049975,Stichting Hervormde Scholen te Voorthuizen,besturenlijst,bo,30673,
41049975,Stg Hervormde Scholen te Voorthuizen,rio,bo,30673,
41051103,Stichting Katholiek Onderwijs Veluwe-Vallei,besturenlijst,bo,31237,
41051103,Stichting Kathol. Onderw. Veluwe-Vallei,rio,bo,31237,
41051103,Stichting Katholiek Onderwijs Veluwe Vallei,rio,bo,31237,
41051917,Sticht. Ber.onderw.&Volw.educ. Oost-Gelderland,besturenlijst,mbo,40392,
41051917,Stg Beroepsonderwijs En Volw Educ Oost Gelderlnd,rio,mbo,40392,
41051917,Stg Beroepsonderwijs en Volw Educ Oost Gelderlnd,rio,mbo,40392,
41051917,Stichting Beroepsonderwijs en Volwasseneneducatie O.-G'land,rio,mbo,40392,
41051951,Stichting De Onderwijsspecialisten,besturenlijst,so,40631,
41051951,De Onderwijsspecialisten,rio,so,40631,
41051951,"Stg v bev v BO, SBO, VS en VO aan leerlingen met een beperking",rio,so,40631,
41051951,Stichting Educatie Gehandicapten Arnhem,rio,so,40631,
41052188,Stg. Chr. Hoger Ber.ond. op Gereformeerde Grondslag,besturenlijst,ho,40235,
41052188,Het College van Bestuur van de Christelijke Hogeschool Ede,rio,ho,40235,
41052188,Stg. Chtr. Hoger Ber.ond. op Gereformeerde Grondslag,rio,ho,40235,
41052378,Stichting Christelijke Scholengemeenschap Het Streek,besturenlijst,vo,40608,
41052378,Stg vo PC Voortgezet Ond vd Regio Ede Wageningen,rio,vo,40608,
41053000,"Delta, stg. voor Katholiek en Prot.-Christ. prim. onderwijs",besturenlijst,bo+so,40812,
41053000,"Delta, stichting voor Katholijk en Protestants-Christelijk primair onderwijs",rio,bo+so,40812,
41053000,Stichting Katholiek Onderwijs Delta,rio,bo+so,40812,
41053084,Stichting Regionaal Opleidingen Centrum Arnhem,besturenlijst,mbo,40840,
41053084,Stichting Reg. Opleidingen Centr. Arnhem,rio,mbo,40840,
41053084,Stichting Regionaal Opleidingencentrum Arnhem Rijn IJssel College,rio,mbo,40840,
41053084,Stichting Regionaal Opleidings Centrum Arnhem Rijn IJssel College,rio,mbo,40840,
41053606,Stichting 'Het Rhedens',besturenlijst,vo,40930,
41053606,"Stichting ""Het Rhedens""",rio,vo,40930,
41053606,Stichting Het Rhedens,rio,vo,40930,
41053606,Stichting Regionale Scholengemeenschap Het Rhedens,rio,vo,40930,
41053607,Stichting Quadraam,besturenlijst,vo,13554,
41053607,De Geldere Onderwijsgroep Quadraam,rio,vo,13554,
41053607,"Samenwerk.stg. VO Overbetuwe, Arnhem en Liemers",rio,vo,13554,
41053607,"Samenwerkingsstg Voortgezet Onderwijs Overbetuwe, Arnhem, Renkum en Liemers",rio,vo,13554,
41053607,Samenwerkingsstichting Voortgezet Onderwijs Arnhem en omstreken,rio,vo,13554,
41053607,Stichting Algemeen Voortgezet Onderwijs in Arnhem en omstreken,rio,vo,13554,
41055364,Stichting Conexus,besturenlijst,bo+so,29810,
41055364,Stg Rosasch,rio,bo+so,29810,
41055364,Stichting Rosascholen,rio,bo+so,29810,
41055488,Stichting Primair Onderwijs de Linge,besturenlijst,bo+so,71956,
41055488,St Donatusstg Bemmel,rio,bo+so,71956,
41055488,Stg. Kath./Prot.-Chr. Primair Onderwijs De Linge,rio,bo+so,71956,
41055488,Stichting Katholiek en Protestants-Christelijk Primair Onderwijs De Linge,rio,bo+so,71956,
41055629,Het College van Bestuur van de Radboud Universiteit Nijmegen,besturenlijst,ho,75805,
41055629,Het College van Bestuur van de Katholieke Universiteit Nijmegen,rio,ho,75805,
41055637,Onderwijsstichting Leer en Floreer,besturenlijst,bo+so,42486,
41055637,Stg Kath Basisond Groesbeek,rio,bo+so,42486,
41055637,Stichting Katholiek en Algemeen-Christelijk Primair Onderwijs Groesbeek,rio,bo+so,42486,
41055637,Stichting Primair Onderwijs Groesbeek,rio,bo+so,42486,
41055696,Stichting Speciaal Onderwijs Tarcisiusschool,besturenlijst,so,43058,
41055696,Stichting Speciaal Onderwijs,rio,so,43058,
41055696,Stichting Speciaal OnderwijsTarcisiusschool,rio,so,43058,
41055845,Stichting Sint Josephscholen,besturenlijst,bo,47100,
41055845,Stichting Sint Josephschool,rio,bo,47100,
41055931,St. Augustinus Stichting,besturenlijst,vo,70396,
41055931,Stichting Sint Augustinusstichting,rio,vo,70396,
41056036,Samenwerkingsstichting Kans & Kleur,besturenlijst,bo+so,38001,
41056036,Stg V Kath Ond Te Wychen,rio,bo+so,38001,
41056036,Stichting Kans & Kleur,rio,bo+so,38001,
41056036,Stichting voor Katholiek Onderwijs te Wychen,rio,bo+so,38001,
41056250,Stichting Chr. B.s. De Klokkenberg,besturenlijst,bo,82591,
41056250,Stichting Christelijk Basisschool De Klokkenberg,rio,bo,82591,
41058056,Stichting Montessorischool Montijn,besturenlijst,bo,40144,
41058056,Stg Montessorischool de Triangel,rio,bo,40144,
41058056,Stichting Montessorischool De Triangel,rio,bo,40144,
41058588,Sticht. Voortgezet Montessori Onderwijs Nijmegen en omstrek.,besturenlijst,vo,40375,
41058588,Montessori College Nijmegen en Groesbeek,rio,vo,40375,
41058588,Stichting Voortgezet Montessori Onderwijs Nijmegen eo,rio,vo,40375,
41060222,Stichting Reg. Opleidingen Centrum Rivor,besturenlijst,mbo,40190,
41060222,Stichting Regionaal Opleiding Centrum Gelders Rivierengebied,rio,mbo,40190,
41060222,Stichting Regionaal Opleidingen Centrum Rivor,rio,mbo,40190,
41060415,Stichting voor Christelijk Voortgezet Onderwijs voor Culemborg en Omgeving,besturenlijst,vo,40716,
41060415,Stg. Chr. Voortg. Onderwijs Culemborg en Omgeving,rio,vo,40716,
41060415,Stg. Chr. Voortgez. Onderwijs voor Culemborg en Omgeving,rio,vo,40716,
41060415,Stg. Chr. Voortgezet Onderwijs voor Culemborg en Omgeving,rio,vo,40716,
41060415,Stichting voor Christelijk Voortgezet Onderwijs voor Culemborg en omstreken,rio,vo,40716,
41062141,Stichting Samenwerkingsbestuur Primair Onderw. Venray/Regio,besturenlijst,bo+so,44397,
41062141,Stichting Katholiek Primair Onderwijs Venray,rio,bo+so,44397,
41062141,Stichting Katholiek Primair Onderwys Venray,rio,bo+so,44397,
41062141,Stichting Samenwerkingsbestuur Primair Onderwijs Venray,rio,bo+so,44397,
41062151,Stichting Onderwijsgroep Buitengewoon,besturenlijst,so+vo,44813,
41062151,Stg Speciaal Onderwys Venlo En Omgeving,rio,so+vo,44813,
41062151,Stg Speciaal Onderwys Venlo en omgeving,rio,so+vo,44813,
41062151,Stichting Speciaal Onderwijs Noord- en Midden Limburg,rio,so+vo,44813,
41062151,Stichting Speciaal Onderwijs Noord- en Midden-Limburg,rio,so+vo,44813,
41062320,Stg. St. Martinus v. Onderwijs op Katholieke Grondslag,besturenlijst,bo,24207,
41062320,Stg St Martinus Ond Kath Grondsl Venlo,rio,bo,24207,
41062405,"Kerobei, Stichting voor Katholiek Primair Onderwijs",besturenlijst,bo+so,75597,
41062405,"Fundare, Stg v Kath en Openb Primair Onderw id Gem Beesel, Maasbree en Venlo",rio,bo+so,75597,
41062405,"Fundare, Stichting voor Katholiek Primair Onderwijs in Baarlo en Blerick",rio,bo+so,75597,
41062405,"Fundare, Stichting voor Katholiek Primair Onderwijs in Maasbree en Blerick",rio,bo+so,75597,
41062405,"Kerobei, Stichting v Katholiek en Openbaar PO id Gem Beesel, Maasbree en Venlo",rio,bo+so,75597,
41062405,"Kerobei, Stichting voor K/OPO Gem. Beesel, Maasbree en Venlo",rio,bo+so,75597,
41062405,Stg RK Ond Blerick NW,rio,bo+so,75597,
41062405,Stg Rk Ond Blerick Nw,rio,bo+so,75597,
41062405,Stichting Katholiek Primair Onderwijs Baarlo/Blerick,rio,bo+so,75597,
41062710,Stichting Lijn 83 primair onderwijs,besturenlijst,bo+so,37663,
41062710,Stg Kath Ond Milsbeek,rio,bo+so,37663,
41062710,Stichting Kathol. Onderw. Maas en Niers,rio,bo+so,37663,
41062710,Stichting Katholiek Onderwijs Maas en Niers,rio,bo+so,37663,
41062710,Stichting Lijn 83 Primair Onderwijs,rio,bo+so,37663,
41062711,Stichting Dynamiek Scholengroep,besturenlijst,bo+so,47920,
41062711,Stichting Katholiek Onderwijs Overkwartier,rio,bo+so,47920,
41062770,Stichting Prisma,besturenlijst,bo+so,47959,
41062770,Stichting Katholiek Onderwys Regio Helden,rio,bo+so,47959,
41062770,Stichting Prisma Stichting voor Primair Onderwijs Regio Helden,rio,bo+so,47959,
41062770,Stichting voor Primair Onderw. Regio Helden,rio,bo+so,47959,
41062770,Stichting voor Primair Onderwijs Regio Helden,rio,bo+so,47959,
41064644,Samenwerkingsstichting Voortgez. Onderw. regio Venlo,besturenlijst,vo,40842,
41064644,Samenwerkingsstichting Voortgezet Onderwijs Regio Venlo,rio,vo,40842,
41066176,"Meerderweert, Sticht. Primair Onderwijs Weert/Nederweert",besturenlijst,bo+so,50819,
41066176,"MeerderWeert, Sticht. Primair Onderwijs Weert/Nederweert",rio,bo+so,50819,
41066176,"Meerderweert, Stichting Primair Onderwijs Weert/Nederweert",rio,bo+so,50819,
41066176,Stg Kath Ond St Oda Weert,rio,bo+so,50819,
41066176,Stichting Katholiek Primair Onderwijs Land van Weert,rio,bo+so,50819,
41066201,Stichting Wijzers in Onderwijs,besturenlijst,bo,41797,
41066201,Stg Kath Ond Pey,rio,bo,41797,
41066201,Stichting Katholiek Onderwijs Echt-Maasbracht,rio,bo,41797,
41066201,Stichting Katholiek Onderwijs Echt-Maasbracht e.o.,rio,bo,41797,
41066201,Stichting Katholiek Onderwijs Regio Echt (SKORE),rio,bo,41797,
41066379,Stichting Katholiek Basisonderwijs Meijbloem,besturenlijst,bo,74868,
41066379,Kath Stg Bevord Ko En Glo Meyel,rio,bo,74868,
41066379,Stichting Katholiek Basisonderwijs Meijel,rio,bo,74868,
41066900,Stichting Primair Onderwijs Leudal en Thornerkwartier,besturenlijst,bo+so,23961,
41066900,Stg Basisonderw Roggel,rio,bo+so,23961,
41066900,Stichting Basisonderwijs Heythuysen Roggel,rio,bo+so,23961,
41066900,Stichting Primair Onderwijs Leudal en Thorner Kwartier,rio,bo+so,23961,
41067581,Stichting Herman Broeren,besturenlijst,so,26132,
41067581,Herman Broerenstichting,rio,so,26132,
41068142,Stichting Praktijkonderwijs Roermond e.o.,besturenlijst,vo,40619,
41068142,Stichting Kath Speciaal Onderwijs Roermond e o,rio,vo,40619,
41068142,Stichting Kath Speciaal Onderwys Roermond Eo,rio,vo,40619,
41068142,Stichting Speciaal Basis- en Voortgezet Onderwijs Roermond e.o.,rio,vo,40619,
41068142,Stichting Speciale Scholen Limburg Midden,rio,vo,40619,
41068501,Stichting Gilde Opleidingen,besturenlijst,mbo,40878,
41068501,Stichting Onderwijs en Educatie,rio,mbo,40878,
41070757,Stichting Voortgezet Onderwijs Parkstad Limburg,besturenlijst,vo,99048,
41070757,Onderwijs Stichting Sint Bernardinus Heerlen,rio,vo,99048,
41070757,Onderwijsstichting Sint-Bernardinus,rio,vo,99048,
41071699,"Stichting Kindante, leren leren, leren leven",besturenlijst,bo+so,83280,
41071699,FOCUS Stichting Katholiek Onderwijs,rio,bo+so,83280,
41071699,"FOCUS, Stichting voor Onderwijs en Opvoeding",rio,bo+so,83280,
41071699,Stg Kath Ond Westelyke Mynstreek,rio,bo+so,83280,
41072962,Stichting IBPL,besturenlijst,bo,40307,
41072962,Stg Islamitische School Heerlen En Omstreken,rio,bo,40307,
41072962,Stg Islamitische School Heerlen en omstreken,rio,bo,40307,
41072962,Stg. Islamitisch Basisonderw. Parkstad Limburg (IBPL),rio,bo,40307,
41072962,Stichting Islamitisch Basisonderwijs Parkstad Limburg,rio,bo,40307,
41074030,Stichting BVE Zuid-Limburg,besturenlijst,mbo,40768,
41074030,Stg. v. Ber.ond. & Volw.educ. Westelijk Zuid-Limburg,rio,mbo,40768,
41074030,Stg. voor Beroepsonderw. en Ve Westelijk Zuid-Limburg,rio,mbo,40768,
41074030,Sticht. Beroepsonderwijs en VE Westelijk Zuid-Limburg,rio,mbo,40768,
41074030,Stichting Beroepsonderwijs en VE Westelijk Zuid Limburg,rio,mbo,40768,
41074030,VISTA college,rio,mbo,40768,
41076594,Stichting Adelante Onderwijs,besturenlijst,so,74803,
41076594,Stg Franciscusoord,rio,so,74803,
41076594,Stichting Franciscusoord Mytylschool,rio,so,74803,
41080012,"Cadans Primair, stichting voor kath. en interc. prim. onderw",besturenlijst,bo,40848,
41080012,"Cadans Primair, stichting voor kathol. en interconf. primair",rio,bo,40848,
41080012,"Cadans Primair, stichting voor kathol. en interconfess. p.o.",rio,bo,40848,
41080012,Stg Kath Ond Dn Dungen,rio,bo,40848,
41080012,Stg Kath en Interconf PO id Gem St Michielsgestel,rio,bo,40848,
41080012,Stichting kath en interconf PO Gemeente Sint- Michielsgestel,rio,bo,40848,
41080054,Stichting Sint Albertus,besturenlijst,bo,73556,
41080054,Katholieke Stichting Sint Albertus,rio,bo,73556,
41080082,Stichting Verdi Onderwijs,besturenlijst,bo,73712,
41080082,Stg. Katholiek en Interconf. Primair Onderwijs Veghel,rio,bo,73712,
41080082,Stichting Katholiek en Interconfessioneel Primair Onderwijs Veghel,rio,bo,73712,
41080082,Stichting Katholiek en Interconfessioneel Primair Onderwijs Veghel (SKIPOV),rio,bo,73712,
41080082,Verdi onderwijs,rio,bo,73712,
41080149,"Stichting Scala, stg. voor kath., openb./a.b.o.",besturenlijst,bo,78222,
41080149,Stg Bestuur Rooms Kath Basisond Gemeente Vlymen,rio,bo,78222,
41080149,Stichting Katholiek Onderwijs Gemeente Heusden,rio,bo,78222,
41080149,Stichting Katholiek Onderwijs Heusden,rio,bo,78222,
41080149,Stichting Scala,rio,bo,78222,
41080189,Stichting SAAM scholen,besturenlijst,bo,75388,
41080189,Stichting Katholiek Basisonderwijs Oss,rio,bo,75388,
41080912,Stichting Signum,besturenlijst,bo+so,74049,
41080912,Sint Jan Stichting,rio,bo+so,74049,
41081010,Stg. Samenwerk.best. voor KOPO Schijndel,besturenlijst,bo,40874,
41081010,Kath Stg Pastoor V Erp,rio,bo,40874,
41081010,Katholieke Stichting Pastoor van Erp,rio,bo,40874,
41081010,Stg. Samenw.best. Kath./Openb. Primair Onderwijs Schijndel,rio,bo,40874,
41081010,Stichting Samenwerkingsbestuur voor Katholiek en Openbaar PO Schijndel (SKOPOS),rio,bo,40874,
41081019,Stichting Gabriël bs en vso v. leerl. mot. bep.,besturenlijst,so,74127,
41081019,Stg Gabriel,rio,so,74127,
41081019,Stichting Gabriel,rio,so,74127,
41081052,Stichting Kathol. Onderw. Vierlingsbeek,besturenlijst,bo,43305,
41081052,Stichting Katholiek Onderwijs Gemeente Vierlingsbeek,rio,bo,43305,
41081122,"OPTIMUS stg. kath.,prot.-chr./ en interconfess. primair ond.",besturenlijst,bo+so,48348,
41081122,OPTIMUS stg.v. kath.prot.-chr. en interconfesss. prim. ond.,rio,bo+so,48348,
41081122,"Optimus, Stg voor Kath, PC en Interconfessioneel Primair Onderwijs",rio,bo+so,48348,
41081122,Stg St Petrus,rio,bo+so,48348,
41081122,Stichting Katholiek Primair Onderwijs Boxmeer,rio,bo+so,48348,
41081122,Stichting Katholiek Primair Onderwijs Cumulus,rio,bo+so,48348,
41081181,Stichting Kiem Onderwijs,besturenlijst,bo+so,32177,
41081181,Stg Kath Ond Uden,rio,bo+so,32177,
41081181,Stichting Kathol. Onderw. Gemeente Uden,rio,bo+so,32177,
41081181,Stichting Katholiek Onderwijs Gemeente Uden,rio,bo+so,32177,
41081783,Stichting Hub Noord-Brabant,besturenlijst,so,82292,
41081783,Stichting Herman Broerenschool,rio,so,82292,
41081783,Stichting ZML Noordoost Brabant,rio,so,82292,
41082569,Stichting Zuiderbos,besturenlijst,so,85269,
41082569,Stg Speciaal Ond Herlaarhof,rio,so,85269,
41082569,Stichting Speciaal Onderwijs De Zwengel,rio,so,85269,
41082569,Stichting Speciaal Onderwijs Herlaarhof,rio,so,85269,
41083125,Stichting Jenaplan Onderwijs Boxmeer (De Peppels/De Canadas),besturenlijst,bo,30235,
41083125,Stg PC Ond Boxmeer,rio,bo,30235,
41083125,Stg Pc Ond Boxmeer,rio,bo,30235,
41083125,Stichting Jenaplan Onderwijs Boxmeer,rio,bo,30235,
41083125,Stichting Prot.-Chr. Onderwijs Boxmeer,rio,bo,30235,
41083794,Stichting Katholiek Onderwijs Breukelen,besturenlijst,bo,42564,
41083794,Stg Kath Ond Breukelen te Boxtel,rio,bo,42564,
41084084,Stichting Regionaal Onderwijs Centrum Noordoost-Brabant,besturenlijst,mbo,31069,
41084084,Stg Reg Inst V Ber Ond Den Bosch Sw Sch Rk/Ab,rio,mbo,31069,
41084084,Stg Reg Inst v Ber Ond Den Bosch Sw Sch RK/AB,rio,mbo,31069,
41084084,Stichting Regionaal Instituut voor Educatie en Beroepsonderwijs,rio,mbo,31069,
41084084,Stichting Regionaal Onderwijs Centrum 's-Hertogenbosch,rio,mbo,31069,
41084408,Stichting HAS Opleidingen,besturenlijst,ho,40205,
41084408,HAS Den Bosch,rio,ho,40205,
41084408,Stg Agrarische Hogesch S Hertogenbosch vd KNBTB,rio,ho,40205,
41084408,Stichting HAS Den Bosch,rio,ho,40205,
41085318,Stichting.Sterk Regionaal Onderwijs.,besturenlijst,vo,40588,
41085318,Samenwerkingsstichting Voor Vo Uden,rio,vo,40588,
41085318,Samenwerkingsstichting voor Voortgezet Onderwijs Uden,rio,vo,40588,
41085318,Stichting Sterk Regionaal Onderwijs,rio,vo,40588,
41085791,"Stichting Talentis voor Kath., PC en Algemeen Bijzonder primair Onderwijs",besturenlijst,bo,40706,
41085791,Stichting Katholiek Onderwys St Christoffel,rio,bo,40706,
41085791,Stichting St.-Christoffel,rio,bo,40706,
41087363,Onderwijsstichting De Kempen,besturenlijst,vo,29187,
41087363,Onderwijsstichting de Kempen,rio,vo,29187,
41087534,Stichting Kempenhaeghe,besturenlijst,so,73906,
41087534,Stg Kempenhaeghe,rio,so,73906,
41087568,Stichting Speciaal Onderw. en Exp.centra,besturenlijst,so,72905,
41087568,Stichting Speciaal Onderwijs Eindhoven,rio,so,72905,
41087600,Stg. Veldvest bijzond. onderw. in Veldhoven en omgeving,besturenlijst,bo+so,77338,
41087600,Stichting Katholiek Onderwijs Veldvest,rio,bo+so,77338,
41087600,Stichting Veldvest voor bijzonder onderwijs Veldhoven en omgeving,rio,bo+so,77338,
41087600,"Stichting Veldvest, stichting voor katholiek en algemeen bijzonder onderwijs",rio,bo+so,77338,
41087693,Stichting GOO Onderwijs,besturenlijst,bo+so,32580,
41087693,"NOVEM, Stichting Katholiek Primair Onderwijs Gemert-Bakel",rio,bo+so,32580,
41087693,St Jansstg,rio,bo+so,32580,
41087693,Stichting GOO Onderwijs en Opvang,rio,bo+so,32580,
41087693,"ZICHT, Stichting v. Katholiek/ Protest.-Christ. Prim. Onderw",rio,bo+so,32580,
41087693,"Zicht, Stichting voor Katholiek en Protestants Christelijk Primair Onderwijs",rio,bo+so,32580,
41087703,Stichting 'De Kempel',besturenlijst,ho,50338,
41087703,Het College van Bestuur van de Pedagogische Hogeschool De Kempel,rio,ho,50338,
41087703,Stg De Kempel,rio,ho,50338,
41087967,Stichting Atalenta Kinderopvang en Onderwijs,besturenlijst,bo+so,31384,
41087967,"'Stg. SKOzoK', Samen Koersen op zichtbare onderw.kwaliteit",rio,bo+so,31384,
41087967,"'Stichting SKOzoK', Samen Koersen op zichtb. o.k.",rio,bo+so,31384,
41087967,"'Stichting SKOzoK', Samen Koersen op zichtbare ok",rio,bo+so,31384,
41087967,Stg Katholiek Onderwijs Zuid Oost Kempen,rio,bo+so,31384,
41087967,Stichting Atalenta,rio,bo+so,31384,
41087967,"Stichting SKOzoK, Samen Koersen op zichtbare onderwijskwaliteit",rio,bo+so,31384,
41088091,Stichting Design Academy Eindhoven,besturenlijst,ho,60802,
41088091,Het College van Bestuur van The Design Academy,rio,ho,60802,
41088091,Stg Akad Ind Vorm Geving Eindhoven,rio,ho,60802,
41088091,Stichting The Design Academy,rio,ho,60802,
41088197,Stichting QliQ Primair Onderwijs,besturenlijst,bo+so,30240,
41088197,Stichting Katholiek Ond Helmond,rio,bo+so,30240,
41088197,Stichting Katholiek Primair Onderwijs Helmond,rio,bo+so,30240,
41088241,Stichting Scholen Parochie H. Bernadette,besturenlijst,bo,60061,
41088241,Stichting School Het Bernadette Par,rio,bo,60061,
41088860,Stichting Katholiek Basisond. De Goede Herder,besturenlijst,bo,73283,
41088860,R.K. Stichting De Goede Herder,rio,bo,73283,
41088860,RK Stg De Goede Herder,rio,bo,73283,
41088860,Rk Stg De Goede Herder,rio,bo,73283,
41088896,Stg. Nutsscholen v. Kleuter-/ Lager Onderwijs Aalst-Waalre,besturenlijst,bo,94251,
41088896,Stg Nutssch BSO Aalst Waalre,rio,bo,94251,
41088958,Stichting Emiliusschool,besturenlijst,so,82253,
41089002,Stichting de Vrije School Eindhoven-Zuid,besturenlijst,bo,30027,
41089002,Stichting De Vrije School Eindhoven Zuid,rio,bo,30027,
41090030,Onderwijsstichting KempenKind,besturenlijst,bo+so,44201,
41090030,Onderwijsstichting Kempenkind,rio,bo+so,44201,
41090030,Stichting Katholiek Primair Onderwijs Kempenland,rio,bo+so,44201,
41090664,Stg. Islamitische Educatie Zuid-Oost Nederland,besturenlijst,bo+vo,30725,
41090664,Stg Islamitische Basisscholen,rio,bo+vo,30725,ja
41090664,Stichting Islamitische Basisscholen,rio,bo+vo,30725,ja
41091201,Stichting Islamitische Scholen Helmond en omgeving,besturenlijst,bo,31088,
41091622,Stichting Regio. Opleid.centr. Ter AA,besturenlijst,mbo,31150,
41091622,Stg Reg Opleidingen Centrum Oost Brabant,rio,mbo,31150,
41091622,Stichting Regionaal Opleidingencentrum Ter AA,rio,mbo,31150,
41091840,Stichting Eindhovens Christelijk Voortgezet Onderw.,besturenlijst,vo,31226,
41091840,Stg.Eindhovens Protestants Voortgezet Onderwijs,rio,vo,31226,
41091840,Stichting Eindhovens Christelijk Voortgezet Onderwijs,rio,vo,31226,
41091840,Stichting Eindhovens Protestants Voortgezet Onderwijs,rio,vo,31226,
41092817,Stg. Alg. Bijz. Voortg. Ond. Eindhoven,besturenlijst,vo,40232,
41092817,Stichting Algemeen Bijzonder Voortgezet Onderwijs Eindhoven,rio,vo,40232,
41092835,Stichting Katholiek en Protestants-Christelijk Onderwijs Eindhoven en omgeving,besturenlijst,bo+so,40378,
41092835,SKPO,rio,bo+so,40378,
41092835,Stg Kath En Pc Onderwys Eindhoven Eo,rio,bo+so,40378,
41092835,Stg. Kath. en Prot.-Chr. Onderw. Eindhov. e.o.,rio,bo+so,40378,
41092835,Stichting Katholiek en Protestants Christelijk Onderwijs Eindhoven en Omgeving,rio,bo+so,40378,
41093053,"De Eenbes, Stichting Kathol., Prot.-Chr./Interc. Pr. Onderw.",besturenlijst,bo+so,40557,
41093053,"De Eenbes, Stg v Katholiek., Prot-Chr. en Interconfessioneel Primair Onderwijs",rio,bo+so,40557,
41093053,"De Eenbes, Stg v Rooms-Kath., Protestants-Chr. en Interconfess. Primair Onderw",rio,bo+so,40557,
41093053,Stg Kath Basisonderwijs Geldrop,rio,bo+so,40557,
41093700,Stichting Evangelisch Onderw. Eindhoven,besturenlijst,bo,41213,
41093700,Stichting Evangelisch Onderwijs Eindhoven,rio,bo,41213,
41093932,Stichting ROC Summa College,besturenlijst,mbo+vo,40854,
41093932,Stichting ROC Eindhoven,rio,mbo+vo,40854,
41093932,Stichting Roc Eindhoven,rio,mbo+vo,40854,
41093963,Stichting Onderwijsgroep Oost-Brabant,besturenlijst,vo,40856,
41093963,Onderwijsgroep Oost-Brabant,rio,vo,40856,
41093963,Onderwijsstichting De Peel,rio,vo,40856,
41093963,Stichting Voortgez. Onderw. Gemert e.o.,rio,vo,40856,
41093963,Stichting Voortgezet Onderwijs Gemert Eo,rio,vo,40856,
41093963,Stichting Voortgezet Onderwijs Gemert eo,rio,vo,40856,
41095199,Stg. Kath. Ondernemersonderw. te Tilburg,besturenlijst,mbo+vo,41599,
41095199,Scholengemeenschap De Rooi Pannen,rio,mbo+vo,41599,
41095199,Stichting Katholiek Ondernemersonderwijs te Tilburg,rio,mbo+vo,41599,
41095418,Stichting Biezonderwijs,besturenlijst,so+vo,73114,
41095418,Stichting Speciaal Onderwijs Tilburg,rio,so+vo,73114,
41095435,Stichting Nuwelijn,besturenlijst,bo,73191,
41095435,Stichting Katholiek Onderwijs Nuwelijn,rio,bo,73191,
41095435,Stichting Katholiek Onderwijs Rijen,rio,bo,73191,
41095503,Stichting Xpect013,besturenlijst,bo,48101,
41095503,Stichting Katholiek Onderwijs Tilburg,rio,bo,48101,
41095503,Stichting Katholiek Onderwijs Tilburg-West,rio,bo,48101,
41095503,Stichting Xpect Primair,rio,bo,48101,
41095729,Stichting Katholiek Onderwijs Het Groene Lint,besturenlijst,bo,32060,
41095729,Stg Kath Ond Belangen Baarle Nassau,rio,bo,32060,
41095855,Stichting Katholieke Universiteit Brabant,besturenlijst,ho,75571,
41095855,Het College van Bestuur van de Katholieke Universiteit Brabant Te Tilburg,rio,ho,75571,
41095855,Stichting Kathol. Universiteit Brabant,rio,ho,75571,
41096630,Stichting Onderwijscentrum Leijpark,besturenlijst,so,20233,
41096630,Stichting Mijtijlschool Tilburg,rio,so,20233,
41096630,Stichting Mytylschool Tilburg,rio,so,20233,
41097408,Stichting Yonder,besturenlijst,mbo+vo,31087,
41097408,Stichting Educatie en Beroepsonderwijs,rio,mbo+vo,31087,
41097408,Stichting Onderwijsgroep Tilburg,rio,mbo+vo,31087,
41097408,Yonder,rio,mbo+vo,31087,
41097718,Stichting Fontys,besturenlijst,ho,40555,
41097718,Stg Hoger Onderwijs Zuid Nederland,rio,ho,40555,
41097718,Stichting Fontys Hogescholen,rio,ho,40555,
41098880,Stichting Etuda Onderwijs,besturenlijst,bo+so,40941,
41098880,"'De Oude Vrijheid', St. Kath. Onderw. Hilvarenbeek",rio,bo+so,40941,
41098880,De Oude Vrijheid Stg v Kath Ond gem Hilvarenb,rio,bo+so,40941,
41098880,Stichting Samenwijs onderwijs,rio,bo+so,40941,
41099013,Stichting Katholiek Onderwijs Drimmelen,besturenlijst,bo,43967,
41099013,Stg Kath Ond Made Te Made,rio,bo,43967,
41099013,Stichting Katholiek Onderwijs te Drimmelen,rio,bo,43967,
41099083,Stichting Katholiek Onderwijs Raamsdonk,besturenlijst,bo,43825,
41099083,Stichting Katholiek Onderwijs Raamsdonk te Raamsdonk,rio,bo,43825,
41099266,Stichting Uniek,besturenlijst,bo,41978,
41099266,Elisabeth Stichting Stichting voor Katholiek Basisonderwijs,rio,bo,41978,
41099266,"Elisabeth Stichting,",rio,bo,41978,
41099266,Stg Kath Ond Raamsdonksveer,rio,bo,41978,
41100324,Stg. Kath. Voortg. Onderwijs in het Dongemondgebied,besturenlijst,vo,40143,
41100324,Stg V Kath Vo In Het Dongemondgebied,rio,vo,40143,
41100324,Stichting voor Katholiek Voortgezet Onderwijs in het Dongemondgebied,rio,vo,40143,
41102088,Stichting Vrije School Breda,besturenlijst,bo,59984,
41102186,Stichting Katholiek Primair Onderwijs Roosendaal,besturenlijst,bo+so,74154,
41102186,KPO Roosendaal,rio,bo+so,74154,
41102186,Stg Kath Ond Roosendaal,rio,bo+so,74154,
41102186,Stichting Kath. Prim. Onderw. Roosendaal,rio,bo+so,74154,
41102321,Stichting Novia Onderwijs,besturenlijst,vo,26093,
41102321,KSE (Katholieke Scholengemeenschap Etten-Leur e.o.),rio,vo,26093,
41102321,Novia Onderwijs,rio,vo,26093,
41102321,Stg Kath Sgm Etten Leur eo,rio,vo,26093,
41102321,Stg. Kath. Scholengemeenschap Etten-Leur en omgeving,rio,vo,26093,
41102321,Stichting Kath. Scholengem. Etten Leur en omgeving KSE,rio,vo,26093,
41102332,"Libréon, Stichting voor Katholiek en Openbaar Voortgezet Onderwijs",besturenlijst,vo,42992,
41102332,Stg Kath Vo Breda Eo,rio,vo,42992,
41102332,Stichting Katholiek Voortgezet Onderwijs Breda e.o./Skvob,rio,vo,42992,
41102332,Stichting Katholiek Voortgezet Onderwijs Breda eo,rio,vo,42992,
41102508,"INOS, Stichting Katholiek Onderwijs Breda",besturenlijst,bo+so,41407,
41102508,"INOS, Stichting Katholiek Onderwijs",rio,bo+so,41407,
41102508,Juan Luis Vives Stichting,rio,bo+so,41407,
41102508,Stg Rk Ond Teteringen,rio,bo+so,41407,
41102604,Stichting Nutsscholen Breda,besturenlijst,bo,40637,
41102645,Stichting Primair onderwijs in de gemeente Zundert,besturenlijst,bo,78066,
41102645,Stichting Primair Onderwijs in de gemeente Zundert,rio,bo,78066,
41102645,Stichting RK scholen in de gemeente Zundert,rio,bo,78066,
41102645,Stichting Rk Scholen In De Gemeente Zundert,rio,bo,78066,
41102659,Stichting R.K. Mytylschool Roosendaal,besturenlijst,so,75778,
41102659,Stichting Mytylschool Roosendaal,rio,so,75778,
41102967,Stichting Katholiek Onderwijs Ginneken,besturenlijst,bo,32203,
41103012,Stg. Katholiek Primair Onderw. Etten-Leur,besturenlijst,bo+so,55303,
41103012,Stg Kath Ond Id Par Vd H Petrus Eo Te E-Leur,rio,bo+so,55303,
41103012,Stichting Katholiek Primair Onderwijs Etten Leur,rio,bo+so,55303,
41103031,Stichting Monseigneur Frencken,besturenlijst,vo,43239,
41103031,Stg Kath Alg Voortgezet VWO voor Oosterhout eo,rio,vo,43239,
41104408,Stichting Avans,besturenlijst,ho,30183,
41104408,Het College van Bestuur van de Hogeschool Brabant,rio,ho,30183,
41104408,Stg Hogescholen West En Midden Brabant,rio,ho,30183,
41104408,Stichting Brabantse Hogescholen,rio,ho,30183,
41104616,Stiching Breda University of Applied Sciences,besturenlijst,ho,30332,
41104616,CvB Nat H voor Toerisme en Verkeer Breda,rio,ho,30332,
41104616,Stichting NHTV Int. hogeschool Breda,rio,ho,30332,
41104616,Stichting NHTV internationale hogeschool Breda,rio,ho,30332,
41105255,Borgesiusstichting,besturenlijst,bo,31017,
41105255,Borgesius Stichting,rio,bo,31017,
41105255,Stg Kath Onderwijs Oudenbosch,rio,bo,31017,
41105255,Stichting Het Barlake,rio,bo,31017,
41105340,Stichting Curio Onderwijsgroep West-Brabant,besturenlijst,mbo+vo,31107,
41105340,Curio,rio,mbo+vo,31107,
41105340,Samenwerkingsstichting voor BVE en VO Breda,rio,mbo+vo,31107,
41105340,Stg Kath Mbo En Volw Educ Breda Eo,rio,mbo+vo,31107,
41105340,Stichting ROC West-Brabant,rio,mbo+vo,31107,
41105340,Stichting Regionaal Opleidingencentrum regio Breda,rio,mbo+vo,31107,
41105843,Stichting Delta Onderwijs,besturenlijst,bo+so+vo,40278,
41105843,Stichting Delta-Onderwijs,rio,bo+so+vo,40278,
41105843,Stichting Delta-onderwijs,rio,bo+so+vo,40278,
41105843,Stichting Katholiek Onderwijs in de Gemeente Oosterhout,rio,bo+so+vo,40278,
41106257,Lowys Porquinstichting,besturenlijst,bo+so+vo,40517,
41106257,Lowijs Porquinstichting,rio,bo+so+vo,40517,
41107326,Stichting v. Alg. Bijz. Basis Onderwijs,besturenlijst,bo,40980,
41107326,Stichting voor Algemeen Bijz. Basis Onderwijs,rio,bo,40980,
41107326,Stichting voor Algemeen Bijzonder Basis Onderwijs,rio,bo,40980,
41111058,Elevantio,besturenlijst,bo+so,40803,
41111058,Onderwijsgroep Perspecto,rio,bo+so,40803,
41111058,Stg Kath Ond Zuid Oost Zeeuwsch Vlaanderen,rio,bo+so,40803,
41111058,Stichting R.K. en P.C. Onderwijs De Linie,rio,bo+so,40803,
41111058,Stichting RK en PC Onderwijs Oost Zeeuws Vlaanderen,rio,bo+so,40803,
41111058,"Stichting Scholengroep LeerTij Openbaar, PC en RK onderwijs",rio,bo+so,40803,
41111058,"Stichting Scholengroep LeerTij, voor Openbaar, PC en RK onderwijs",rio,bo+so,40803,
41113526,"Stg. th Verstr. C.o. op G.G., uitgaande van de Geref. G.i.N.",besturenlijst,bo,70358,
41113526,St. Verstr. CO op GGU vd Ger. Gem. in Ned. Goes/Kruiningen,rio,bo,70358,
41113526,Stichting tot het Verstrekken van Onderwijs op Gereformeerde Grondslag Goes,rio,bo,70358,
41113537,Stichting Prisma Scholengroep,besturenlijst,bo,77533,
41113537,Stg Kath Onderwijs Goes Middelburg Vlissingen,rio,bo,77533,
41113537,Stg Kath Onderwys Goes Middelburg Vlissingen,rio,bo,77533,
41113537,Stg Katholiek en Interconfessioneel Primair Onderwijs Noord- en Midden-Zeeland,rio,bo,77533,
41113537,Stg. Kath./Interc. Pr. Onderw. Noord- en Midden-Zeeland,rio,bo,77533,
41113537,Stichting Katholiek Primair Onderwijs Noord- en Midden-Zeeland,rio,bo,77533,
41113537,Stichting Prisma,rio,bo,77533,
41113593,St. tot het verstrekken van Onderwijs Gereform. Grondslag,besturenlijst,bo,81902,
41113593,Stg Tt Verstr Ond Op Gg Uitg Geref Gem In Ned,rio,bo,81902,
41113593,Stg tot Verstr Ond op Gg Uitg Geref Gem in Ned,rio,bo,81902,
41113717,Stichting voor Basisonderwijs op Gereformeerde Grondslag,besturenlijst,bo,81967,
41113717,Stg V Kl En Lo Op Geref Grondslag,rio,bo,81967,
41113717,Stg v KL en LO op Geref Grondslag,rio,bo,81967,
41113833,Stg. v. Spec. Onderw. op Geref. Grondsl. in Zeeland,besturenlijst,so,84151,
41113833,Stg v Speciaal Ond Buo Op Geref Grondsl in Zlnd,rio,so,84151,
41114014,Stichting HZ University of Appl. Scienc.,besturenlijst,ho,30246,
41114014,Het College van Bestuur van de Hogeschool Zeeland,rio,ho,30246,
41114014,Stichting HZ University of Applied Sciences,rio,ho,30246,
41114019,Stichting tot het verstrekken onderw. op Gereform. grondslag,besturenlijst,bo,30263,
41114019,Stg Verstr Ond Op Geref Grndsl Ger Gem In Ned,rio,bo,30263,
41114019,Stg Verstr Ond op Geref Grndsl Ger Gem in Ned,rio,bo,30263,
41114032,Stichting tot het verstrekken Onderwijs Gereform. Grondslag,besturenlijst,bo,30145,
41114032,Stg Tt Verstr Ond Geref Grndslg Uitg G G In Ned,rio,bo,30145,
41114032,Stg tot Verstr Ond Geref Grondslag Uitg GG In Ned,rio,bo,30145,
41114163,Stichting voor Basisonderwijs Algem. Grondslag  Middelburg,besturenlijst,bo,30715,
41114163,Stichting voor Basisonderwijs Op Algemene Grondslag Te Middelburg,rio,bo,30715,
41115327,Scalda Stg. middelbaar beroepsond./volwasseneneduc.,besturenlijst,mbo,40870,
41115327,Stg. Reg. Opleidingscentrum ROC Westerschelde-ROC Zeeland,rio,mbo,40870,
41115327,Stichting Regionaal Opleidingencentrum ROC Westerschelde-ROC Zeeland,rio,mbo,40870,
41115327,Stichting Regionaal Opleidingencentrum Zeeland,rio,mbo,40870,
41115349,Stichting Ozeo,besturenlijst,so+vo,40876,
41115349,Ozeo,rio,so+vo,40876,
41115349,Stg Samenwerkingsscholen v SO en VSO Zeeland,rio,so+vo,40876,
41115349,Stichting RESPONT,rio,so+vo,40876,
41115349,Stichting Respont,rio,so+vo,40876,
41115349,Stichting samenwerkingsscholen voor SBO en Praktijkonderwijs in Zeeland,rio,so+vo,40876,
41115393,Stichting voor Openbaar Voortgezet Onderwijs op Walcheren,besturenlijst,vo,13555,
41115393,Stichting voor Voortgezet Onderwijs op Walcheren,rio,vo,13555,
41118166,Katholieke Stichting Willibrordus,besturenlijst,bo,69799,
41118166,Katholieke Stichting Willibrordus Oud Beyerland,rio,bo,69799,
41118426,Katholieke Stichting voor Onderwijs te Oude Tonge,besturenlijst,bo,64169,
41118426,Stg Kath Ond,rio,bo,64169,
41118426,Stichting Katholiek Onderwijs,rio,bo,64169,
41118426,Stichting voor Katholiek Onderwijs,rio,bo,64169,
41119985,Stg. Verstr. Christ. Onderwijs op Gereformeerde Grondslag,besturenlijst,bo,31077,
41119985,Stg tot het Verstr v Chr Ond op Geref Grondslag,rio,bo,31077,
41120110,"Stg H3O v christ. peuterwerk kinderopv., prim./voortg. ond.",besturenlijst,bo+so+vo,30582,
41120110,"Stg H3O v Christelijk Peuterwerk Kinderopvang, Primair en Voortgezet Onderwijs",rio,bo+so+vo,30582,
41120110,Stichting Protestants Christelijk Onderwijs Dordrecht,rio,bo+so+vo,30582,
41121866,Stichting Reg. Opl.centr. Z-Holland Zuid,besturenlijst,mbo,40771,
41121866,Stichting Regionaal Opleidingscentrum Zuid Holland Zuid,rio,mbo,40771,
41125641,Martinusstichting voor spec. en voortgezet spec. ond.,besturenlijst,so,71371,
41125641,Sint Martinus Stichting voor Rooms Kath. Buiteng. Onderw.,rio,so,71371,
41125641,Sint Martinus Stichting voor Rooms Katholiek Buitengewoon Onderwijs,rio,so,71371,
41126201,Stichting Grafisch Lyceum Rotterdam,besturenlijst,mbo+vo,67237,
41126311,Stg. PCPO Capelle a.d. IJssel en Krimpen aan den IJssel,besturenlijst,bo+so,43227,
41126311,Stg Prot Chr Basisond Capelle Ad Yssel,rio,bo+so,43227,
41126311,Stg Prot Chr PO te Capelle aan den IJssel en Krimpen aan den IJssel,rio,bo+so,43227,
41126311,Stichting Protestants Christelijk Primair Onderwijs Capelle aan den IJssel,rio,bo+so,43227,
41126540,Stg. Protestants-Christelijk Basis- en Orthopedag. Onderw.,besturenlijst,bo+so,47595,
41126540,Stichting voor Protestants Christelijk Basisonderwijs te Rotterdam Zuid,rio,bo+so,47595,kort
41126715,Stichting Scholengemeenschap Montessori Lyceum Rotterdam,besturenlijst,vo,47711,
41126799,Stichting Rotterdamse Schoolvereniging,besturenlijst,bo,46723,
41126799,Stichting Rotterdamse School Vereniging,rio,bo,46723,
41126801,"Stichting Codarts, Hogeschool voor de Kunsten",besturenlijst,ho,24832,
41126801,"Codarts, Hogeschool voor de Kunsten",rio,ho,24832,
41126801,De Centrale Directie van de Hogeschool voor Muziek en Theater Rotterdam,rio,ho,24832,
41126801,Stichting Hogeschool voor Muziek en Dans,rio,ho,24832,
41129306,Stg. Katholiek Voortg. Onderw. Rotterdam,besturenlijst,vo,42507,
41129306,Stichting Katholiek Voortgezet Onderwijs Rotterdam,rio,vo,42507,
41129776,Stichting Islamitisch Primair Onderwijs Rijnmond (SIPOR),besturenlijst,bo,30731,
41129776,SIPOR,rio,bo,30731,
41129776,Stichting Islamitisch Kollege,rio,bo,30731,
41129776,Stichting Islamitisch Primair Onderwijs Rijnmomd,rio,bo,30731,
41129776,Stichting Islamitisch Primair Onderwijs Rijnmond,rio,bo,30731,
41129830,Stichting Hogeschool Rotterdam,besturenlijst,ho,30299,
41129830,Het College van Bestuur van de Hogeschool Rotterdam,rio,ho,30299,
41130361,Stichting Interconfessioneel Basisonderwijs te Rotterdam eo,besturenlijst,bo,40269,
41130361,Stichting van Interconfessioneel Basisonderwijs te Rotterdam eo,rio,bo,40269,
41130686,Stichting Onderwijs Koninklijke Auris Groep,besturenlijst,so,41314,
41130686,Stichting Onderw. Koninkl. Auris Groep,rio,so,41314,
41130935,Stichting Islamitisch College,besturenlijst,bo,31080,
41130935,Stg Islamitisch College,rio,bo,31080,
41131703,Stichting STC-Group,besturenlijst,mbo+vo,31127,
41131703,Stg Scheepvaart - En Transportonderwijs,rio,mbo+vo,31127,
41131703,Stichting Scheepvaart en Transportonderwijs,rio,mbo+vo,31127,
41131797,Stichting voor Educatie en Beroepsonderwijs Zadkine,besturenlijst,mbo,31222,
41131797,Stg. v. Educat. en Ber.onderw. Zadkine,rio,mbo,31222,
41131797,Stichting ROC voor Educatie en Beroepsonderwijs Zadkine,rio,mbo,31222,
41132991,Stichting Albeda,besturenlijst,mbo,40290,
41132991,Stg. Int.conf. Ber.-/A.V.O.V.- Educatie voor Rotterdam e.o.,rio,mbo,40290,
41132991,Stichting voor Interconf Beroepen Onderwijs en AVO en Ve R-Dam eo,rio,mbo,40290,
41135124,Stg. Bijzond. Scholen voor OAG Spijkenisse,besturenlijst,bo,40753,
41135124,Stg Bijz Sch v Ond op Alg Grondslag Spykenisse,rio,bo,40753,
41135124,Stg Byz Sch V Ond Op Alg Grondslag Spykenisse,rio,bo,40753,
41135125,Stichting Opwijs,besturenlijst,bo,40774,
41135125,"Stg. Prot. Chr. Onderwijs Hillegersb. Schiebr., Emmasch.",rio,bo,40774,
41135125,Stg. Protest.-Chr. Onderwijs Hillegersberg-Schiebroek,rio,bo,40774,
41135125,Stichting PCO Hillegersberg-Schiebroek,rio,bo,40774,
41135125,Stichting Protestants Christelijk Onderwijs Hillegersberg Schiebroek,rio,bo,40774,
41135161,Stichting Hout- en Meubileringscollege,besturenlijst,mbo,40737,
41135161,Stichting Hout En Meubileringscollege,rio,mbo,40737,
41141117,Stichting Katholiek Onderwijs Maasland,besturenlijst,bo,62778,
41141117,'Stg. Kath. Onderw. Maasland',rio,bo,62778,
41141191,Stichting voor Interconfess. (rk/pc) en Katholiek Onderwijs,besturenlijst,bo,22725,
41141191,Stg. v. Interconfessioneel en Katholiek Onderwijs,rio,bo,22725,
41141191,Stichting voor Interconfessioneel (rk/pc) en Katholiek Onderwijs,rio,bo,22725,
41141401,Stichting St.- Jozef M.A.V.O. te Vlaardingen,besturenlijst,vo,48648,
41141401,Stichting Sint Jozef Mavo,rio,vo,48648,
41141401,Stichting St. Jozef M.A.V.O. te Vlaardingen,rio,vo,48648,
41141440,Sticht. voor Katholiek Onderw. Sint-Liduina,besturenlijst,vo,23155,
41141440,Stg V Kath Ond St Liduina,rio,vo,23155,
41141440,Stichting voor Katholiek Onderwijs Sint Liduina,rio,vo,23155,
41145285,Herman Broerenstichting,besturenlijst,so,38209,
41145285,Herman Broeren Stichting,rio,so,38209,
41145292,Westlandse Stichting Katholiek Onderwijs (WSKO),besturenlijst,bo,20671,
41145292,Kath Schstg Kwintsheul Wateringen,rio,bo,20671,
41145292,Stichting Katholiek Primair Onderwijs Westland,rio,bo,20671,
41145292,Westlandse Stichting Katholiek Onderwijs,rio,bo,20671,
41145357,Stichting Katholiek Onderwijs Pijnacker,besturenlijst,bo,75531,
41145397,Stichting Samenwerkende Vrijescholen Zuid-Holland,besturenlijst,bo,61960,
41145397,Stichting De Vrije School Delft en omgeving,rio,bo,61960,
41145397,Stichting de Vrije School Delft en omstreken,rio,bo,61960,
41145397,Stichting de Vrije School Widar,rio,bo,61960,
41145423,Stichting Reformatorisch Onderwijs,besturenlijst,bo,26613,
41145807,Stichting Christelijk Onderwijs Delft e.o.,besturenlijst,bo+vo,83228,
41145807,Stg Prot Chr BSO te Delft,rio,bo+vo,83228,
41145807,Stg Prot Chr Bso Te Delft,rio,bo+vo,83228,
41145807,Stichting P.C.B.O. te Delft en omstreken e.o.,rio,bo+vo,83228,
41146390,"Stg. Lentiz Onderwijsgroep, s.w.s. voor BVE/VO ih Wl/NWN",besturenlijst,mbo+vo,31137,
41146390,Samenwerkingsstichting voor BVE en VO in het Westland en de nieuwe Waterweg Nrd,rio,mbo+vo,31137,
41146390,Stg Agrarisch Onderwijs Centrum Zuid Holland W,rio,mbo+vo,31137,
41146390,"Stg Lentiz Onderwijsgr, swsstg v BVE en VO in het Westl en de Nieuwe Waterw Nrd",rio,mbo+vo,31137,
41146390,Stichting Holland-Maas Onderwijsgroep,rio,mbo+vo,31137,
41146390,"Stichting Lentiz Onderwijsgroep, s.w.s. voor BVE en VO in Zuid West Nederland",rio,mbo+vo,31137,
41149264,Stichting S. Adelbert College,besturenlijst,vo,77741,
41149264,Stichting S Adelbertcollege,rio,vo,77741,
41149483,Kardinaal Alfrink Stichting,besturenlijst,vo,80082,
41149483,Kardinaal Alfrink Stg Zoetermeer,rio,vo,80082,
41149716,Stichting Christel. Onderwijs Haaglanden,besturenlijst,bo+so+vo,70176,
41149716,Stg Chr Ond,rio,bo+so+vo,70176,
41149716,Stg Chr Ond Haaglanden v basis en voortg spec ond,rio,bo+so+vo,70176,
41150103,Stichting SOMA College,besturenlijst,mbo,34386,
41150103,Stg Beroepsonderwys Weg En Waterbouw,rio,mbo,34386,
41150103,Stichting SBW-SOMA-college,rio,mbo,34386,
41150103,Stichting SOMA-College,rio,mbo,34386,
41150185,Stichting Hotelschool Den Haag,besturenlijst,ho,60763,
41150185,Het College van Bestuur van de Hotelschool Den Haag,rio,ho,60763,
41150342,Stichting Haagsche Schoolvereeniging,besturenlijst,bo+so,95694,
41150342,Stichting Haagsche School Vereniging,rio,bo+so,95694,
41150726,Stichting Erasmus College,besturenlijst,vo,37052,
41150726,Stichting Samenwerking School Voortgezet Onderwijs Zoetermeer,rio,vo,37052,
41150726,Stichting Samenwerkingsscholen Voortgezet Onderw. Zoetermeer,rio,vo,37052,
41150857,Stichting 'Het Rijnlands Lyceum',besturenlijst,bo+vo,46879,
41150857,Stg Het Rynlands Lyceum,rio,bo+vo,46879,
41150857,Stichting Het Rijnlands Lyceum,rio,bo+vo,46879,
41150861,Stichting Katholiek Onderwijs Wassenaar,besturenlijst,bo,68329,
41150861,SKOW,rio,bo,68329,
41150861,Stichting Katholiek Onderwijs Sint Willibrordus Wassenaar,rio,bo,68329,
41154695,Stichting Hindoe Onderwijs Nederland,besturenlijst,bo,30709,
41154695,HINDOE Onderwijs,rio,bo,30709,
41154695,Hindoe Onderwijs,rio,bo,30709,
41154695,Stichting Hindoe Onderwijs,rio,bo,30709,
41155107,Stichting J.C. Pleysier College,besturenlijst,so,30815,
41155107,Stg De Heilpedagogische Samenwssch V Vso A Zmok,rio,so,30815,
41155107,Stg de Heilpedagogische Samenwssch v VSO a ZMOK,rio,so,30815,
41155107,Stichting J.C. Pleysierschool,rio,so,30815,
41155721,Stichting Kievietschool,besturenlijst,bo,31019,
41155721,Stg Kievietschool,rio,bo,31019,
41156013,Stichting Hogeschool der Kunsten Den Haag,besturenlijst,ho,30923,
41156013,"Het College van Bestuur van de Hogeschool van Beeldende Kunsten, Muziek en Dans",rio,ho,30923,
41157026,"Islam. Stg. Ned. Ond. en Opv.- ISNO, Yunus Emre Den Haag",besturenlijst,bo,40272,
41157026,"Isl. Stg. Ned. Ond./Opv.-ISNO, Yunus Emre Den Haag",rio,bo,40272,
41157026,"Islamitische Stg Nederland voor Ondw en Opvoeding-ISNO, Yunus Emre Den Haag",rio,bo,40272,
41157026,Islamitische Stichting Nederlands voor Ondwijs en Opvoeding Isno Emre,rio,bo,40272,
41158916,Stichting Lucas Onderwijs,besturenlijst,bo+so+vo,20281,
41158916,Lucas Stichting,rio,bo+so+vo,20281,
41158916,Stichting Confessioneel Onderwijs Lucas,rio,bo+so+vo,20281,
41159510,Stichting mboRijnland,besturenlijst,mbo,40800,
41159510,Stg Regionaal Opleidings Centrum Midwest Groep,rio,mbo,40800,
41159510,Stichting ID College Regionaal Opleidingen Centrum,rio,mbo,40800,
41159510,Stichting ROC Midwest Groep,rio,mbo,40800,
41159510,Stichting Reg. Opl.centr. ID College,rio,mbo,40800,
41159605,Stichting Kentalis Onderwijs,besturenlijst,so,54679,
41159605,Stichting Effatha Guyot Onderwijs,rio,so,54679,
41159605,Stichting Onderwijs Effatha,rio,so,54679,
41159605,Vereniging Effatha,rio,so,54679,
41160449,Laurentius Stichting voor Kathol. Primair Onderwijs,besturenlijst,bo+so+vo,40928,
41160449,Laurentius Stichting voor Katholiek Primair Onderwijs,rio,bo+so+vo,40928,
41165223,Stg. voor Voortg. Onderwijs op Interconfessionele Grondslag,besturenlijst,vo,40003,
41165223,Stg. Voortg. Onderwijs op Interconfessionele Grondslag,rio,vo,40003,
41165223,Stichting voor Voortgezet Onderwijs op Interconfessionele Grondslag,rio,vo,40003,
41165477,Stichting Morgenwijzer,besturenlijst,bo,28601,
41165477,Stg Kath Bso Alphen Ad Ryn,rio,bo,28601,
41165477,Stg. Katholiek Basisonderwijs Alphen aan den Rijn,rio,bo,28601,
41165477,Stichting Katholiek BSO Alpen ad Ryn,rio,bo,28601,
41165477,Stichting voor Katholiek B.o. Alphen aan den Rijn,rio,bo,28601,
41165490,Stichting Prof. Dr. Leo Kanneronderw.grp,besturenlijst,so,30968,
41165490,Stg Prof Dr Leo Kannersch,rio,so,30968,
41165490,Stg Prof dr Leo Kannersch,rio,so,30968,
41165490,Stichting Prof. Dr. Leo Kanneronderw.gr.,rio,so,30968,
41165490,Stichting Professor Dr. Leo Kanneronderwijsgroep,rio,so,30968,
41165717,Stichting Katholieke Scholen Oegstgeest,besturenlijst,bo,75206,
41165717,Jenaplanschool De Kring - Stichting Katholieke Scholen Oegstgeest,rio,bo,75206,
41165717,Stichting Katholieke School Oegstgeest,rio,bo,75206,
41166061,Stichting Confessioneel Onderwijs Leiden,besturenlijst,bo+vo,57266,
41166061,Stichting Katholiek Onderwijs Leiden,rio,bo+vo,57266,
41166408,Stichting Jenaplanscholen Bollenstreek,besturenlijst,bo,82747,
41166408,Stichting Jenaplanscholen Lisse,rio,bo,82747,
41167218,Stichting Hogeschool Leiden,besturenlijst,ho,30163,
41167218,Het College van Bestuur van de Hogeschool Leiden,rio,ho,30163,
41167218,Stichting Leidse Hogeschool voor Beroepsonderwijs,rio,ho,30163,
41167634,Stg. v. Chr. Bas.onderw. op Ref. Grondslag voor Katwijk eo,besturenlijst,bo,30849,
41167634,Stg v Chr BSO op Reform Grondslag v Katwijk eo,rio,bo,30849,
41167880,Stichting Islamitische Scholen Rijn en Gouwe,besturenlijst,bo,31118,
41167880,Stichting Islamitische Basisscholen voor Alphen ad Rijn en Omgeving,rio,bo,31118,
41167880,Stichting Islamitische scholen Rijn en Gouwe,rio,bo,31118,
41169557,Stichting Katholiek en Openbaar Onderwijs Noord Hofland,besturenlijst,bo,40745,
41170118,St. Samenwerkende Basisscholen Alkemade,besturenlijst,bo,40969,
41170118,Stichting Samenwerkende Basisscholen Alkemade,rio,bo,40969,
41170118,Stichting Samenwerkende Basisscholen Alkemade Bijzonder Onderwijs,rio,bo,40969,
41172140,Stg. voor interconfessioneel (rk/pc) Prakt.onderw. Woerden,besturenlijst,vo,78132,
41172140,Stichting Oecumenisch Voortgezet Speciaal Onderwijs Woerden,rio,vo,78132,
41172140,Stichting voor interconfessioneel (rk/pc) Praktijkonderwijs Woerden,rio,vo,78132,
41172323,Sticht. Verstr. Basisonderwijs op Gereformeerde Grondslag,besturenlijst,bo,34919,ja
41172323,Stg tot het Verstr v BSO op Gereformeerde Grondsl,rio,bo,34919,
41172485,Stg. Reformatorisch Onderwijs voor Woerden en omgeving,besturenlijst,bo,43188,
41172485,Stichting Reformatorisch Onderwijs voor Woerden en omgeving,rio,bo,43188,
41173994,Stg tot instandhouding van Nederlandse Hervormde Chr. scholen te Waddinxveen,besturenlijst,bo,20243,
41174298,"De Groeiling, Stg. katholiek interconfess. primair onderw.",besturenlijst,bo+so,40765,
41174298,"De Groeiling, Stichting voor katholiek en interconfessioneel basisonderwijs",rio,bo+so,40765,
41174298,Stichting Rooms Katholiek Basisonderwijs De Groene Waarden,rio,bo+so,40765,
41174338,Stg. Christ. Voortg. Onderwijs Reform. Grondsl. Driestar-Wartburg,besturenlijst,vo,40784,
41174338,Stg v Chr VO Op Reform Grondslag De Driestar,rio,vo,40784,
41174338,Stg. Christ. Voortg. Onderwijs Reform. Grondsl. 'De Driestar,rio,vo,40784,
41174338,Stichting Driestar-Wartburg,rio,vo,40784,
41174339,Stichting Driestar educatief,besturenlijst,ho,40781,
41174339,College van Bestuur Driestar educatief,rio,ho,40781,
41174339,De Centrale Directie van de Christelijke Hogeschool De Driestar,rio,ho,40781,
41174339,Stg V Chr Ho Op Reform Grondslag De Driestar,rio,ho,40781,
41174339,Stichting BGS-Driestar,rio,ho,40781,
41177105,Stichting Werkplaats Kindergemeenschap,besturenlijst,bo+vo,76740,
41177105,Bestuur Stichting Werkplaats Kinder Gemeenschap,rio,bo+vo,76740,
41177227,Stichting Hervormde Scholen voor Basisonderwijs,besturenlijst,bo,70085,
41177227,Stg Opr Insth Herv Sch KO en LO,rio,bo,70085,
41177625,Katholieke Scholenstichting Utrecht (K.S.U.),besturenlijst,bo+so,77195,
41177625,Katholieke Scholenstichting Utrecht,rio,bo+so,77195,
41177625,Katholieke School Stichting Utrecht,rio,bo+so,77195,
41177647,"Het Sticht, Sticht. Katholiek/Algemeen Bijz. Primair Onderw.",besturenlijst,bo,69447,
41177647,"Het Sticht, Sticht. Katoliek/ Algemeen Bijz. Primair Onderw.",rio,bo,69447,
41177647,"Het Sticht, stichting voor katholiek primair onderwijs te Zeist",rio,bo,69447,
41177647,Stichting Katholiek Basisonderwijs Zeist en Omstreken,rio,bo,69447,
41177647,Stichting Scholen V Rk Kleuter En Basisonderwys,rio,bo,69447,
41177737,"Stichting Trinamiek, stichting v kath, opb en alg-bijz primair en voortgezet ond",besturenlijst,bo+so,77975,
41177737,STICHTING KATHOLIEK ONDERWIJS LEK EN IJSSEL,rio,bo+so,77975,
41177737,Stg Lek en Yssel-Stg v Kath en Alg Bijz Primair en Voortgezet Spec Onderwijs,rio,bo+so,77975,
41177737,Stg Rk Ond Ysselstein,rio,bo+so,77975,
41177737,Stichting Lek en IJssel,rio,bo+so,77975,
41177737,Stichting Rooms Katholiek Onderwijs Lopikerwaard,rio,bo+so,77975,
41177737,"Stichting v Kath, openb en algem-bijz primair ondw en voorgezet spec onderwijs",rio,bo+so,77975,
41178034,Stichting voor Christ. Voortgez. Onderw.,besturenlijst,vo,80328,
41178034,Stg Chr Vhmo Veenendaal,rio,vo,80328,
41178034,Stichting voor Christelijk Voortgezet Onderwijs,rio,vo,80328,
41178118,Stichting Overvecht Zuid Voor Het Katholiek Onderwijs,besturenlijst,bo,77052,
41178118,Stichting Katholiek Onderwijs Overvecht Zuid,rio,bo,77052,
41178220,Stichting Vrije School De Vuurvogel,besturenlijst,bo,59919,
41178220,Stg Vrye Sch Driebergen,rio,bo,59919,
41178220,Stichting Vrije School Driebergen,rio,bo,59919,
41178483,Stg Scholen voor Christelijk Basisonderwijs Zeist e.o.,besturenlijst,bo,35466,
41178483,Stichting Scholen voor Christelijk Basisonderwijs,rio,bo,35466,
41178565,Jordan Montessori Lyceum Utrecht,besturenlijst,vo,76753,
41178565,Stichting Montessori Lyc. Herman Jordan,rio,vo,76753,
41178565,Stichting Montessori Lyceum Herman Jordan,rio,vo,76753,
41178565,Stichting Utrecht Lyceum Gegrondvest Op De Methode Montessori,rio,vo,76753,
41178566,Stg. CVO op reform. grondslag Veenendaal en omgeving,besturenlijst,vo,69994,
41178566,Stichting Voortgezet Onderwijs Reformatorisch Grondslag Veenendaal,rio,vo,69994,
41178596,Katholieke Scholenstichting Fectio,besturenlijst,bo,43318,
41178596,Katholieke Scholenstichting FECTIO,rio,bo,43318,
41178596,Rooms Katholieke Scholenstichting te Houten,rio,bo,43318,
41178879,"Stichting R.K. Basisscholen Vleuten, De Meern, Haarzuilens",besturenlijst,bo,32099,
41178879,Stg Rk Sch Te De Meern,rio,bo,32099,
41178879,"Stichting RK Basisscholen Vleuten, De Meern, Haarzuilens",rio,bo,32099,
41178879,Wijs!,rio,bo,32099,
41178932,Stg. tot het Verstr. van BO op Gereformeerde Grondslag,besturenlijst,bo,26626,
41178932,VGS,rio,bo,26626,ja
41178974,Stichting Hogeschool voor de Kunsten Utrecht,besturenlijst,ho,28901,
41178974,Het College van Bestuur van de Hogeschool voor de Kunsten Utrecht,rio,ho,28901,
41178990,Stichting Nimeto,besturenlijst,mbo,67991,
41178990,Stg. Nationaal Instituut voor Middelb.Econ. en Techn.onderw.,rio,mbo,67991,
41179060,Stg. tot het Verstr. van Bas. ond. op Geref. Grondsl.,besturenlijst,bo,42980,
41179060,Stichting tot het Verstrekken van Onderwijs op Gereformeerde Grondslag,rio,bo,42980,ja
41179086,Scholenstichting Pastoor Ariëns,besturenlijst,bo,52131,
41179086,Scholen Stichting Pastoor Ariens,rio,bo,52131,
41179295,"Stichting Belang. 'Schol. Bijb.' Achterberg, Gem. Rhenen",besturenlijst,bo,38222,
41179295,Stichting Behartiging Belangen School met de Bijbel op Reformatorische Grondslag,rio,bo,38222,
41179498,HIJN scholengroep,besturenlijst,vo,49155,
41179498,Stg Kath Vo Nieuwegein Ysselstein En Omstreken,rio,vo,49155,
41179498,Stg. Kath. Voortgezet Onderw. Nieuwegein/IJsselstein e.o.,rio,vo,49155,
41179498,Stichting Katholiek Voortgezet onderwijs Nieuwegein Ysselstein en Omstreken,rio,vo,49155,
41179771,De Vrije School Utrecht Coöperatief UA,besturenlijst,bo,72087,
41179771,Coöperatie De Vrije School Utrecht UA,rio,bo,72087,
41179771,Coöperatie de Vrije School Utrecht U.A.,rio,bo,72087,
41179771,Stichting De Vrije School Utrecht,rio,bo,72087,
41179783,Stg. Kath. Voortgez. Onderwijs 'De Breul',besturenlijst,vo,29278,
41179783,Stichting Katholiek Voortgezet Onderwijs 'De Breul',rio,vo,29278,
41179783,Stichting Katholiek Voortgezet Onderwijs de Breul Zeist,rio,vo,29278,
41179972,Stichting Protestants Christelijk Onderwijs Utrecht,besturenlijst,bo+so,62662,
41179972,Stg Pc Ond Te Utrecht,rio,bo+so,62662,
41179972,Stichting Protestants Christelijk Onderwijs te Utrecht,rio,bo+so,62662,kort
41180001,Sticht. Nederlands Inst. voor Katholieke Kerkmuziek,besturenlijst,bo,77091,
41180001,Nederlands Instituut voor Katholieke Kerkmuziek,rio,bo,77091,
41180001,Stichting Nederlands Instituut voor Katholieke Kerkmuziek,rio,bo,77091,
41180472,Stichting Protestants Christ. Hoger Beroepsonderwijs Utrecht,besturenlijst,ho,72230,
41180472,De Centrale Directie van de PC Hogeschool Marnix Academie,rio,ho,72230,
41182028,Stichting Universiteit voor Humanistiek,besturenlijst,ho,30816,
41184913,Stichting Montessorischool Veenendaal,besturenlijst,bo,40207,
41184913,Stg Montessorischool Veenendaal,rio,bo,40207,
41185394,Stichting Islamitisch Onderwijs Iqra,besturenlijst,bo,40389,
41185394,Stichting Islamitische Basisscholen IQRA,rio,bo,40389,
41185394,Stichting Islamitische Basisscholen Iqra,rio,bo,40389,
41185424,Stichting Jenapl. Basisschool Vlinderbos,besturenlijst,bo,40281,
41185424,Stg Jenaplanbasisschool Vlinderbos,rio,bo,40281,
41185701,Stichting Montessori Onderwijs Houten,besturenlijst,bo,40350,
41186216,Stichting voor Bijzonder Voortgezet Onderwijs Bilthoven,besturenlijst,vo,40505,
41186931,Stichting ROC Midden Nederland,besturenlijst,mbo,40597,
41186931,Stg Reg Opleidingen Centrum Midden Nederland,rio,mbo,40597,
41186931,Stichting Regionaal Opleidingen Centrum Utrecht,rio,mbo,40597,
41188303,"Stg. 'Het Baarnsch Lyceum', Scholengemeenschap v. VWO/HAVO",besturenlijst,vo,76688,
41188303,Stichting Baarnschool Lyceum Scholengemeenschap VWO en HAVO,rio,vo,76688,
41188411,Stichting 'van der Huchtscholen',besturenlijst,bo,97358,
41188411,Stichting van de Huchtschool,rio,bo,97358,
41188689,Stg. Kath. Praktijkonderwijs Amersfoort en Omstreken,besturenlijst,vo,45697,
41188689,Stichting Katholiek Praktijkonderwijs Amersfoort,rio,vo,45697,
41188689,Stichting Katholiek SO en VSO Amersfoort eo,rio,vo,45697,
41188779,"Stichting AnnoNu, scholengroep voor katholiek onderwijs",besturenlijst,bo+so,71488,
41188779,Stg Kath Basisonderwijs Amersfoort,rio,bo+so,71488,
41188779,Stg. v. Kath. Primair Onderw. Amersfoort en Omstreken,rio,bo+so,71488,
41188779,"Stichting AnnoNu, scholengroep voor Katholiek Onderwijs",rio,bo+so,71488,
41188779,Stichting voor Katholiek Primair Onderwijs Amersfoort en Omstreken,rio,bo+so,71488,
41189431,"de Passie, stichting voor Evang. Bijb.getr. Onderw.",besturenlijst,bo+vo,41142,
41189431,Stg. Evangelisch Bijbelgetrouw Voortgezet Onderwijs,rio,bo+vo,41142,
41189431,Stichting Evangelisch Bijbelgetrouw Voortgezet Onderwijs,rio,bo+vo,41142,
41189552,Stg. voor Onderwijs op Islamitische grondslag in Midden- en Oost Nederland,besturenlijst,bo,31076,
41189552,SIMON scholen,rio,bo,31076,
41189552,Stg. O.w. op Islam. grondsl.in Midden&Oost-Nederland (SIMON),rio,bo,31076,
41189552,Stg. Onderw. Islamit. grondsl. Midden- en Oost-Nederland,rio,bo,31076,
41189552,Stg. Onderw. op Isl. grondslag in Midden- en Oost-Nederland,rio,bo,31076,
41189552,Stichting Islamitisch Basisonderwijs,rio,bo,31076,
41189552,Stichting Primair Onderwijs op Islamitische grondslag in Midden- en Oost-Ned,rio,bo,31076,
41189552,Stichting voor Onderwijs op Islamitische grondslag in Midden- en Oost-Nederland,rio,bo,31076,
41189899,Stichting Meerscholen,besturenlijst,vo,40180,
41189899,STICHTING MEERSCHOLEN,rio,vo,40180,
41189899,STICHTING MERIDIAAN COLLEGE kath. sch.gem. voortg. onderw.,rio,vo,40180,
41189899,Stg Meridiaan College Katholieke Sgm Voor VO,rio,vo,40180,
41190166,Stichting 's Heeren Loo Zorggroep,besturenlijst,so,21712,
41190166,Stichting Zorgverlening 's Heeren Loo,rio,so,21712,
41190166,Ver t Opv Verz Beh van Mens m e Verst Handicap,rio,so,21712,
41190685,Stichting Monton,besturenlijst,bo,41226,
41190685,Stichting Montessori-Onderwijs Monton,rio,bo,41226,
41192003,Stichting Rooms Kathol. Onderw. Naarden,besturenlijst,bo,53210,
41192003,Stichting Rooms Katholiek Onderwijs Naarden,rio,bo,53210,
41192586,Stichting Rooms Katholiek Onderwijs Huizen,besturenlijst,bo,74426,
41192650,Stichting Katholiek Basisonderwijs De Hoeksteen,besturenlijst,bo,53197,
41192699,Stichting Katholiek Montessori Onderwijs Bussum,besturenlijst,bo,25664,
41192699,Stg Kath Montessori Ond Bussum te Bussum,rio,bo,25664,
41193099,Stichting Vrijescholen Midden-Nederland,besturenlijst,bo,82981,
41193099,Stg Vrye Sch Michael,rio,bo,82981,
41193099,Stichting Vrije School Michael,rio,bo,82981,
41194591,Stichting v. Prot. Christelijk Voortgezet Onderwijs,besturenlijst,vo,40590,ja
41194591,Stg Voor Chr Voortgezet Onderwys,rio,vo,40590,
41194591,Stg voor Chr Voortgezet Onderwijs,rio,vo,40590,
41194715,Stichting Volant,besturenlijst,vo,40683,
41194715,Stg Interconf Rk Pc Voortgez Ond In Het Gooi,rio,vo,40683,
41194715,Stg. Interconfessioneel(RK/PC) Voortgezetonderwijs het Gooi,rio,vo,40683,
41194715,Sticht. Interconfess. (RK/PC) Voortgezet Onderwijs i.h. Gooi,rio,vo,40683,
41194715,Stichting Interconf RK PC Voortgezet Onderwijs in het Gooi,rio,vo,40683,
41194730,Stichting Alberdingk Thijm Scholen,besturenlijst,bo+so+vo,40676,
41194730,Stichting Katholiek Lyceum In Het Gooi,rio,bo+so+vo,40676,
41194730,Stichting Katholiek Lyceum in het Gooi,rio,bo+so+vo,40676,
41194730,Stichting Verenigde Scholen J.A. Alberdingk Thijm Voortgezet Onderwijs,rio,bo+so+vo,40676,
41194761,Stichting Gooise Scholen Federatie,besturenlijst,vo,40696,
41194761,Stichting Gooise Scholenfederatie,rio,vo,40696,
41194775,Stichting Algemeen Bijzonder Basisonderwijs 't Gooi,besturenlijst,bo,40714,
41194775,Stichting Alg Byzonder Basisonderwys T Gooi,rio,bo,40714,
41194775,Stichting Algemeen Bijzonder Basisonderwijs t Gooi,rio,bo,40714,
41194777,Stg. Interconf. (PC/RK) B.ond. Naarden,besturenlijst,bo,40720,
41194777,Stichting Interconf PC RK Basisond Naarden,rio,bo,40720,
41194777,Stichting Interconf PC RK Basisonderwijs Naarden,rio,bo,40720,
41194777,Stichting Interconf. Bas.onderw. Naarden,rio,bo,40720,
41197261,Stichting de Amsterdamse Montessorisch.,besturenlijst,bo,48622,
41197261,Stg Kl en Basis Montessori Ond A Dam,rio,bo,48622,
41197261,Stichting De Amsterdamse Montessorischool,rio,bo,48622,
41197969,"Sticht. Kolom, Stichting voor Speciaal en Regulier Onderwijs",besturenlijst,so+vo,77690,
41197969,Stichting Gespec Onderwijs Christelijke Grondslag,rio,so+vo,77690,
41197969,"Stichting Kolom, Stg. voor Speciaal Onderwijs",rio,so+vo,77690,
41197969,"Stichting Kolom, Stichting voor Speciaal Onderwijs",rio,so+vo,77690,
41198151,Stichting Fioretti Teylingen,besturenlijst,vo,53990,
41198151,Aloysius Stichting Katholiek Voortgezet Onderwijs Duin en Bollenstreek,rio,vo,53990,
41198151,St Aloysius Stg,rio,vo,53990,
41198667,Stichting Joodse Scholengem.sch. J.B.O.,besturenlijst,bo+vo,21464,
41198667,Stg Joodse Sgm J B O,rio,bo+vo,21464,
41198667,Stichting Joodse Scholengemeenschap J B O,rio,bo+vo,21464,
41198980,Stichting Montessori Scholengemeenschap Amsterdam,besturenlijst,vo,26157,
41198980,Stichting Montessori Sgm Amsterdam,rio,vo,26157,
41199013,Stichting Nieuwe Schoolvereniging,besturenlijst,bo,94459,
41199013,Nieuwe Sch Ver,rio,bo,94459,
41199695,Stichting Amsterdamse Oecumenische Scholengroep,besturenlijst,bo,81316,
41199695,Stichting Amsterdamse Oecumenische Scholengroep 2,rio,bo,81316,
41199695,Stichting Samenwerking Christelijke Scholen Amsterdam West,rio,bo,81316,
41200090,Stichting Keizer Karel,besturenlijst,vo,71553,
41200090,Stg Keizer Karel,rio,vo,71553,
41201651,Stichting 'Tobiasschool Amsterdam',besturenlijst,so,84463,
41201651,Stichting Tobiasschool Amsterdam,rio,so,84463,
41202962,Stichting Joodse Kindergem. Cheider,besturenlijst,bo+vo,78457,
41202962,Stg Joodse Kindergem Cheider Amsterdam,rio,bo+vo,78457,
41206568,Stichting De Buitenveldertse Montessorischool,besturenlijst,bo,30320,
41206568,Stichting De Buitenveldertse Montessori School,rio,bo,30320,
41207069,Stichting voor PC en RK Lerarenopleiding voor het  Basisonderwijs in N-Holland,besturenlijst,ho,30327,
41207069,Het College van Bestuur van de Hogeschool IPABO Amsterdam/Alkmaar,rio,ho,30327,
41207069,Stichting IPABO,rio,ho,30327,
41207433,Stichting Islamitische School Amsterdam,besturenlijst,bo,30883,
41208656,"Stg. Onderwijsgr. Amstelland, stg. voor RK/PC basisonderwijs",besturenlijst,bo,40020,
41208656,"STICHTING ONDERWIJSGROEP AMSTELLAND, stichting voor RK en PC basisonderwijs",rio,bo,40020,
41208656,Stg Prot Christelijk Basisond te Amstelveen,rio,bo,40020,
41208656,Stg Prot Christelijk Basisondw Te Amstelveen,rio,bo,40020,
41210087,Stichting Nederl. Islamitische Scholen,besturenlijst,bo,40294,
41210087,Stg Nederlandse Islamitische Scholen,rio,bo,40294,
41210087,Stichting Nederlandse Islamitische scholen,rio,bo,40294,
41210838,Sticht. A'damse Hogeschool voor de Kunsten,besturenlijst,ho,30274,
41210838,Het College van Bestuur van de Amsterdamse Hogeschool voor de Kunsten,rio,ho,30274,
41210838,Stichting Amsterdamse Hogeschool voor de Kunsten,rio,ho,30274,
41212765,Stichting Islamitische Scholen El Amal,besturenlijst,bo,40400,
41212765,Stg Islamitische School El-Amal,rio,bo,40400,
41212765,Stichting Islamitische Scholen El-Amal,rio,bo,40400,
41213974,Stichting Wijzer aan de Amstel,besturenlijst,bo,40581,
41213974,Stichting Interconfessioneel Basisonderwijs Uithoorn,rio,bo,40581,
41213974,Stichting voor Interconfessioneel Basisonderwijs in Uithoorn,rio,bo,40581,
41213992,Onderwijsstichting Esprit,besturenlijst,bo+vo,40586,
41213992,Stg Voor Voortgezet Onderwijs Te Amsterdam,rio,bo+vo,40586,
41213992,Stichting Voortgezet Onderwijs te Amsterdam,rio,bo+vo,40586,
41215482,Stichting V.O. Amsterdam-Zuid,besturenlijst,vo,40776,
41215482,Stichting Voortgezet Onderwijs Amsterdam Zuid,rio,vo,40776,
41216128,Stichting Ceder Groep,besturenlijst,vo,41217,
41216128,Stichting Ceder Groep SWV v Scholen voor VO,rio,vo,41217,
41216421,Stichting Regionaal Opleidingencentrum van Amsterdam - Flevoland,besturenlijst,mbo,40833,
41216421,Stichting Regionaal Opleidingen Centrum Amsterdam en Omstreken,rio,mbo,40833,
41216421,Stichting Regionaal Opleidingencentrum van Amsterdam,rio,mbo,40833,
41222561,Stichting Beverwijkse Montessori Scholen,besturenlijst,bo,94771,
41222561,Stg Beverwykse Montessori Sch,rio,bo,94771,
41222561,Stichting Beverwijkse Montessori School,rio,bo,94771,
41222612,Stichting Scholengem.sch. Kennemer Lyc.,besturenlijst,vo,46632,
41222612,Stichting Kennemer Scholengemeenschap,rio,vo,46632,
41222612,Stichting Scholengemeenschap Kennemer Lyceum,rio,vo,46632,
41222646,Sticht. Epilepsie Instellingen Nederland,besturenlijst,so,85775,
41222646,Stichting Epilepsie Instellingen Nederland,rio,so,85775,
41222646,Stichting Instituut voor Epilepsiebestrijding,rio,so,85775,
41222738,Stichting voor Katholiek Onderwijs Aalsmeer,besturenlijst,bo,28849,
41222738,Stichting Katholiek Onderwijs Aalsmeer,rio,bo,28849,
41222941,Onderwijsstichting College Hageveld,besturenlijst,vo,78157,
41222941,Ond Stg Coll Hageveld Gymn Ath,rio,vo,78157,
41222941,Onderwijs Stichting College Hageveld Gymnasium Atheneum,rio,vo,78157,
41223010,Stichting Scholen van het Rozenkruis,besturenlijst,bo,30013,
41223010,Stg Sch Vh Rozenkruis,rio,bo,30013,
41223010,Stichting School vh Rozenkruis,rio,bo,30013,
41223020,Sticht. Katholiek Onderwijs id Par. vd Allerheil. Drie-eenh.,besturenlijst,bo,45189,
41223020,Stg Kath Ond ID PAR vd Allerh Drieeenheid,rio,bo,45189,
41223020,Stg. Kathol. Onderw. Parochie vd Allerheiligste Drieeenheid,rio,bo,45189,
41223020,Stichting Katholiek Onderwijs in de Parochie van de Allerheiligste Drieeenheid,rio,bo,45189,
41223035,Stichting Fedra,besturenlijst,bo,26158,
41223035,Cees De Goede Stg V Kath Bso,rio,bo,26158,
41223035,Cees de Goede Stg v Kath BSO,rio,bo,26158,
41223035,Cees de Goede Stichting voor Katholiek Basisonderwijs,rio,bo,26158,
41223069,Stichting Muziekinstituut van de Kathedraal Sint Bavo,besturenlijst,bo,33424,
41223069,Stichting Muziekinstituut Kathedraal St Bavo,rio,bo,33424,
41223112,Stg. R.K. Scholengemeenschap Sancta Maria,besturenlijst,vo,73646,
41223112,RK Ond Sancta Maria,rio,vo,73646,
41223112,Rk Ond Sancta Maria,rio,vo,73646,
41223112,Stichting Rooms Katholieke Scholengemeenschap Sancta Maria,rio,vo,73646,
41223193,Stichting R.K. Onderwijs Aerdenhout,besturenlijst,bo,72242,
41223193,Stg Rk Ond Aerdenhout,rio,bo,72242,
41223193,Stichting RK Onderwijs Aerdenhout,rio,bo,72242,
41224031,St. Interconfessioneel (RK/PC) Voortg. Onderw. Gregor Mendel,besturenlijst,vo,85425,
41224031,Stg Interconfessioneel RK PC VO Gregor Mendel,rio,vo,85425,
41224541,Stg. Alg. Bijzonder Onderwijs in Heemstede,besturenlijst,bo,30701,
41224541,Stichting Algemeen Bijzonder Onderwijs in Heemstede,rio,bo,30701,
41225517,Stichting Basisschool Icarus Heemstede,besturenlijst,bo,40284,
41225517,Stichting voor Basisonderwijs op Algemeen Bijzonder Grondslag,rio,bo,40284,
41225760,Stichting Atlant Basisonderwijs,besturenlijst,bo,40257,
41225760,Stg Katholiek Interconf Onderwijs Velsen,rio,bo,40257,
41225760,Stg Katholiek Onderwijs Velsen,rio,bo,40257,
41225760,Stichting B.B.V.,rio,bo,40257,
41225760,Stichting Bijzonder Basisonderwijs Velsen,rio,bo,40257,
41225760,Stichting Katholiek en Interconfessioneel Onderwijs Velsen,rio,bo,40257,
41226831,Stichting Tabijn,besturenlijst,bo,40712,
41226831,Stg Kath En Interc Ond Regio Kennemerl Eo Tabyn,rio,bo,40712,
41226831,Stg Tabijn Stg v Kath PC en Interconf Onderwijs,rio,bo,40712,
41226984,Stichting WijWijzer scholen,besturenlijst,bo,40775,
41226984,"Jong Leren, stichting voor confessioneel onderwijs",rio,bo,40775,
41226984,Stg. confessioneel onderwijs de la Salle,rio,bo,40775,
41226984,Stichting Bijzonder Onderwijs Zuid Kennemerland,rio,bo,40775,
41226984,Stichting Confessioneel Onderwijs de la Salle,rio,bo,40775,
41227059,Stichting Heliomare Onderwijs,besturenlijst,so,40837,
41227059,Stichting Helioskoop,rio,so,40837,
41227059,Stichting Speciaal en Voortgezet Speciaal Onderwijs Heliomare,rio,so,40837,
41227162,Stichting voor Educatie en Beroepsonderwijs,besturenlijst,mbo,40867,
41227162,Stichting Voor Educatie En Beroepsonderwys,rio,mbo,40867,
41227162,Stichting voor Educatie en Ber.onderw.,rio,mbo,40867,
41231307,Onderwijsstichting St. Michaël,besturenlijst,vo,78001,
41231307,Onderwijs Stichting Sint Michael Zaandyk,rio,vo,78001,
41234076,Stichting voor Interconfessioneel Voortgezet Onderwijs in Oost West Friesland,besturenlijst,vo,49778,
41234200,Stichting Katholiek Onderwijs Volendam,besturenlijst,bo+so+vo,72853,
41234210,Stichting Tabor College,besturenlijst,vo,74374,
41234210,Stichting Scholengemeenschap Tabor,rio,vo,74374,
41234210,Stichting Voor Katholiek Vbo Mavo Havo Vwo,rio,vo,74374,
41234210,Stichting voor Katholiek Vbo Mavo Havo Vwo,rio,vo,74374,
41234335,Stichting Katholiek Onderwijs West-Friesland,besturenlijst,bo,75375,
41234335,Stg Kath Ond Opmeer,rio,bo,75375,
41234335,Stichting Katholiek Onderwijs De Gouw,rio,bo,75375,
41234375,"Stg. Penta, St. RK, Prot. Chr. & Interconfessioneel Onderwij",besturenlijst,bo,31657,
41234375,Stg Geintegr Chr Ond Hoorn,rio,bo,31657,
41234375,"Stg Penta, Stg RK, PC en Interc Onderwijs Hoorn",rio,bo,31657,
41234375,"Stichting Penta, Stg. RK, PC/Int. Onderw. Hoorn",rio,bo,31657,
41234504,Stichting Katholiek Onderwijs De Streek,besturenlijst,bo,28563,
41234504,Stg Kath Ond Grootebroek Lutjebroek,rio,bo,28563,
41234504,Stichting Kathol. Onderwijs Stede Broec,rio,bo,28563,
41234504,Stichting Katholiek Onderwijs Stede Broec,rio,bo,28563,
41235935,Stg. Alg. Bijzonder Onderwijs Hoorn,besturenlijst,bo,40363,
41235935,Stg Algemeen Bijzonder Onderwijs Hoorn,rio,bo,40363,
41236238,Stichting Vonk,besturenlijst,mbo+vo,40673,
41236238,Stichting Agrarisch Opl Centrum Clusius College,rio,mbo+vo,40673,
41236238,Stichting Clusius College,rio,mbo+vo,40673,
41236238,Vonk,rio,mbo+vo,40673,
41236445,Stichting Purmerendse ScholenGroep,besturenlijst,vo,40857,
41236445,Stichting Purmerendse Scholengemeenschap,rio,vo,40857,
41236445,Stichting Purmerendse Scholengroep,rio,vo,40857,
41238154,"Stg. Petrus Canisius College, Kath. Sch.gem. Voortg. Onderw.",besturenlijst,vo,71436,
41238154,Stichtin Petrus Canisius College,rio,vo,71436,
41238241,Stichting Blosse onderwijs,besturenlijst,bo,73919,
41238241,Stichting Flore,rio,bo,73919,
41238241,Stichting Katholiek Primair Onderwijs Noordholland,rio,bo,73919,
41238595,NAVAN,besturenlijst,bo+so,55238,
41238595,STICHTING SARKON,rio,bo+so,55238,
41238595,Stg Het Rk Ond,rio,bo+so,55238,
41238595,Stichting Sarkon,rio,bo+so,55238,
41238595,Stichting het Rooms Katholiek Onderwijs,rio,bo+so,55238,
41238611,"Stg. Alkmaarse Kath. Scholen, stg. kath., p-c/int.conf. ond.",besturenlijst,bo+so,60997,
41238611,Samen Katholieke Scholen,rio,bo+so,60997,
41238611,Stichting Alkmaarse Kath Scholen,rio,bo+so,60997,
41238611,Stichting Alkmaarse Katholieke School,rio,bo+so,60997,
41239028,"Pontis Onderwijsgroep, Stichting voor Openbaar en Katholiek Onderwijs",besturenlijst,vo,73841,
41239028,Pontis Onderwijsgroep,rio,vo,73841,
41239028,Stg Katholiek Voorgezet Onderwys Heerhugowaard,rio,vo,73841,
41239028,Stichting Katholiek Voortgezet Onderwijs Heerhugowaard,rio,vo,73841,
41239281,Stichting Freinetschool Heiloo,besturenlijst,bo,84489,
41240150,Stichting Samenwerkingsschool,besturenlijst,so+vo,30742,
41240150,Stg Samenwerkingssch V So En Vso Den Helder,rio,so+vo,30742,
41241510,Stg. Chr. Voortgez. Onderwijs te Alkmaar e.o.,besturenlijst,vo,76415,kort
41241510,Stichting Christelijk Voortgezet Onderwijs Alkmaar en omstreken,rio,vo,76415,
41241789,Stichting Talland College,besturenlijst,mbo,40877,
41241789,Stg ROC Noord-Kennemerland / W-Friesland (Horizon College),rio,mbo,40877,
41241789,Stg Regionaal Opl Centr Nrd Kennemerl W Frie ROC,rio,mbo,40877,
41241888,Stichting Scholen aan Zee,besturenlijst,vo,40931,
41241888,Stichting Samenwerking Voortgezet Onderwijs Den Helder en Omstreken,rio,vo,40931,
41241888,Stichting Samenwerking Voortgezet Onderwijs Den Helder en omstreken,rio,vo,40931,
41244139,Stichting Varietas,besturenlijst,bo,23128,
41244139,Quo Vadis Stichting voor Basisonderwijs,rio,bo,23128,
41244139,"Quo Vadis, Stg v interconf (k/pc),kath en prot-chr basis- en spec basisonderwijs",rio,bo,23128,
41244139,Quo Vadis. Stichting voor int.conf. k/pc,rio,bo,23128,
41244139,Stichting Het Bestuur Der Sint Bernardusscholen te Deventer,rio,bo,23128,
41244139,Stichting Katholiek Onderwijs Sint Bernardus,rio,bo,23128,
41244241,Stichting Bestuur R.K. Scholen te Schalkhaar,besturenlijst,bo,53730,
41244241,Stg Bestuur Rk Sch Schalkhaar,rio,bo,53730,
41244241,Stichting Bestuur Rooms Katholieke Scholen Schalkhaar,rio,bo,53730,
41245328,"mijnplein, stg. voor bijz. po in Salland",besturenlijst,bo+so,40894,
41245328,Stichting Christelijk Onderwijs Salland,rio,bo+so,40894,
41245328,Stichting Katholiek Onderwijs Salland e.o.,rio,bo+so,40894,
41245328,"mijnplein, Stichting voor Bijzonder Primair Onderwijs in Salland",rio,bo+so,40894,
41246233,Stichting Noor,besturenlijst,bo,40077,
41246233,Stichting Islamitische School,rio,bo,40077,
41246349,"Stg. Prisma, stg. prot. chr. & oecumen. onderwijs in Almere",besturenlijst,bo+so,40114,
41246349,Stg V Spec Onderwijs Op Oecumenische Grondslag,rio,bo+so,40114,
41246349,"Stichting Prisma, stichting voor Protestant Christelijk en Oecumenisch Onderwijs",rio,bo+so,40114,
41246349,Stichting voor Oecumenisch Primair Onderwijs te Almere,rio,bo+so,40114,
41246816,Stichting Aves,besturenlijst,bo+so,40662,
41246816,Stichting Aves Onderwijs,rio,bo+so,40662,
41246816,Stichting Christophorus,rio,bo+so,40662,
41246816,Stichting Katholiek Onderwijs Noordoostpolder en omstreken,rio,bo+so,40662,
41246832,Stichting Aeres Groep,besturenlijst,ho+mbo+vo,40687,
41246832,Stichting Aeres,rio,ho+mbo+vo,40687,
41246832,Stichting Christelijke Agrarische Hogeschool,rio,ho+mbo+vo,40687,
41261341,Stichting R.O.C. Nijmegen e.o.,besturenlijst,mbo,40852,
41261341,Stichting ROC Nijmegen eo,rio,mbo,40852,
41261341,Stichting ROC Nymegen eo,rio,mbo,40852,
41261341,Stichting Roc Nymegen Eo,rio,mbo,40852,
41265416,Stg. Christelijk Voortgezet Onderwijs Zuidoost-Utrecht,besturenlijst,so+vo,40132,
41265416,Stg Voor Pc Vo In Zeist,rio,so+vo,40132,
41265416,Stichting voor Christelijk Voortgezet Onderwijs voor Zuidoost Utrecht,rio,so+vo,40132,
42094715,Stichting Mooii Zoetermeer,besturenlijst,bo,20249,
50130536,Universiteit Twente,besturenlijst,ho,00013,
50130536,Het Coll V Bestuur V D Techn R U Te Enschede,rio,ho,00013,
50130536,Het College van Bestuur van de Universiteit Twente,rio,ho,00013,
50142321,Stg. Voortg. Ond. Prot. Chr. grondslag Noordoostpolder e.o.,besturenlijst,vo,42544,
50142321,Stichting v Voortgezet Onderwijs op PC grondslag v d Noordoostpolder e o,rio,vo,42544,
50169181,Universiteit Maastricht,besturenlijst,ho,20280,
50169181,Het Coll V Bestuur V D Universiteit Maastricht,rio,ho,20280,
50169181,Het College van Bestuur van de universiteit Maastricht,rio,ho,20280,
50169181,Maastricht University,rio,ho,20280,
50274015,Stichting dr. Aletta Jacobs College,besturenlijst,vo,42534,
50274015,Stichting dr Aletta Jacobs College,rio,vo,42534,
50378198,Stg. voor CVO op Ref. grondsl. te Gorinchem,besturenlijst,vo,42556,
50378198,Stg v Chr Voortgezet Onderwijs op Reformatorische grondslag te Gorinchem,rio,vo,42556,
50378198,Stg. v Christ. Voortg. Onderw. op Reform. grondsl. Gorinchem,rio,vo,42556,
50474553,Stichting Eduquaat,besturenlijst,bo,42538,
50825046,"MEILÂN, Stg voor Christelijk Basis Onderwijs in Heerenveen en De Fryske Marren",besturenlijst,bo,42540,
50825046,"Meilân, Stg v Christelijk Basis Onderwijs Lemsterland, Skarsterlân en Heerenveen",rio,bo,42540,
50825046,"Stg v Christelijk Basis Onderwijs Lemsterland, Skarsterlân en Heerenveen",rio,bo,42540,
50825046,Stg. v. Prot. Christ. Onderw. Tsjûkemar,rio,bo,42540,
50825046,Stichting voor Protestants Christelijk Onderwijs Tsjûkemar,rio,bo,42540,
51002507,Stichting Wiis Onderwijsgroep,besturenlijst,bo,42545,
51002507,Stichting Palludara,rio,bo,42545,
51004364,Stichting Voorschotense Openbare School,besturenlijst,bo,42542,
51059614,"Ver. tot stg.&i.g. v. scholen, uitgaande van de O.G.G. te Ed",besturenlijst,bo,42541,
51059614,"Ver tot Stg en Insth v sch, uitgaande vd Oud Gereformeerde Gem in Ned te Ede",rio,bo,42541,
51059614,Ver. tot stg. en instandhoud. van scholen,rio,bo,42541,
51059614,Ver. tot. stg. en instandh. van scholen Oud Ger. Gemeente(n) (in Nl) te Ede,rio,bo,42541,
51143267,Stichting Islamitisch Onderwijs,besturenlijst,vo,42752,ja
51267888,Stichting Oosterwijs,besturenlijst,so,42572,
51271958,Stichting Openbaar Voortgez. Onderw. Ede,besturenlijst,vo,42549,
51271958,Stichting Openbaar Voortgezet Onderwijs Ede,rio,vo,42549,
51277050,Stichting Openbaar Primair Onderwijs Hoogeveen,besturenlijst,bo,42557,
51277050,Stichting Openb. Prim. Onderw. Hoogeveen,rio,bo,42557,
51278871,Technische Universiteit Eindhoven,besturenlijst,ho,00012,
51278871,Het College van Bestuur van de Technische Rijks Universiteit te Eindhoven,rio,ho,00012,
51309351,Stichting Krimpenerwaard College,besturenlijst,vo,42555,
51309351,Stg Krimpenerwaard College,rio,vo,42555,
51350963,Stichting scholengroep openbaar onderwijs Lelystad,besturenlijst,bo+so,42552,
51350963,Stg. scholengrp openb. onderw. Lelystad,rio,bo+so,42552,
51366010,Stichting Innoord,besturenlijst,bo+so,42553,
51366010,Stichting Openbaar Onderwijs Noord,rio,bo+so,42553,
51386216,Stichting Openbaar Primair Onderwijs Borger-Odoorn,besturenlijst,bo,42554,
51388383,Stichting Poolsterscholen,besturenlijst,bo,42561,
51388383,Stichting Openbaar Primair Onderwijs Lochem,rio,bo,42561,
51388863,Ver tot Stg en Insth v Scholen md Bijbel te Groot Ammers en Langerak,besturenlijst,bo,42559,
51444984,Stg. Openb. Primair Onderwijs Hendrik-Ido-Ambacht,besturenlijst,bo,42562,
51444984,Stg. Openbaar Primair Onderw. Hendrik-Ido-Ambacht,rio,bo,42562,
51444984,Stichting Openbaar Primair Onderwijs Hendrik-Ido-Ambacht,rio,bo,42562,
51482827,Stichting Openbaar Onderwijs Wijk bij Duurstede,besturenlijst,bo,42567,
51482827,BasisWijk,rio,bo,42567,
51557541,Mantum onderwijs,besturenlijst,bo,42570,
51557541,Vereniging Samenwerkende Reformatorische Scholen en Scholen met de Bijbel,rio,bo,42570,
51614286,Stichting Achterhoek VO,besturenlijst,vo,42571,
52338401,Stg. Nuborgh College Prot.Chr. VO op de Noordwest-Veluwe,besturenlijst,vo,42575,
52338401,Stichting Nuborgh College voor Prot Chr VO op de Noordwest-Veluwe,rio,vo,42575,
52401650,Stichting Casa School,besturenlijst,bo,42579,
52795861,Stichting voor Christelijk Nationaal Schoolonderw Ede eo,besturenlijst,bo+so,42587,
52795861,Stichting voor Christelijk Nationaal Schoolonderwijs Ede e.o.,rio,bo+so,42587,
53035887,Stichting voortgezet onderwijs Eemsdelta,besturenlijst,vo,42590,
53035887,Stichting Voortgezet Onderwijs Eemsdelta,rio,vo,42590,
53232747,Stichting Samenwerkingssch. Rivierenwijk,besturenlijst,bo,42594,
53232747,Stichting Samenwerkingsschool Rivierenwijk,rio,bo,42594,
53232747,Stichtng Samenwerkingsschool Rivierenwijk,rio,bo,42594,
53250788,Stichting Open Schoolgemeenschap Bijlmer,besturenlijst,vo,42595,
53386957,"De Meent, Stg. v. P.C.P.O. id gemeente Elburg",besturenlijst,bo,42596,
53386957,"De Meent, Sticht. PC Primair Onderw. gemeente Elburg",rio,bo,42596,
53386957,"De Meent, Stichting v Protestants Christelijk Primair Onderwijs i.d. Gem Elburg",rio,bo,42596,
53744411,Openbaar Primair Onderwijs Oegstgeest,besturenlijst,bo,13682,
53744411,Openbare Rechtspersoon Openbaar Primair Onderwijs Oegstgeest,rio,bo,13682,
53815033,Stichting Christel. Hogesch. Windesheim,besturenlijst,ho,42609,
53815033,Stichting Christelijke Hogeschool Windesheim,rio,ho,42609,
53815211,Het College van Bestuur van de Vrije Universiteit,besturenlijst,ho,75792,
54002036,Vereniging voor G.P.O. in Noord Nederland NoorderBasis,besturenlijst,bo+so,42607,
54002036,Stg. voor Ger. Prim. Onderwijs NoorderBasis,rio,bo+so,42607,
54002036,Vereniging voor Gereformeerd Primair Onderwijs NoorderBasis,rio,bo+so,42607,
54002036,Vereniging voor Gereformeerd Primair Onderwijs in Noord-Nederland NoorderBasis,rio,bo+so,42607,
54147883,Stg tot Oprichting en Insth van Sch voor Chr Voortgezet Ondw te Schoonhoven,besturenlijst,vo,42608,
54224446,Stichting ARCHIPEL SCHOLEN,besturenlijst,bo,42610,
54224446,Stichting Archipel Scholen,rio,bo,42610,
54255791,Stichting Verderwijs,besturenlijst,so,42631,
54255791,Stichting Zonnehuizen Onderwijs,rio,so,42631,
54304040,Stichting voor Christelijk Praktijkonderwijs in Noord-Oost Friesland,besturenlijst,vo,42606,
54304040,Vereniging voor Christelijk Praktijkonderwijs in Noord-Oost Friesland,rio,vo,42606,
55752004,"Het Baken Almere, Stichting Interconfess. Voortg. Onderw.",besturenlijst,vo,42620,
55752004,"Het Baken Almere, Stichting voor Interconfessioneel Voortgezet Onderwijs",rio,vo,42620,
55752330,"Stichting ZAAM, Interconfessioneel Voortgezet Onderwijs",besturenlijst,vo,42621,
55752330,"Stichting Zaam, Interconfessioneel Voortgezet Onderwijs",rio,vo,42621,
55757278,St. Interconfessioneel Beroepsonderwijs en Volwasseneneducatie regio Utrecht,besturenlijst,mbo,42626,
55757278,MBO Utrecht,rio,mbo,42626,
55758606,St. Interconfessioneel Beroepsonderwijs en Volwasseneneducatie regio Amersfoort,besturenlijst,mbo,42627,
55758606,MBO Amersfoort,rio,mbo,42627,
56004028,Stichting Openbaar Onderwijs Zwolle en Regio,besturenlijst,bo+so+vo,42623,
56794487,Stichting Omnisscholen,besturenlijst,bo,42634,
56888201,Stichting Trigoon,besturenlijst,so+vo,42635,
56888201,Stichting Leerzaam,rio,so+vo,42635,
56891296,Stichting voor P.C.P.O. op Goeree-Overflakkee,besturenlijst,bo+so,42632,
56891296,Stichting voor Protestants Christelijk Primair Onderwijs op Goeree-Overflakkee,rio,bo+so,42632,
56891296,Stichting voor Protestants-Christelijk Primair Onderwijs op Goeree-Overflakkee,rio,bo+so,42632,
57084106,Stichting Islamitisch Onderwijs Noord-Holland,besturenlijst,bo+vo,42686,
58402896,Stichting VierTaal,besturenlijst,so,21679,
58402896,Stg. Inst. i.o. Openbaar Ond. Holland-Flevoland cluster 2,rio,so,21679,
58402896,Stichting Viertaal,rio,so,21679,
59065141,Stichting voor Islamitisch Voortgezet Onderwijs in Rotterdam e.o.,besturenlijst,vo,42696,
59093455,Stichting De Amsterdamse MAVO & HAVO,besturenlijst,vo,42716,
59093455,Stichting De Amsterdamse MAVO,rio,vo,42716,
59130423,Stichting Vitus Zuid,besturenlijst,so,21657,
59130423,"Stichting ""Op weg naar Zuid""",rio,so,21657,
59238410,Stichting voor PC/RK Primair Onderwijs Middelburg/Vlissingen,besturenlijst,bo,42653,
59381299,Stichting Christel. Onderw. Bomm.waard,besturenlijst,bo,42658,
59381299,Stichting Christelijk Onderwijs Bommelerwaard,rio,bo,42658,
59381299,Stichting Een School met de Bijbel te Aalst en Brakel,rio,bo,42658,kort
59619295,Stichting Speciaal Onderwijs Fryslân,besturenlijst,so,42665,
59638273,Stichting Thomas More Hogeschool,besturenlijst,ho,42664,
59649054,Stichting voor Christelijk Basisonderwijs in Noardwest Fryslân,besturenlijst,bo,42656,
59649054,Sticht. voor Christ. B.o. in Noardwest Fryslƒn,rio,bo,42656,
59649054,Stichting CBO Noardwest Fryslân,rio,bo,42656,
59649054,Vereniging voor Christelijk Basisonderwijs in Noardwest Fryslân,rio,bo,42656,
59649054,Vereniging voor Protestants Christelijk Basisonderwijs in Noardwest Fryslan,rio,bo,42656,
59649054,Vereniging voor Protestants Christelijk Basisonderwijs in Noardwest Fryslân,rio,bo,42656,
59649097,Stichting kom Leren,besturenlijst,bo,42669,
59649097,Stichting Kom Leren,rio,bo,42669,
59779381,Stichting School of Understanding Nederland,besturenlijst,bo,42715,
60242736,Stichting Meer Primair,besturenlijst,bo,42683,
60701870,Stichting Elan,besturenlijst,so,42687,
62127721,Stg Onderwijsgroep Zuid-Hollandse Waarden voor PO en VO,besturenlijst,bo+vo,42709,
62127721,OZHW voor PO en VO,rio,bo+vo,42709,
62127721,Onderwijsgroep OZHW,rio,bo+vo,42709,
62892371,Stichting De Buitenkans,besturenlijst,bo,42728,
64279715,Stichting Plateau openbaar onderwijs Assen,besturenlijst,bo+so,42719,
64677907,Vereniging voor Chr PO op Reformatorische Grondslag in Zeeland te Middelburg,besturenlijst,bo,42724,
64770443,Stichting De Ozonlaag,besturenlijst,vo,20074,
64783294,Stichting Openbaar Voortgezet Onderwijs Kampen Dronten,besturenlijst,vo,12975,
64783294,Regionaal Openbaar Voortgezet Onderwijs Kampen-Dronten,rio,vo,12975,
64783294,Samenwerkend Orgaan Almere College Kampen Dronten,rio,vo,12975,
65224612,Stichting De Eigen Wijs,besturenlijst,bo,42751,
65555589,Stichting Leren in de Tussenruimte,besturenlijst,bo,42769,
66524466,Stichting Magnolia,besturenlijst,bo,42804,
67188877,Stichting Winkler Prins,besturenlijst,vo,13563,
67188877,Bestcie OSG Winkler Prins en OSG De Vaart,rio,vo,13563,
67188877,Bestuurscommissie Winkler Prins,rio,vo,13563,
67601405,ZOK GG Tricht-Geldermalsen,besturenlijst,bo,42760,
67709001,Stichting Bartiméus Onderwijs,besturenlijst,so,42747,
67785948,"Stg. Floreant, Chr. Prim. Ond. Vechtdal",besturenlijst,bo,42744,
67785948,"Stichting Floreant, Christelijk Primair Onderwijs Vechtdal",rio,bo,42744,
67785948,Stichting voor Christelijk Primair Onderwijs in het Vechtdal,rio,bo,42744,
67905226,Stichting Integrale Streekschool Hoenderloo,besturenlijst,bo,42767,
68892640,Stichting Oarsprong,besturenlijst,bo,42754,
68892640,Oarsprong,rio,bo,42754,
68892640,Stichting voor Protestants Christelijk Basisonderwijs in de gemeente Tytsjerkste,rio,bo,42754,
68892640,Vereniging voor Prot. Chr. Basisonderwijs in de geTytsjerksteradiel,rio,bo,42754,
68961766,Stichting SOCA,besturenlijst,so,42787,
69159858,Stichting Samenwerkingsbestuur Primair Onderwijs West-Friesland,besturenlijst,bo,42755,
69193266,Stichting Samenlevingsscholen,besturenlijst,bo+so,42788,
69253528,"De Akker, Stichting v prot-chr primair onderwijs in de gemeente Oldebroek e.o.",besturenlijst,bo,42759,
69253528,Stichting De Akker,rio,bo,42759,
70111537,Stichting Ultiem,besturenlijst,bo,42761,
70111537,Stichting Openbaar Basisonderwijs Hoogezand-Sappemeer,rio,bo,42761,
70692947,Theologische Universiteit Apeldoorn,besturenlijst,ho,30287,
71916873,Stichting Voortgezet Onderwijs Zeeuws-Vlaanderen,besturenlijst,vo,42770,
72241713,Stichting OSG de Hogeberg,besturenlijst,vo,42771,
72605464,Vereniging tot het verstrekken v ondw op reformatorische grondslag te Oldebroek,besturenlijst,bo,42774,
72795093,Stichting Onderwijs voor vrede en samen leven,besturenlijst,bo,42834,
73366846,Stichting Onderwijs,besturenlijst,bo,42832,
73839302,Stichting ExpeditieWijz,besturenlijst,bo,42802,
73940364,Stichting Kairos College,besturenlijst,vo,20208,
74106155,Onderwijsstichting de Nieuwe Linde,besturenlijst,bo,42814,
74793195,School Bestuur Johannes Calvijnschool Urk,besturenlijst,bo,48933,
74826727,Stichting reformatorisch speciaal onderwijs Randstad,besturenlijst,so,42790,
74968718,Stichting voor Christelijk-reformatorisch primair onderwijs ' De Planthof ',besturenlijst,bo,42794,
75605082,BBS de Verwondering,besturenlijst,bo,20091,ja
76402282,GSR Vereniging voor Gereformeerd Voortgezet Onderwijs in de Randstad,besturenlijst,vo,42813,
76971333,Stichting Islamitisch basisonderwijs Amsterdam,besturenlijst,bo,42826,
78436958,Stichting Levvel PI-scholen,besturenlijst,so,41448,
78436958,Stichting de Bascule,rio,so,41448,
80953948,Stichting Reformatorisch basisonderwijs Elspeet,besturenlijst,bo,42827,
80953948,Kerkr Geref Gem Elspeet,rio,bo,42827,
80953948,Zelfst Onderd vh Kerkgen vd Ger Gem Elspeet,rio,bo,42827,
81199864,Vereniging tot het Verstrekken van Chr. Nationaal Schoolonderwijs te Oostwolde,besturenlijst,bo,42815,
81199864,Vereniging tot het Verstrekken van Chr. Nationaal Schoolonderwijs te Oosterwolde,rio,bo,42815,
81259328,Stichting Openbaar Voortgezet Onderwijs Veenendaal,besturenlijst,vo,42817,ja
81562101,Stichting iHUB Onderwijs,besturenlijst,so,62077,
81562101,Stg Mw Dr C P Gelinck Sch,rio,so,62077,
81562101,Stichting Horizon,rio,so,62077,
81562101,Stichting Horizon Jeugdzorg en Speciaal Onderwijs,rio,so,62077,
81562101,"Stichting Horizon, Instituut Jeugdzorg en Onderw.",rio,so,62077,
81562101,"Stichting Horizon, Instituut voor Jeugdzorg en Onderwijs",rio,so,62077,
81562101,Stichting Medisch Orthopedagogisch Centrum Hoogh-Voorne,rio,so,62077,
81562101,Stichting iHUB onderwijs,rio,so,62077,
81562101,Stichting iHub onderwijs,rio,so,62077,
81624077,Stichting Vrijeschool Lelystad,besturenlijst,bo,42839,
82535132,Stichting Samenwerkingsbestuur Paraat Scholen,besturenlijst,bo+so,42828,
82730067,Stichting Montessori College Maastricht,besturenlijst,vo,58997,
82865582,Vrije Leerkrachten College Auryn,besturenlijst,bo,42869,
82882088,Stichting Onderwijs Transformeert,besturenlijst,bo,42847,
82912459,Stichting Islamitisch veerkrachtgericht onderwijs Zuid-Holland,besturenlijst,bo,20047,
84212047,Stichting OOE Onderwijs,besturenlijst,bo+so,42830,
84212047,Stichting OOE Emmen,rio,bo+so,42830,
84212047,Stichting Openbaar Onderwijs Emmen,rio,bo+so,42830,
84252685,Stichting Hoi Pippeloi Educatie,besturenlijst,bo,42844,
84339454,Stichting Innovatief Islamitisch Onderwijs Nederland e.o.,besturenlijst,bo+vo,50096,
84996293,Tocqueville stichting,besturenlijst,bo,20241,
86353039,Stichting Enderun Hisar Scholen Nederland,besturenlijst,bo,52070,
86469576,Marimbaschool,besturenlijst,bo,54417,
86471597,De Ondernemende School Westland,besturenlijst,bo,20013,
86530267,Stichting Islamitische Scholen Rijnland,besturenlijst,bo,20238,
86539728,Stichting voor Voortgezet Vrijeschool Onderwijs Almere,besturenlijst,vo,20041,
86583891,Stichting Islamitisch Onderwijs,besturenlijst,vo,50953,ja
86656686,St voor Christelijk Onderwijs op Reformatorische Grondslag in Oost-Friesland,besturenlijst,bo,42841,
86656783,"Stg voor Chr. Nationaal Basisonderwijs te Driezum, Wâlterswâld en Damwâld",besturenlijst,bo,42842,
88084167,Stichting Openbaar Primair Onderwijs Noordenveld,besturenlijst,bo+so,42854,
88452743,Scholengroep Wijzer,besturenlijst,bo,42858,
88820793,Stichting Onderwijsgroep Midden-Friesland,besturenlijst,vo,42860,
89306813,Stichting Primair Onderwijs Griendtsveen,besturenlijst,bo,42878,
89705920,Stichting Terra Schools,besturenlijst,bo,20032,
90016254,Stichting Bredagora,besturenlijst,vo,20216,
90189248,Stichting Het Hogeland College,besturenlijst,vo,42880,
90355881,Stichting Islamitisch Onderwijs Kennemerland,besturenlijst,bo,20029,
92025307,Stichting openbare basisschool Mesch,besturenlijst,bo,42883,
92238467,Stichting voor Gereformeerd Voortgezet Onderwijs voor Midden-Nederland,besturenlijst,vo,30718,
92551483,Stichting Elker-Portalis,besturenlijst,so,46013,
93345011,Stichting Voortgezet Vernieuwingsonderwijs Deventer UiterWaarden,besturenlijst,vo,20181,
93345011,Stichting Voortgezet Vernieuwingsonderwijs Deventer Uiterwaarden,rio,vo,20181,
93558007,Stichting Samanas,besturenlijst,vo,20190,
93691785,Stichting Openbare Scholengemeenschappen Almelo-Hengelo,besturenlijst,vo,53653,
93691785,Stichting Openbare Scholengemeenschap Twente,rio,vo,53653,
94074739,Stichting Scholé,besturenlijst,vo,20242,
94173168,Stichting Kerkraads Openbaar Ontdekkend Leren,besturenlijst,vo,57990,ja
95920900,Stichting Samenwerkingsbestuur primair onderwijs West-Ameland,besturenlijst,bo,53150,
96068973,Stichting Kindcentrum De Driessen,besturenlijst,bo,20083,
99257769,Stichting Primair Onderwijs op Terschelling,besturenlijst,bo,20163,
